Transaction_ID,Date,Department,Region,Transaction_Status,Revenue_Generated,Operational_Cost,Net_Profit,Net_Profit_Margin
TXN-007123,2022-01-01,Customer Support,North America,Completed,4829.0,1488.85,3340.15,0.6917
TXN-008649,2022-01-01,Engineering,EMEA,Pending,5105.67,1939.245,3166.425,0.6202
TXN-000995,2022-01-01,Engineering,APAC,Completed,2324.78,2056.77,268.0100000000002,0.1153
TXN-003225,2022-01-01,Customer Support,APAC,Completed,5403.39,1660.18,3743.21,0.6928
TXN-006769,2022-01-01,Engineering,EMEA,Completed,3169.84,2088.76,1081.08,0.3411
TXN-006381,2022-01-01,Engineering,APAC,Completed,6007.5,2584.22,3423.28,0.5698
TXN-004484,2022-01-01,Engineering,LATAM,Completed,3219.22,1019.47,2199.75,0.6833
TXN-006266,2022-01-01,Marketing,EMEA,Pending,5115.51,1759.52,3355.9900000000002,0.656
TXN-003097,2022-01-02,Engineering,North America,Completed,8080.96,2155.78,5925.18,0.7332
TXN-007124,2022-01-02,Sales,North America,Pending,8194.34,969.79,7224.55,0.8817
TXN-005896,2022-01-02,Operations,North America,Pending,4827.59,2125.77,2701.82,0.5597
TXN-011701,2022-01-02,Engineering,LATAM,Completed,4045.08,2503.36,1541.7199999999998,0.3811
TXN-007950,2022-01-02,Sales,LATAM,Completed,3464.39,2560.9,903.4899999999998,0.2608
TXN-002872,2022-01-02,Sales,LATAM,Completed,5878.51,2708.22,3170.2900000000004,0.5393
TXN-002650,2022-01-02,Operations,North America,Completed,6844.04,2475.18,4368.860000000001,0.6383
TXN-002007,2022-01-02,Sales,LATAM,Completed,3281.5,2007.59,1273.91,0.3882
TXN-008380,2022-01-02,Sales,North America,Pending,5346.09,732.36,4613.7300000000005,0.863
TXN-003946,2022-01-02,Sales,EMEA,Completed,4196.97,3477.42,719.5500000000002,0.1714
TXN-001071,2022-01-02,Customer Support,EMEA,Completed,4273.47,2417.34,1856.13,0.4343
TXN-000528,2022-01-02,Sales,EMEA,Completed,5395.35,1514.97,3880.38,0.7192
TXN-006716,2022-01-03,Sales,EMEA,Completed,5973.55,1267.13,4706.42,0.7879
TXN-011843,2022-01-03,Operations,LATAM,Completed,5518.56,907.2,4611.360000000001,0.8356
TXN-003577,2022-01-03,Sales,North America,Completed,4123.69,2460.68,1663.0099999999998,0.4033
TXN-002080,2022-01-03,Engineering,APAC,Completed,2414.71,1647.58,767.1300000000001,0.3177
TXN-009927,2022-01-03,Operations,LATAM,Completed,7065.58,2484.34,4581.24,0.6484
TXN-009589,2022-01-03,Operations,North America,Completed,6263.23,2256.33,4006.8999999999996,0.6397
TXN-009057,2022-01-03,Sales,EMEA,Completed,4934.1,2148.01,2786.09,0.5647
TXN-010024,2022-01-03,Operations,EMEA,Pending,5352.02,1244.49,4107.530000000001,0.7675
TXN-006540,2022-01-03,Engineering,North America,Completed,7371.31,789.22,6582.09,0.8929
TXN-003325,2022-01-03,Sales,APAC,Pending,3342.56,3549.52,-206.96000000000004,-0.0619
TXN-007437,2022-01-03,Customer Support,LATAM,Completed,4929.59,2924.7,2004.8900000000003,0.4067
TXN-004392,2022-01-03,Marketing,APAC,Completed,6101.42,1551.18,4550.24,0.7458
TXN-003873,2022-01-04,Operations,EMEA,Completed,2678.03,2535.23,142.80000000000018,0.0533
TXN-006806,2022-01-04,Sales,APAC,Pending,5317.1,1868.21,3448.8900000000003,0.6486
TXN-004249,2022-01-04,Operations,APAC,Completed,6468.57,1243.89,5224.679999999999,0.8077
TXN-003988,2022-01-04,Marketing,North America,Completed,4827.42,1616.37,3211.05,0.6652
TXN-011496,2022-01-04,Sales,EMEA,Completed,4493.95,2234.77,2259.18,0.5027
TXN-002957,2022-01-04,Marketing,EMEA,Pending,6304.48,2449.75,3854.7299999999996,0.6114
TXN-003685,2022-01-04,Sales,APAC,Pending,3537.14,2398.14,1139.0,0.322
TXN-011833,2022-01-04,Operations,EMEA,Completed,4249.97,1380.9,2869.07,0.6751
TXN-002485,2022-01-04,Engineering,North America,Pending,4881.91,2962.39,1919.52,0.3932
TXN-009635,2022-01-04,Operations,EMEA,Completed,5994.56,1940.15,4054.4100000000003,0.6763
TXN-002395,2022-01-04,Engineering,LATAM,Completed,5984.21,194.73,5789.4800000000005,0.9675
TXN-009651,2022-01-04,Operations,LATAM,Completed,5901.63,1299.18,4602.45,0.7799
TXN-008537,2022-01-05,Marketing,APAC,Completed,4929.6,1750.22,3179.38,0.645
TXN-007738,2022-01-05,Sales,APAC,Pending,4750.78,2066.73,2684.0499999999997,0.565
TXN-003124,2022-01-05,Sales,LATAM,Pending,3945.39,707.66,3237.73,0.8206
TXN-005972,2022-01-05,Operations,APAC,Pending,7826.19,1792.5,6033.69,0.771
TXN-001195,2022-01-05,Sales,LATAM,Pending,4981.42,2034.44,2946.98,0.5916
TXN-003979,2022-01-05,Operations,EMEA,Completed,4805.61,2966.75,1838.8599999999997,0.3826
TXN-003722,2022-01-05,Operations,LATAM,Completed,5430.73,1980.81,3449.9199999999996,0.6353
TXN-000744,2022-01-05,Marketing,LATAM,Completed,6107.08,1392.03,4715.05,0.7721
TXN-011082,2022-01-05,Operations,LATAM,Completed,6023.55,3660.74,2362.8100000000004,0.3923
TXN-007554,2022-01-05,Marketing,APAC,Completed,5713.64,2043.62,3670.0200000000004,0.6423
TXN-002659,2022-01-05,Customer Support,North America,Completed,4176.88,2192.97,1983.9100000000003,0.475
TXN-011737,2022-01-06,Operations,North America,Pending,4462.9,3237.39,1225.5099999999998,0.2746
TXN-003375,2022-01-06,Marketing,North America,Completed,4972.77,1847.43,3125.34,0.6285
TXN-009154,2022-01-06,Sales,LATAM,Completed,5871.0,1718.85,4152.15,0.7072
TXN-006276,2022-01-06,Sales,APAC,Pending,4726.92,2581.67,2145.25,0.4538
TXN-005570,2022-01-06,Marketing,APAC,Completed,4035.37,2132.64,1902.73,0.4715
TXN-000798,2022-01-06,Marketing,EMEA,Completed,5664.31,2683.6,2980.7100000000005,0.5262
TXN-002706,2022-01-06,Marketing,EMEA,Pending,5591.54,1413.99,4177.55,0.7471
TXN-001070,2022-01-06,Operations,APAC,Pending,4482.75,1589.5,2893.25,0.6454
TXN-002807,2022-01-06,Marketing,EMEA,Completed,3940.5,1602.25,2338.25,0.5934
TXN-010748,2022-01-06,Engineering,North America,Pending,4307.35,2238.49,2068.8600000000006,0.4803
TXN-006047,2022-01-06,Customer Support,APAC,Completed,7069.36,2606.97,4462.389999999999,0.6312
TXN-010853,2022-01-06,Sales,North America,Completed,4687.31,2495.91,2191.4000000000005,0.4675
TXN-008018,2022-01-06,Sales,North America,Completed,4436.08,2860.64,1575.44,0.3551
TXN-002577,2022-01-06,Sales,APAC,Completed,2079.43,2389.44,-310.0100000000002,-0.1491
TXN-008959,2022-01-06,Engineering,North America,Completed,5037.33,2079.04,2958.29,0.5873
TXN-011189,2022-01-06,Operations,LATAM,Completed,5345.32,1114.43,4230.889999999999,0.7915
TXN-000922,2022-01-06,Marketing,APAC,Completed,5175.34,1863.32,3312.0200000000004,0.64
TXN-006371,2022-01-07,Sales,LATAM,Completed,8464.71,2492.3,5972.409999999999,0.7056
TXN-004407,2022-01-07,Engineering,APAC,Completed,1778.08,1574.04,204.03999999999996,0.1148
TXN-010165,2022-01-07,Sales,EMEA,Completed,4855.15,428.44,4426.71,0.9118
TXN-008862,2022-01-07,Operations,LATAM,Pending,4632.06,2613.34,2018.7200000000003,0.4358
TXN-009422,2022-01-07,Customer Support,APAC,Pending,5523.93,2538.15,2985.78,0.5405
TXN-010393,2022-01-07,Marketing,LATAM,Completed,6527.53,1967.25,4560.28,0.6986
TXN-000416,2022-01-07,Sales,EMEA,Completed,2869.7,606.11,2263.5899999999997,0.7888
TXN-007100,2022-01-07,Sales,LATAM,Pending,3344.13,2124.27,1219.8600000000001,0.3648
TXN-002418,2022-01-07,Marketing,North America,Pending,4488.58,2355.99,2132.59,0.4751
TXN-002064,2022-01-07,Operations,EMEA,Completed,4964.674999999999,1218.76,3745.914999999999,0.7545
TXN-010772,2022-01-07,Customer Support,North America,Completed,6932.75,2228.54,4704.21,0.6785
TXN-001833,2022-01-07,Marketing,North America,Pending,5798.21,1651.36,4146.85,0.7152
TXN-009926,2022-01-07,Engineering,APAC,Completed,5088.18,1985.87,3102.3100000000004,0.6097
TXN-011536,2022-01-07,Engineering,APAC,Completed,3951.79,3814.87,136.92000000000007,0.0346
TXN-004394,2022-01-07,Sales,EMEA,Completed,6848.16,2012.58,4835.58,0.7061
TXN-010739,2022-01-07,Operations,EMEA,Completed,3928.25,1366.22,2562.0299999999997,0.6522
TXN-001517,2022-01-07,Sales,APAC,Completed,7250.35,1613.29,5637.06,0.7775
TXN-009353,2022-01-08,Sales,LATAM,Completed,5054.66,2531.89,2522.77,0.4991
TXN-000025,2022-01-08,Customer Support,North America,Completed,4123.82,977.05,3146.7699999999995,0.7631
TXN-001268,2022-01-08,Customer Support,LATAM,Pending,5183.57,1792.6,3390.97,0.6542
TXN-002282,2022-01-08,Marketing,APAC,Completed,4664.38,2982.45,1681.9300000000003,0.3606
TXN-009382,2022-01-08,Customer Support,LATAM,Completed,6936.3,581.4,6354.900000000001,0.9162
TXN-009708,2022-01-08,Operations,LATAM,Completed,5066.96,2646.86,2420.1,0.4776
TXN-011427,2022-01-08,Engineering,North America,Completed,2963.74,1223.44,1740.2999999999997,0.5872
TXN-005942,2022-01-08,Engineering,APAC,Completed,4681.31,2398.63,2282.6800000000003,0.4876
TXN-007989,2022-01-08,Engineering,North America,Pending,5356.7,803.28,4553.42,0.85
TXN-010653,2022-01-08,Sales,APAC,Pending,5714.81,2110.74,3604.0700000000006,0.6307
TXN-009750,2022-01-08,Sales,EMEA,Pending,3892.19,871.42,3020.77,0.7761
TXN-004170,2022-01-08,Customer Support,North America,Completed,5695.96,1040.47,4655.49,0.8173
TXN-000531,2022-01-08,Customer Support,North America,Completed,6825.98,2045.48,4780.5,0.7003
TXN-006809,2022-01-08,Sales,North America,Completed,5442.57,2003.67,3438.8999999999996,0.6319
TXN-004398,2022-01-08,Operations,LATAM,Pending,5866.5,3469.52,2396.98,0.4086
TXN-005224,2022-01-09,Marketing,EMEA,Completed,5531.55,2597.62,2933.9300000000003,0.5304
TXN-001296,2022-01-09,Sales,EMEA,Completed,3521.97,2360.52,1161.4499999999998,0.3298
TXN-004443,2022-01-09,Operations,LATAM,Pending,3546.36,1580.79,1965.5700000000002,0.5542
TXN-005251,2022-01-09,Engineering,EMEA,Pending,4566.42,1086.91,3479.51,0.762
TXN-001197,2022-01-09,Sales,EMEA,Completed,6250.01,1032.57,5217.4400000000005,0.8348
TXN-006104,2022-01-09,Marketing,APAC,Completed,6377.84,1411.25,4966.59,0.7787
TXN-011400,2022-01-09,Marketing,North America,Completed,4619.31,1555.11,3064.2000000000007,0.6633
TXN-008378,2022-01-09,Marketing,APAC,Pending,5674.75,2209.86,3464.89,0.6106
TXN-006695,2022-01-09,Customer Support,North America,Completed,5295.46,934.12,4361.34,0.8236
TXN-008922,2022-01-09,Engineering,EMEA,Completed,5010.14,697.41,4312.7300000000005,0.8608
TXN-003159,2022-01-09,Engineering,EMEA,Completed,4149.67,2588.51,1561.1599999999999,0.3762
TXN-003222,2022-01-09,Customer Support,APAC,Completed,5213.17,2240.25,2972.92,0.5703
TXN-000069,2022-01-09,Operations,EMEA,Completed,5949.5,2911.18,3038.32,0.5107
TXN-004125,2022-01-09,Customer Support,APAC,Completed,4092.08,1889.56,2202.52,0.5382
TXN-006436,2022-01-09,Marketing,APAC,Completed,4137.16,3046.5,1090.6599999999999,0.2636
TXN-009437,2022-01-10,Engineering,EMEA,Pending,5482.68,2361.81,3120.8700000000003,0.5692
TXN-003734,2022-01-10,Engineering,North America,Completed,4029.44,1709.84,2319.6000000000004,0.5757
TXN-000061,2022-01-10,Engineering,LATAM,Completed,3801.79,1626.86,2174.9300000000003,0.5721
TXN-009370,2022-01-10,Sales,LATAM,Completed,4505.19,1710.42,2794.7699999999995,0.6203
TXN-009124,2022-01-10,Engineering,LATAM,Completed,5869.17,0.0,5869.17,1.0
TXN-006476,2022-01-10,Operations,North America,Pending,1776.27,1000.5,775.77,0.4367
TXN-000349,2022-01-10,Operations,APAC,Completed,7390.94,1887.4,5503.539999999999,0.7446
TXN-007170,2022-01-10,Sales,APAC,Completed,5306.89,1434.66,3872.2300000000005,0.7297
TXN-000683,2022-01-10,Sales,North America,Completed,6271.0,2106.58,4164.42,0.6641
TXN-007190,2022-01-10,Customer Support,EMEA,Pending,2338.23,2718.49,-380.25999999999976,-0.1626
TXN-008192,2022-01-10,Sales,EMEA,Completed,7021.32,2675.31,4346.01,0.619
TXN-002272,2022-01-11,Customer Support,LATAM,Completed,4929.59,3125.2,1804.3900000000003,0.366
TXN-005747,2022-01-11,Operations,EMEA,Completed,5080.85,3211.11,1869.7400000000002,0.368
TXN-002191,2022-01-11,Operations,North America,Completed,4120.54,1367.07,2753.4700000000003,0.6682
TXN-000200,2022-01-11,Marketing,APAC,Completed,4086.72,3585.45,501.27,0.1227
TXN-011042,2022-01-11,Customer Support,North America,Completed,6016.91,4149.83,1867.08,0.3103
TXN-011215,2022-01-11,Operations,APAC,Pending,6094.31,2816.29,3278.0200000000004,0.5379
TXN-005592,2022-01-11,Customer Support,LATAM,Completed,6433.54,1866.73,4566.8099999999995,0.7098
TXN-010641,2022-01-11,Operations,EMEA,Pending,4946.68,2245.68,2701.0000000000005,0.546
TXN-001567,2022-01-11,Marketing,EMEA,Pending,3454.61,1870.45,1584.16,0.4586
TXN-005709,2022-01-11,Engineering,APAC,Pending,6919.43,2771.7,4147.7300000000005,0.5994
TXN-007098,2022-01-11,Customer Support,EMEA,Completed,2314.66,3392.43,-1077.77,-0.4656
TXN-005576,2022-01-12,Operations,EMEA,Pending,5795.6,3373.35,2422.2500000000005,0.4179
TXN-005572,2022-01-12,Customer Support,EMEA,Pending,5031.97,2629.21,2402.76,0.4775
TXN-011976,2022-01-12,Sales,North America,Completed,5040.86,2029.27,3011.5899999999997,0.5974
TXN-010110,2022-01-12,Engineering,EMEA,Pending,5179.88,2601.51,2578.37,0.4978
TXN-006088,2022-01-12,Customer Support,APAC,Completed,5152.91,1014.58,4138.33,0.8031
TXN-010364,2022-01-12,Engineering,North America,Completed,1894.74,2269.91,-375.16999999999985,-0.198
TXN-000544,2022-01-12,Marketing,APAC,Pending,6607.29,4132.37,2474.92,0.3746
TXN-001466,2022-01-12,Sales,EMEA,Completed,5012.110000000001,1629.33,3382.7800000000007,0.6749
TXN-007505,2022-01-12,Sales,APAC,Completed,3646.26,1381.04,2265.2200000000003,0.6212
TXN-008212,2022-01-12,Marketing,North America,Completed,4827.42,1718.95,3108.4700000000003,0.6439
TXN-003642,2022-01-12,Engineering,APAC,Completed,5435.51,3141.4,2294.11,0.4221
TXN-002314,2022-01-12,Marketing,APAC,Completed,4728.0,2329.76,2398.24,0.5072
TXN-010719,2022-01-12,Engineering,APAC,Pending,5098.82,2179.7,2919.12,0.5725
TXN-010707,2022-01-12,Operations,EMEA,Pending,4019.77,2505.33,1514.44,0.3767
TXN-004285,2022-01-12,Operations,LATAM,Completed,4894.2,1364.68,3529.5199999999995,0.7212
TXN-011410,2022-01-12,Operations,North America,Completed,3718.89,1077.29,2641.6,0.7103
TXN-004411,2022-01-13,Marketing,EMEA,Completed,5225.91,1537.97,3687.9399999999996,0.7057
TXN-003496,2022-01-13,Engineering,APAC,Completed,5126.19,453.58,4672.61,0.9115
TXN-007712,2022-01-13,Operations,APAC,Pending,3349.66,2552.61,797.0499999999997,0.2379
TXN-001864,2022-01-13,Marketing,EMEA,Completed,1968.4,1771.25,197.1500000000001,0.1002
TXN-007937,2022-01-13,Marketing,APAC,Completed,5943.28,2084.56,3858.72,0.6493
TXN-008552,2022-01-13,Engineering,APAC,Completed,6823.77,2846.27,3977.5000000000005,0.5829
TXN-011091,2022-01-13,Engineering,APAC,Pending,4898.26,2703.76,2194.5,0.448
TXN-010637,2022-01-13,Operations,North America,Pending,4380.56,2615.68,1764.8800000000006,0.4029
TXN-001353,2022-01-13,Operations,APAC,Completed,2798.09,2512.82,285.27,0.102
TXN-002235,2022-01-13,Engineering,North America,Completed,3573.2,2257.0,1316.1999999999998,0.3684
TXN-010542,2022-01-13,Sales,LATAM,Completed,6940.98,2305.0,4635.98,0.6679
TXN-000933,2022-01-14,Engineering,LATAM,Completed,5137.03,1978.87,3158.16,0.6148
TXN-008404,2022-01-14,Sales,North America,Completed,3836.47,2168.98,1667.4899999999998,0.4346
TXN-009440,2022-01-14,Marketing,EMEA,Pending,8010.31,1672.09,6338.22,0.7913
TXN-010495,2022-01-14,Operations,EMEA,Completed,6161.87,3955.49,2206.38,0.3581
TXN-010581,2022-01-14,Marketing,LATAM,Completed,3235.54,3311.85,-76.30999999999995,-0.0236
TXN-000251,2022-01-14,Operations,North America,Completed,6197.02,1507.72,4689.3,0.7567
TXN-001568,2022-01-14,Operations,LATAM,Completed,3657.67,3195.81,461.8600000000001,0.1263
TXN-008795,2022-01-14,Sales,LATAM,Pending,5245.47,2140.89,3104.5800000000004,0.5919
TXN-008196,2022-01-14,Operations,LATAM,Pending,7633.84,1047.39,6586.45,0.8628
TXN-001655,2022-01-14,Operations,LATAM,Pending,8333.38,1730.59,6602.789999999999,0.7923
TXN-011880,2022-01-14,Marketing,North America,Completed,5678.11,1519.84,4158.2699999999995,0.7323
TXN-010814,2022-01-14,Sales,LATAM,Pending,7632.37,2156.99,5475.38,0.7174
TXN-007557,2022-01-14,Customer Support,EMEA,Completed,2972.15,1538.65,1433.5,0.4823
TXN-005769,2022-01-14,Engineering,EMEA,Completed,5738.81,2800.83,2937.9800000000005,0.5119
TXN-003620,2022-01-14,Customer Support,APAC,Completed,4942.75,1333.61,3609.1400000000003,0.7302
TXN-005297,2022-01-14,Marketing,LATAM,Completed,3461.0,1723.37,1737.63,0.5021
TXN-009603,2022-01-14,Marketing,EMEA,Completed,4403.6,2722.79,1680.8100000000004,0.3817
TXN-002712,2022-01-14,Marketing,APAC,Completed,5373.17,1401.4,3971.77,0.7392
TXN-008460,2022-01-14,Operations,APAC,Completed,3456.38,1284.11,2172.2700000000004,0.6285
TXN-011012,2022-01-15,Engineering,EMEA,Pending,4150.83,2449.13,1701.6999999999998,0.41
TXN-001388,2022-01-15,Customer Support,APAC,Pending,5262.18,1569.65,3692.53,0.7017
TXN-011700,2022-01-15,Customer Support,North America,Completed,6341.94,1060.37,5281.57,0.8328
TXN-010336,2022-01-15,Engineering,LATAM,Pending,6267.3,3074.77,3192.53,0.5094
TXN-006437,2022-01-15,Marketing,APAC,Completed,3940.66,1774.67,2165.99,0.5497
TXN-001992,2022-01-15,Marketing,APAC,Completed,4040.36,1701.03,2339.33,0.579
TXN-011629,2022-01-15,Sales,LATAM,Completed,5490.77,2097.11,3393.6600000000003,0.6181
TXN-008189,2022-01-15,Sales,EMEA,Completed,2837.86,1836.25,1001.6100000000001,0.3529
TXN-004774,2022-01-15,Sales,North America,Completed,3073.0,1335.79,1737.21,0.5653
TXN-009787,2022-01-15,Marketing,North America,Pending,4327.46,2349.47,1977.9900000000002,0.4571
TXN-006751,2022-01-16,Marketing,North America,Completed,4254.83,1913.28,2341.55,0.5503
TXN-006624,2022-01-16,Engineering,EMEA,Pending,3348.97,1789.94,1559.0299999999997,0.4655
TXN-002434,2022-01-16,Engineering,EMEA,Pending,5584.97,2943.17,2641.8,0.473
TXN-011829,2022-01-16,Customer Support,North America,Completed,5637.43,1839.01,3798.42,0.6738
TXN-005921,2022-01-16,Marketing,LATAM,Completed,6753.02,2060.11,4692.91,0.6949
TXN-010486,2022-01-16,Engineering,APAC,Completed,4683.44,1920.91,2762.5299999999997,0.5899
TXN-009509,2022-01-16,Operations,North America,Pending,1549.01,497.78,1051.23,0.6786
TXN-009705,2022-01-16,Sales,EMEA,Completed,4463.79,3179.37,1284.42,0.2877
TXN-008960,2022-01-16,Marketing,APAC,Completed,5920.47,2245.57,3674.9,0.6207
TXN-010351,2022-01-16,Engineering,EMEA,Completed,6922.67,1666.75,5255.92,0.7592
TXN-010094,2022-01-16,Operations,North America,Completed,6580.46,2406.27,4174.1900000000005,0.6343
TXN-004951,2022-01-16,Customer Support,EMEA,Completed,5482.21,1219.14,4263.07,0.7776
TXN-001821,2022-01-16,Marketing,North America,Completed,4941.79,2039.45,2902.34,0.5873
TXN-010063,2022-01-16,Customer Support,North America,Completed,3710.18,1655.59,2054.59,0.5538
TXN-010408,2022-01-16,Customer Support,North America,Completed,4224.96,1966.9,2258.06,0.5345
TXN-011251,2022-01-16,Marketing,EMEA,Pending,5213.91,1746.36,3467.55,0.6651
TXN-001377,2022-01-16,Marketing,North America,Completed,3372.82,2721.44,651.3800000000001,0.1931
TXN-009123,2022-01-16,Sales,APAC,Completed,5012.25,1512.74,3499.51,0.6982
TXN-010672,2022-01-17,Customer Support,North America,Completed,6777.76,2919.13,3858.63,0.5693
TXN-002341,2022-01-17,Operations,EMEA,Completed,3458.32,3364.47,93.85000000000036,0.0271
TXN-004692,2022-01-17,Customer Support,APAC,Completed,4946.76,732.49,4214.27,0.8519
TXN-009588,2022-01-17,Sales,EMEA,Completed,5348.99,1550.16,3798.83,0.7102
TXN-010891,2022-01-17,Operations,North America,Pending,5701.74,1010.39,4691.349999999999,0.8228
TXN-009042,2022-01-17,Operations,LATAM,Completed,5016.785,2061.31,2955.475,0.5891
TXN-011715,2022-01-17,Customer Support,EMEA,Completed,3430.82,1065.7,2365.12,0.6894
TXN-000697,2022-01-17,Engineering,EMEA,Completed,1978.47,1762.12,216.35000000000014,0.1094
TXN-005838,2022-01-17,Customer Support,North America,Completed,2849.72,942.41,1907.31,0.6693
TXN-010154,2022-01-17,Engineering,LATAM,Completed,4887.65,3413.3,1474.3499999999995,0.3016
TXN-000317,2022-01-17,Marketing,EMEA,Completed,7622.56,1393.63,6228.93,0.8172
TXN-005431,2022-01-17,Sales,North America,Completed,3172.59,2665.19,507.4000000000001,0.1599
TXN-007680,2022-01-17,Marketing,North America,Pending,4578.8,1709.42,2869.38,0.6267
TXN-005300,2022-01-18,Operations,EMEA,Completed,8355.22,2426.49,5928.73,0.7096
TXN-006617,2022-01-18,Sales,LATAM,Completed,5174.93,2927.74,2247.1900000000005,0.4342
TXN-001710,2022-01-18,Operations,North America,Completed,4845.29,1959.29,2886.0,0.5956
TXN-002947,2022-01-18,Engineering,EMEA,Completed,5416.22,2411.21,3005.01,0.5548
TXN-005339,2022-01-18,Sales,North America,Completed,3445.19,1902.06,1543.13,0.4479
TXN-010467,2022-01-18,Sales,APAC,Completed,4209.49,1520.87,2688.62,0.6387
TXN-004126,2022-01-18,Operations,LATAM,Completed,4394.65,2195.57,2199.0799999999995,0.5004
TXN-001127,2022-01-18,Operations,North America,Completed,4951.13,1959.29,2991.84,0.6043
TXN-006131,2022-01-18,Operations,North America,Completed,7584.56,1637.82,5946.740000000001,0.7841
TXN-007184,2022-01-18,Marketing,North America,Completed,4864.58,2086.74,2777.84,0.571
TXN-004102,2022-01-18,Customer Support,EMEA,Completed,1728.48,2755.42,-1026.94,-0.5941
TXN-010871,2022-01-19,Marketing,North America,Completed,5172.11,1672.96,3499.1499999999996,0.6765
TXN-008635,2022-01-19,Sales,EMEA,Completed,3677.98,151.09,3526.89,0.9589
TXN-004462,2022-01-19,Sales,North America,Completed,3586.43,1029.21,2557.22,0.713
TXN-011867,2022-01-19,Operations,APAC,Completed,4415.14,2757.5,1657.6400000000003,0.3754
TXN-011617,2022-01-19,Marketing,North America,Completed,4234.65,1675.1,2559.5499999999997,0.6044
TXN-007083,2022-01-19,Operations,North America,Completed,3683.97,2119.93,1564.04,0.4246
TXN-003645,2022-01-19,Engineering,APAC,Completed,5709.34,1104.11,4605.2300000000005,0.8066
TXN-006393,2022-01-19,Engineering,North America,Completed,6119.46,2010.885,4108.575,0.6714
TXN-009873,2022-01-19,Marketing,APAC,Pending,5352.21,2713.23,2638.98,0.4931
TXN-002789,2022-01-19,Engineering,North America,Completed,4423.69,1497.04,2926.6499999999996,0.6616
TXN-004579,2022-01-19,Sales,North America,Pending,3024.01,732.0,2292.01,0.7579
TXN-006870,2022-01-19,Engineering,North America,Completed,5021.2,2851.38,2169.8199999999997,0.4321
TXN-005968,2022-01-19,Marketing,North America,Completed,4876.46,2138.38,2738.08,0.5615
TXN-009312,2022-01-19,Sales,LATAM,Pending,3575.41,2039.76,1535.6499999999999,0.4295
TXN-001461,2022-01-19,Engineering,EMEA,Completed,4374.67,1592.28,2782.3900000000003,0.636
TXN-008320,2022-01-19,Operations,EMEA,Completed,5567.25,1114.88,4452.37,0.7997
TXN-011441,2022-01-20,Marketing,North America,Pending,5679.65,3117.22,2562.43,0.4512
TXN-005284,2022-01-20,Engineering,APAC,Completed,3298.12,2159.33,1138.79,0.3453
TXN-011543,2022-01-20,Sales,APAC,Completed,4227.59,2283.48,1944.1100000000001,0.4599
TXN-008263,2022-01-20,Customer Support,North America,Pending,4014.43,1844.86,2169.5699999999997,0.5404
TXN-010921,2022-01-20,Marketing,LATAM,Completed,5373.94,2342.68,3031.2599999999998,0.5641
TXN-002935,2022-01-20,Marketing,EMEA,Completed,2285.55,1316.47,969.0800000000002,0.424
TXN-009840,2022-01-20,Sales,LATAM,Pending,3293.03,1854.27,1438.7600000000002,0.4369
TXN-002596,2022-01-20,Sales,North America,Completed,2178.66,1456.72,721.9399999999998,0.3314
TXN-007203,2022-01-20,Marketing,LATAM,Completed,5595.25,1185.36,4409.89,0.7881
TXN-008576,2022-01-20,Sales,EMEA,Completed,5322.88,2035.35,3287.53,0.6176
TXN-006221,2022-01-20,Engineering,LATAM,Pending,4967.0,2034.32,2932.6800000000003,0.5904
TXN-002003,2022-01-20,Engineering,EMEA,Completed,7763.64,1052.23,6711.41,0.8645
TXN-001311,2022-01-21,Marketing,APAC,Completed,5414.16,2465.95,2948.21,0.5445
TXN-000106,2022-01-21,Marketing,North America,Pending,3857.78,3621.28,236.5,0.0613
TXN-000248,2022-01-21,Marketing,EMEA,Pending,7635.65,1682.58,5953.07,0.7796
TXN-004947,2022-01-21,Marketing,LATAM,Completed,4543.58,1246.45,3297.13,0.7257
TXN-004002,2022-01-21,Sales,North America,Completed,5074.56,961.5,4113.06,0.8105
TXN-002459,2022-01-21,Marketing,North America,Completed,3709.33,2255.55,1453.7799999999997,0.3919
TXN-009496,2022-01-21,Engineering,EMEA,Pending,1276.02,3017.23,-1741.21,-1.3646
TXN-010874,2022-01-21,Sales,North America,Completed,4721.54,1354.38,3367.16,0.7131
TXN-003426,2022-01-21,Customer Support,North America,Completed,5521.41,993.72,4527.69,0.82
TXN-004253,2022-01-21,Sales,APAC,Pending,2007.36,2407.1,-399.74,-0.1991
TXN-010745,2022-01-21,Operations,LATAM,Completed,4757.3,2728.79,2028.5100000000002,0.4264
TXN-008400,2022-01-22,Sales,APAC,Completed,4528.31,2471.89,2056.4200000000005,0.4541
TXN-006242,2022-01-22,Customer Support,North America,Completed,5355.87,1405.65,3950.22,0.7375
TXN-007759,2022-01-22,Customer Support,North America,Completed,2912.08,1643.23,1268.85,0.4357
TXN-006253,2022-01-22,Marketing,LATAM,Completed,5145.54,2422.36,2723.18,0.5292
TXN-001867,2022-01-22,Operations,EMEA,Pending,7365.26,1814.17,5551.09,0.7537
TXN-011887,2022-01-22,Engineering,APAC,Completed,4941.77,1640.46,3301.3100000000004,0.668
TXN-004421,2022-01-22,Operations,LATAM,Completed,5016.785,1545.06,3471.725,0.692
TXN-005938,2022-01-22,Engineering,North America,Pending,4652.45,1852.34,2800.1099999999997,0.6019
TXN-000826,2022-01-22,Marketing,North America,Completed,8108.97,2290.93,5818.040000000001,0.7175
TXN-000204,2022-01-22,Marketing,North America,Completed,6712.38,2986.49,3725.8900000000003,0.5551
TXN-004587,2022-01-22,Customer Support,APAC,Completed,4847.549999999999,2120.21,2727.3399999999992,0.5626
TXN-011879,2022-01-22,Sales,EMEA,Completed,3518.62,1241.61,2277.01,0.6471
TXN-005498,2022-01-22,Sales,APAC,Pending,6348.3,1493.69,4854.610000000001,0.7647
TXN-007042,2022-01-22,Operations,APAC,Completed,6400.92,1950.45,4450.47,0.6953
TXN-011004,2022-01-22,Operations,EMEA,Completed,3310.1,1961.73,1348.37,0.4074
TXN-001958,2022-01-22,Engineering,EMEA,Pending,5912.46,1496.32,4416.14,0.7469
TXN-010651,2022-01-22,Customer Support,North America,Completed,6556.37,2098.06,4458.3099999999995,0.68
TXN-000821,2022-01-22,Sales,APAC,Completed,7247.57,2691.22,4556.35,0.6287
TXN-009566,2022-01-23,Engineering,North America,Completed,4748.48,1134.29,3614.1899999999996,0.7611
TXN-009316,2022-01-23,Sales,EMEA,Completed,5840.76,2221.6,3619.1600000000003,0.6196
TXN-001191,2022-01-23,Sales,LATAM,Completed,3744.83,1352.97,2391.8599999999997,0.6387
TXN-000425,2022-01-23,Customer Support,APAC,Completed,3263.58,3081.0,182.57999999999993,0.0559
TXN-004495,2022-01-23,Engineering,North America,Completed,4202.48,2693.68,1508.7999999999997,0.359
TXN-009021,2022-01-23,Operations,LATAM,Completed,8319.14,2119.92,6199.219999999999,0.7452
TXN-006669,2022-01-23,Engineering,LATAM,Completed,4386.31,774.37,3611.9400000000005,0.8235
TXN-005874,2022-01-23,Operations,LATAM,Completed,5690.98,1159.07,4531.91,0.7963
TXN-009961,2022-01-23,Marketing,LATAM,Completed,6710.66,2143.44,4567.219999999999,0.6806
TXN-011649,2022-01-23,Customer Support,North America,Completed,5029.3,1701.7,3327.6000000000004,0.6616
TXN-006496,2022-01-24,Sales,EMEA,Completed,5121.15,2005.31,3115.8399999999997,0.6084
TXN-003905,2022-01-24,Customer Support,APAC,Completed,3901.31,1740.57,2160.74,0.5538
TXN-002569,2022-01-24,Customer Support,North America,Pending,5176.76,1639.9,3536.86,0.6832
TXN-000191,2022-01-24,Customer Support,APAC,Completed,3495.92,2753.43,742.4900000000002,0.2124
TXN-006062,2022-01-24,Sales,EMEA,Completed,3228.33,1786.42,1441.9099999999999,0.4466
TXN-006327,2022-01-24,Sales,North America,Completed,4698.56,1092.91,3605.6500000000005,0.7674
TXN-006966,2022-01-24,Customer Support,APAC,Pending,3644.84,2841.32,803.52,0.2205
TXN-011111,2022-01-24,Customer Support,LATAM,Pending,5516.45,1450.11,4066.34,0.7371
TXN-008359,2022-01-24,Operations,EMEA,Completed,4868.1,2127.99,2740.1100000000006,0.5629
TXN-011831,2022-01-24,Marketing,EMEA,Pending,5523.73,3036.3,2487.4299999999994,0.4503
TXN-006468,2022-01-24,Sales,North America,Completed,5660.87,837.2,4823.67,0.8521
TXN-005344,2022-01-24,Marketing,EMEA,Pending,5672.54,1075.69,4596.85,0.8104
TXN-002387,2022-01-25,Customer Support,EMEA,Completed,5149.62,2131.99,3017.63,0.586
TXN-002108,2022-01-25,Marketing,EMEA,Pending,6816.85,2466.06,4350.790000000001,0.6382
TXN-007071,2022-01-25,Operations,North America,Completed,5498.74,1595.35,3903.39,0.7099
TXN-004837,2022-01-25,Operations,LATAM,Completed,4653.4,1637.76,3015.6399999999994,0.6481
TXN-009629,2022-01-25,Customer Support,EMEA,Completed,7271.55,2734.12,4537.43,0.624
TXN-000839,2022-01-25,Marketing,LATAM,Completed,7299.67,1838.9,5460.77,0.7481
TXN-006871,2022-01-25,Customer Support,EMEA,Completed,4864.42,1556.97,3307.45,0.6799
TXN-000647,2022-01-25,Operations,North America,Completed,5848.12,2159.17,3688.95,0.6308
TXN-007951,2022-01-25,Customer Support,North America,Completed,5383.2,1378.59,4004.6099999999997,0.7439
TXN-008915,2022-01-25,Sales,EMEA,Pending,6230.56,1795.58,4434.9800000000005,0.7118
TXN-001381,2022-01-25,Sales,APAC,Completed,6244.19,1902.95,4341.24,0.6952
TXN-010135,2022-01-25,Operations,APAC,Completed,3915.69,1954.8,1960.89,0.5008
TXN-004220,2022-01-25,Engineering,North America,Completed,7411.12,2078.84,5332.28,0.7195
TXN-008541,2022-01-26,Sales,APAC,Pending,7598.69,1273.97,6324.719999999999,0.8323
TXN-008988,2022-01-26,Engineering,North America,Completed,3974.9,2044.65,1930.25,0.4856
TXN-002546,2022-01-26,Customer Support,EMEA,Pending,4629.01,1097.62,3531.3900000000003,0.7629
TXN-001494,2022-01-26,Engineering,LATAM,Completed,8080.39,1412.28,6668.110000000001,0.8252
TXN-008641,2022-01-26,Customer Support,EMEA,Completed,7301.48,1456.07,5845.41,0.8006
TXN-010012,2022-01-26,Customer Support,APAC,Completed,5176.16,824.68,4351.48,0.8407
TXN-010389,2022-01-26,Customer Support,North America,Completed,7919.23,1861.49,6057.74,0.7649
TXN-011253,2022-01-26,Customer Support,LATAM,Completed,4218.01,2426.98,1791.0300000000002,0.4246
TXN-010080,2022-01-26,Operations,North America,Pending,1705.06,1213.43,491.6299999999999,0.2883
TXN-003427,2022-01-26,Customer Support,LATAM,Pending,3954.67,2595.31,1359.3600000000001,0.3437
TXN-005240,2022-01-26,Engineering,APAC,Completed,8012.27,1943.39,6068.88,0.7574
TXN-011943,2022-01-26,Customer Support,APAC,Pending,5766.58,3633.39,2133.19,0.3699
TXN-007531,2022-01-26,Customer Support,APAC,Completed,7543.57,2275.75,5267.82,0.6983
TXN-008687,2022-01-27,Engineering,LATAM,Pending,4763.19,1812.97,2950.2199999999993,0.6194
TXN-010239,2022-01-27,Customer Support,EMEA,Pending,5374.36,2892.58,2481.7799999999997,0.4618
TXN-011028,2022-01-27,Engineering,LATAM,Completed,2631.01,1323.02,1307.9900000000002,0.4971
TXN-009395,2022-01-27,Marketing,EMEA,Completed,3032.06,2121.26,910.7999999999997,0.3004
TXN-010104,2022-01-27,Customer Support,LATAM,Pending,7370.06,2778.66,4591.400000000001,0.623
TXN-008279,2022-01-27,Sales,APAC,Pending,1740.97,1204.83,536.1400000000001,0.308
TXN-001553,2022-01-27,Engineering,APAC,Completed,2953.73,1520.79,1432.94,0.4851
TXN-004551,2022-01-27,Operations,EMEA,Completed,3120.65,790.95,2329.7,0.7465
TXN-004423,2022-01-27,Engineering,EMEA,Completed,6271.37,2267.74,4003.63,0.6384
TXN-004852,2022-01-27,Operations,EMEA,Pending,4860.88,1848.07,3012.8100000000004,0.6198
TXN-003805,2022-01-27,Engineering,LATAM,Completed,5978.58,551.87,5426.71,0.9077
TXN-009907,2022-01-27,Engineering,North America,Pending,6212.73,2691.83,3520.8999999999996,0.5667
TXN-010514,2022-01-27,Marketing,APAC,Pending,6930.78,3507.91,3422.87,0.4939
TXN-011183,2022-01-27,Engineering,North America,Completed,4015.81,1427.55,2588.26,0.6445
TXN-008919,2022-01-27,Engineering,LATAM,Pending,5296.36,2172.11,3124.2499999999995,0.5899
TXN-006960,2022-01-27,Operations,APAC,Completed,4848.31,1419.51,3428.8,0.7072
TXN-002733,2022-01-27,Marketing,EMEA,Completed,3002.12,1295.1,1707.02,0.5686
TXN-011051,2022-01-27,Engineering,APAC,Pending,6842.91,3160.21,3682.7,0.5382
TXN-004172,2022-01-27,Customer Support,EMEA,Completed,6864.83,2550.37,4314.46,0.6285
TXN-005543,2022-01-28,Sales,APAC,Pending,2901.34,976.02,1925.3200000000002,0.6636
TXN-008415,2022-01-28,Operations,LATAM,Completed,5614.67,2933.57,2681.1,0.4775
TXN-001390,2022-01-28,Engineering,APAC,Completed,4137.37,2167.93,1969.44,0.476
TXN-010432,2022-01-28,Marketing,EMEA,Completed,6129.46,2333.07,3796.39,0.6194
TXN-005023,2022-01-28,Engineering,LATAM,Pending,3875.18,2115.78,1759.3999999999996,0.454
TXN-007834,2022-01-28,Engineering,APAC,Completed,3709.82,1849.23,1860.5900000000001,0.5015
TXN-002356,2022-01-28,Engineering,North America,Pending,4722.77,3433.42,1289.3500000000004,0.273
TXN-010404,2022-01-28,Marketing,LATAM,Pending,3858.9,3059.58,799.3200000000002,0.2071
TXN-000269,2022-01-28,Marketing,EMEA,Completed,3294.69,2250.8,1043.8899999999999,0.3168
TXN-005097,2022-01-28,Operations,APAC,Completed,5155.8,1132.92,4022.88,0.7803
TXN-010630,2022-01-28,Operations,EMEA,Completed,6997.25,1844.03,5153.22,0.7365
TXN-004756,2022-01-28,Sales,North America,Completed,1313.97,694.67,619.3000000000001,0.4713
TXN-004843,2022-01-29,Marketing,North America,Pending,4196.52,3179.54,1016.9800000000005,0.2423
TXN-009461,2022-01-29,Engineering,EMEA,Completed,5207.07,1854.05,3353.0199999999995,0.6439
TXN-008876,2022-01-29,Sales,EMEA,Completed,5160.31,1857.22,3303.09,0.6401
TXN-009139,2022-01-29,Customer Support,EMEA,Pending,4258.79,2301.76,1957.0299999999997,0.4595
TXN-007619,2022-01-29,Sales,LATAM,Completed,4392.74,2606.36,1786.3799999999997,0.4067
TXN-008368,2022-01-29,Customer Support,EMEA,Completed,6040.48,2963.64,3076.8399999999997,0.5094
TXN-000921,2022-01-29,Customer Support,APAC,Completed,6838.44,1737.16,5101.28,0.746
TXN-000257,2022-01-29,Operations,LATAM,Completed,5369.56,2022.13,3347.4300000000003,0.6234
TXN-008679,2022-01-29,Marketing,EMEA,Pending,5635.74,3270.09,2365.6499999999996,0.4198
TXN-007384,2022-01-29,Engineering,LATAM,Completed,3171.0,427.96,2743.04,0.865
TXN-006886,2022-01-29,Operations,LATAM,Completed,5110.56,2171.42,2939.1400000000003,0.5751
TXN-001846,2022-01-29,Sales,APAC,Pending,6548.03,1596.69,4951.34,0.7562
TXN-001565,2022-01-29,Engineering,North America,Pending,4747.11,985.29,3761.8199999999997,0.7924
TXN-004807,2022-01-29,Customer Support,LATAM,Completed,4060.54,1446.99,2613.55,0.6436
TXN-010791,2022-01-29,Customer Support,EMEA,Completed,2637.12,934.7,1702.4199999999998,0.6456
TXN-011983,2022-01-30,Marketing,EMEA,Completed,4290.92,1798.27,2492.65,0.5809
TXN-000591,2022-01-30,Engineering,EMEA,Completed,4734.52,2445.9,2288.6200000000003,0.4834
TXN-003643,2022-01-30,Operations,LATAM,Completed,3339.55,3085.39,254.1600000000003,0.0761
TXN-009155,2022-01-30,Customer Support,EMEA,Completed,6385.77,2549.7,3836.0700000000006,0.6007
TXN-006018,2022-01-30,Sales,APAC,Pending,6378.14,2067.03,4311.110000000001,0.6759
TXN-000435,2022-01-30,Customer Support,North America,Pending,1191.08,2743.29,-1552.21,-1.3032
TXN-001345,2022-01-30,Sales,North America,Completed,6379.23,1172.96,5206.2699999999995,0.8161
TXN-004604,2022-01-30,Marketing,North America,Completed,6855.48,2860.34,3995.1399999999994,0.5828
TXN-003324,2022-01-30,Engineering,North America,Completed,4160.32,1325.9,2834.4199999999996,0.6813
TXN-008384,2022-01-30,Customer Support,EMEA,Completed,4492.35,1703.28,2789.0700000000006,0.6208
TXN-006998,2022-01-30,Customer Support,APAC,Completed,5033.12,1254.39,3778.7299999999996,0.7508
TXN-008217,2022-01-30,Sales,LATAM,Completed,2125.18,1224.53,900.6499999999999,0.4238
TXN-007400,2022-01-30,Marketing,LATAM,Completed,6630.05,2269.47,4360.58,0.6577
TXN-008708,2022-01-30,Operations,North America,Pending,5105.95,1026.3,4079.6499999999996,0.799
TXN-000143,2022-01-30,Marketing,North America,Completed,4129.07,1820.4,2308.6699999999996,0.5591
TXN-005413,2022-01-30,Marketing,APAC,Completed,6405.19,2102.56,4302.629999999999,0.6717
TXN-002779,2022-01-30,Operations,APAC,Completed,4193.72,1790.37,2403.3500000000004,0.5731
TXN-001128,2022-01-30,Engineering,APAC,Completed,4652.79,3052.88,1599.9099999999999,0.3439
TXN-003871,2022-01-30,Marketing,APAC,Pending,4712.53,2034.92,2677.6099999999997,0.5682
TXN-005771,2022-01-30,Sales,APAC,Completed,5960.44,2066.73,3893.7099999999996,0.6533
TXN-009187,2022-01-30,Operations,APAC,Completed,5251.12,1501.1,3750.02,0.7141
TXN-008060,2022-01-31,Marketing,LATAM,Pending,2393.56,1794.43,599.1299999999999,0.2503
TXN-005718,2022-01-31,Operations,LATAM,Completed,5849.82,1159.34,4690.48,0.8018
TXN-009174,2022-01-31,Operations,LATAM,Completed,4091.8,2542.11,1549.69,0.3787
TXN-010155,2022-01-31,Operations,LATAM,Completed,5016.785,2384.49,2632.295,0.5247
TXN-004994,2022-01-31,Marketing,EMEA,Pending,3137.17,560.9,2576.27,0.8212
TXN-007880,2022-01-31,Sales,LATAM,Pending,2830.25,2486.56,343.69000000000005,0.1214
TXN-005153,2022-01-31,Sales,North America,Completed,6597.21,2471.18,4126.030000000001,0.6254
TXN-000767,2022-01-31,Engineering,LATAM,Completed,6575.79,2617.2,3958.59,0.602
TXN-002294,2022-01-31,Operations,LATAM,Completed,3908.45,2620.54,1287.9099999999999,0.3295
TXN-011978,2022-01-31,Operations,North America,Pending,5990.74,1962.64,4028.0999999999995,0.6724
TXN-007646,2022-01-31,Operations,North America,Completed,5914.63,2474.4,3440.23,0.5816
TXN-011630,2022-01-31,Customer Support,APAC,Completed,4735.76,2234.24,2501.5200000000004,0.5282
TXN-009003,2022-01-31,Sales,North America,Pending,6517.43,2282.05,4235.38,0.6499
TXN-005565,2022-01-31,Marketing,LATAM,Pending,5388.84,3198.82,2190.02,0.4064
TXN-005343,2022-01-31,Operations,EMEA,Completed,4934.29,740.9,4193.39,0.8498
TXN-003896,2022-01-31,Marketing,APAC,Completed,5063.04,1024.83,4038.21,0.7976
TXN-002846,2022-01-31,Operations,APAC,Completed,2712.0,954.17,1757.83,0.6482
TXN-004445,2022-02-01,Operations,APAC,Completed,6164.6,879.16,5285.4400000000005,0.8574
TXN-002222,2022-02-01,Customer Support,EMEA,Completed,4927.19,2488.83,2438.3599999999997,0.4949
TXN-005603,2022-02-01,Operations,EMEA,Completed,1942.6,1880.1,62.5,0.0322
TXN-002990,2022-02-01,Sales,APAC,Completed,5016.88,3278.98,1737.9,0.3464
TXN-006340,2022-02-01,Engineering,EMEA,Pending,5058.38,1316.21,3742.17,0.7398
TXN-007659,2022-02-01,Customer Support,North America,Completed,5739.28,1864.48,3874.7999999999997,0.6751
TXN-006906,2022-02-01,Operations,LATAM,Completed,4278.19,875.92,3402.2699999999995,0.7953
TXN-000273,2022-02-01,Operations,North America,Completed,5486.37,2458.11,3028.2599999999998,0.552
TXN-004257,2022-02-01,Sales,LATAM,Completed,4734.09,1963.82,2770.2700000000004,0.5852
TXN-000595,2022-02-01,Sales,North America,Completed,7433.02,2124.46,5308.56,0.7142
TXN-010353,2022-02-01,Customer Support,EMEA,Completed,5555.96,3389.95,2166.01,0.3899
TXN-001760,2022-02-01,Marketing,North America,Pending,3907.08,2810.43,1096.65,0.2807
TXN-000353,2022-02-01,Customer Support,APAC,Completed,4628.06,3150.46,1477.6000000000004,0.3193
TXN-010601,2022-02-01,Sales,EMEA,Pending,2393.7,1084.42,1309.2799999999997,0.547
TXN-008419,2022-02-02,Sales,North America,Completed,6024.11,3030.73,2993.3799999999997,0.4969
TXN-008346,2022-02-02,Marketing,North America,Completed,4753.84,1404.48,3349.36,0.7046
TXN-011455,2022-02-02,Customer Support,North America,Completed,5032.43,2071.56,2960.8700000000003,0.5884
TXN-010512,2022-02-02,Sales,EMEA,Completed,7036.61,1510.0,5526.61,0.7854
TXN-001580,2022-02-02,Operations,EMEA,Completed,5112.18,2980.82,2131.36,0.4169
TXN-008111,2022-02-02,Sales,APAC,Completed,3938.5,1598.96,2339.54,0.594
TXN-000823,2022-02-02,Engineering,EMEA,Pending,2114.41,2776.45,-662.04,-0.3131
TXN-005281,2022-02-02,Customer Support,North America,Pending,5836.1,3190.96,2645.1400000000003,0.4532
TXN-005752,2022-02-02,Customer Support,EMEA,Completed,4017.79,4088.56,-70.76999999999998,-0.0176
TXN-002462,2022-02-02,Engineering,LATAM,Completed,7212.52,3383.28,3829.2400000000002,0.5309
TXN-009465,2022-02-02,Marketing,North America,Completed,4775.09,2230.66,2544.4300000000003,0.5329
TXN-011419,2022-02-03,Sales,APAC,Completed,6525.43,1444.68,5080.75,0.7786
TXN-010582,2022-02-03,Customer Support,North America,Pending,5083.72,3655.64,1428.0800000000004,0.2809
TXN-002311,2022-02-03,Customer Support,LATAM,Pending,6066.38,1410.9,4655.48,0.7674
TXN-003405,2022-02-03,Customer Support,North America,Pending,5322.8,2222.25,3100.55,0.5825
TXN-005766,2022-02-03,Sales,North America,Completed,4773.96,1785.93,2988.0299999999997,0.6259
TXN-010544,2022-02-03,Sales,APAC,Completed,6459.08,3576.57,2882.5099999999998,0.4463
TXN-009876,2022-02-03,Marketing,EMEA,Completed,4587.69,2779.5,1808.1899999999996,0.3941
TXN-007813,2022-02-03,Customer Support,EMEA,Completed,7059.71,0.0,7059.71,1.0
TXN-001814,2022-02-03,Operations,LATAM,Pending,3852.93,1727.59,2125.34,0.5516
TXN-009428,2022-02-03,Operations,APAC,Completed,3144.49,401.79,2742.7,0.8722
TXN-005261,2022-02-03,Customer Support,LATAM,Completed,3281.38,2727.01,554.3699999999999,0.1689
TXN-004634,2022-02-03,Customer Support,EMEA,Completed,4667.56,2849.05,1818.5100000000002,0.3896
TXN-001068,2022-02-04,Customer Support,North America,Completed,5225.24,2068.42,3156.8199999999997,0.6041
TXN-000252,2022-02-04,Sales,LATAM,Pending,3421.42,2185.15,1236.27,0.3613
TXN-000215,2022-02-04,Operations,LATAM,Completed,5090.35,927.33,4163.02,0.8178
TXN-003437,2022-02-04,Sales,APAC,Pending,6993.11,2235.24,4757.87,0.6804
TXN-004470,2022-02-04,Operations,EMEA,Completed,2945.64,2844.03,101.60999999999967,0.0345
TXN-005033,2022-02-04,Sales,APAC,Pending,5923.29,977.1,4946.19,0.835
TXN-006876,2022-02-04,Marketing,North America,Pending,6433.77,1407.84,5025.93,0.7812
TXN-000689,2022-02-04,Sales,LATAM,Completed,5933.03,2943.7,2989.33,0.5038
TXN-010662,2022-02-04,Engineering,APAC,Completed,1891.09,581.5,1309.59,0.6925
TXN-008183,2022-02-04,Sales,LATAM,Completed,6950.1,726.98,6223.120000000001,0.8954
TXN-007223,2022-02-04,Marketing,LATAM,Pending,6929.46,1633.02,5296.4400000000005,0.7643
TXN-001036,2022-02-05,Engineering,North America,Completed,4735.62,2112.02,2623.6,0.554
TXN-000884,2022-02-05,Sales,LATAM,Completed,4420.84,2520.74,1900.1000000000004,0.4298
TXN-003525,2022-02-05,Operations,APAC,Completed,8548.16,2050.69,6497.469999999999,0.7601
TXN-005995,2022-02-05,Engineering,LATAM,Completed,5555.2,2080.36,3474.8399999999997,0.6255
TXN-007188,2022-02-05,Operations,APAC,Completed,4445.01,2547.33,1897.6800000000003,0.4269
TXN-002850,2022-02-05,Marketing,LATAM,Completed,2582.15,1456.92,1125.23,0.4358
TXN-010319,2022-02-05,Engineering,APAC,Completed,5703.18,1931.79,3771.3900000000003,0.6613
TXN-006741,2022-02-05,Operations,APAC,Pending,4053.73,1536.21,2517.52,0.621
TXN-009660,2022-02-05,Marketing,APAC,Completed,5579.35,2348.04,3231.3100000000004,0.5792
TXN-002369,2022-02-05,Marketing,EMEA,Completed,7178.33,1439.28,5739.05,0.7995
TXN-011372,2022-02-05,Customer Support,LATAM,Completed,3469.37,2092.76,1376.6099999999997,0.3968
TXN-006246,2022-02-05,Engineering,EMEA,Completed,5179.97,1727.01,3452.96,0.6666
TXN-003109,2022-02-05,Operations,APAC,Completed,1736.11,524.59,1211.52,0.6978
TXN-008408,2022-02-05,Operations,LATAM,Pending,7425.35,2753.38,4671.97,0.6292
TXN-004310,2022-02-05,Sales,APAC,Pending,2811.58,1682.06,1129.52,0.4017
TXN-002780,2022-02-05,Customer Support,APAC,Completed,5050.92,2050.38,3000.54,0.5941
TXN-004307,2022-02-06,Marketing,EMEA,Completed,5221.6,2044.43,3177.17,0.6085
TXN-011517,2022-02-06,Marketing,EMEA,Completed,5334.48,2536.88,2797.5999999999995,0.5244
TXN-001965,2022-02-06,Operations,EMEA,Completed,4711.29,3213.37,1497.92,0.3179
TXN-011878,2022-02-06,Engineering,APAC,Completed,6532.48,1025.25,5507.23,0.8431
TXN-005910,2022-02-06,Engineering,North America,Completed,3077.92,1327.66,1750.26,0.5687
TXN-005714,2022-02-06,Operations,North America,Pending,6179.23,2089.35,4089.8799999999997,0.6619
TXN-009719,2022-02-06,Customer Support,EMEA,Pending,5033.37,3556.02,1477.35,0.2935
TXN-011907,2022-02-06,Customer Support,EMEA,Completed,6905.22,1714.32,5190.900000000001,0.7517
TXN-006305,2022-02-06,Engineering,APAC,Completed,6340.07,2708.91,3631.16,0.5727
TXN-006030,2022-02-06,Marketing,North America,Pending,4296.46,942.41,3354.05,0.7807
TXN-009032,2022-02-06,Operations,North America,Completed,4637.07,2725.55,1911.5199999999995,0.4122
TXN-002158,2022-02-06,Engineering,North America,Completed,5213.59,2345.4,2868.19,0.5501
TXN-001851,2022-02-06,Sales,EMEA,Completed,5432.6,1606.08,3826.5200000000004,0.7044
TXN-008411,2022-02-06,Sales,LATAM,Pending,6422.08,2148.97,4273.110000000001,0.6654
TXN-003349,2022-02-07,Marketing,North America,Pending,6683.14,1917.09,4766.05,0.7131
TXN-006912,2022-02-07,Marketing,LATAM,Pending,5370.36,2335.67,3034.6899999999996,0.5651
TXN-010607,2022-02-07,Engineering,LATAM,Pending,6513.59,1437.39,5076.2,0.7793
TXN-010325,2022-02-07,Engineering,APAC,Completed,8194.43,1643.63,6550.8,0.7994
TXN-005681,2022-02-07,Operations,EMEA,Completed,6756.42,1397.27,5359.15,0.7932
TXN-005122,2022-02-07,Engineering,EMEA,Completed,4818.3,805.57,4012.73,0.8328
TXN-006522,2022-02-07,Sales,LATAM,Completed,1360.19,2200.07,-839.8800000000001,-0.6175
TXN-008543,2022-02-07,Customer Support,LATAM,Completed,3152.25,2593.04,559.21,0.1774
TXN-003753,2022-02-07,Operations,APAC,Completed,4891.82,2105.92,2785.8999999999996,0.5695
TXN-006854,2022-02-07,Sales,LATAM,Completed,4501.08,2489.61,2011.4699999999998,0.4469
TXN-004370,2022-02-07,Operations,EMEA,Completed,3619.17,2230.5,1388.67,0.3837
TXN-002555,2022-02-07,Marketing,North America,Completed,4992.91,858.22,4134.69,0.8281
TXN-010911,2022-02-07,Customer Support,EMEA,Completed,4194.69,3922.06,272.62999999999965,0.065
TXN-000538,2022-02-07,Sales,North America,Completed,6061.53,1724.35,4337.18,0.7155
TXN-011463,2022-02-08,Marketing,North America,Completed,5217.63,1342.45,3875.1800000000003,0.7427
TXN-011790,2022-02-08,Engineering,APAC,Completed,7382.95,2489.21,4893.74,0.6628
TXN-009339,2022-02-08,Customer Support,North America,Completed,4275.37,3304.16,971.21,0.2272
TXN-005610,2022-02-08,Operations,EMEA,Pending,4819.56,1989.36,2830.2000000000007,0.5872
TXN-009068,2022-02-08,Engineering,North America,Completed,5549.72,2690.94,2858.78,0.5151
TXN-011351,2022-02-08,Marketing,APAC,Completed,6156.87,2238.79,3918.08,0.6364
TXN-005706,2022-02-08,Customer Support,EMEA,Pending,5159.2,641.13,4518.07,0.8757
TXN-004582,2022-02-08,Sales,APAC,Completed,5153.45,2752.06,2401.39,0.466
TXN-002926,2022-02-08,Engineering,EMEA,Pending,6985.83,1905.91,5079.92,0.7272
TXN-008813,2022-02-08,Marketing,APAC,Pending,6248.93,1605.18,4643.75,0.7431
TXN-008292,2022-02-08,Sales,North America,Pending,7237.26,3075.55,4161.71,0.575
TXN-010680,2022-02-08,Engineering,North America,Pending,4362.82,952.9,3409.9199999999996,0.7816
TXN-010667,2022-02-08,Engineering,North America,Completed,6688.52,1769.76,4918.76,0.7354
TXN-007860,2022-02-08,Marketing,APAC,Pending,4880.78,4046.58,834.1999999999998,0.1709
TXN-000885,2022-02-08,Engineering,APAC,Pending,4300.41,3048.2,1252.21,0.2912
TXN-000382,2022-02-08,Sales,EMEA,Completed,3012.42,2494.82,517.5999999999999,0.1718
TXN-008047,2022-02-08,Operations,APAC,Pending,4573.14,1724.15,2848.9900000000002,0.623
TXN-008208,2022-02-09,Sales,LATAM,Pending,6166.22,693.82,5472.400000000001,0.8875
TXN-001882,2022-02-09,Sales,APAC,Completed,3687.48,2212.53,1474.9499999999998,0.4
TXN-011883,2022-02-09,Customer Support,APAC,Completed,3225.22,1531.21,1694.0099999999998,0.5252
TXN-002713,2022-02-09,Engineering,APAC,Completed,6449.91,954.15,5495.76,0.8521
TXN-010908,2022-02-09,Engineering,APAC,Completed,7282.44,1136.59,6145.849999999999,0.8439
TXN-004963,2022-02-09,Marketing,APAC,Completed,3437.95,2549.0,888.9499999999998,0.2586
TXN-008261,2022-02-09,Operations,EMEA,Completed,7856.97,2414.71,5442.26,0.6927
TXN-007706,2022-02-09,Engineering,EMEA,Completed,5669.86,2142.03,3527.8299999999995,0.6222
TXN-011613,2022-02-09,Engineering,LATAM,Completed,5719.64,1308.92,4410.72,0.7712
TXN-010673,2022-02-09,Sales,LATAM,Pending,5304.42,3585.27,1719.15,0.3241
TXN-002816,2022-02-09,Marketing,North America,Completed,2977.06,455.96,2521.1,0.8468
TXN-004333,2022-02-09,Operations,LATAM,Completed,3794.62,2200.72,1593.9,0.42
TXN-003762,2022-02-09,Sales,LATAM,Pending,4669.68,1363.68,3306.0,0.708
TXN-006388,2022-02-10,Operations,EMEA,Pending,4312.13,2447.27,1864.8600000000001,0.4325
TXN-011213,2022-02-10,Customer Support,LATAM,Completed,4075.24,2555.83,1519.4099999999999,0.3728
TXN-011212,2022-02-10,Customer Support,LATAM,Completed,6541.04,3347.98,3193.06,0.4882
TXN-009355,2022-02-10,Operations,LATAM,Completed,6817.66,2624.82,4192.84,0.615
TXN-001436,2022-02-10,Customer Support,APAC,Completed,3447.34,1471.08,1976.2600000000002,0.5733
TXN-005679,2022-02-10,Customer Support,EMEA,Completed,4046.38,1917.48,2128.9,0.5261
TXN-001295,2022-02-10,Sales,North America,Completed,3897.15,1937.01,1960.14,0.503
TXN-009691,2022-02-10,Marketing,APAC,Completed,4243.89,1576.43,2667.46,0.6285
TXN-008331,2022-02-10,Engineering,EMEA,Completed,4787.02,1929.98,2857.0400000000004,0.5968
TXN-008898,2022-02-10,Customer Support,APAC,Completed,4808.66,2103.28,2705.3799999999997,0.5626
TXN-011946,2022-02-10,Sales,North America,Completed,3389.52,2550.67,838.8499999999999,0.2475
TXN-008107,2022-02-11,Sales,LATAM,Completed,7507.26,1924.34,5582.92,0.7437
TXN-003411,2022-02-11,Engineering,EMEA,Completed,4636.41,1466.77,3169.64,0.6836
TXN-008878,2022-02-11,Engineering,LATAM,Completed,2399.22,1898.12,501.0999999999999,0.2089
TXN-005428,2022-02-11,Sales,APAC,Completed,4595.28,1826.12,2769.16,0.6026
TXN-000255,2022-02-11,Customer Support,EMEA,Completed,2936.24,2443.59,492.64999999999964,0.1678
TXN-005841,2022-02-11,Engineering,LATAM,Completed,4827.05,2496.04,2331.01,0.4829
TXN-007476,2022-02-11,Customer Support,LATAM,Completed,6068.63,2403.43,3665.2000000000003,0.604
TXN-009679,2022-02-11,Sales,APAC,Completed,3534.27,1695.45,1838.82,0.5203
TXN-004313,2022-02-11,Sales,APAC,Completed,5597.03,2321.85,3275.18,0.5852
TXN-006184,2022-02-11,Operations,LATAM,Pending,4809.5,1795.39,3014.1099999999997,0.6267
TXN-007016,2022-02-11,Sales,EMEA,Completed,4618.07,1040.91,3577.16,0.7746
TXN-009290,2022-02-11,Customer Support,EMEA,Completed,3740.16,3483.08,257.0799999999999,0.0687
TXN-008056,2022-02-11,Sales,EMEA,Completed,5195.76,1947.62,3248.1400000000003,0.6252
TXN-007027,2022-02-11,Engineering,EMEA,Completed,5656.8,2207.01,3449.79,0.6098
TXN-010577,2022-02-12,Operations,North America,Completed,4803.97,2714.64,2089.3300000000004,0.4349
TXN-000748,2022-02-12,Marketing,LATAM,Completed,4358.02,312.25,4045.7700000000004,0.9284
TXN-011962,2022-02-12,Marketing,LATAM,Completed,5329.58,2763.22,2566.36,0.4815
TXN-006312,2022-02-12,Customer Support,EMEA,Completed,4684.83,2422.02,2262.81,0.483
TXN-010533,2022-02-12,Operations,North America,Pending,7251.61,1842.11,5409.5,0.746
TXN-000693,2022-02-12,Operations,EMEA,Completed,3789.44,2003.78,1785.66,0.4712
TXN-004440,2022-02-12,Engineering,LATAM,Completed,5441.77,2383.45,3058.3200000000006,0.562
TXN-004513,2022-02-12,Sales,APAC,Completed,5832.31,1328.96,4503.35,0.7721
TXN-003057,2022-02-12,Sales,APAC,Completed,5484.14,1754.83,3729.3100000000004,0.68
TXN-004308,2022-02-12,Customer Support,LATAM,Pending,3427.64,343.68,3083.96,0.8997
TXN-009390,2022-02-12,Engineering,APAC,Pending,3401.94,1632.67,1769.27,0.5201
TXN-007645,2022-02-12,Marketing,LATAM,Completed,4326.76,2361.77,1964.9900000000002,0.4541
TXN-006868,2022-02-12,Engineering,North America,Pending,5582.61,3111.05,2471.5599999999995,0.4427
TXN-007432,2022-02-12,Engineering,North America,Completed,6545.69,1174.85,5370.84,0.8205
TXN-000946,2022-02-13,Marketing,LATAM,Pending,7052.87,4088.24,2964.63,0.4203
TXN-006873,2022-02-13,Sales,APAC,Completed,4297.44,1273.04,3024.3999999999996,0.7038
TXN-010099,2022-02-13,Sales,EMEA,Completed,5954.39,1985.92,3968.4700000000003,0.6665
TXN-007152,2022-02-13,Operations,LATAM,Completed,3667.91,1389.47,2278.4399999999996,0.6212
TXN-002389,2022-02-13,Marketing,APAC,Completed,4971.94,2183.49,2788.45,0.5608
TXN-008967,2022-02-13,Customer Support,EMEA,Completed,4984.965,3223.82,1761.145,0.3533
TXN-011626,2022-02-13,Operations,EMEA,Completed,2730.22,1930.67,799.5499999999997,0.2929
TXN-007814,2022-02-13,Marketing,North America,Completed,5888.68,1875.72,4012.96,0.6815
TXN-009993,2022-02-13,Operations,LATAM,Completed,4502.45,1060.47,3441.9799999999996,0.7645
TXN-001050,2022-02-13,Sales,EMEA,Completed,4603.66,2313.61,2290.0499999999997,0.4974
TXN-001974,2022-02-13,Engineering,LATAM,Completed,4139.11,1562.22,2576.8899999999994,0.6226
TXN-004650,2022-02-13,Marketing,EMEA,Completed,4628.97,3367.0,1261.9700000000003,0.2726
TXN-003889,2022-02-14,Customer Support,APAC,Completed,3787.67,2056.96,1730.71,0.4569
TXN-009204,2022-02-14,Marketing,EMEA,Pending,5187.87,2584.73,2603.14,0.5018
TXN-010447,2022-02-14,Sales,North America,Completed,5307.36,2086.5,3220.8599999999997,0.6069
TXN-006590,2022-02-14,Sales,APAC,Completed,5741.79,2779.7,2962.09,0.5159
TXN-010136,2022-02-14,Operations,EMEA,Completed,5268.8,450.39,4818.41,0.9145
TXN-001437,2022-02-14,Marketing,North America,Pending,5689.58,891.46,4798.12,0.8433
TXN-006661,2022-02-14,Operations,LATAM,Completed,6953.02,1901.72,5051.3,0.7265
TXN-000504,2022-02-14,Engineering,North America,Completed,4553.47,1579.63,2973.84,0.6531
TXN-000833,2022-02-14,Operations,EMEA,Completed,6688.55,1896.96,4791.59,0.7164
TXN-001845,2022-02-14,Marketing,EMEA,Completed,4829.18,2160.49,2668.6900000000005,0.5526
TXN-001182,2022-02-14,Engineering,EMEA,Completed,4231.47,3142.68,1088.7900000000004,0.2573
TXN-007389,2022-02-14,Engineering,North America,Pending,7890.17,2189.07,5701.1,0.7226
TXN-009748,2022-02-14,Customer Support,LATAM,Completed,6203.52,1438.69,4764.83,0.7681
TXN-000716,2022-02-15,Customer Support,APAC,Completed,7402.88,2988.88,4414.0,0.5963
TXN-009619,2022-02-15,Engineering,LATAM,Completed,3261.16,3974.02,-712.8600000000001,-0.2186
TXN-010516,2022-02-15,Operations,APAC,Completed,3859.61,2801.11,1058.5,0.2743
TXN-002364,2022-02-15,Engineering,LATAM,Completed,4357.91,1986.76,2371.1499999999996,0.5441
TXN-003224,2022-02-15,Engineering,EMEA,Completed,5236.84,1807.42,3429.42,0.6549
TXN-004636,2022-02-15,Operations,APAC,Completed,2912.68,2002.17,910.5099999999998,0.3126
TXN-000536,2022-02-15,Operations,APAC,Completed,3081.99,2128.83,953.1599999999999,0.3093
TXN-005621,2022-02-15,Customer Support,EMEA,Completed,5034.16,1870.59,3163.5699999999997,0.6284
TXN-010675,2022-02-15,Marketing,APAC,Completed,7278.18,1079.12,6199.06,0.8517
TXN-011285,2022-02-15,Customer Support,APAC,Completed,4451.53,2876.49,1575.04,0.3538
TXN-007812,2022-02-15,Marketing,EMEA,Completed,4992.45,1745.43,3247.0199999999995,0.6504
TXN-006450,2022-02-15,Marketing,EMEA,Completed,6946.14,2101.93,4844.210000000001,0.6974
TXN-001824,2022-02-16,Sales,APAC,Completed,6974.52,1454.9,5519.620000000001,0.7914
TXN-003251,2022-02-16,Customer Support,LATAM,Pending,4577.53,2553.15,2024.3799999999997,0.4422
TXN-009730,2022-02-16,Engineering,North America,Pending,2135.43,2403.27,-267.84000000000015,-0.1254
TXN-011001,2022-02-16,Sales,APAC,Completed,5817.27,2469.66,3347.6100000000006,0.5755
TXN-008588,2022-02-16,Marketing,APAC,Completed,3910.08,2974.1,935.98,0.2394
TXN-009979,2022-02-16,Engineering,LATAM,Completed,2957.42,2650.22,307.2000000000003,0.1039
TXN-008210,2022-02-16,Operations,North America,Completed,6853.62,1510.46,5343.16,0.7796
TXN-004532,2022-02-16,Operations,EMEA,Pending,6563.41,1430.36,5133.05,0.7821
TXN-010575,2022-02-16,Marketing,EMEA,Completed,7440.35,1961.07,5479.280000000001,0.7364
TXN-009441,2022-02-16,Sales,EMEA,Completed,6118.15,1020.12,5098.03,0.8333
TXN-003717,2022-02-16,Sales,APAC,Completed,3938.17,2728.16,1210.0100000000002,0.3073
TXN-007900,2022-02-16,Engineering,LATAM,Pending,6027.06,3417.8,2609.26,0.4329
TXN-007853,2022-02-17,Sales,North America,Completed,3671.66,782.84,2888.8199999999997,0.7868
TXN-003656,2022-02-17,Engineering,APAC,Completed,5019.33,3535.47,1483.8600000000001,0.2956
TXN-009616,2022-02-17,Sales,LATAM,Completed,3934.34,3274.76,659.5799999999999,0.1676
TXN-001600,2022-02-17,Engineering,APAC,Completed,5621.18,2818.7,2802.4800000000005,0.4986
TXN-004659,2022-02-17,Marketing,North America,Completed,7366.57,1498.45,5868.12,0.7966
TXN-004242,2022-02-17,Sales,EMEA,Completed,5448.39,2913.33,2535.0600000000004,0.4653
TXN-004723,2022-02-17,Engineering,APAC,Pending,4968.11,1341.02,3627.0899999999997,0.7301
TXN-001362,2022-02-17,Engineering,APAC,Completed,4117.23,2099.52,2017.7099999999996,0.4901
TXN-011230,2022-02-17,Customer Support,LATAM,Completed,6692.09,718.01,5974.08,0.8927
TXN-000487,2022-02-17,Operations,North America,Completed,6045.12,1413.97,4631.15,0.7661
TXN-009023,2022-02-17,Sales,EMEA,Pending,5275.25,2464.15,2811.1,0.5329
TXN-004432,2022-02-17,Marketing,EMEA,Pending,4727.56,1276.89,3450.67,0.7299
TXN-010164,2022-02-17,Sales,North America,Completed,7344.85,885.84,6459.01,0.8794
TXN-000097,2022-02-17,Customer Support,APAC,Completed,5094.5,2025.68,3068.8199999999997,0.6024
TXN-004918,2022-02-18,Engineering,LATAM,Completed,5518.82,2278.97,3239.85,0.5871
TXN-010652,2022-02-18,Customer Support,LATAM,Pending,5367.18,2969.94,2397.2400000000002,0.4466
TXN-001220,2022-02-18,Customer Support,North America,Completed,5428.07,836.97,4591.099999999999,0.8458
TXN-008668,2022-02-18,Engineering,APAC,Completed,4347.62,2825.57,1522.0499999999997,0.3501
TXN-008863,2022-02-18,Sales,APAC,Completed,5773.47,2664.56,3108.9100000000003,0.5385
TXN-000242,2022-02-18,Customer Support,North America,Pending,5226.34,1986.69,3239.65,0.6199
TXN-003968,2022-02-18,Customer Support,EMEA,Completed,3982.65,2414.74,1567.9100000000003,0.3937
TXN-005418,2022-02-18,Engineering,LATAM,Completed,4566.14,1082.82,3483.3200000000006,0.7629
TXN-006180,2022-02-18,Engineering,LATAM,Completed,5106.91,1339.95,3766.96,0.7376
TXN-003702,2022-02-18,Sales,LATAM,Pending,4046.06,2326.33,1719.73,0.425
TXN-008357,2022-02-18,Operations,North America,Completed,4992.13,2390.05,2602.08,0.5212
TXN-001493,2022-02-19,Sales,North America,Completed,3599.7,1890.68,1709.0199999999998,0.4748
TXN-007073,2022-02-19,Operations,LATAM,Completed,5080.93,2483.78,2597.15,0.5112
TXN-000408,2022-02-19,Customer Support,LATAM,Completed,4433.69,1983.55,2450.1399999999994,0.5526
TXN-008739,2022-02-19,Operations,APAC,Completed,4561.88,2073.73,2488.15,0.5454
TXN-011466,2022-02-19,Operations,North America,Pending,4821.19,1657.87,3163.3199999999997,0.6561
TXN-008488,2022-02-19,Customer Support,APAC,Completed,7376.58,1973.98,5402.6,0.7324
TXN-000730,2022-02-19,Engineering,EMEA,Completed,3305.68,1339.58,1966.1,0.5948
TXN-007165,2022-02-19,Operations,EMEA,Pending,4575.89,1360.54,3215.3500000000004,0.7027
TXN-001816,2022-02-19,Sales,EMEA,Completed,5567.31,1537.91,4029.4000000000005,0.7238
TXN-000014,2022-02-19,Operations,EMEA,Completed,4465.66,814.32,3651.3399999999997,0.8176
TXN-011811,2022-02-19,Marketing,North America,Pending,4454.33,1673.27,2781.06,0.6243
TXN-001587,2022-02-19,Customer Support,APAC,Completed,5259.76,2397.84,2861.92,0.5441
TXN-008170,2022-02-19,Engineering,APAC,Completed,6468.99,2442.76,4026.2299999999996,0.6224
TXN-005096,2022-02-19,Marketing,LATAM,Pending,6011.27,2476.43,3534.8400000000006,0.588
TXN-001441,2022-02-19,Marketing,APAC,Completed,3964.25,1877.82,2086.4300000000003,0.5263
TXN-000879,2022-02-20,Customer Support,North America,Completed,5268.24,2567.95,2700.29,0.5126
TXN-009682,2022-02-20,Engineering,LATAM,Completed,7344.78,3548.73,3796.0499999999997,0.5168
TXN-011608,2022-02-20,Marketing,APAC,Completed,6115.9,2414.13,3701.7699999999995,0.6053
TXN-010477,2022-02-20,Customer Support,LATAM,Completed,7024.42,2189.04,4835.38,0.6884
TXN-009011,2022-02-20,Marketing,LATAM,Pending,3185.29,3716.87,-531.5799999999999,-0.1669
TXN-009263,2022-02-20,Operations,LATAM,Completed,1077.34,2215.66,-1138.32,-1.0566
TXN-009261,2022-02-20,Operations,LATAM,Completed,6281.19,1175.28,5105.91,0.8129
TXN-004006,2022-02-20,Operations,APAC,Completed,2921.21,2519.68,401.5300000000002,0.1375
TXN-007049,2022-02-20,Marketing,APAC,Completed,4971.94,3172.61,1799.3299999999995,0.3619
TXN-004814,2022-02-20,Engineering,North America,Completed,4929.5650000000005,2214.05,2715.5150000000003,0.5509
TXN-010604,2022-02-20,Customer Support,North America,Completed,6017.58,3531.84,2485.74,0.4131
TXN-004296,2022-02-20,Marketing,APAC,Completed,1902.01,1155.71,746.3,0.3924
TXN-007185,2022-02-20,Sales,EMEA,Completed,6023.86,2127.74,3896.12,0.6468
TXN-004260,2022-02-20,Marketing,APAC,Completed,3788.14,2629.32,1158.8199999999997,0.3059
TXN-005909,2022-02-20,Sales,LATAM,Completed,5988.33,2772.42,3215.91,0.537
TXN-007941,2022-02-20,Customer Support,APAC,Completed,6140.34,3297.73,2842.61,0.4629
TXN-001837,2022-02-20,Sales,EMEA,Pending,6330.22,1997.68,4332.54,0.6844
TXN-002710,2022-02-20,Engineering,North America,Pending,6581.95,3052.9,3529.0499999999997,0.5362
TXN-010899,2022-02-21,Operations,LATAM,Pending,5923.8,2112.03,3811.77,0.6435
TXN-001224,2022-02-21,Engineering,LATAM,Pending,4462.16,2523.03,1939.1299999999997,0.4346
TXN-009685,2022-02-21,Sales,APAC,Pending,7750.46,2791.9,4958.5599999999995,0.6398
TXN-010959,2022-02-21,Sales,APAC,Completed,4038.12,1273.45,2764.67,0.6846
TXN-008628,2022-02-21,Sales,APAC,Pending,2799.79,1423.67,1376.12,0.4915
TXN-004945,2022-02-21,Marketing,LATAM,Completed,5437.9,3232.4,2205.4999999999995,0.4056
TXN-001372,2022-02-21,Operations,APAC,Pending,7207.95,2550.82,4657.129999999999,0.6461
TXN-009211,2022-02-21,Operations,LATAM,Pending,3695.09,1307.97,2387.12,0.646
TXN-001773,2022-02-22,Operations,EMEA,Completed,3994.88,3169.82,825.06,0.2065
TXN-011099,2022-02-22,Sales,EMEA,Completed,2207.42,742.86,1464.56,0.6635
TXN-000629,2022-02-22,Sales,EMEA,Completed,3607.17,2397.22,1209.9500000000003,0.3354
TXN-000454,2022-02-22,Operations,North America,Completed,4581.8,2879.36,1702.44,0.3716
TXN-001569,2022-02-22,Marketing,EMEA,Pending,2701.54,2964.04,-262.5,-0.0972
TXN-001264,2022-02-22,Operations,North America,Completed,1387.72,2470.06,-1082.34,-0.7799
TXN-000178,2022-02-22,Sales,APAC,Completed,7941.52,1920.07,6021.450000000001,0.7582
TXN-002078,2022-02-22,Marketing,LATAM,Completed,4277.76,1345.84,2931.92,0.6854
TXN-005004,2022-02-22,Engineering,North America,Completed,6987.81,1429.77,5558.040000000001,0.7954
TXN-004162,2022-02-22,Marketing,North America,Completed,4964.27,2133.88,2830.3900000000003,0.5702
TXN-005502,2022-02-22,Customer Support,LATAM,Completed,4078.57,2004.9,2073.67,0.5084
TXN-003170,2022-02-22,Sales,EMEA,Completed,2198.93,3817.59,-1618.6600000000003,-0.7361
TXN-005180,2022-02-22,Customer Support,North America,Completed,4477.99,1946.22,2531.7699999999995,0.5654
TXN-001783,2022-02-23,Customer Support,APAC,Pending,4995.67,2544.73,2450.94,0.4906
TXN-010800,2022-02-23,Engineering,LATAM,Completed,5843.13,1559.04,4284.09,0.7332
TXN-006162,2022-02-23,Customer Support,APAC,Pending,3213.4,1550.53,1662.8700000000001,0.5175
TXN-004468,2022-02-23,Engineering,EMEA,Completed,6047.31,1143.33,4903.9800000000005,0.8109
TXN-000213,2022-02-23,Marketing,APAC,Pending,4611.97,1424.01,3187.96,0.6912
TXN-001241,2022-02-23,Engineering,North America,Pending,4929.5650000000005,2169.24,2760.3250000000007,0.56
TXN-000661,2022-02-23,Customer Support,EMEA,Completed,7259.27,1554.54,5704.7300000000005,0.7859
TXN-008367,2022-02-23,Marketing,APAC,Pending,6079.03,1949.17,4129.86,0.6794
TXN-009056,2022-02-23,Marketing,LATAM,Completed,6486.1,1782.38,4703.72,0.7252
TXN-005504,2022-02-23,Marketing,APAC,Completed,7416.25,2041.05,5375.2,0.7248
TXN-001286,2022-02-23,Customer Support,LATAM,Pending,3884.69,2506.06,1378.63,0.3549
TXN-003305,2022-02-23,Sales,APAC,Completed,6064.87,3433.38,2631.49,0.4339
TXN-007887,2022-02-23,Marketing,APAC,Completed,7136.28,2413.21,4723.07,0.6618
TXN-005400,2022-02-23,Operations,EMEA,Completed,4636.25,2564.05,2072.2,0.447
TXN-009305,2022-02-24,Operations,LATAM,Completed,4544.38,2415.04,2129.34,0.4686
TXN-008227,2022-02-24,Sales,APAC,Completed,4418.4,3503.58,914.8199999999997,0.207
TXN-009004,2022-02-24,Operations,North America,Pending,5191.0,2491.93,2699.07,0.52
TXN-011769,2022-02-24,Operations,APAC,Completed,7100.93,1016.17,6084.76,0.8569
TXN-002927,2022-02-24,Marketing,LATAM,Completed,6126.4,2346.34,3780.0599999999995,0.617
TXN-009675,2022-02-24,Sales,North America,Completed,6311.68,3696.23,2615.4500000000003,0.4144
TXN-001409,2022-02-24,Engineering,LATAM,Completed,5833.68,1513.57,4320.110000000001,0.7405
TXN-004599,2022-02-24,Marketing,LATAM,Completed,4247.51,3771.65,475.8600000000001,0.112
TXN-010530,2022-02-24,Engineering,LATAM,Completed,5500.06,551.81,4948.25,0.8997
TXN-008618,2022-02-25,Sales,North America,Completed,4243.59,2331.33,1912.2600000000002,0.4506
TXN-010232,2022-02-25,Customer Support,APAC,Completed,5449.3,1984.53,3464.7700000000004,0.6358
TXN-009022,2022-02-25,Marketing,APAC,Pending,1961.71,1983.05,-21.339999999999918,-0.0109
TXN-004259,2022-02-25,Engineering,APAC,Completed,8216.66,1564.24,6652.42,0.8096
TXN-005890,2022-02-25,Customer Support,APAC,Completed,4624.85,2150.48,2474.3700000000003,0.535
TXN-006255,2022-02-25,Sales,EMEA,Completed,7712.38,3777.28,3935.1,0.5102
TXN-007156,2022-02-25,Customer Support,North America,Completed,4409.32,1837.25,2572.0699999999997,0.5833
TXN-002560,2022-02-25,Customer Support,EMEA,Completed,5822.15,1698.33,4123.82,0.7083
TXN-009930,2022-02-25,Sales,EMEA,Completed,5939.83,780.48,5159.35,0.8686
TXN-001061,2022-02-25,Sales,EMEA,Completed,5457.66,2568.4,2889.2599999999998,0.5294
TXN-009406,2022-02-25,Engineering,EMEA,Completed,6037.34,3046.62,2990.7200000000003,0.4954
TXN-001628,2022-02-25,Marketing,EMEA,Completed,5386.83,1055.83,4331.0,0.804
TXN-011345,2022-02-25,Customer Support,EMEA,Pending,5587.66,627.68,4959.98,0.8877
TXN-008216,2022-02-25,Customer Support,North America,Completed,6245.93,2803.46,3442.4700000000003,0.5512
TXN-003862,2022-02-25,Customer Support,EMEA,Completed,4049.0,869.07,3179.93,0.7854
TXN-010361,2022-02-25,Customer Support,North America,Completed,5802.2,2130.75,3671.45,0.6328
TXN-001843,2022-02-25,Operations,EMEA,Pending,3696.25,930.53,2765.7200000000003,0.7483
TXN-001212,2022-02-26,Engineering,EMEA,Pending,6850.54,2128.74,4721.8,0.6893
TXN-007179,2022-02-26,Engineering,EMEA,Completed,4625.77,1890.18,2735.59,0.5914
TXN-011793,2022-02-26,Engineering,LATAM,Completed,5344.27,2648.86,2695.4100000000003,0.5044
TXN-005406,2022-02-26,Engineering,North America,Completed,6429.26,1602.37,4826.89,0.7508
TXN-003723,2022-02-26,Marketing,LATAM,Completed,4095.1,1581.98,2513.12,0.6137
TXN-008155,2022-02-26,Customer Support,North America,Completed,6817.26,771.38,6045.88,0.8868
TXN-000414,2022-02-26,Customer Support,North America,Completed,7406.29,3072.3,4333.99,0.5852
TXN-000424,2022-02-26,Marketing,LATAM,Pending,6397.7,3391.89,3005.81,0.4698
TXN-008464,2022-02-26,Sales,North America,Completed,4224.9,2554.77,1670.1299999999997,0.3953
TXN-011354,2022-02-26,Marketing,LATAM,Completed,5380.89,1658.35,3722.5400000000004,0.6918
TXN-004332,2022-02-26,Marketing,North America,Pending,5653.05,850.13,4802.92,0.8496
TXN-000293,2022-02-27,Operations,LATAM,Completed,3631.82,1548.06,2083.76,0.5738
TXN-011290,2022-02-27,Sales,EMEA,Completed,5835.7,2102.14,3733.56,0.6398
TXN-006790,2022-02-27,Engineering,APAC,Completed,6232.9,1832.51,4400.389999999999,0.706
TXN-009865,2022-02-27,Marketing,LATAM,Pending,4172.36,1052.59,3119.7699999999995,0.7477
TXN-007809,2022-02-27,Sales,APAC,Completed,5873.84,2783.18,3090.6600000000003,0.5262
TXN-001622,2022-02-27,Engineering,North America,Completed,5796.81,2960.78,2836.03,0.4892
TXN-002145,2022-02-27,Sales,APAC,Completed,2659.37,1832.01,827.3599999999999,0.3111
TXN-011363,2022-02-27,Customer Support,EMEA,Completed,2834.97,2394.12,440.8499999999999,0.1555
TXN-005034,2022-02-27,Engineering,LATAM,Completed,7061.16,2833.38,4227.78,0.5987
TXN-004103,2022-02-27,Customer Support,APAC,Completed,4847.549999999999,1013.43,3834.1199999999994,0.7909
TXN-002507,2022-02-27,Engineering,APAC,Completed,6412.8,1783.33,4629.47,0.7219
TXN-003016,2022-02-27,Sales,North America,Completed,6719.48,3308.11,3411.3699999999994,0.5077
TXN-002397,2022-02-27,Marketing,North America,Completed,2455.66,2211.04,244.6199999999999,0.0996
TXN-010448,2022-02-27,Operations,APAC,Completed,5101.14,2585.42,2515.7200000000003,0.4932
TXN-005429,2022-02-27,Marketing,EMEA,Completed,8978.92,3354.73,5624.1900000000005,0.6264
TXN-009727,2022-02-27,Customer Support,North America,Completed,7096.29,1600.15,5496.139999999999,0.7745
TXN-006299,2022-02-28,Engineering,EMEA,Completed,5710.75,1905.37,3805.38,0.6664
TXN-000347,2022-02-28,Sales,North America,Pending,5537.34,2756.37,2780.9700000000003,0.5022
TXN-011869,2022-02-28,Customer Support,APAC,Pending,7319.48,2013.22,5306.259999999999,0.725
TXN-008695,2022-02-28,Customer Support,EMEA,Pending,5296.51,1560.48,3736.03,0.7054
TXN-011674,2022-02-28,Sales,LATAM,Completed,3648.92,1971.72,1677.2,0.4596
TXN-004047,2022-02-28,Customer Support,North America,Completed,3195.85,2453.86,741.9899999999998,0.2322
TXN-008394,2022-02-28,Operations,LATAM,Pending,3817.99,1548.4,2269.5899999999997,0.5944
TXN-001265,2022-02-28,Operations,APAC,Completed,5209.17,1781.23,3427.94,0.6581
TXN-003809,2022-02-28,Marketing,North America,Completed,3891.31,3344.09,547.2199999999998,0.1406
TXN-004618,2022-02-28,Customer Support,LATAM,Completed,4322.37,1608.69,2713.68,0.6278
TXN-001426,2022-02-28,Engineering,LATAM,Completed,5921.91,2386.13,3535.7799999999997,0.5971
TXN-011624,2022-03-01,Marketing,North America,Completed,4228.22,1487.53,2740.6900000000005,0.6482
TXN-010474,2022-03-01,Engineering,North America,Pending,5949.62,1941.1,4008.52,0.6737
TXN-005915,2022-03-01,Marketing,LATAM,Pending,6020.04,2656.46,3363.58,0.5587
TXN-007893,2022-03-01,Engineering,EMEA,Completed,2637.94,1228.51,1409.43,0.5343
TXN-003210,2022-03-01,Operations,APAC,Completed,6796.72,2119.92,4676.8,0.6881
TXN-002548,2022-03-01,Operations,APAC,Pending,5066.11,3156.37,1909.7399999999998,0.377
TXN-002536,2022-03-01,Marketing,North America,Completed,4776.03,2297.85,2478.18,0.5189
TXN-010426,2022-03-01,Customer Support,EMEA,Completed,3651.92,2991.84,660.0799999999999,0.1807
TXN-003801,2022-03-01,Sales,APAC,Completed,6392.37,2242.69,4149.68,0.6492
TXN-005483,2022-03-01,Engineering,APAC,Completed,3090.65,1951.95,1138.7,0.3684
TXN-010072,2022-03-01,Customer Support,LATAM,Completed,4531.56,1770.16,2761.4000000000005,0.6094
TXN-008352,2022-03-02,Sales,APAC,Pending,3809.85,2618.14,1191.71,0.3128
TXN-007636,2022-03-02,Marketing,APAC,Completed,2761.29,2977.01,-215.72000000000025,-0.0781
TXN-005506,2022-03-02,Marketing,EMEA,Completed,6808.09,1518.01,5290.08,0.777
TXN-003064,2022-03-02,Sales,APAC,Completed,5322.46,1756.78,3565.6800000000003,0.6699
TXN-001190,2022-03-02,Operations,EMEA,Completed,6173.05,941.82,5231.2300000000005,0.8474
TXN-007726,2022-03-02,Marketing,LATAM,Pending,2926.85,2467.9,458.9499999999998,0.1568
TXN-005130,2022-03-02,Operations,LATAM,Completed,3728.24,1726.68,2001.5599999999997,0.5369
TXN-009782,2022-03-02,Marketing,APAC,Completed,3532.67,1434.45,2098.2200000000003,0.5939
TXN-009009,2022-03-02,Operations,LATAM,Completed,5334.57,1296.26,4038.3099999999995,0.757
TXN-006479,2022-03-02,Engineering,APAC,Completed,5504.56,1262.43,4242.13,0.7707
TXN-004718,2022-03-02,Engineering,North America,Completed,2908.68,928.32,1980.3599999999997,0.6808
TXN-003926,2022-03-02,Customer Support,LATAM,Pending,4489.66,1740.53,2749.13,0.6123
TXN-006682,2022-03-03,Operations,LATAM,Completed,7616.23,2000.4,5615.83,0.7374
TXN-002538,2022-03-03,Customer Support,North America,Pending,4921.955,1888.72,3033.2349999999997,0.6163
TXN-000134,2022-03-03,Operations,LATAM,Completed,6805.62,2284.03,4521.59,0.6644
TXN-010925,2022-03-03,Engineering,EMEA,Completed,5145.49,1763.02,3382.47,0.6574
TXN-008787,2022-03-03,Customer Support,LATAM,Completed,6576.91,1949.77,4627.139999999999,0.7035
TXN-000233,2022-03-03,Customer Support,EMEA,Pending,4804.71,1946.22,2858.49,0.5949
TXN-002533,2022-03-03,Engineering,APAC,Pending,5428.63,844.59,4584.04,0.8444
TXN-001823,2022-03-03,Operations,APAC,Completed,5420.4,1934.84,3485.5599999999995,0.643
TXN-011948,2022-03-03,Marketing,EMEA,Completed,6450.84,2781.75,3669.09,0.5688
TXN-007929,2022-03-03,Engineering,LATAM,Pending,5563.43,2200.78,3362.65,0.6044
TXN-010047,2022-03-03,Sales,North America,Completed,5376.62,1778.76,3597.8599999999997,0.6692
TXN-008140,2022-03-03,Engineering,LATAM,Completed,8281.72,1896.08,6385.639999999999,0.7711
TXN-001358,2022-03-03,Sales,APAC,Completed,4406.72,2536.17,1870.5500000000002,0.4245
TXN-010308,2022-03-03,Customer Support,EMEA,Completed,5695.5,2810.46,2885.04,0.5065
TXN-003690,2022-03-04,Sales,APAC,Pending,988.7,2308.58,-1319.8799999999999,-1.335
TXN-004929,2022-03-04,Customer Support,APAC,Completed,4585.95,1507.14,3078.8099999999995,0.6714
TXN-005653,2022-03-04,Marketing,EMEA,Completed,7918.36,2589.79,5328.57,0.6729
TXN-007134,2022-03-04,Operations,EMEA,Completed,4737.39,2590.53,2146.86,0.4532
TXN-011013,2022-03-04,Operations,APAC,Completed,6110.68,1620.45,4490.2300000000005,0.7348
TXN-002004,2022-03-04,Customer Support,LATAM,Completed,4929.59,2693.55,2236.04,0.4536
TXN-000759,2022-03-04,Customer Support,LATAM,Pending,7102.8,1896.1,5206.700000000001,0.733
TXN-011117,2022-03-04,Marketing,LATAM,Pending,3318.87,2409.19,909.6799999999998,0.2741
TXN-010917,2022-03-04,Marketing,EMEA,Pending,4508.14,240.6,4267.54,0.9466
TXN-000418,2022-03-04,Customer Support,LATAM,Pending,4921.84,1928.41,2993.4300000000003,0.6082
TXN-000546,2022-03-05,Marketing,APAC,Completed,5421.17,2314.66,3106.51,0.573
TXN-011773,2022-03-05,Sales,North America,Completed,4809.66,2417.97,2391.69,0.4973
TXN-002137,2022-03-05,Sales,North America,Completed,6572.71,833.87,5738.84,0.8731
TXN-005032,2022-03-05,Sales,LATAM,Completed,6318.88,1529.39,4789.49,0.758
TXN-010585,2022-03-05,Engineering,LATAM,Pending,4197.6,2395.16,1802.4400000000005,0.4294
TXN-002435,2022-03-05,Operations,APAC,Completed,3375.89,2335.96,1039.9299999999998,0.308
TXN-009671,2022-03-05,Engineering,EMEA,Completed,5572.53,1655.74,3916.79,0.7029
TXN-001016,2022-03-05,Engineering,EMEA,Completed,3490.54,1427.07,2063.4700000000003,0.5912
TXN-010035,2022-03-05,Marketing,EMEA,Completed,7482.58,1400.71,6081.87,0.8128
TXN-001926,2022-03-05,Customer Support,APAC,Completed,4583.96,1993.85,2590.11,0.565
TXN-008883,2022-03-06,Marketing,EMEA,Completed,2972.2,1773.21,1198.9899999999998,0.4034
TXN-006672,2022-03-06,Marketing,LATAM,Completed,5608.64,2060.11,3548.53,0.6327
TXN-008603,2022-03-06,Operations,EMEA,Completed,3995.53,2466.92,1528.6100000000001,0.3826
TXN-005907,2022-03-06,Marketing,North America,Completed,4172.55,3338.2,834.3500000000004,0.2
TXN-006504,2022-03-06,Marketing,EMEA,Completed,4076.16,2337.4,1738.7599999999998,0.4266
TXN-006051,2022-03-06,Sales,LATAM,Pending,2487.36,492.86,1994.5,0.8019
TXN-009335,2022-03-06,Engineering,LATAM,Pending,2575.3,2360.05,215.25,0.0836
TXN-003139,2022-03-06,Operations,APAC,Pending,5146.3,2129.39,3016.9100000000003,0.5862
TXN-005141,2022-03-06,Sales,APAC,Completed,6345.95,1210.12,5135.83,0.8093
TXN-007225,2022-03-06,Engineering,APAC,Completed,5126.19,1438.68,3687.5099999999993,0.7193
TXN-001045,2022-03-06,Operations,North America,Completed,3851.43,1835.33,2016.1,0.5235
TXN-009923,2022-03-07,Operations,North America,Completed,4201.69,3554.25,647.4399999999996,0.1541
TXN-011018,2022-03-07,Engineering,North America,Completed,4351.66,1524.02,2827.64,0.6498
TXN-002087,2022-03-07,Operations,North America,Completed,3174.28,1894.07,1280.2100000000003,0.4033
TXN-007222,2022-03-07,Sales,EMEA,Completed,5259.97,768.94,4491.030000000001,0.8538
TXN-009468,2022-03-07,Operations,LATAM,Completed,4272.34,1475.95,2796.3900000000003,0.6545
TXN-001152,2022-03-07,Marketing,EMEA,Completed,4815.7,2471.41,2344.29,0.4868
TXN-010472,2022-03-07,Operations,LATAM,Completed,6465.76,3139.53,3326.23,0.5144
TXN-009416,2022-03-07,Sales,LATAM,Completed,6103.73,3142.03,2961.6999999999994,0.4852
TXN-002728,2022-03-07,Engineering,EMEA,Completed,1130.4,1040.74,89.66000000000008,0.0793
TXN-003543,2022-03-07,Sales,North America,Completed,6550.67,2541.61,4009.06,0.612
TXN-006443,2022-03-07,Operations,EMEA,Completed,3726.41,1975.67,1750.7399999999998,0.4698
TXN-008779,2022-03-07,Sales,APAC,Completed,6722.06,1070.56,5651.5,0.8407
TXN-004385,2022-03-08,Sales,North America,Pending,2348.15,1608.33,739.8200000000002,0.3151
TXN-003424,2022-03-08,Engineering,LATAM,Pending,4425.12,2723.06,1702.06,0.3846
TXN-004352,2022-03-08,Marketing,EMEA,Completed,4026.31,1996.56,2029.75,0.5041
TXN-008356,2022-03-08,Sales,APAC,Completed,6863.27,2409.81,4453.460000000001,0.6489
TXN-003740,2022-03-08,Engineering,APAC,Completed,5794.63,2163.06,3631.57,0.6267
TXN-001815,2022-03-08,Operations,EMEA,Completed,3835.84,1749.14,2086.7,0.544
TXN-001125,2022-03-08,Marketing,APAC,Completed,4644.51,1853.69,2790.82,0.6009
TXN-010007,2022-03-08,Customer Support,LATAM,Completed,5639.04,2353.91,3285.13,0.5826
TXN-006125,2022-03-08,Customer Support,North America,Completed,3188.11,1379.43,1808.68,0.5673
TXN-011908,2022-03-09,Customer Support,North America,Completed,4947.87,3613.29,1334.58,0.2697
TXN-001354,2022-03-09,Customer Support,LATAM,Completed,6549.34,1246.4,5302.9400000000005,0.8097
TXN-002921,2022-03-09,Marketing,LATAM,Pending,6088.56,1570.2,4518.360000000001,0.7421
TXN-011231,2022-03-09,Operations,LATAM,Pending,5546.56,1956.52,3590.0400000000004,0.6473
TXN-001748,2022-03-09,Operations,LATAM,Pending,5303.91,2795.88,2508.0299999999997,0.4729
TXN-000991,2022-03-09,Customer Support,APAC,Completed,6795.76,1449.9,5345.860000000001,0.7866
TXN-003323,2022-03-09,Sales,EMEA,Completed,2697.39,2178.19,519.1999999999998,0.1925
TXN-003313,2022-03-09,Customer Support,EMEA,Completed,4143.64,2966.42,1177.2200000000003,0.2841
TXN-004651,2022-03-09,Sales,LATAM,Completed,8281.98,1099.61,7182.37,0.8672
TXN-004896,2022-03-09,Sales,LATAM,Completed,5566.6,2129.13,3437.4700000000003,0.6175
TXN-004481,2022-03-09,Sales,North America,Completed,6258.56,699.21,5559.35,0.8883
TXN-001942,2022-03-09,Marketing,EMEA,Pending,4216.97,499.18,3717.7900000000004,0.8816
TXN-002703,2022-03-10,Marketing,North America,Completed,6761.2,1440.27,5320.93,0.787
TXN-004787,2022-03-10,Customer Support,APAC,Completed,4238.6,2001.8,2236.8,0.5277
TXN-004795,2022-03-10,Engineering,LATAM,Pending,4500.3,1707.4,2792.9,0.6206
TXN-011145,2022-03-10,Marketing,APAC,Completed,4446.46,1178.48,3267.98,0.735
TXN-009226,2022-03-10,Operations,LATAM,Pending,4841.44,2209.21,2632.2299999999996,0.5437
TXN-007063,2022-03-10,Operations,North America,Completed,3573.21,3092.45,480.7600000000002,0.1345
TXN-003060,2022-03-10,Sales,EMEA,Completed,4242.91,1433.78,2809.13,0.6621
TXN-003623,2022-03-10,Customer Support,LATAM,Completed,5854.56,1675.04,4179.52,0.7139
TXN-007972,2022-03-10,Customer Support,APAC,Completed,5703.93,2234.82,3469.11,0.6082
TXN-008825,2022-03-10,Engineering,LATAM,Completed,4232.79,2444.17,1788.62,0.4226
TXN-010484,2022-03-10,Marketing,EMEA,Completed,2516.54,2267.7,248.84000000000015,0.0989
TXN-011029,2022-03-11,Marketing,APAC,Completed,4627.42,1499.34,3128.08,0.676
TXN-001304,2022-03-11,Sales,EMEA,Completed,6177.37,2193.55,3983.8199999999997,0.6449
TXN-011848,2022-03-11,Marketing,APAC,Pending,4971.94,3397.38,1574.5599999999995,0.3167
TXN-005744,2022-03-11,Marketing,APAC,Completed,2507.18,1559.19,947.9899999999998,0.3781
TXN-001935,2022-03-11,Customer Support,EMEA,Completed,1798.08,1025.37,772.71,0.4297
TXN-010650,2022-03-11,Operations,APAC,Completed,6329.12,1206.14,5122.98,0.8094
TXN-006261,2022-03-11,Operations,EMEA,Completed,5086.6,1903.19,3183.4100000000003,0.6258
TXN-008815,2022-03-12,Customer Support,LATAM,Completed,7001.06,1906.87,5094.1900000000005,0.7276
TXN-000543,2022-03-12,Sales,APAC,Completed,6817.39,1999.11,4818.280000000001,0.7068
TXN-005115,2022-03-12,Customer Support,LATAM,Pending,4846.59,2496.59,2350.0,0.4849
TXN-006759,2022-03-12,Sales,EMEA,Completed,6558.75,1915.66,4643.09,0.7079
TXN-001364,2022-03-12,Marketing,EMEA,Completed,5496.19,1870.48,3625.7099999999996,0.6597
TXN-010419,2022-03-12,Engineering,LATAM,Completed,6543.76,1580.75,4963.01,0.7584
TXN-003197,2022-03-12,Customer Support,APAC,Completed,6191.06,2509.48,3681.5800000000004,0.5947
TXN-009952,2022-03-12,Engineering,LATAM,Completed,4023.46,3015.82,1007.6399999999999,0.2504
TXN-000724,2022-03-12,Sales,LATAM,Completed,5437.58,1316.09,4121.49,0.758
TXN-005686,2022-03-12,Engineering,North America,Completed,1937.25,647.71,1289.54,0.6657
TXN-008652,2022-03-12,Marketing,EMEA,Completed,8721.54,1865.52,6856.02,0.7861
TXN-008560,2022-03-12,Sales,EMEA,Pending,4645.34,2761.76,1883.58,0.4055
TXN-003912,2022-03-12,Marketing,EMEA,Pending,5560.84,2192.28,3368.56,0.6058
TXN-010151,2022-03-13,Operations,LATAM,Completed,4658.77,2872.54,1786.2300000000005,0.3834
TXN-007087,2022-03-13,Customer Support,LATAM,Pending,3866.21,770.09,3096.12,0.8008
TXN-010555,2022-03-13,Engineering,EMEA,Completed,3582.78,1669.7,1913.0800000000002,0.534
TXN-004302,2022-03-13,Marketing,LATAM,Completed,7328.77,2032.56,5296.210000000001,0.7227
TXN-011989,2022-03-13,Marketing,APAC,Pending,3580.96,1752.15,1828.81,0.5107
TXN-009964,2022-03-13,Operations,LATAM,Completed,2111.53,791.89,1319.6400000000003,0.625
TXN-000125,2022-03-13,Marketing,North America,Completed,4950.22,1183.9,3766.32,0.7608
TXN-007509,2022-03-13,Customer Support,North America,Pending,4392.78,2487.94,1904.8399999999997,0.4336
TXN-000684,2022-03-13,Operations,APAC,Completed,3541.77,2180.25,1361.52,0.3844
TXN-005795,2022-03-13,Customer Support,LATAM,Completed,3229.24,1967.77,1261.4699999999998,0.3906
TXN-007143,2022-03-13,Marketing,LATAM,Completed,3592.78,1193.67,2399.11,0.6678
TXN-006954,2022-03-13,Sales,North America,Completed,4359.36,1937.21,2422.1499999999996,0.5556
TXN-007686,2022-03-13,Customer Support,APAC,Completed,3141.32,2618.24,523.0800000000004,0.1665
TXN-009856,2022-03-13,Engineering,APAC,Pending,4201.8,2588.87,1612.9300000000003,0.3839
TXN-003036,2022-03-13,Sales,EMEA,Completed,7346.48,2360.21,4986.2699999999995,0.6787
TXN-001081,2022-03-13,Marketing,North America,Pending,4701.33,1366.12,3335.21,0.7094
TXN-003697,2022-03-14,Sales,LATAM,Completed,4825.72,1883.57,2942.1500000000005,0.6097
TXN-004995,2022-03-14,Sales,North America,Completed,7314.4,824.2,6490.2,0.8873
TXN-011233,2022-03-14,Customer Support,APAC,Pending,6095.48,1726.82,4368.66,0.7167
TXN-006894,2022-03-14,Engineering,EMEA,Completed,5328.89,1150.51,4178.38,0.7841
TXN-003063,2022-03-14,Engineering,APAC,Pending,2476.94,2157.61,319.3299999999999,0.1289
TXN-009768,2022-03-14,Engineering,LATAM,Completed,5292.21,4116.19,1176.0200000000004,0.2222
TXN-001720,2022-03-14,Marketing,EMEA,Completed,4074.82,2154.02,1920.8000000000002,0.4714
TXN-003940,2022-03-14,Engineering,LATAM,Pending,2989.25,2873.57,115.67999999999984,0.0387
TXN-003113,2022-03-14,Marketing,EMEA,Completed,2972.83,1514.02,1458.81,0.4907
TXN-006538,2022-03-14,Engineering,LATAM,Pending,4174.72,2689.4,1485.3200000000002,0.3558
TXN-000310,2022-03-14,Engineering,LATAM,Completed,3361.49,2302.31,1059.1799999999998,0.3151
TXN-010838,2022-03-15,Customer Support,North America,Pending,4469.07,2354.11,2114.9599999999996,0.4732
TXN-008041,2022-03-15,Sales,LATAM,Completed,3588.61,1984.18,1604.43,0.4471
TXN-001274,2022-03-15,Marketing,APAC,Pending,4842.74,1828.85,3013.89,0.6224
TXN-001208,2022-03-15,Engineering,APAC,Pending,6089.37,370.1,5719.2699999999995,0.9392
TXN-005740,2022-03-15,Marketing,North America,Completed,5844.23,1716.72,4127.509999999999,0.7063
TXN-008137,2022-03-15,Operations,APAC,Completed,5202.37,2051.46,3150.91,0.6057
TXN-010682,2022-03-15,Customer Support,North America,Completed,4488.99,1748.39,2740.5999999999995,0.6105
TXN-002015,2022-03-15,Customer Support,APAC,Completed,5976.02,739.76,5236.26,0.8762
TXN-008489,2022-03-15,Operations,North America,Completed,5646.28,1555.32,4090.96,0.7245
TXN-005815,2022-03-15,Marketing,EMEA,Completed,6323.29,475.22,5848.07,0.9248
TXN-000848,2022-03-15,Marketing,APAC,Completed,2861.85,1845.15,1016.6999999999998,0.3553
TXN-003673,2022-03-15,Operations,LATAM,Completed,3490.08,1421.42,2068.66,0.5927
TXN-005425,2022-03-15,Operations,EMEA,Pending,4575.93,1841.54,2734.3900000000003,0.5976
TXN-008435,2022-03-16,Sales,North America,Pending,5371.14,2013.33,3357.8100000000004,0.6252
TXN-010733,2022-03-16,Sales,North America,Completed,1968.63,2692.72,-724.0899999999997,-0.3678
TXN-004413,2022-03-16,Engineering,LATAM,Completed,5425.19,2764.43,2660.7599999999998,0.4904
TXN-008954,2022-03-16,Engineering,APAC,Completed,5739.28,3388.07,2351.2099999999996,0.4097
TXN-001644,2022-03-16,Sales,LATAM,Pending,4236.8,2415.67,1821.13,0.4298
TXN-002708,2022-03-16,Engineering,APAC,Completed,6848.9,2457.73,4391.17,0.6411
TXN-001812,2022-03-16,Operations,LATAM,Completed,1430.29,2126.48,-696.19,-0.4867
TXN-010819,2022-03-16,Customer Support,LATAM,Completed,4929.59,2372.69,2556.9,0.5187
TXN-006534,2022-03-16,Sales,EMEA,Completed,2241.78,2769.73,-527.9499999999998,-0.2355
TXN-010452,2022-03-16,Operations,LATAM,Pending,4986.74,1828.47,3158.2699999999995,0.6333
TXN-000011,2022-03-16,Customer Support,EMEA,Pending,5682.89,1750.24,3932.6500000000005,0.692
TXN-009144,2022-03-17,Sales,LATAM,Completed,4653.2,1647.82,3005.38,0.6459
TXN-011306,2022-03-17,Sales,APAC,Completed,4929.1,2290.06,2639.0400000000004,0.5354
TXN-010888,2022-03-17,Sales,LATAM,Completed,3903.71,3466.83,436.8800000000001,0.1119
TXN-010973,2022-03-17,Operations,North America,Completed,5706.95,1504.78,4202.17,0.7363
TXN-003542,2022-03-17,Sales,EMEA,Pending,1986.77,4318.57,-2331.7999999999997,-1.1737
TXN-001356,2022-03-17,Operations,LATAM,Pending,6754.28,2305.81,4448.469999999999,0.6586
TXN-003126,2022-03-17,Operations,APAC,Completed,6505.43,1084.88,5420.55,0.8332
TXN-010717,2022-03-17,Operations,LATAM,Completed,5379.21,2183.83,3195.38,0.594
TXN-001874,2022-03-17,Operations,APAC,Completed,6573.5,1594.95,4978.55,0.7574
TXN-002698,2022-03-17,Engineering,APAC,Completed,3195.63,1570.97,1624.66,0.5084
TXN-005830,2022-03-17,Operations,APAC,Pending,4843.69,2679.08,2164.6099999999997,0.4469
TXN-010284,2022-03-17,Marketing,EMEA,Pending,1466.19,1414.81,51.38000000000011,0.035
TXN-008039,2022-03-17,Customer Support,APAC,Completed,6267.33,1399.41,4867.92,0.7767
TXN-005465,2022-03-17,Operations,APAC,Completed,6977.08,2005.32,4971.76,0.7126
TXN-007248,2022-03-17,Sales,EMEA,Pending,6795.46,2711.77,4083.69,0.6009
TXN-000864,2022-03-17,Engineering,APAC,Completed,2772.51,992.36,1780.15,0.6421
TXN-004297,2022-03-18,Marketing,EMEA,Completed,6168.14,1568.28,4599.860000000001,0.7457
TXN-003933,2022-03-18,Marketing,APAC,Completed,7394.46,1477.82,5916.64,0.8001
TXN-003369,2022-03-18,Operations,APAC,Pending,7245.11,2091.19,5153.92,0.7114
TXN-005041,2022-03-18,Engineering,LATAM,Completed,4966.38,2614.08,2352.3,0.4736
TXN-009055,2022-03-18,Operations,North America,Completed,6571.79,1217.23,5354.5599999999995,0.8148
TXN-009514,2022-03-18,Customer Support,North America,Completed,4921.955,1640.2,3281.755,0.6668
TXN-008203,2022-03-18,Customer Support,North America,Completed,5048.61,2560.55,2488.0599999999995,0.4928
TXN-003470,2022-03-18,Customer Support,LATAM,Completed,4875.61,1417.19,3458.4199999999996,0.7093
TXN-009745,2022-03-18,Sales,EMEA,Pending,4201.46,3259.74,941.7200000000003,0.2241
TXN-003242,2022-03-18,Operations,LATAM,Completed,5605.77,1492.18,4113.59,0.7338
TXN-000071,2022-03-18,Engineering,LATAM,Completed,2707.98,2672.47,35.51000000000022,0.0131
TXN-007978,2022-03-18,Operations,LATAM,Completed,6127.75,986.88,5140.87,0.8389
TXN-000859,2022-03-19,Engineering,EMEA,Completed,2914.96,755.87,2159.09,0.7407
TXN-001469,2022-03-19,Engineering,EMEA,Pending,5346.62,717.16,4629.46,0.8659
TXN-007552,2022-03-19,Operations,EMEA,Pending,6746.05,1710.92,5035.13,0.7464
TXN-009563,2022-03-19,Marketing,LATAM,Completed,4145.96,664.1,3481.86,0.8398
TXN-011296,2022-03-19,Marketing,APAC,Completed,4771.35,1567.85,3203.5000000000005,0.6714
TXN-000207,2022-03-19,Marketing,North America,Pending,5692.96,2267.47,3425.4900000000002,0.6017
TXN-001599,2022-03-19,Sales,LATAM,Completed,3884.78,2326.32,1558.46,0.4012
TXN-005319,2022-03-19,Operations,North America,Pending,5137.94,1597.5,3540.4399999999996,0.6891
TXN-000150,2022-03-19,Sales,North America,Completed,4352.17,2003.67,2348.5,0.5396
TXN-005704,2022-03-19,Engineering,APAC,Completed,2850.15,417.38,2432.77,0.8536
TXN-000021,2022-03-19,Sales,LATAM,Pending,5822.98,1966.58,3856.3999999999996,0.6623
TXN-002378,2022-03-19,Marketing,North America,Completed,6739.54,1552.06,5187.48,0.7697
TXN-000437,2022-03-19,Sales,LATAM,Pending,8100.34,2146.69,5953.65,0.735
TXN-004173,2022-03-19,Marketing,EMEA,Completed,6686.44,1773.15,4913.289999999999,0.7348
TXN-007089,2022-03-19,Engineering,North America,Completed,6378.99,3416.65,2962.3399999999997,0.4644
TXN-000699,2022-03-19,Marketing,North America,Pending,4718.91,2198.55,2520.3599999999997,0.5341
TXN-007627,2022-03-19,Sales,EMEA,Completed,3365.46,291.78,3073.6800000000003,0.9133
TXN-004696,2022-03-20,Sales,EMEA,Completed,3570.26,1972.2,1598.0600000000002,0.4476
TXN-004885,2022-03-20,Customer Support,APAC,Completed,4623.41,1970.24,2653.17,0.5739
TXN-009278,2022-03-20,Marketing,EMEA,Completed,5825.63,1741.98,4083.65,0.701
TXN-002738,2022-03-20,Sales,North America,Completed,6974.21,78.98,6895.2300000000005,0.9887
TXN-006201,2022-03-20,Engineering,APAC,Completed,5100.32,1058.24,4042.08,0.7925
TXN-005932,2022-03-20,Operations,EMEA,Completed,3119.74,1945.61,1174.1299999999999,0.3764
TXN-004378,2022-03-20,Sales,North America,Pending,2327.01,1294.32,1032.6900000000003,0.4438
TXN-005637,2022-03-20,Sales,APAC,Completed,6264.53,1823.52,4441.01,0.7089
TXN-005085,2022-03-20,Marketing,LATAM,Completed,4570.16,1561.18,3008.9799999999996,0.6584
TXN-010864,2022-03-20,Operations,North America,Completed,4377.45,3680.6,696.8499999999999,0.1592
TXN-007370,2022-03-20,Sales,EMEA,Pending,5012.110000000001,3961.42,1050.6900000000005,0.2096
TXN-000831,2022-03-20,Customer Support,APAC,Completed,4847.549999999999,1534.21,3313.3399999999992,0.6835
TXN-003570,2022-03-20,Marketing,APAC,Completed,3453.41,1598.42,1854.9899999999998,0.5371
TXN-006500,2022-03-20,Customer Support,LATAM,Pending,4929.59,2075.96,2853.63,0.5789
TXN-010187,2022-03-20,Engineering,North America,Pending,2076.01,3179.57,-1103.56,-0.5316
TXN-006779,2022-03-20,Sales,North America,Completed,6863.14,1363.0,5500.14,0.8014
TXN-006177,2022-03-21,Customer Support,EMEA,Pending,3042.18,2751.99,290.19000000000005,0.0954
TXN-010399,2022-03-21,Customer Support,EMEA,Completed,3206.78,2713.47,493.3100000000004,0.1538
TXN-011081,2022-03-21,Sales,APAC,Completed,7551.19,2760.54,4790.65,0.6344
TXN-003278,2022-03-21,Customer Support,LATAM,Pending,3571.34,2833.71,737.6300000000001,0.2065
TXN-009338,2022-03-21,Engineering,EMEA,Completed,3826.53,2139.0,1687.5300000000002,0.441
TXN-010171,2022-03-21,Operations,North America,Completed,6094.45,2836.87,3257.58,0.5345
TXN-001468,2022-03-21,Marketing,North America,Pending,2167.74,2251.83,-84.09000000000015,-0.0388
TXN-003062,2022-03-21,Engineering,LATAM,Completed,4843.47,1251.61,3591.8600000000006,0.7416
TXN-011540,2022-03-21,Marketing,APAC,Completed,5444.6,975.13,4469.47,0.8209
TXN-009851,2022-03-21,Customer Support,North America,Completed,4987.92,2966.68,2021.2400000000002,0.4052
TXN-001880,2022-03-21,Customer Support,EMEA,Completed,3197.74,399.26,2798.4799999999996,0.8751
TXN-011662,2022-03-21,Sales,APAC,Completed,7148.53,2297.71,4850.82,0.6786
TXN-009515,2022-03-21,Marketing,LATAM,Pending,3940.07,2324.19,1615.88,0.4101
TXN-006010,2022-03-21,Sales,North America,Pending,2963.99,2277.3,686.6899999999996,0.2317
TXN-009500,2022-03-21,Sales,North America,Completed,5275.97,2334.84,2941.13,0.5575
TXN-002711,2022-03-22,Customer Support,EMEA,Completed,6902.44,2782.69,4119.75,0.5969
TXN-001782,2022-03-22,Engineering,EMEA,Completed,4542.4,2775.78,1766.6199999999994,0.3889
TXN-006555,2022-03-22,Customer Support,EMEA,Pending,2685.79,3182.95,-497.15999999999985,-0.1851
TXN-003084,2022-03-22,Sales,APAC,Pending,5991.32,2233.16,3758.16,0.6273
TXN-009336,2022-03-22,Sales,EMEA,Completed,4483.74,1871.36,2612.38,0.5826
TXN-005878,2022-03-22,Sales,EMEA,Completed,4006.56,2383.39,1623.17,0.4051
TXN-008867,2022-03-22,Customer Support,LATAM,Completed,4122.5,2936.71,1185.79,0.2876
TXN-003501,2022-03-22,Customer Support,APAC,Completed,5796.37,3452.57,2343.7999999999997,0.4044
TXN-008393,2022-03-22,Sales,North America,Pending,4862.83,2161.32,2701.5099999999998,0.5555
TXN-002051,2022-03-22,Marketing,APAC,Completed,7191.12,1483.32,5707.8,0.7937
TXN-005294,2022-03-22,Sales,EMEA,Pending,4079.81,2564.64,1515.17,0.3714
TXN-000176,2022-03-22,Operations,North America,Completed,5539.46,1933.75,3605.71,0.6509
TXN-009525,2022-03-22,Marketing,EMEA,Completed,4511.57,2051.72,2459.85,0.5452
TXN-002691,2022-03-22,Marketing,LATAM,Completed,5897.26,2174.02,3723.2400000000002,0.6314
TXN-003479,2022-03-22,Operations,APAC,Completed,3768.41,2020.42,1747.9899999999998,0.4639
TXN-002410,2022-03-22,Engineering,LATAM,Completed,5764.85,2277.4,3487.4500000000003,0.605
TXN-005188,2022-03-23,Sales,LATAM,Completed,5896.87,2911.63,2985.24,0.5062
TXN-002821,2022-03-23,Marketing,North America,Completed,5412.41,3625.76,1786.6499999999996,0.3301
TXN-006158,2022-03-23,Marketing,North America,Completed,8786.07,2935.26,5850.8099999999995,0.6659
TXN-008231,2022-03-23,Operations,LATAM,Completed,3869.38,2364.04,1505.3400000000001,0.389
TXN-003524,2022-03-23,Marketing,APAC,Pending,3307.63,807.4,2500.23,0.7559
TXN-008713,2022-03-23,Marketing,APAC,Completed,4344.21,3937.94,406.27,0.0935
TXN-010684,2022-03-23,Operations,LATAM,Completed,4052.75,3355.63,697.1199999999999,0.172
TXN-005777,2022-03-23,Operations,LATAM,Completed,3273.56,1200.31,2073.25,0.6333
TXN-000594,2022-03-23,Engineering,EMEA,Completed,5319.22,1462.24,3856.9800000000005,0.7251
TXN-009806,2022-03-23,Marketing,LATAM,Pending,7090.51,2073.03,5017.48,0.7076
TXN-009417,2022-03-23,Sales,APAC,Completed,5991.14,2083.0,3908.1400000000003,0.6523
TXN-002017,2022-03-23,Sales,APAC,Pending,4443.02,1774.49,2668.5300000000007,0.6006
TXN-001912,2022-03-23,Sales,APAC,Completed,3590.76,2759.36,831.4000000000001,0.2315
TXN-007876,2022-03-24,Operations,EMEA,Completed,4964.674999999999,2436.74,2527.9349999999995,0.5092
TXN-006234,2022-03-24,Customer Support,LATAM,Completed,7604.99,2107.15,5497.84,0.7229
TXN-010738,2022-03-24,Engineering,APAC,Pending,5016.63,2388.05,2628.58,0.524
TXN-000903,2022-03-24,Sales,LATAM,Completed,5476.96,2973.06,2503.9,0.4572
TXN-004598,2022-03-24,Sales,LATAM,Completed,5827.56,2042.95,3784.6100000000006,0.6494
TXN-006892,2022-03-24,Operations,EMEA,Completed,5439.84,2024.01,3415.83,0.6279
TXN-006803,2022-03-24,Engineering,EMEA,Pending,4625.65,2298.66,2326.99,0.5031
TXN-006136,2022-03-24,Engineering,APAC,Completed,7642.02,1544.81,6097.210000000001,0.7979
TXN-008968,2022-03-24,Customer Support,APAC,Completed,4244.65,1574.89,2669.7599999999993,0.629
TXN-005349,2022-03-24,Engineering,APAC,Completed,6448.92,1783.36,4665.56,0.7235
TXN-009473,2022-03-24,Sales,APAC,Completed,6887.43,2439.61,4447.82,0.6458
TXN-001543,2022-03-24,Engineering,APAC,Completed,5347.96,2040.49,3307.4700000000003,0.6185
TXN-003612,2022-03-24,Marketing,APAC,Completed,5465.96,1778.46,3687.5,0.6746
TXN-006917,2022-03-24,Sales,APAC,Completed,6289.79,1182.21,5107.58,0.812
TXN-006807,2022-03-25,Engineering,APAC,Completed,4176.05,1203.85,2972.2000000000003,0.7117
TXN-008126,2022-03-25,Customer Support,EMEA,Pending,5700.69,1005.8,4694.889999999999,0.8236
TXN-003987,2022-03-25,Engineering,EMEA,Pending,2870.52,697.04,2173.48,0.7572
TXN-005161,2022-03-25,Customer Support,EMEA,Completed,4323.75,2609.49,1714.2600000000002,0.3965
TXN-011718,2022-03-25,Marketing,LATAM,Pending,3418.07,2095.4,1322.67,0.387
TXN-007259,2022-03-25,Operations,LATAM,Completed,2630.71,2825.43,-194.7199999999998,-0.074
TXN-004363,2022-03-25,Engineering,LATAM,Completed,3604.37,2108.12,1496.25,0.4151
TXN-000329,2022-03-25,Operations,EMEA,Pending,5632.86,1983.92,3648.9399999999996,0.6478
TXN-008639,2022-03-25,Customer Support,EMEA,Completed,7316.89,2192.37,5124.52,0.7004
TXN-011529,2022-03-25,Customer Support,APAC,Completed,4781.52,2398.33,2383.1900000000005,0.4984
TXN-000193,2022-03-26,Customer Support,APAC,Completed,5124.53,2752.71,2371.8199999999997,0.4628
TXN-007526,2022-03-26,Marketing,EMEA,Completed,5093.1,861.83,4231.27,0.8308
TXN-005385,2022-03-26,Sales,APAC,Completed,2437.79,2908.27,-470.48,-0.193
TXN-002073,2022-03-26,Operations,LATAM,Completed,3911.52,1029.71,2881.81,0.7367
TXN-007332,2022-03-26,Engineering,LATAM,Completed,6121.08,1144.59,4976.49,0.813
TXN-004522,2022-03-26,Customer Support,APAC,Completed,3282.93,3410.64,-127.71000000000004,-0.0389
TXN-005632,2022-03-26,Customer Support,APAC,Pending,8125.05,3178.49,4946.56,0.6088
TXN-000755,2022-03-26,Engineering,LATAM,Completed,5777.56,1561.85,4215.710000000001,0.7297
TXN-009206,2022-03-26,Marketing,APAC,Completed,10704.67,1598.19,9106.48,0.8507
TXN-003148,2022-03-26,Operations,North America,Pending,5787.67,3666.05,2121.62,0.3666
TXN-010764,2022-03-26,Customer Support,APAC,Completed,4250.93,2882.62,1368.3100000000004,0.3219
TXN-008453,2022-03-26,Sales,LATAM,Completed,4143.29,1637.08,2506.21,0.6049
TXN-005158,2022-03-26,Marketing,APAC,Completed,4760.35,2149.49,2610.8600000000006,0.5485
TXN-008295,2022-03-26,Operations,North America,Completed,2123.97,1334.45,789.5199999999998,0.3717
TXN-011216,2022-03-27,Marketing,APAC,Completed,3972.03,907.91,3064.1200000000003,0.7714
TXN-001073,2022-03-27,Sales,EMEA,Completed,2418.73,1977.32,441.4100000000001,0.1825
TXN-000360,2022-03-27,Engineering,North America,Pending,3583.87,3040.49,543.3800000000001,0.1516
TXN-001962,2022-03-27,Operations,LATAM,Completed,4751.36,773.35,3978.0099999999998,0.8372
TXN-009141,2022-03-27,Sales,APAC,Completed,1907.32,1475.08,432.24,0.2266
TXN-003176,2022-03-27,Operations,LATAM,Completed,4602.25,1648.37,2953.88,0.6418
TXN-000422,2022-03-27,Operations,LATAM,Completed,3445.06,1288.58,2156.48,0.626
TXN-007140,2022-03-27,Engineering,EMEA,Completed,3751.58,1774.03,1977.55,0.5271
TXN-006124,2022-03-28,Customer Support,APAC,Completed,5637.63,1702.82,3934.8100000000004,0.698
TXN-010053,2022-03-28,Operations,EMEA,Completed,6348.65,775.3,5573.349999999999,0.8779
TXN-004786,2022-03-28,Operations,EMEA,Completed,3400.94,2060.69,1340.25,0.3941
TXN-005963,2022-03-28,Operations,LATAM,Completed,4251.29,2268.82,1982.4699999999998,0.4663
TXN-002059,2022-03-28,Marketing,LATAM,Completed,7202.9,967.09,6235.8099999999995,0.8657
TXN-011341,2022-03-28,Sales,APAC,Pending,4629.74,2108.64,2521.1,0.5445
TXN-003386,2022-03-28,Sales,APAC,Completed,7677.54,3305.14,4372.4,0.5695
TXN-004128,2022-03-28,Operations,LATAM,Pending,6752.89,2812.46,3940.4300000000003,0.5835
TXN-009716,2022-03-28,Marketing,North America,Pending,5757.43,984.29,4773.14,0.829
TXN-000008,2022-03-28,Sales,APAC,Pending,2374.54,1677.36,697.1800000000001,0.2936
TXN-010718,2022-03-28,Sales,LATAM,Completed,7060.23,2405.72,4654.51,0.6593
TXN-010112,2022-03-29,Engineering,APAC,Completed,4255.07,999.66,3255.41,0.7651
TXN-000345,2022-03-29,Marketing,LATAM,Pending,3405.45,3005.91,399.53999999999996,0.1173
TXN-008522,2022-03-29,Sales,LATAM,Completed,3770.45,991.35,2779.1,0.7371
TXN-001273,2022-03-29,Marketing,North America,Pending,4089.07,2293.24,1795.8300000000004,0.4392
TXN-000470,2022-03-29,Operations,EMEA,Completed,5179.02,1658.5,3520.5200000000004,0.6798
TXN-002853,2022-03-29,Engineering,LATAM,Completed,4890.29,671.49,4218.8,0.8627
TXN-007685,2022-03-29,Engineering,LATAM,Completed,3880.19,2802.71,1077.48,0.2777
TXN-007705,2022-03-29,Engineering,North America,Completed,5408.14,1380.75,4027.3900000000003,0.7447
TXN-008870,2022-03-29,Sales,LATAM,Pending,4669.17,1428.25,3240.92,0.6941
TXN-007461,2022-03-29,Operations,North America,Completed,3654.99,877.85,2777.14,0.7598
TXN-009286,2022-03-30,Customer Support,APAC,Pending,5267.16,1940.95,3326.21,0.6315
TXN-006905,2022-03-30,Customer Support,North America,Completed,4358.07,3956.43,401.6399999999999,0.0922
TXN-004073,2022-03-30,Engineering,EMEA,Completed,4562.63,2612.33,1950.3000000000002,0.4275
TXN-002608,2022-03-30,Customer Support,North America,Completed,4493.19,1043.98,3449.2099999999996,0.7677
TXN-007028,2022-03-30,Sales,APAC,Completed,6822.06,2795.22,4026.8400000000006,0.5903
TXN-007676,2022-03-30,Engineering,APAC,Pending,3016.28,1179.59,1836.6900000000003,0.6089
TXN-004197,2022-03-30,Sales,EMEA,Pending,7252.02,2389.97,4862.050000000001,0.6704
TXN-000604,2022-03-30,Engineering,North America,Completed,7904.12,2299.49,5604.63,0.7091
TXN-003218,2022-03-30,Operations,North America,Completed,5059.72,1423.28,3636.4400000000005,0.7187
TXN-004869,2022-03-30,Marketing,APAC,Completed,3760.9,1613.4,2147.5,0.571
TXN-009014,2022-03-31,Engineering,EMEA,Completed,4084.53,1652.52,2432.01,0.5954
TXN-007567,2022-03-31,Marketing,LATAM,Completed,6922.39,3259.14,3663.2500000000005,0.5292
TXN-006671,2022-03-31,Marketing,North America,Pending,3395.27,2733.69,661.5799999999999,0.1949
TXN-004866,2022-03-31,Operations,EMEA,Pending,4952.27,1237.9,3714.3700000000003,0.75
TXN-005967,2022-03-31,Engineering,LATAM,Completed,6994.58,2961.87,4032.71,0.5765
TXN-011703,2022-03-31,Marketing,EMEA,Pending,5271.27,2360.19,2911.0800000000004,0.5523
TXN-002110,2022-03-31,Marketing,APAC,Completed,5717.54,2387.86,3329.68,0.5824
TXN-004136,2022-03-31,Engineering,EMEA,Completed,2017.41,1037.42,979.99,0.4858
TXN-010795,2022-03-31,Operations,LATAM,Completed,7026.92,1322.85,5704.07,0.8117
TXN-003466,2022-03-31,Marketing,EMEA,Pending,5950.76,1988.76,3962.0,0.6658
TXN-002654,2022-03-31,Operations,North America,Completed,4706.34,2444.22,2262.1200000000003,0.4807
TXN-003338,2022-03-31,Customer Support,APAC,Completed,6488.1,1389.63,5098.47,0.7858
TXN-005790,2022-03-31,Customer Support,EMEA,Completed,6878.79,2712.33,4166.46,0.6057
TXN-003607,2022-03-31,Operations,APAC,Completed,2028.31,1388.56,639.75,0.3154
TXN-002866,2022-03-31,Customer Support,LATAM,Completed,2867.47,1543.89,1323.5799999999997,0.4616
TXN-011805,2022-03-31,Engineering,North America,Completed,4484.38,1099.32,3385.0600000000004,0.7549
TXN-006858,2022-03-31,Engineering,EMEA,Completed,4031.82,1896.78,2135.04,0.5295
TXN-006952,2022-03-31,Customer Support,LATAM,Completed,3603.97,2353.24,1250.73,0.347
TXN-010574,2022-03-31,Customer Support,EMEA,Completed,4463.81,2221.31,2242.5000000000005,0.5024
TXN-008935,2022-04-01,Sales,EMEA,Pending,4609.8,2017.07,2592.7300000000005,0.5624
TXN-002424,2022-04-01,Engineering,EMEA,Completed,4157.92,3091.84,1066.08,0.2564
TXN-010807,2022-04-01,Operations,LATAM,Pending,4281.34,2665.7,1615.6400000000003,0.3774
TXN-001033,2022-04-01,Customer Support,North America,Completed,4731.7,1284.41,3447.29,0.7286
TXN-005260,2022-04-01,Customer Support,LATAM,Completed,4714.24,1558.94,3155.2999999999997,0.6693
TXN-001641,2022-04-01,Marketing,EMEA,Completed,4038.86,1675.42,2363.44,0.5852
TXN-007253,2022-04-01,Customer Support,APAC,Completed,3981.29,2059.86,1921.4299999999998,0.4826
TXN-000663,2022-04-01,Sales,EMEA,Pending,5325.76,2088.5,3237.26,0.6078
TXN-009127,2022-04-01,Sales,EMEA,Completed,3369.04,2563.47,805.5700000000002,0.2391
TXN-011632,2022-04-01,Customer Support,EMEA,Completed,7935.9,606.28,7329.62,0.9236
TXN-004620,2022-04-01,Customer Support,APAC,Completed,5020.93,2561.87,2459.0600000000004,0.4898
TXN-005539,2022-04-01,Operations,LATAM,Completed,3598.9,2242.42,1356.48,0.3769
TXN-000089,2022-04-01,Engineering,EMEA,Pending,3215.43,2052.25,1163.1799999999998,0.3617
TXN-004784,2022-04-01,Marketing,EMEA,Completed,3628.45,1647.53,1980.9199999999998,0.5459
TXN-005163,2022-04-01,Operations,APAC,Completed,4936.16,2316.43,2619.73,0.5307
TXN-010032,2022-04-01,Marketing,EMEA,Completed,7288.31,1535.12,5753.1900000000005,0.7894
TXN-011201,2022-04-01,Engineering,EMEA,Pending,3556.06,2956.17,599.8899999999999,0.1687
TXN-002489,2022-04-01,Customer Support,North America,Completed,5159.32,1927.26,3232.0599999999995,0.6265
TXN-003309,2022-04-02,Operations,EMEA,Completed,6702.02,1751.35,4950.67,0.7387
TXN-010117,2022-04-02,Customer Support,North America,Pending,5777.52,2847.67,2929.8500000000004,0.5071
TXN-003394,2022-04-02,Customer Support,APAC,Pending,4334.92,1213.92,3121.0,0.72
TXN-008434,2022-04-02,Operations,North America,Completed,5573.74,2759.03,2814.7099999999996,0.505
TXN-004187,2022-04-02,Sales,LATAM,Completed,6345.13,2827.95,3517.1800000000003,0.5543
TXN-005711,2022-04-02,Engineering,APAC,Completed,6307.57,2265.48,4042.0899999999997,0.6408
TXN-007561,2022-04-02,Sales,North America,Pending,3711.64,1939.94,1771.6999999999998,0.4773
TXN-002074,2022-04-02,Operations,EMEA,Completed,6127.73,2012.59,4115.139999999999,0.6716
TXN-010663,2022-04-02,Marketing,APAC,Completed,5834.02,2792.29,3041.7300000000005,0.5214
TXN-004570,2022-04-02,Sales,APAC,Completed,3526.36,1341.6,2184.76,0.6196
TXN-007195,2022-04-02,Engineering,APAC,Completed,5126.19,2366.25,2759.9399999999996,0.5384
TXN-001893,2022-04-02,Operations,LATAM,Completed,4849.79,956.81,3892.98,0.8027
TXN-010431,2022-04-03,Sales,North America,Pending,5914.49,728.75,5185.74,0.8768
TXN-007363,2022-04-03,Customer Support,North America,Completed,4610.29,748.78,3861.51,0.8376
TXN-009772,2022-04-03,Marketing,LATAM,Completed,3858.37,2248.83,1609.54,0.4172
TXN-004868,2022-04-03,Marketing,APAC,Completed,4778.58,1460.69,3317.89,0.6943
TXN-005139,2022-04-03,Customer Support,APAC,Completed,4093.43,904.91,3188.52,0.7789
TXN-000267,2022-04-03,Sales,APAC,Completed,4341.78,2266.72,2075.06,0.4779
TXN-002283,2022-04-03,Operations,LATAM,Completed,3747.36,2451.92,1295.44,0.3457
TXN-009711,2022-04-03,Engineering,APAC,Completed,6010.29,1439.19,4571.1,0.7605
TXN-011819,2022-04-03,Engineering,LATAM,Completed,6164.55,1611.92,4552.63,0.7385
TXN-003101,2022-04-03,Marketing,APAC,Completed,3870.15,3527.67,342.48,0.0885
TXN-008339,2022-04-04,Operations,EMEA,Completed,4134.5,1287.26,2847.24,0.6887
TXN-009299,2022-04-04,Sales,EMEA,Pending,7152.46,1835.29,5317.17,0.7434
TXN-002553,2022-04-04,Engineering,LATAM,Completed,5307.98,892.9,4415.08,0.8318
TXN-011218,2022-04-04,Marketing,North America,Completed,3803.12,2699.51,1103.6099999999997,0.2902
TXN-002697,2022-04-04,Marketing,LATAM,Completed,3766.58,1367.52,2399.06,0.6369
TXN-006296,2022-04-04,Engineering,LATAM,Completed,4475.52,1982.79,2492.7300000000005,0.557
TXN-006982,2022-04-04,Operations,LATAM,Pending,6177.79,1609.86,4567.93,0.7394
TXN-004857,2022-04-04,Sales,APAC,Pending,5016.88,1734.9,3281.98,0.6542
TXN-006817,2022-04-04,Marketing,North America,Completed,5054.63,2202.62,2852.01,0.5642
TXN-005376,2022-04-05,Operations,APAC,Completed,3574.19,2002.17,1572.02,0.4398
TXN-010413,2022-04-05,Engineering,North America,Completed,5585.31,3282.65,2302.6600000000003,0.4123
TXN-008262,2022-04-05,Customer Support,LATAM,Completed,9028.06,3365.08,5662.98,0.6273
TXN-007857,2022-04-05,Operations,North America,Completed,4780.64,1797.49,2983.1500000000005,0.624
TXN-002912,2022-04-05,Sales,EMEA,Completed,5477.08,2671.79,2805.29,0.5122
TXN-001018,2022-04-06,Customer Support,EMEA,Pending,7141.31,2860.4,4280.91,0.5995
TXN-004622,2022-04-06,Customer Support,APAC,Completed,4127.43,554.24,3573.1900000000005,0.8657
TXN-010241,2022-04-06,Sales,LATAM,Pending,3033.37,288.05,2745.3199999999997,0.905
TXN-007217,2022-04-06,Operations,APAC,Completed,5123.57,1243.43,3880.1399999999994,0.7573
TXN-006896,2022-04-06,Customer Support,EMEA,Pending,4370.83,2394.07,1976.7599999999998,0.4523
TXN-001615,2022-04-06,Customer Support,North America,Completed,3181.18,1071.87,2109.31,0.6631
TXN-011449,2022-04-06,Sales,APAC,Completed,7306.55,2311.39,4995.16,0.6837
TXN-003788,2022-04-06,Operations,EMEA,Completed,5183.07,2067.72,3115.35,0.6011
TXN-002367,2022-04-06,Operations,LATAM,Completed,4421.28,4308.98,112.30000000000018,0.0254
TXN-002373,2022-04-06,Operations,APAC,Completed,8138.78,2854.85,5283.93,0.6492
TXN-008022,2022-04-06,Marketing,APAC,Completed,4233.11,724.08,3509.0299999999997,0.8289
TXN-000766,2022-04-06,Sales,North America,Completed,6078.08,1680.22,4397.86,0.7236
TXN-001503,2022-04-06,Sales,LATAM,Completed,5104.55,2683.42,2421.13,0.4743
TXN-006429,2022-04-06,Sales,EMEA,Pending,5218.53,840.61,4377.92,0.8389
TXN-009275,2022-04-06,Engineering,APAC,Completed,4132.25,2016.46,2115.79,0.512
TXN-005589,2022-04-06,Customer Support,North America,Completed,4940.69,3819.9,1120.7899999999995,0.2268
TXN-000694,2022-04-07,Engineering,EMEA,Completed,5008.3,1727.17,3281.13,0.6551
TXN-005249,2022-04-07,Engineering,North America,Pending,4837.06,2815.75,2021.3100000000004,0.4179
TXN-010647,2022-04-07,Sales,LATAM,Completed,5679.7,1282.27,4397.43,0.7742
TXN-009864,2022-04-07,Marketing,LATAM,Pending,3363.26,2402.88,960.3800000000001,0.2856
TXN-007059,2022-04-07,Engineering,EMEA,Pending,3967.62,2291.39,1676.23,0.4225
TXN-010373,2022-04-07,Customer Support,LATAM,Pending,4469.53,1937.56,2531.97,0.5665
TXN-011457,2022-04-07,Marketing,EMEA,Pending,8190.67,1544.77,6645.9,0.8114
TXN-011010,2022-04-07,Sales,APAC,Completed,1049.42,2158.27,-1108.85,-1.0566
TXN-011598,2022-04-07,Engineering,APAC,Completed,7306.66,2410.77,4895.889999999999,0.6701
TXN-000156,2022-04-07,Marketing,EMEA,Completed,4623.73,1392.4,3231.3299999999995,0.6989
TXN-008390,2022-04-07,Operations,APAC,Completed,6826.01,634.28,6191.7300000000005,0.9071
TXN-011826,2022-04-07,Sales,EMEA,Completed,4747.19,2663.1,2084.0899999999997,0.439
TXN-001827,2022-04-07,Engineering,EMEA,Completed,6180.65,1439.36,4741.29,0.7671
TXN-004255,2022-04-08,Marketing,EMEA,Completed,5821.03,3684.05,2136.9799999999996,0.3671
TXN-008501,2022-04-08,Operations,North America,Completed,6866.57,2903.31,3963.2599999999998,0.5772
TXN-006286,2022-04-08,Operations,APAC,Pending,5067.43,2971.17,2096.26,0.4137
TXN-000679,2022-04-08,Customer Support,LATAM,Completed,6034.33,1811.1,4223.23,0.6999
TXN-004891,2022-04-08,Marketing,APAC,Completed,7567.47,3692.92,3874.55,0.512
TXN-007611,2022-04-08,Marketing,APAC,Pending,4403.34,1899.63,2503.71,0.5686
TXN-001401,2022-04-08,Customer Support,LATAM,Completed,4066.11,2465.9,1600.21,0.3935
TXN-007438,2022-04-08,Engineering,North America,Completed,3463.56,2192.41,1271.15,0.367
TXN-003588,2022-04-08,Sales,LATAM,Completed,4713.61,1058.27,3655.3399999999997,0.7755
TXN-006591,2022-04-08,Sales,APAC,Pending,2423.5,2055.81,367.69000000000005,0.1517
TXN-011953,2022-04-08,Marketing,EMEA,Completed,8366.57,2228.45,6138.12,0.7336
TXN-011190,2022-04-08,Engineering,LATAM,Completed,5754.83,1294.05,4460.78,0.7751
TXN-011473,2022-04-09,Marketing,North America,Pending,5181.94,1836.73,3345.2099999999996,0.6456
TXN-005803,2022-04-09,Marketing,LATAM,Completed,3851.31,2615.94,1235.37,0.3208
TXN-003304,2022-04-09,Engineering,EMEA,Completed,4141.43,2483.85,1657.5800000000004,0.4002
TXN-010233,2022-04-09,Sales,North America,Pending,3382.68,2110.27,1272.4099999999999,0.3762
TXN-011886,2022-04-09,Engineering,APAC,Completed,1246.14,1980.13,-733.99,-0.589
TXN-007300,2022-04-09,Sales,North America,Completed,6231.71,3059.69,3172.02,0.509
TXN-007553,2022-04-09,Customer Support,North America,Completed,3813.36,2561.18,1252.1800000000003,0.3284
TXN-004040,2022-04-09,Operations,LATAM,Completed,7636.96,718.27,6918.6900000000005,0.9059
TXN-007620,2022-04-10,Sales,APAC,Completed,5646.06,3097.44,2548.6200000000003,0.4514
TXN-009513,2022-04-10,Engineering,EMEA,Pending,6602.22,2924.59,3677.63,0.557
TXN-006676,2022-04-10,Customer Support,LATAM,Completed,4727.38,1664.32,3063.0600000000004,0.6479
TXN-001877,2022-04-10,Customer Support,EMEA,Completed,5092.92,2546.54,2546.38,0.5
TXN-005712,2022-04-10,Customer Support,APAC,Completed,4538.82,1369.83,3168.99,0.6982
TXN-009550,2022-04-10,Marketing,EMEA,Completed,4347.45,1816.07,2531.38,0.5823
TXN-005285,2022-04-10,Sales,EMEA,Completed,3086.98,3636.59,-549.6100000000001,-0.178
TXN-006898,2022-04-10,Operations,EMEA,Pending,5195.86,775.15,4420.71,0.8508
TXN-011490,2022-04-10,Operations,APAC,Completed,7218.9,1239.86,5979.04,0.8282
TXN-008565,2022-04-10,Customer Support,North America,Completed,5646.73,1762.05,3884.6799999999994,0.688
TXN-011823,2022-04-10,Engineering,EMEA,Completed,5258.56,2812.88,2445.6800000000003,0.4651
TXN-002977,2022-04-10,Marketing,APAC,Pending,3541.04,2477.71,1063.33,0.3003
TXN-011582,2022-04-10,Customer Support,LATAM,Pending,3540.86,26.91,3513.9500000000003,0.9924
TXN-007440,2022-04-10,Engineering,EMEA,Completed,4391.99,2715.88,1676.1099999999997,0.3816
TXN-005001,2022-04-10,Customer Support,North America,Completed,2840.8,1424.73,1416.0700000000002,0.4985
TXN-003417,2022-04-11,Engineering,North America,Pending,4003.37,1888.14,2115.2299999999996,0.5284
TXN-007969,2022-04-11,Operations,LATAM,Completed,6469.64,2578.68,3890.9600000000005,0.6014
TXN-008301,2022-04-11,Marketing,APAC,Pending,5504.09,1058.41,4445.68,0.8077
TXN-001099,2022-04-11,Marketing,APAC,Completed,7654.03,1667.9,5986.129999999999,0.7821
TXN-007287,2022-04-11,Engineering,LATAM,Completed,4049.88,2177.15,1872.73,0.4624
TXN-006144,2022-04-11,Marketing,APAC,Pending,5040.8,2324.59,2716.21,0.5388
TXN-011387,2022-04-11,Customer Support,North America,Pending,6702.08,3011.57,3690.5099999999998,0.5507
TXN-010722,2022-04-11,Marketing,EMEA,Pending,6939.76,1714.58,5225.18,0.7529
TXN-005664,2022-04-11,Sales,APAC,Completed,4027.92,944.35,3083.57,0.7655
TXN-002878,2022-04-12,Sales,LATAM,Completed,3046.89,3122.13,-75.24000000000024,-0.0247
TXN-004580,2022-04-12,Engineering,APAC,Completed,5869.29,2943.01,2926.2799999999997,0.4986
TXN-001589,2022-04-12,Marketing,LATAM,Completed,4685.73,2716.95,1968.7799999999997,0.4202
TXN-011619,2022-04-12,Marketing,EMEA,Completed,4265.03,1381.79,2883.24,0.676
TXN-010837,2022-04-12,Customer Support,EMEA,Pending,6229.41,3279.3,2950.1099999999997,0.4736
TXN-002392,2022-04-12,Engineering,APAC,Completed,9355.74,2572.15,6783.59,0.7251
TXN-001159,2022-04-12,Engineering,LATAM,Pending,6510.68,2101.48,4409.200000000001,0.6772
TXN-006351,2022-04-12,Operations,EMEA,Pending,4939.79,2154.87,2784.92,0.5638
TXN-009558,2022-04-12,Customer Support,APAC,Completed,4008.63,2741.52,1267.1100000000001,0.3161
TXN-009031,2022-04-12,Customer Support,North America,Completed,5377.18,1505.88,3871.3,0.7199
TXN-001784,2022-04-12,Operations,North America,Pending,5578.87,3677.06,1901.81,0.3409
TXN-004709,2022-04-13,Customer Support,North America,Pending,6015.83,1856.82,4159.01,0.6913
TXN-004552,2022-04-13,Customer Support,North America,Completed,5710.99,1400.16,4310.83,0.7548
TXN-002704,2022-04-13,Marketing,EMEA,Completed,5087.96,944.95,4143.01,0.8143
TXN-003536,2022-04-13,Customer Support,APAC,Completed,4802.65,1082.98,3719.6699999999996,0.7745
TXN-003774,2022-04-13,Marketing,North America,Completed,10441.0,3076.14,7364.860000000001,0.7054
TXN-009327,2022-04-13,Marketing,APAC,Completed,4544.44,1946.46,2597.9799999999996,0.5717
TXN-004549,2022-04-13,Operations,APAC,Pending,4133.42,1981.9,2151.52,0.5205
TXN-011760,2022-04-13,Marketing,APAC,Completed,3589.61,2185.76,1403.85,0.3911
TXN-009512,2022-04-13,Sales,North America,Pending,4450.95,3152.71,1298.2399999999998,0.2917
TXN-005371,2022-04-13,Operations,APAC,Completed,6397.2,2273.51,4123.69,0.6446
TXN-007596,2022-04-13,Engineering,LATAM,Pending,7267.12,2157.31,5109.8099999999995,0.7031
TXN-004617,2022-04-13,Operations,LATAM,Completed,5306.96,1841.76,3465.2,0.653
TXN-003924,2022-04-13,Marketing,EMEA,Completed,3715.31,1726.58,1988.73,0.5353
TXN-005477,2022-04-14,Operations,APAC,Completed,5711.71,4593.45,1118.2600000000002,0.1958
TXN-001733,2022-04-14,Customer Support,North America,Completed,3201.33,2049.39,1151.94,0.3598
TXN-001678,2022-04-14,Sales,North America,Pending,5581.86,1599.77,3982.0899999999997,0.7134
TXN-002782,2022-04-14,Marketing,LATAM,Completed,2872.51,1890.66,981.8500000000001,0.3418
TXN-003639,2022-04-14,Operations,EMEA,Completed,3937.73,3536.49,401.24000000000024,0.1019
TXN-003291,2022-04-14,Operations,LATAM,Completed,3104.1,2310.5,793.5999999999999,0.2557
TXN-006782,2022-04-14,Sales,EMEA,Completed,2852.17,3762.76,-910.5900000000001,-0.3193
TXN-010813,2022-04-14,Engineering,LATAM,Completed,5336.13,2220.68,3115.4500000000003,0.5838
TXN-003789,2022-04-14,Sales,APAC,Completed,5178.73,1069.36,4109.37,0.7935
TXN-010067,2022-04-14,Customer Support,EMEA,Completed,5602.32,1304.49,4297.83,0.7672
TXN-008944,2022-04-14,Sales,LATAM,Pending,5735.29,2646.42,3088.87,0.5386
TXN-001300,2022-04-15,Operations,EMEA,Pending,3528.37,1592.82,1935.55,0.5486
TXN-000274,2022-04-15,Marketing,North America,Completed,7546.95,1343.51,6203.44,0.822
TXN-011120,2022-04-15,Operations,APAC,Completed,6297.95,1655.54,4642.41,0.7371
TXN-009126,2022-04-15,Sales,APAC,Completed,3633.21,2888.63,744.5799999999999,0.2049
TXN-007478,2022-04-15,Customer Support,APAC,Completed,3176.57,2992.88,183.69000000000005,0.0578
TXN-001902,2022-04-15,Engineering,APAC,Completed,5851.67,208.72,5642.95,0.9643
TXN-011667,2022-04-15,Engineering,LATAM,Completed,4146.39,1751.2,2395.1900000000005,0.5777
TXN-008864,2022-04-15,Sales,North America,Completed,7108.83,1788.04,5320.79,0.7485
TXN-004005,2022-04-15,Marketing,LATAM,Completed,1924.28,2256.06,-331.78,-0.1724
TXN-006215,2022-04-15,Engineering,LATAM,Pending,5354.52,3559.85,1794.6700000000005,0.3352
TXN-002581,2022-04-15,Engineering,North America,Completed,2325.5,543.13,1782.37,0.7664
TXN-009477,2022-04-15,Marketing,LATAM,Completed,4665.05,1974.86,2690.1900000000005,0.5767
TXN-003010,2022-04-15,Marketing,APAC,Completed,6193.91,2324.91,3869.0,0.6246
TXN-004056,2022-04-15,Engineering,APAC,Pending,4491.51,1498.01,2993.5,0.6665
TXN-007840,2022-04-15,Operations,LATAM,Completed,5246.49,2107.81,3138.68,0.5982
TXN-005512,2022-04-15,Marketing,EMEA,Completed,5340.54,2767.67,2572.87,0.4818
TXN-011124,2022-04-16,Customer Support,APAC,Pending,3552.33,947.97,2604.3599999999997,0.7331
TXN-001730,2022-04-16,Sales,North America,Completed,6774.36,470.25,6304.11,0.9306
TXN-000509,2022-04-16,Sales,North America,Completed,4098.09,982.99,3115.1000000000004,0.7601
TXN-003507,2022-04-16,Customer Support,EMEA,Completed,3356.58,1862.62,1493.96,0.4451
TXN-009863,2022-04-16,Customer Support,LATAM,Completed,4488.54,2828.79,1659.75,0.3698
TXN-000449,2022-04-16,Engineering,EMEA,Completed,1583.52,1749.7,-166.18000000000006,-0.1049
TXN-002771,2022-04-16,Engineering,North America,Completed,5341.56,650.37,4691.1900000000005,0.8782
TXN-004705,2022-04-16,Sales,North America,Pending,4797.24,2356.8,2440.4399999999996,0.5087
TXN-006103,2022-04-16,Sales,APAC,Completed,6526.12,2732.84,3793.2799999999997,0.5812
TXN-011521,2022-04-16,Customer Support,LATAM,Completed,5159.33,3083.15,2076.18,0.4024
TXN-001713,2022-04-16,Customer Support,APAC,Completed,8398.62,1695.8,6702.820000000001,0.7981
TXN-006311,2022-04-16,Operations,LATAM,Completed,6409.0,846.41,5562.59,0.8679
TXN-002023,2022-04-17,Engineering,APAC,Completed,2884.1,523.27,2360.83,0.8186
TXN-007268,2022-04-17,Customer Support,APAC,Completed,6000.96,1801.89,4199.07,0.6997
TXN-010423,2022-04-17,Operations,APAC,Completed,5009.28,2847.52,2161.7599999999998,0.4316
TXN-008772,2022-04-17,Operations,LATAM,Completed,3363.46,2311.91,1051.5500000000002,0.3126
TXN-003429,2022-04-17,Customer Support,EMEA,Completed,4551.95,1565.27,2986.68,0.6561
TXN-006527,2022-04-17,Customer Support,EMEA,Pending,3664.98,1958.2,1706.78,0.4657
TXN-004542,2022-04-17,Marketing,North America,Completed,4667.1,2069.3,2597.8,0.5566
TXN-005984,2022-04-17,Operations,APAC,Completed,4755.65,3122.05,1633.5999999999995,0.3435
TXN-000515,2022-04-17,Customer Support,North America,Completed,3273.13,3513.18,-240.04999999999973,-0.0733
TXN-004562,2022-04-17,Customer Support,APAC,Completed,7300.85,1865.56,5435.290000000001,0.7445
TXN-007204,2022-04-17,Marketing,APAC,Completed,4958.97,2263.35,2695.6200000000003,0.5436
TXN-011080,2022-04-17,Marketing,APAC,Pending,4973.6,2479.27,2494.3300000000004,0.5015
TXN-000208,2022-04-17,Customer Support,LATAM,Completed,4338.6,2859.37,1479.2300000000005,0.3409
TXN-011645,2022-04-18,Engineering,APAC,Pending,4573.95,1892.59,2681.3599999999997,0.5862
TXN-002632,2022-04-18,Engineering,LATAM,Completed,4338.33,2033.34,2304.99,0.5313
TXN-003455,2022-04-18,Sales,North America,Completed,4246.37,1942.57,2303.8,0.5425
TXN-006746,2022-04-18,Sales,LATAM,Completed,5184.58,2491.11,2693.47,0.5195
TXN-005203,2022-04-18,Engineering,EMEA,Pending,4398.47,1871.92,2526.55,0.5744
TXN-000573,2022-04-18,Marketing,North America,Pending,5472.7,1648.47,3824.2299999999996,0.6988
TXN-011422,2022-04-18,Operations,North America,Pending,6348.34,1920.36,4427.9800000000005,0.6975
TXN-002966,2022-04-18,Marketing,EMEA,Completed,5151.14,2721.15,2429.9900000000002,0.4717
TXN-007054,2022-04-18,Marketing,LATAM,Completed,3667.27,4250.57,-583.2999999999997,-0.1591
TXN-000170,2022-04-18,Marketing,North America,Pending,6325.35,1032.51,5292.84,0.8368
TXN-005548,2022-04-18,Marketing,EMEA,Completed,2807.74,332.9,2474.8399999999997,0.8814
TXN-000814,2022-04-18,Sales,North America,Pending,6874.08,1010.71,5863.37,0.853
TXN-001404,2022-04-18,Marketing,EMEA,Completed,2119.97,2502.19,-382.22000000000025,-0.1803
TXN-002511,2022-04-18,Engineering,North America,Completed,6435.8,1864.48,4571.32,0.7103
TXN-001312,2022-04-19,Marketing,LATAM,Pending,4196.62,991.16,3205.46,0.7638
TXN-003806,2022-04-19,Sales,North America,Completed,8109.25,1541.22,6568.03,0.8099
TXN-003860,2022-04-19,Sales,LATAM,Pending,1141.81,1648.87,-507.05999999999995,-0.4441
TXN-002868,2022-04-19,Marketing,APAC,Completed,9259.1,1721.91,7537.1900000000005,0.814
TXN-009306,2022-04-19,Customer Support,EMEA,Completed,4130.44,2721.62,1408.8199999999997,0.3411
TXN-008225,2022-04-19,Sales,EMEA,Completed,3494.56,1627.48,1867.08,0.5343
TXN-007301,2022-04-19,Customer Support,EMEA,Pending,9753.96,1882.32,7871.639999999999,0.807
TXN-002863,2022-04-19,Operations,APAC,Completed,2530.86,1122.16,1408.7,0.5566
TXN-002723,2022-04-19,Customer Support,LATAM,Pending,5169.97,2483.74,2686.2300000000005,0.5196
TXN-002105,2022-04-19,Sales,EMEA,Completed,6407.19,698.3,5708.889999999999,0.891
TXN-011258,2022-04-19,Customer Support,APAC,Completed,5348.67,2479.52,2869.15,0.5364
TXN-007615,2022-04-19,Engineering,North America,Completed,4249.06,1343.7,2905.3600000000006,0.6838
TXN-005767,2022-04-19,Marketing,North America,Completed,5829.58,1948.04,3881.54,0.6658
TXN-007718,2022-04-19,Marketing,North America,Pending,4196.94,2436.13,1760.8099999999995,0.4195
TXN-001923,2022-04-20,Marketing,EMEA,Completed,3618.74,1809.33,1809.4099999999999,0.5
TXN-005201,2022-04-20,Customer Support,LATAM,Completed,6553.65,3071.77,3481.8799999999997,0.5313
TXN-000557,2022-04-20,Operations,APAC,Completed,5683.06,3601.78,2081.28,0.3662
TXN-003421,2022-04-20,Customer Support,APAC,Completed,5222.59,2311.51,2911.08,0.5574
TXN-004139,2022-04-20,Marketing,LATAM,Pending,4051.6,1513.43,2538.17,0.6265
TXN-005134,2022-04-20,Customer Support,APAC,Completed,6906.95,1241.88,5665.07,0.8202
TXN-007911,2022-04-20,Sales,North America,Completed,4231.25,3352.23,879.02,0.2077
TXN-011512,2022-04-20,Operations,North America,Completed,4307.52,2171.56,2135.9600000000005,0.4959
TXN-006694,2022-04-20,Engineering,APAC,Completed,2035.67,1272.7,762.97,0.3748
TXN-011798,2022-04-20,Sales,North America,Completed,3639.79,3654.77,-14.980000000000018,-0.0041
TXN-000354,2022-04-20,Customer Support,North America,Pending,4846.53,1507.76,3338.7699999999995,0.6889
TXN-004770,2022-04-20,Engineering,EMEA,Completed,3509.51,938.16,2571.3500000000004,0.7327
TXN-007528,2022-04-20,Engineering,EMEA,Completed,3472.17,1526.21,1945.96,0.5604
TXN-001649,2022-04-20,Sales,LATAM,Completed,6706.06,3184.64,3521.4200000000005,0.5251
TXN-006127,2022-04-20,Marketing,APAC,Pending,4501.06,2002.56,2498.5000000000005,0.5551
TXN-003967,2022-04-20,Customer Support,EMEA,Completed,6776.65,1871.2,4905.45,0.7239
TXN-008149,2022-04-20,Marketing,APAC,Completed,2802.84,2481.89,320.9500000000003,0.1145
TXN-004464,2022-04-21,Sales,EMEA,Completed,4497.34,1512.85,2984.4900000000002,0.6636
TXN-004661,2022-04-21,Marketing,LATAM,Completed,3384.63,2278.03,1106.6,0.3269
TXN-006810,2022-04-21,Customer Support,APAC,Pending,4580.05,1296.64,3283.41,0.7169
TXN-003337,2022-04-21,Customer Support,North America,Completed,3692.34,1138.75,2553.59,0.6916
TXN-011764,2022-04-21,Operations,LATAM,Completed,5264.16,2558.1,2706.06,0.5141
TXN-001887,2022-04-21,Engineering,APAC,Completed,2904.57,1635.09,1269.4800000000002,0.4371
TXN-011844,2022-04-21,Engineering,APAC,Completed,4823.55,3199.05,1624.5,0.3368
TXN-007373,2022-04-21,Marketing,APAC,Completed,3411.9,2365.46,1046.44,0.3067
TXN-003112,2022-04-21,Customer Support,North America,Completed,1551.62,385.66,1165.9599999999998,0.7514
TXN-005885,2022-04-21,Engineering,EMEA,Completed,4968.96,2425.49,2543.4700000000003,0.5119
TXN-011108,2022-04-21,Customer Support,EMEA,Completed,4997.56,2106.18,2891.3800000000006,0.5786
TXN-008735,2022-04-22,Sales,APAC,Pending,6090.28,1387.67,4702.61,0.7722
TXN-001707,2022-04-22,Marketing,North America,Completed,5462.7,1423.48,4039.22,0.7394
TXN-003876,2022-04-22,Customer Support,APAC,Completed,6521.01,3134.96,3386.05,0.5193
TXN-001176,2022-04-22,Operations,North America,Completed,4320.39,2482.82,1837.5700000000002,0.4253
TXN-006608,2022-04-22,Marketing,LATAM,Pending,5556.98,2325.9,3231.0799999999995,0.5814
TXN-004122,2022-04-22,Engineering,North America,Completed,5458.87,2502.91,2955.96,0.5415
TXN-007537,2022-04-22,Marketing,EMEA,Completed,8095.63,2088.9,6006.73,0.742
TXN-007562,2022-04-22,Marketing,EMEA,Completed,6161.77,2082.67,4079.1000000000004,0.662
TXN-001987,2022-04-22,Customer Support,North America,Completed,7264.47,1693.5,5570.97,0.7669
TXN-002455,2022-04-22,Operations,APAC,Completed,3940.37,2678.42,1261.9499999999998,0.3203
TXN-005230,2022-04-22,Engineering,LATAM,Completed,4433.53,2463.29,1970.2399999999998,0.4444
TXN-008398,2022-04-22,Engineering,North America,Pending,3045.17,2240.86,804.31,0.2641
TXN-007639,2022-04-22,Customer Support,North America,Pending,5264.7,1885.92,3378.7799999999997,0.6418
TXN-000444,2022-04-22,Marketing,North America,Completed,3240.97,385.3,2855.6699999999996,0.8811
TXN-006382,2022-04-22,Operations,North America,Completed,6078.93,1857.17,4221.76,0.6945
TXN-005453,2022-04-22,Marketing,North America,Completed,2209.63,2187.73,21.90000000000009,0.0099
TXN-003442,2022-04-23,Customer Support,EMEA,Completed,3747.43,2401.1,1346.33,0.3593
TXN-006049,2022-04-23,Operations,LATAM,Completed,4686.88,2539.23,2147.65,0.4582
TXN-011077,2022-04-23,Customer Support,EMEA,Completed,7543.07,2462.91,5080.16,0.6735
TXN-001234,2022-04-23,Sales,LATAM,Completed,5749.15,2671.68,3077.47,0.5353
TXN-000514,2022-04-23,Operations,APAC,Completed,3306.19,1281.96,2024.23,0.6123
TXN-000378,2022-04-23,Operations,North America,Completed,3939.77,693.79,3245.98,0.8239
TXN-007787,2022-04-23,Engineering,EMEA,Completed,2983.07,2949.68,33.39000000000033,0.0112
TXN-003207,2022-04-23,Operations,LATAM,Pending,3797.01,1502.82,2294.1900000000005,0.6042
TXN-011594,2022-04-24,Marketing,APAC,Pending,8377.5,2158.19,6219.3099999999995,0.7424
TXN-011036,2022-04-24,Engineering,LATAM,Completed,7094.95,2200.13,4894.82,0.6899
TXN-008910,2022-04-24,Customer Support,APAC,Completed,6140.12,2531.19,3608.93,0.5878
TXN-001865,2022-04-24,Sales,EMEA,Pending,5684.13,1174.15,4509.98,0.7934
TXN-005355,2022-04-24,Sales,APAC,Completed,3139.9,2921.46,218.44000000000005,0.0696
TXN-008151,2022-04-24,Sales,North America,Completed,5809.06,2554.35,3254.7100000000005,0.5603
TXN-011467,2022-04-24,Engineering,APAC,Completed,6635.13,1642.25,4992.88,0.7525
TXN-008272,2022-04-24,Customer Support,EMEA,Pending,2513.63,0.0,2513.63,1.0
TXN-006554,2022-04-24,Marketing,LATAM,Completed,5206.44,1682.66,3523.7799999999997,0.6768
TXN-000881,2022-04-24,Sales,APAC,Completed,4855.12,961.24,3893.88,0.802
TXN-002892,2022-04-24,Marketing,North America,Completed,5199.48,2982.82,2216.6599999999994,0.4263
TXN-010666,2022-04-24,Marketing,APAC,Pending,5267.75,2481.28,2786.47,0.529
TXN-007781,2022-04-24,Operations,LATAM,Pending,6850.91,3458.67,3392.24,0.4952
TXN-011754,2022-04-24,Customer Support,EMEA,Completed,3026.53,2989.59,36.940000000000055,0.0122
TXN-008677,2022-04-25,Marketing,LATAM,Completed,5559.16,216.08,5343.08,0.9611
TXN-006490,2022-04-25,Customer Support,EMEA,Pending,3113.58,1634.36,1479.22,0.4751
TXN-006181,2022-04-25,Engineering,EMEA,Completed,5964.66,1637.76,4326.9,0.7254
TXN-006281,2022-04-25,Marketing,APAC,Completed,5656.98,2552.37,3104.6099999999997,0.5488
TXN-006046,2022-04-25,Sales,North America,Pending,6344.11,1079.27,5264.84,0.8299
TXN-000165,2022-04-25,Marketing,North America,Completed,3490.21,1451.51,2038.7,0.5841
TXN-000785,2022-04-25,Customer Support,North America,Pending,4597.01,3488.09,1108.92,0.2412
TXN-008379,2022-04-25,Sales,LATAM,Completed,1967.09,1666.81,300.28,0.1527
TXN-000419,2022-04-25,Engineering,EMEA,Completed,6071.22,1939.245,4131.975,0.6806
TXN-008050,2022-04-25,Marketing,APAC,Completed,6203.36,2066.77,4136.59,0.6668
TXN-010979,2022-04-26,Customer Support,North America,Completed,4590.87,1209.43,3381.4399999999996,0.7366
TXN-005037,2022-04-26,Engineering,APAC,Completed,5212.45,2944.94,2267.5099999999998,0.435
TXN-002619,2022-04-26,Marketing,EMEA,Pending,3573.38,2790.96,782.4200000000001,0.219
TXN-008703,2022-04-26,Marketing,North America,Completed,4724.29,3460.98,1263.31,0.2674
TXN-007383,2022-04-26,Operations,North America,Completed,5523.54,1177.1,4346.4400000000005,0.7869
TXN-000228,2022-04-26,Marketing,North America,Pending,5891.5,2233.77,3657.73,0.6208
TXN-003035,2022-04-26,Sales,EMEA,Completed,4325.03,1193.68,3131.3499999999995,0.724
TXN-000888,2022-04-26,Engineering,LATAM,Completed,5505.85,4002.38,1503.4700000000003,0.2731
TXN-009868,2022-04-26,Operations,LATAM,Completed,4839.32,1205.61,3633.71,0.7509
TXN-005219,2022-04-27,Marketing,LATAM,Completed,6959.58,2198.1,4761.48,0.6842
TXN-005173,2022-04-27,Engineering,LATAM,Completed,3883.93,1080.65,2803.2799999999997,0.7218
TXN-004987,2022-04-27,Customer Support,North America,Completed,4606.55,2511.36,2095.19,0.4548
TXN-003724,2022-04-27,Engineering,North America,Pending,8525.6,1078.75,7446.85,0.8735
TXN-002480,2022-04-27,Marketing,EMEA,Completed,4462.39,2530.13,1932.2600000000002,0.433
TXN-011011,2022-04-27,Sales,APAC,Completed,6096.19,1736.56,4359.629999999999,0.7151
TXN-003886,2022-04-27,Marketing,EMEA,Pending,2833.96,1487.21,1346.75,0.4752
TXN-011853,2022-04-27,Marketing,EMEA,Pending,5158.05,2137.84,3020.21,0.5855
TXN-008841,2022-04-27,Engineering,APAC,Completed,4731.27,3038.49,1692.7800000000007,0.3578
TXN-009921,2022-04-27,Operations,LATAM,Completed,4915.28,2964.88,1950.3999999999996,0.3968
TXN-011499,2022-04-27,Operations,North America,Completed,3069.1,1837.29,1231.81,0.4014
TXN-006910,2022-04-27,Marketing,APAC,Completed,5303.25,3561.88,1741.37,0.3284
TXN-003551,2022-04-28,Sales,LATAM,Completed,5557.12,2757.5,2799.62,0.5038
TXN-001502,2022-04-28,Engineering,EMEA,Completed,4223.79,1960.23,2263.56,0.5359
TXN-006885,2022-04-28,Customer Support,EMEA,Completed,2553.07,1464.34,1088.7300000000002,0.4264
TXN-004753,2022-04-28,Operations,LATAM,Completed,8278.27,371.48,7906.790000000001,0.9551
TXN-000209,2022-04-28,Operations,North America,Completed,4315.73,2313.0,2002.7299999999996,0.4641
TXN-008223,2022-04-28,Engineering,LATAM,Completed,5184.2,1646.76,3537.4399999999996,0.6824
TXN-008938,2022-04-28,Customer Support,North America,Completed,5723.23,179.93,5543.299999999999,0.9686
TXN-010509,2022-04-28,Engineering,North America,Completed,3066.66,2317.69,748.9699999999998,0.2442
TXN-003147,2022-04-28,Sales,APAC,Completed,8975.39,2066.73,6908.66,0.7697
TXN-011104,2022-04-28,Marketing,LATAM,Pending,3480.63,3892.12,-411.4899999999998,-0.1182
TXN-006628,2022-04-28,Operations,North America,Completed,5321.75,3726.16,1595.5900000000001,0.2998
TXN-006288,2022-04-28,Engineering,EMEA,Completed,8735.44,1878.08,6857.360000000001,0.785
TXN-001253,2022-04-28,Marketing,APAC,Completed,5526.97,2449.27,3077.7000000000003,0.5569
TXN-004612,2022-04-28,Marketing,LATAM,Completed,5857.59,1631.69,4225.9,0.7214
TXN-011969,2022-04-29,Sales,APAC,Pending,5558.76,840.54,4718.22,0.8488
TXN-004619,2022-04-29,Engineering,APAC,Completed,1894.4,1877.46,16.940000000000055,0.0089
TXN-008455,2022-04-29,Operations,APAC,Completed,4503.26,2808.65,1694.6100000000001,0.3763
TXN-006149,2022-04-29,Engineering,APAC,Completed,6058.65,980.6,5078.049999999999,0.8381
TXN-006323,2022-04-29,Marketing,APAC,Pending,6009.24,3198.74,2810.5,0.4677
TXN-009606,2022-04-29,Marketing,EMEA,Pending,5585.19,2741.93,2843.2599999999998,0.5091
TXN-000140,2022-04-29,Engineering,APAC,Completed,3905.58,889.54,3016.04,0.7722
TXN-004164,2022-04-29,Engineering,North America,Completed,6833.54,957.01,5876.53,0.86
TXN-007489,2022-04-29,Customer Support,APAC,Completed,6617.38,1353.24,5264.14,0.7955
TXN-010310,2022-04-29,Sales,LATAM,Completed,7337.34,1903.69,5433.65,0.7405
TXN-007176,2022-04-29,Marketing,APAC,Completed,5399.09,1457.76,3941.33,0.73
TXN-005524,2022-04-30,Sales,APAC,Pending,4858.18,1679.99,3178.1900000000005,0.6542
TXN-011246,2022-04-30,Engineering,North America,Completed,5084.97,1819.91,3265.0600000000004,0.6421
TXN-008512,2022-04-30,Engineering,EMEA,Completed,5375.02,1939.245,3435.7750000000005,0.6392
TXN-006633,2022-04-30,Operations,LATAM,Completed,4243.13,3059.59,1183.54,0.2789
TXN-010844,2022-04-30,Sales,North America,Completed,4478.55,2879.87,1598.6800000000003,0.357
TXN-004861,2022-04-30,Marketing,LATAM,Completed,5035.61,1915.59,3120.0199999999995,0.6196
TXN-001164,2022-04-30,Sales,North America,Completed,4894.645,1409.5,3485.1450000000004,0.712
TXN-007769,2022-04-30,Sales,APAC,Completed,1815.43,2044.66,-229.23000000000002,-0.1263
TXN-011603,2022-04-30,Sales,North America,Completed,4894.645,867.13,4027.5150000000003,0.8228
TXN-004794,2022-04-30,Engineering,North America,Completed,5113.03,2087.64,3025.39,0.5917
TXN-009668,2022-04-30,Operations,APAC,Pending,5108.78,2263.05,2845.7299999999996,0.557
TXN-005377,2022-04-30,Marketing,EMEA,Completed,4859.75,2578.77,2280.98,0.4694
TXN-001337,2022-04-30,Customer Support,APAC,Pending,4779.35,2417.59,2361.76,0.4942
TXN-002125,2022-05-01,Sales,APAC,Completed,6868.9,1112.49,5756.41,0.838
TXN-002934,2022-05-01,Operations,North America,Completed,4648.46,1634.76,3013.7,0.6483
TXN-005779,2022-05-01,Engineering,LATAM,Pending,6165.64,2072.73,4092.9100000000003,0.6638
TXN-000562,2022-05-01,Sales,LATAM,Pending,7270.26,2339.96,4930.3,0.6781
TXN-001259,2022-05-01,Marketing,APAC,Completed,4161.47,2578.63,1582.8400000000001,0.3804
TXN-005403,2022-05-01,Engineering,APAC,Completed,4654.71,2014.23,2640.48,0.5673
TXN-005875,2022-05-01,Sales,EMEA,Completed,4112.77,2068.73,2044.0400000000004,0.497
TXN-007433,2022-05-01,Sales,APAC,Pending,3796.62,2823.9,972.7199999999998,0.2562
TXN-009039,2022-05-01,Customer Support,North America,Pending,3149.25,1437.65,1711.6,0.5435
TXN-011237,2022-05-01,Operations,EMEA,Completed,4023.93,1042.67,2981.2599999999998,0.7409
TXN-003183,2022-05-01,Operations,North America,Completed,3445.37,2364.6,1080.77,0.3137
TXN-000527,2022-05-01,Customer Support,North America,Pending,5830.85,1887.53,3943.3200000000006,0.6763
TXN-006211,2022-05-01,Engineering,North America,Completed,4228.76,1228.27,3000.4900000000002,0.7095
TXN-002986,2022-05-01,Engineering,North America,Completed,6435.02,2177.09,4257.93,0.6617
TXN-010422,2022-05-01,Customer Support,LATAM,Completed,4194.51,3046.35,1148.1600000000003,0.2737
TXN-002618,2022-05-01,Engineering,APAC,Completed,4866.38,2488.02,2378.36,0.4887
TXN-001904,2022-05-01,Customer Support,North America,Completed,5364.52,2580.16,2784.3600000000006,0.519
TXN-005426,2022-05-01,Customer Support,North America,Completed,4921.955,794.19,4127.764999999999,0.8386
TXN-006530,2022-05-01,Operations,LATAM,Completed,3965.54,545.26,3420.2799999999997,0.8625
TXN-004400,2022-05-01,Operations,EMEA,Pending,5572.52,3718.0,1854.5200000000004,0.3328
TXN-011057,2022-05-02,Sales,LATAM,Completed,1343.58,1963.97,-620.3900000000001,-0.4617
TXN-010696,2022-05-02,Sales,APAC,Pending,6715.64,2899.38,3816.26,0.5683
TXN-000161,2022-05-02,Engineering,EMEA,Completed,2539.45,3967.36,-1427.9100000000003,-0.5623
TXN-009522,2022-05-02,Customer Support,LATAM,Completed,6590.19,1615.71,4974.48,0.7548
TXN-001343,2022-05-02,Customer Support,LATAM,Completed,3120.74,3150.36,-29.620000000000346,-0.0095
TXN-007894,2022-05-02,Sales,North America,Completed,8282.3,2633.76,5648.539999999999,0.682
TXN-005991,2022-05-02,Customer Support,APAC,Completed,5792.18,2800.06,2992.1200000000003,0.5166
TXN-008388,2022-05-02,Customer Support,EMEA,Completed,4716.8,1907.2,2809.6000000000004,0.5957
TXN-001572,2022-05-02,Sales,LATAM,Pending,6587.2,2269.81,4317.389999999999,0.6554
TXN-004264,2022-05-02,Engineering,LATAM,Pending,4788.62,3241.16,1547.46,0.3232
TXN-000718,2022-05-02,Engineering,LATAM,Completed,6473.32,2467.77,4005.5499999999997,0.6188
TXN-009345,2022-05-02,Marketing,EMEA,Completed,5295.75,1504.33,3791.42,0.7159
TXN-008674,2022-05-02,Sales,North America,Completed,2709.54,0.0,2709.54,1.0
TXN-006517,2022-05-03,Customer Support,EMEA,Completed,4571.7,634.42,3937.2799999999997,0.8612
TXN-001416,2022-05-03,Engineering,North America,Pending,5406.09,3158.39,2247.7000000000003,0.4158
TXN-006482,2022-05-03,Operations,APAC,Completed,5713.94,1820.25,3893.6899999999996,0.6814
TXN-007964,2022-05-03,Sales,APAC,Pending,4252.28,2203.18,2049.1,0.4819
TXN-009466,2022-05-03,Sales,APAC,Completed,4304.69,2712.25,1592.4399999999996,0.3699
TXN-010166,2022-05-03,Operations,LATAM,Completed,8159.42,1983.76,6175.66,0.7569
TXN-009152,2022-05-03,Marketing,APAC,Completed,4592.47,2746.33,1846.1400000000003,0.402
TXN-001728,2022-05-03,Marketing,LATAM,Completed,4529.83,1479.76,3050.0699999999997,0.6733
TXN-001066,2022-05-03,Customer Support,APAC,Completed,4560.6,2123.59,2437.01,0.5344
TXN-005170,2022-05-03,Customer Support,EMEA,Completed,4210.37,3228.27,982.0999999999999,0.2333
TXN-002531,2022-05-04,Customer Support,LATAM,Completed,6238.88,2036.27,4202.610000000001,0.6736
TXN-011280,2022-05-04,Operations,EMEA,Completed,4652.04,2162.18,2489.86,0.5352
TXN-009889,2022-05-04,Engineering,LATAM,Pending,3280.79,3171.03,109.75999999999976,0.0335
TXN-002039,2022-05-04,Operations,LATAM,Completed,3173.82,3172.15,1.6700000000000728,0.0005
TXN-001581,2022-05-04,Operations,APAC,Completed,3645.52,1002.35,2643.17,0.725
TXN-010928,2022-05-04,Marketing,North America,Pending,5433.57,4386.34,1047.2299999999996,0.1927
TXN-004853,2022-05-04,Marketing,APAC,Completed,3747.21,2385.77,1361.44,0.3633
TXN-007102,2022-05-04,Marketing,North America,Completed,4746.6,2574.43,2172.1700000000005,0.4576
TXN-002153,2022-05-04,Sales,LATAM,Pending,5201.22,1174.69,4026.53,0.7742
TXN-010769,2022-05-04,Marketing,APAC,Completed,5672.97,2832.23,2840.7400000000002,0.5008
TXN-000507,2022-05-04,Sales,North America,Completed,5774.28,1734.9,4039.3799999999997,0.6995
TXN-010392,2022-05-05,Operations,LATAM,Completed,5670.25,1096.79,4573.46,0.8066
TXN-000512,2022-05-05,Sales,EMEA,Completed,6707.2,2013.09,4694.11,0.6999
TXN-000976,2022-05-05,Engineering,LATAM,Completed,6255.92,1804.12,4451.8,0.7116
TXN-009938,2022-05-05,Sales,APAC,Completed,5751.48,1613.08,4138.4,0.7195
TXN-001564,2022-05-05,Marketing,APAC,Completed,4379.63,2345.46,2034.17,0.4645
TXN-010293,2022-05-05,Customer Support,EMEA,Pending,2379.67,2328.73,50.940000000000055,0.0214
TXN-003963,2022-05-05,Customer Support,LATAM,Completed,4512.56,1479.0,3033.5600000000004,0.6722
TXN-010686,2022-05-05,Sales,North America,Completed,6160.31,2568.06,3592.2500000000005,0.5831
TXN-005157,2022-05-06,Marketing,LATAM,Completed,3680.09,3085.46,594.6300000000001,0.1616
TXN-010857,2022-05-06,Operations,EMEA,Completed,6358.27,2183.9,4174.370000000001,0.6565
TXN-001323,2022-05-06,Operations,EMEA,Completed,5087.23,2351.69,2735.5399999999995,0.5377
TXN-000971,2022-05-06,Marketing,LATAM,Completed,8211.19,3000.17,5211.02,0.6346
TXN-004148,2022-05-06,Customer Support,APAC,Completed,3343.48,1438.17,1905.31,0.5699
TXN-009580,2022-05-06,Marketing,North America,Completed,4721.53,2437.2,2284.33,0.4838
TXN-008335,2022-05-06,Sales,North America,Completed,4894.645,1783.94,3110.7050000000004,0.6355
TXN-008662,2022-05-06,Engineering,APAC,Completed,4554.42,1769.32,2785.1000000000004,0.6115
TXN-003467,2022-05-06,Marketing,North America,Completed,1950.49,955.4,995.09,0.5102
TXN-002439,2022-05-06,Marketing,LATAM,Completed,7975.97,3069.0,4906.97,0.6152
TXN-009369,2022-05-06,Engineering,North America,Completed,2856.22,2090.36,765.8599999999997,0.2681
TXN-001320,2022-05-06,Operations,EMEA,Completed,4988.67,2034.66,2954.01,0.5921
TXN-007463,2022-05-06,Sales,APAC,Completed,4888.92,1960.38,2928.54,0.599
TXN-009458,2022-05-07,Customer Support,North America,Completed,3085.36,1554.26,1531.1000000000001,0.4962
TXN-005821,2022-05-07,Engineering,LATAM,Completed,6533.67,2128.77,4404.9,0.6742
TXN-004804,2022-05-07,Engineering,APAC,Completed,3800.96,2480.2,1320.7600000000002,0.3475
TXN-005356,2022-05-07,Operations,APAC,Completed,4827.54,2242.68,2584.86,0.5354
TXN-005957,2022-05-07,Operations,North America,Completed,6904.49,3120.33,3784.16,0.5481
TXN-007031,2022-05-08,Customer Support,LATAM,Pending,3557.6,2789.77,767.8299999999999,0.2158
TXN-008905,2022-05-08,Operations,APAC,Completed,6830.14,2488.87,4341.27,0.6356
TXN-002117,2022-05-08,Operations,LATAM,Completed,3728.7,1672.08,2056.62,0.5516
TXN-002265,2022-05-08,Sales,LATAM,Completed,6223.67,2877.17,3346.5,0.5377
TXN-005819,2022-05-08,Marketing,LATAM,Completed,3750.1,831.76,2918.34,0.7782
TXN-000608,2022-05-08,Operations,APAC,Completed,6323.44,2371.02,3952.4199999999996,0.625
TXN-011824,2022-05-08,Operations,APAC,Completed,5560.3,2485.16,3075.1400000000003,0.5531
TXN-009079,2022-05-08,Operations,LATAM,Completed,5303.1,1573.69,3729.4100000000003,0.7033
TXN-005523,2022-05-08,Engineering,LATAM,Completed,6236.47,1694.42,4542.05,0.7283
TXN-008006,2022-05-08,Operations,EMEA,Completed,4747.23,2730.33,2016.8999999999996,0.4249
TXN-005265,2022-05-08,Customer Support,EMEA,Pending,4714.37,1496.63,3217.74,0.6825
TXN-001552,2022-05-08,Marketing,APAC,Completed,4972.75,1576.06,3396.69,0.6831
TXN-000917,2022-05-08,Engineering,EMEA,Pending,3118.2,3284.33,-166.1300000000001,-0.0533
TXN-008691,2022-05-08,Sales,North America,Pending,7202.71,2714.75,4487.96,0.6231
TXN-006558,2022-05-09,Marketing,EMEA,Completed,3118.08,2665.6,452.48,0.1451
TXN-007827,2022-05-09,Engineering,EMEA,Pending,2667.36,882.5,1784.8600000000001,0.6691
TXN-003332,2022-05-09,Operations,North America,Completed,4624.89,1112.35,3512.5400000000004,0.7595
TXN-002258,2022-05-09,Sales,North America,Completed,3040.21,1107.44,1932.77,0.6357
TXN-003552,2022-05-09,Engineering,LATAM,Completed,4961.9,1590.7,3371.2,0.6794
TXN-010633,2022-05-09,Customer Support,LATAM,Completed,5360.43,1219.17,4141.26,0.7726
TXN-009637,2022-05-09,Sales,LATAM,Completed,2954.66,1844.07,1110.59,0.3759
TXN-010694,2022-05-09,Sales,APAC,Pending,3660.94,2045.33,1615.6100000000001,0.4413
TXN-009215,2022-05-09,Marketing,North America,Completed,6312.65,1651.33,4661.32,0.7384
TXN-007130,2022-05-09,Customer Support,LATAM,Completed,3257.78,2098.41,1159.3700000000003,0.3559
TXN-003262,2022-05-09,Engineering,APAC,Pending,5383.68,2098.56,3285.1200000000003,0.6102
TXN-002551,2022-05-09,Sales,APAC,Completed,5579.79,1307.22,4272.57,0.7657
TXN-007799,2022-05-10,Engineering,APAC,Completed,4493.92,2246.49,2247.4300000000003,0.5001
TXN-004319,2022-05-10,Engineering,EMEA,Completed,5167.66,2087.05,3080.6099999999997,0.5961
TXN-010496,2022-05-10,Marketing,North America,Completed,4500.14,2476.08,2024.0600000000004,0.4498
TXN-001668,2022-05-10,Customer Support,LATAM,Pending,6108.3,1690.29,4418.01,0.7233
TXN-007984,2022-05-10,Sales,North America,Pending,2950.35,3143.96,-193.61000000000013,-0.0656
TXN-001227,2022-05-11,Marketing,North America,Completed,7628.35,2105.18,5523.17,0.724
TXN-002124,2022-05-11,Customer Support,LATAM,Completed,5742.23,3522.11,2220.1199999999994,0.3866
TXN-003925,2022-05-11,Customer Support,APAC,Pending,7186.07,1973.39,5212.679999999999,0.7254
TXN-011487,2022-05-11,Engineering,EMEA,Completed,4353.35,892.38,3460.9700000000003,0.795
TXN-008829,2022-05-11,Customer Support,APAC,Completed,4418.49,1772.19,2646.2999999999997,0.5989
TXN-000632,2022-05-11,Operations,LATAM,Completed,5016.785,2642.0,2374.785,0.4734
TXN-000114,2022-05-11,Sales,APAC,Completed,7113.64,2423.72,4689.92,0.6593
TXN-011232,2022-05-11,Marketing,LATAM,Completed,3959.42,2719.32,1240.1,0.3132
TXN-001521,2022-05-11,Sales,EMEA,Completed,5659.1,2454.08,3205.0200000000004,0.5663
TXN-009222,2022-05-11,Operations,APAC,Completed,5822.98,1408.75,4414.23,0.7581
TXN-003074,2022-05-11,Customer Support,APAC,Completed,4845.28,1354.11,3491.17,0.7205
TXN-010369,2022-05-11,Sales,North America,Pending,5317.55,1403.87,3913.6800000000003,0.736
TXN-000335,2022-05-12,Marketing,LATAM,Completed,4165.26,1807.46,2357.8,0.5661
TXN-000545,2022-05-12,Engineering,North America,Completed,5100.97,2241.03,2859.94,0.5607
TXN-005069,2022-05-12,Customer Support,North America,Completed,6275.84,1405.11,4870.7300000000005,0.7761
TXN-002545,2022-05-12,Sales,LATAM,Completed,6355.56,2302.33,4053.2300000000005,0.6377
TXN-009138,2022-05-12,Marketing,EMEA,Completed,5718.76,1317.89,4400.87,0.7695
TXN-003160,2022-05-12,Customer Support,LATAM,Pending,5713.89,2502.03,3211.86,0.5621
TXN-005337,2022-05-12,Sales,APAC,Completed,5264.34,2254.06,3010.28,0.5718
TXN-005178,2022-05-12,Marketing,APAC,Completed,5536.37,2550.8,2985.5699999999997,0.5393
TXN-004716,2022-05-12,Operations,APAC,Completed,2613.57,1333.96,1279.6100000000001,0.4896
TXN-008669,2022-05-12,Sales,LATAM,Pending,4960.22,1920.53,3039.6900000000005,0.6128
TXN-003791,2022-05-12,Operations,EMEA,Completed,5398.99,2127.8,3271.1899999999996,0.6059
TXN-003410,2022-05-12,Marketing,LATAM,Completed,3147.63,1757.54,1390.0900000000001,0.4416
TXN-000189,2022-05-12,Engineering,North America,Completed,5243.83,2033.1,3210.73,0.6123
TXN-007473,2022-05-12,Customer Support,North America,Completed,5418.0,2835.28,2582.72,0.4767
TXN-007762,2022-05-12,Operations,North America,Completed,5935.41,2032.44,3902.97,0.6576
TXN-011729,2022-05-12,Engineering,EMEA,Pending,8374.61,1336.43,7038.18,0.8404
TXN-006489,2022-05-12,Engineering,LATAM,Pending,6640.26,1369.87,5270.39,0.7937
TXN-002684,2022-05-12,Engineering,APAC,Completed,4305.49,1290.17,3015.3199999999997,0.7003
TXN-009925,2022-05-12,Marketing,LATAM,Completed,1311.22,1592.23,-281.01,-0.2143
TXN-001692,2022-05-12,Operations,APAC,Completed,4378.65,3209.46,1169.1899999999996,0.267
TXN-009036,2022-05-12,Operations,APAC,Completed,3224.34,2704.72,519.6200000000003,0.1612
TXN-004342,2022-05-12,Engineering,LATAM,Completed,4540.81,2358.66,2182.1500000000005,0.4806
TXN-005754,2022-05-13,Engineering,EMEA,Pending,3452.66,2054.17,1398.4899999999998,0.405
TXN-004827,2022-05-13,Engineering,EMEA,Pending,5785.53,1250.84,4534.69,0.7838
TXN-008562,2022-05-13,Engineering,LATAM,Completed,5563.92,2288.61,3275.31,0.5887
TXN-001577,2022-05-13,Engineering,EMEA,Pending,3403.32,1605.37,1797.9500000000003,0.5283
TXN-010828,2022-05-13,Sales,North America,Completed,5264.61,1533.72,3730.8899999999994,0.7087
TXN-001575,2022-05-13,Engineering,North America,Completed,6907.22,396.23,6510.99,0.9426
TXN-011753,2022-05-13,Marketing,APAC,Pending,4735.85,3354.02,1381.8300000000004,0.2918
TXN-004273,2022-05-13,Sales,LATAM,Pending,2051.62,2634.64,-583.02,-0.2842
TXN-011548,2022-05-13,Engineering,EMEA,Completed,6570.82,2886.86,3683.9599999999996,0.5607
TXN-006737,2022-05-13,Customer Support,LATAM,Completed,5976.27,3310.24,2666.0300000000007,0.4461
TXN-006057,2022-05-13,Sales,LATAM,Completed,6234.73,1966.51,4268.219999999999,0.6846
TXN-009447,2022-05-13,Operations,APAC,Completed,6595.06,3870.5,2724.5600000000004,0.4131
TXN-010528,2022-05-14,Operations,APAC,Completed,4199.79,2045.25,2154.54,0.513
TXN-000988,2022-05-14,Customer Support,APAC,Pending,5194.68,984.6,4210.08,0.8105
TXN-007305,2022-05-14,Engineering,APAC,Completed,3714.59,1029.34,2685.25,0.7229
TXN-008317,2022-05-14,Sales,LATAM,Completed,3930.0,2653.31,1276.69,0.3249
TXN-009148,2022-05-14,Sales,APAC,Completed,5016.88,3202.38,1814.5,0.3617
TXN-010281,2022-05-14,Engineering,EMEA,Completed,4223.22,933.84,3289.38,0.7789
TXN-011021,2022-05-14,Sales,LATAM,Completed,6915.13,1518.52,5396.610000000001,0.7804
TXN-009756,2022-05-14,Marketing,North America,Completed,1909.29,1479.07,430.22,0.2253
TXN-001898,2022-05-14,Operations,LATAM,Pending,5729.55,1281.1,4448.450000000001,0.7764
TXN-001297,2022-05-15,Operations,APAC,Completed,3288.64,1632.88,1655.7599999999998,0.5035
TXN-002571,2022-05-15,Engineering,EMEA,Pending,2476.77,1588.02,888.75,0.3588
TXN-011302,2022-05-15,Engineering,North America,Pending,2956.52,1749.65,1206.87,0.4082
TXN-009769,2022-05-15,Engineering,LATAM,Completed,2550.91,1472.12,1078.79,0.4229
TXN-005868,2022-05-15,Operations,LATAM,Pending,6080.6,3193.06,2887.5400000000004,0.4749
TXN-010092,2022-05-15,Customer Support,APAC,Completed,4227.38,2607.41,1619.9700000000003,0.3832
TXN-007302,2022-05-15,Engineering,North America,Completed,4488.11,2222.0,2266.1099999999997,0.5049
TXN-011986,2022-05-15,Operations,North America,Completed,5784.79,2223.46,3561.33,0.6156
TXN-000602,2022-05-15,Sales,LATAM,Pending,3590.43,2034.44,1555.9899999999998,0.4334
TXN-001114,2022-05-15,Sales,LATAM,Completed,4704.81,2344.23,2360.5800000000004,0.5017
TXN-000173,2022-05-15,Operations,North America,Completed,1628.93,1684.16,-55.23000000000002,-0.0339
TXN-002617,2022-05-15,Engineering,LATAM,Completed,4689.23,2793.36,1895.8699999999994,0.4043
TXN-010179,2022-05-15,Engineering,EMEA,Completed,5110.1,2436.61,2673.4900000000002,0.5232
TXN-006773,2022-05-15,Customer Support,APAC,Completed,4847.549999999999,1569.04,3278.5099999999993,0.6763
TXN-008755,2022-05-16,Operations,EMEA,Completed,3827.88,2393.01,1434.87,0.3748
TXN-007733,2022-05-16,Marketing,North America,Completed,7180.75,2158.47,5022.280000000001,0.6994
TXN-010161,2022-05-16,Operations,APAC,Completed,3350.56,2329.89,1020.6700000000001,0.3046
TXN-002202,2022-05-16,Sales,APAC,Completed,6761.38,2244.23,4517.15,0.6681
TXN-009462,2022-05-16,Sales,APAC,Completed,2120.51,732.92,1387.5900000000001,0.6544
TXN-010158,2022-05-16,Engineering,APAC,Completed,4436.72,1837.93,2598.79,0.5857
TXN-004777,2022-05-16,Operations,LATAM,Completed,4028.95,1188.62,2840.33,0.705
TXN-011103,2022-05-16,Sales,EMEA,Pending,6641.76,1935.39,4706.37,0.7086
TXN-003594,2022-05-16,Marketing,APAC,Completed,5644.37,905.02,4739.35,0.8397
TXN-003784,2022-05-16,Sales,APAC,Completed,4966.42,1596.38,3370.04,0.6786
TXN-004031,2022-05-16,Sales,LATAM,Completed,5054.66,3492.0,1562.6599999999999,0.3092
TXN-003621,2022-05-16,Customer Support,North America,Completed,5788.49,1798.58,3989.91,0.6893
TXN-004159,2022-05-16,Marketing,APAC,Completed,4783.23,2053.4,2729.8299999999995,0.5707
TXN-011914,2022-05-17,Engineering,North America,Completed,5613.65,1902.86,3710.79,0.661
TXN-003891,2022-05-17,Marketing,APAC,Completed,5641.97,2219.93,3422.0400000000004,0.6065
TXN-010863,2022-05-17,Engineering,EMEA,Completed,5176.54,1939.245,3237.295,0.6254
TXN-011669,2022-05-17,Customer Support,North America,Completed,4972.58,2719.64,2252.94,0.4531
TXN-003440,2022-05-17,Engineering,LATAM,Completed,2819.33,1950.4,868.9299999999998,0.3082
TXN-010768,2022-05-17,Marketing,EMEA,Completed,6066.38,2572.38,3494.0,0.576
TXN-002925,2022-05-17,Engineering,EMEA,Completed,5165.26,2595.45,2569.8100000000004,0.4975
TXN-003220,2022-05-17,Operations,North America,Completed,4185.3,252.71,3932.59,0.9396
TXN-006734,2022-05-17,Sales,APAC,Pending,3533.0,2199.95,1333.0500000000002,0.3773
TXN-004154,2022-05-17,Sales,EMEA,Completed,4612.54,1552.68,3059.8599999999997,0.6634
TXN-001132,2022-05-17,Engineering,APAC,Completed,4337.2,1351.8,2985.3999999999996,0.6883
TXN-001428,2022-05-17,Operations,APAC,Completed,5493.57,1722.47,3771.0999999999995,0.6865
TXN-001868,2022-05-18,Customer Support,North America,Pending,7217.47,2218.4,4999.07,0.6926
TXN-005254,2022-05-18,Marketing,APAC,Completed,6568.95,1478.0,5090.95,0.775
TXN-008253,2022-05-18,Engineering,APAC,Pending,6127.31,1622.66,4504.650000000001,0.7352
TXN-010292,2022-05-18,Sales,APAC,Pending,2198.04,1989.29,208.75,0.095
TXN-011628,2022-05-18,Engineering,APAC,Completed,5902.97,2740.87,3162.1000000000004,0.5357
TXN-010758,2022-05-18,Operations,APAC,Completed,3640.96,2795.94,845.02,0.2321
TXN-003263,2022-05-18,Operations,EMEA,Completed,3955.63,1642.3,2313.33,0.5848
TXN-011895,2022-05-18,Operations,EMEA,Completed,6633.05,489.11,6143.9400000000005,0.9263
TXN-006755,2022-05-18,Marketing,North America,Pending,4774.54,1076.29,3698.25,0.7746
TXN-000805,2022-05-18,Operations,EMEA,Pending,7457.05,3578.85,3878.2000000000003,0.5201
TXN-008610,2022-05-18,Marketing,APAC,Completed,5955.48,508.84,5446.639999999999,0.9146
TXN-007948,2022-05-18,Engineering,North America,Pending,2697.81,872.79,1825.02,0.6765
TXN-007776,2022-05-18,Sales,LATAM,Completed,5920.34,1390.24,4530.1,0.7652
TXN-005143,2022-05-18,Sales,APAC,Completed,4880.89,1959.75,2921.1400000000003,0.5985
TXN-006990,2022-05-18,Operations,LATAM,Pending,3105.71,1537.88,1567.83,0.5048
TXN-010244,2022-05-18,Marketing,North America,Completed,5046.58,2007.72,3038.8599999999997,0.6022
TXN-001394,2022-05-18,Engineering,EMEA,Completed,5038.8,2966.71,2072.09,0.4112
TXN-000775,2022-05-19,Operations,LATAM,Completed,4732.33,3318.57,1413.7599999999998,0.2987
TXN-005940,2022-05-19,Customer Support,LATAM,Completed,3717.89,2022.05,1695.84,0.4561
TXN-005378,2022-05-19,Sales,APAC,Completed,7987.3,3299.29,4688.01,0.5869
TXN-008809,2022-05-19,Customer Support,North America,Completed,5904.47,1500.94,4403.530000000001,0.7458
TXN-007795,2022-05-19,Operations,EMEA,Pending,5883.93,2127.82,3756.11,0.6384
TXN-003695,2022-05-19,Engineering,North America,Completed,5422.87,2084.17,3338.7,0.6157
TXN-000747,2022-05-19,Engineering,North America,Pending,8961.6,1706.41,7255.1900000000005,0.8096
TXN-006116,2022-05-19,Operations,APAC,Pending,3874.62,565.19,3309.43,0.8541
TXN-000084,2022-05-19,Sales,North America,Pending,5537.45,2003.67,3533.7799999999997,0.6382
TXN-000550,2022-05-19,Marketing,APAC,Completed,4971.94,1227.54,3744.3999999999996,0.7531
TXN-007237,2022-05-19,Engineering,North America,Completed,5609.41,2048.4,3561.0099999999998,0.6348
TXN-002790,2022-05-19,Marketing,APAC,Completed,5406.76,1043.66,4363.1,0.807
TXN-007323,2022-05-19,Sales,LATAM,Pending,5585.96,2240.88,3345.08,0.5988
TXN-011509,2022-05-19,Customer Support,LATAM,Completed,3457.72,2295.69,1162.0299999999997,0.3361
TXN-009061,2022-05-19,Customer Support,APAC,Completed,5820.77,862.29,4958.4800000000005,0.8519
TXN-006685,2022-05-19,Customer Support,North America,Completed,5648.73,2539.23,3109.4999999999995,0.5505
TXN-005985,2022-05-19,Customer Support,EMEA,Completed,5069.21,2297.64,2771.57,0.5467
TXN-008424,2022-05-20,Sales,North America,Completed,5151.38,2933.32,2218.06,0.4306
TXN-005935,2022-05-20,Operations,APAC,Completed,6663.39,3138.79,3524.6000000000004,0.5289
TXN-010285,2022-05-20,Customer Support,EMEA,Completed,6163.4,1907.81,4255.59,0.6905
TXN-006849,2022-05-20,Customer Support,LATAM,Completed,6547.11,1891.29,4655.82,0.7111
TXN-009918,2022-05-20,Operations,APAC,Completed,4405.49,1861.79,2543.7,0.5774
TXN-008017,2022-05-20,Sales,LATAM,Completed,6938.86,730.44,6208.42,0.8947
TXN-002471,2022-05-20,Operations,APAC,Pending,5271.51,3110.54,2160.9700000000003,0.4099
TXN-008284,2022-05-20,Engineering,LATAM,Completed,7094.81,1277.39,5817.42,0.82
TXN-006037,2022-05-20,Operations,EMEA,Completed,4957.45,2244.27,2713.18,0.5473
TXN-004337,2022-05-20,Operations,North America,Completed,4147.43,3378.19,769.2400000000002,0.1855
TXN-010753,2022-05-20,Operations,EMEA,Completed,4464.82,2058.79,2406.0299999999997,0.5389
TXN-000746,2022-05-20,Sales,North America,Completed,2584.38,1541.66,1042.72,0.4035
TXN-005628,2022-05-20,Operations,APAC,Completed,2817.56,2572.26,245.29999999999973,0.0871
TXN-007593,2022-05-21,Customer Support,North America,Pending,4665.08,2772.51,1892.5699999999997,0.4057
TXN-002449,2022-05-21,Marketing,North America,Pending,4417.67,1123.74,3293.9300000000003,0.7456
TXN-008890,2022-05-21,Sales,EMEA,Pending,6338.12,1598.97,4739.15,0.7477
TXN-005627,2022-05-21,Engineering,North America,Completed,3305.57,2551.52,754.0500000000002,0.2281
TXN-000820,2022-05-21,Customer Support,EMEA,Completed,5299.6,2122.96,3176.6400000000003,0.5994
TXN-008746,2022-05-21,Operations,LATAM,Completed,6498.53,1298.29,5200.24,0.8002
TXN-011888,2022-05-21,Customer Support,LATAM,Completed,8487.52,1183.35,7304.17,0.8606
TXN-005120,2022-05-21,Marketing,North America,Completed,3954.88,2017.68,1937.2,0.4898
TXN-010231,2022-05-21,Marketing,North America,Completed,2149.5,2559.5,-410.0,-0.1907
TXN-010655,2022-05-21,Engineering,North America,Completed,5741.43,2801.6,2939.8300000000004,0.512
TXN-005955,2022-05-21,Engineering,LATAM,Pending,5495.48,2508.31,2987.1699999999996,0.5436
TXN-007842,2022-05-21,Customer Support,APAC,Pending,3334.0,1025.55,2308.45,0.6924
TXN-007866,2022-05-21,Sales,North America,Completed,5534.25,1978.4,3555.85,0.6425
TXN-009855,2022-05-21,Engineering,EMEA,Completed,5372.0,2553.46,2818.54,0.5247
TXN-011331,2022-05-21,Customer Support,APAC,Completed,5989.56,2165.29,3824.2700000000004,0.6385
TXN-006580,2022-05-21,Marketing,APAC,Completed,5503.44,1287.32,4216.12,0.7661
TXN-000517,2022-05-21,Marketing,APAC,Completed,6667.39,0.0,6667.39,1.0
TXN-005245,2022-05-21,Engineering,North America,Completed,1584.18,720.32,863.86,0.5453
TXN-005789,2022-05-22,Operations,APAC,Completed,4293.57,1831.95,2461.62,0.5733
TXN-001022,2022-05-22,Customer Support,APAC,Completed,4847.549999999999,3250.5,1597.0499999999993,0.3295
TXN-005191,2022-05-22,Marketing,North America,Completed,6525.32,410.78,6114.54,0.937
TXN-011143,2022-05-22,Marketing,LATAM,Completed,4070.76,1548.53,2522.2300000000005,0.6196
TXN-008950,2022-05-22,Operations,North America,Completed,6058.35,2664.92,3393.4300000000003,0.5601
TXN-008172,2022-05-22,Operations,LATAM,Pending,6442.88,1330.4,5112.48,0.7935
TXN-010755,2022-05-22,Marketing,EMEA,Completed,7470.72,2350.96,5119.76,0.6853
TXN-001144,2022-05-22,Customer Support,APAC,Completed,3450.34,2218.45,1231.8900000000003,0.357
TXN-001414,2022-05-22,Operations,APAC,Pending,3471.43,393.53,3077.8999999999996,0.8866
TXN-008444,2022-05-22,Marketing,EMEA,Pending,4678.07,1961.9,2716.1699999999996,0.5806
TXN-011301,2022-05-22,Customer Support,EMEA,Completed,5140.81,858.12,4282.6900000000005,0.8331
TXN-004822,2022-05-22,Customer Support,North America,Pending,4788.52,1260.71,3527.8100000000004,0.7367
TXN-003460,2022-05-22,Customer Support,APAC,Completed,6653.33,1529.79,5123.54,0.7701
TXN-002845,2022-05-22,Engineering,APAC,Completed,6963.63,2956.33,4007.3,0.5755
TXN-005655,2022-05-22,Engineering,APAC,Completed,4140.85,2566.53,1574.3200000000002,0.3802
TXN-008664,2022-05-23,Engineering,APAC,Completed,5372.77,2334.36,3038.4100000000003,0.5655
TXN-002526,2022-05-23,Engineering,APAC,Completed,5612.54,1513.34,4099.2,0.7304
TXN-011303,2022-05-23,Customer Support,EMEA,Completed,5284.36,1058.5,4225.86,0.7997
TXN-011836,2022-05-23,Operations,LATAM,Completed,3965.61,1568.76,2396.8500000000004,0.6044
TXN-004275,2022-05-23,Customer Support,EMEA,Pending,7254.92,1930.86,5324.06,0.7339
TXN-007423,2022-05-23,Sales,APAC,Completed,6856.73,1369.99,5486.74,0.8002
TXN-007993,2022-05-23,Marketing,APAC,Completed,4144.41,1679.82,2464.59,0.5947
TXN-000434,2022-05-23,Engineering,APAC,Completed,5461.85,1998.49,3463.3600000000006,0.6341
TXN-010412,2022-05-23,Operations,EMEA,Completed,4813.71,2284.18,2529.53,0.5255
TXN-001778,2022-05-23,Operations,LATAM,Completed,3879.12,2288.6,1590.52,0.41
TXN-006812,2022-05-23,Customer Support,North America,Completed,6358.62,1031.87,5326.75,0.8377
TXN-003399,2022-05-23,Customer Support,APAC,Completed,4130.07,2263.15,1866.9199999999996,0.452
TXN-007923,2022-05-23,Sales,EMEA,Completed,6191.14,2462.95,3728.1900000000005,0.6022
TXN-007532,2022-05-24,Marketing,APAC,Completed,5589.07,2055.89,3533.18,0.6322
TXN-002201,2022-05-24,Operations,EMEA,Pending,6160.96,2662.92,3498.04,0.5678
TXN-000277,2022-05-24,Marketing,EMEA,Completed,2067.86,2957.61,-889.75,-0.4303
TXN-008439,2022-05-24,Marketing,APAC,Pending,4623.28,2924.13,1699.1499999999996,0.3675
TXN-006176,2022-05-24,Marketing,North America,Pending,5261.71,2728.68,2533.03,0.4814
TXN-004161,2022-05-24,Sales,North America,Completed,5644.3,2787.46,2856.84,0.5061
TXN-005336,2022-05-24,Marketing,North America,Pending,5027.52,3156.52,1871.0000000000005,0.3722
TXN-008833,2022-05-24,Operations,EMEA,Completed,7492.27,947.56,6544.710000000001,0.8735
TXN-009436,2022-05-24,Engineering,EMEA,Completed,7324.96,3120.13,4204.83,0.574
TXN-008133,2022-05-24,Sales,APAC,Completed,6372.44,1908.86,4463.58,0.7005
TXN-005606,2022-05-25,Engineering,LATAM,Pending,4581.29,2599.44,1981.85,0.4326
TXN-010201,2022-05-25,Customer Support,North America,Completed,4927.36,1545.71,3381.6499999999996,0.6863
TXN-010009,2022-05-25,Engineering,EMEA,Completed,3912.62,2819.41,1093.21,0.2794
TXN-009725,2022-05-25,Operations,APAC,Pending,4959.3,2056.16,2903.1400000000003,0.5854
TXN-007329,2022-05-25,Sales,North America,Completed,5034.95,1371.78,3663.17,0.7275
TXN-001379,2022-05-25,Marketing,APAC,Completed,5040.67,3397.92,1642.75,0.3259
TXN-006082,2022-05-25,Marketing,North America,Pending,8523.06,2011.91,6511.15,0.7639
TXN-000197,2022-05-25,Engineering,EMEA,Completed,3540.3,1600.18,1940.1200000000001,0.548
TXN-002783,2022-05-25,Marketing,APAC,Pending,4114.09,2337.21,1776.88,0.4319
TXN-004254,2022-05-26,Customer Support,APAC,Pending,5099.4,2217.46,2881.9399999999996,0.5652
TXN-006757,2022-05-26,Operations,LATAM,Completed,2409.76,1702.76,707.0000000000002,0.2934
TXN-008350,2022-05-26,Sales,North America,Completed,3281.72,1124.92,2156.7999999999997,0.6572
TXN-002856,2022-05-26,Customer Support,APAC,Completed,3727.8,2444.02,1283.7800000000002,0.3444
TXN-002350,2022-05-26,Customer Support,LATAM,Completed,6222.59,1280.19,4942.4,0.7943
TXN-007080,2022-05-26,Sales,LATAM,Completed,4896.71,2004.5,2892.21,0.5906
TXN-006887,2022-05-26,Engineering,EMEA,Completed,8085.54,720.85,7364.69,0.9108
TXN-009696,2022-05-26,Sales,LATAM,Pending,5807.76,2218.76,3589.0,0.618
TXN-002457,2022-05-26,Sales,North America,Completed,5030.49,1227.86,3802.63,0.7559
TXN-007644,2022-05-26,Sales,APAC,Completed,4504.52,1377.93,3126.59,0.6941
TXN-002905,2022-05-26,Operations,APAC,Completed,4375.48,1227.72,3147.7599999999993,0.7194
TXN-000511,2022-05-26,Engineering,EMEA,Completed,5480.73,1979.29,3501.4399999999996,0.6389
TXN-011481,2022-05-26,Operations,North America,Completed,7230.66,2386.89,4843.77,0.6699
TXN-007387,2022-05-26,Marketing,North America,Completed,4701.85,2169.67,2532.1800000000003,0.5385
TXN-000644,2022-05-26,Marketing,LATAM,Pending,4945.09,2415.63,2529.46,0.5115
TXN-003095,2022-05-26,Marketing,APAC,Completed,3319.24,1621.95,1697.2899999999997,0.5113
TXN-011569,2022-05-26,Engineering,North America,Completed,1428.87,1594.73,-165.86000000000013,-0.1161
TXN-006626,2022-05-26,Customer Support,North America,Completed,4659.62,1382.9,3276.72,0.7032
TXN-011932,2022-05-26,Customer Support,LATAM,Completed,4199.76,801.82,3397.94,0.8091
TXN-000162,2022-05-27,Marketing,North America,Completed,2810.36,2874.3,-63.940000000000055,-0.0228
TXN-006175,2022-05-27,Customer Support,APAC,Completed,3782.56,2063.99,1718.5700000000002,0.4543
TXN-003684,2022-05-27,Operations,EMEA,Completed,4635.14,2543.59,2091.55,0.4512
TXN-006349,2022-05-27,Operations,LATAM,Completed,4601.65,2642.05,1959.5999999999995,0.4258
TXN-003597,2022-05-27,Sales,LATAM,Completed,1943.14,1898.26,44.88000000000011,0.0231
TXN-000249,2022-05-27,Operations,EMEA,Completed,4635.86,1129.33,3506.5299999999997,0.7564
TXN-007218,2022-05-27,Engineering,APAC,Completed,5891.22,865.11,5026.110000000001,0.8532
TXN-010608,2022-05-27,Customer Support,LATAM,Completed,5746.93,2948.9,2798.03,0.4869
TXN-002687,2022-05-27,Operations,LATAM,Pending,4308.45,2477.79,1830.6599999999999,0.4249
TXN-007940,2022-05-28,Engineering,North America,Completed,6399.96,2087.18,4312.780000000001,0.6739
TXN-003803,2022-05-28,Sales,LATAM,Completed,2000.53,712.34,1288.19,0.6439
TXN-010458,2022-05-28,Sales,EMEA,Pending,6037.15,2885.11,3152.0399999999995,0.5221
TXN-010033,2022-05-28,Operations,LATAM,Completed,3680.05,1615.41,2064.6400000000003,0.561
TXN-007850,2022-05-28,Engineering,EMEA,Pending,6820.42,1157.8,5662.62,0.8302
TXN-011115,2022-05-28,Customer Support,EMEA,Completed,2791.92,979.2,1812.72,0.6493
TXN-006822,2022-05-28,Operations,APAC,Pending,5390.25,3010.36,2379.89,0.4415
TXN-011214,2022-05-28,Engineering,North America,Pending,6878.87,2888.99,3989.88,0.58
TXN-007959,2022-05-28,Sales,North America,Pending,5768.47,2451.14,3317.3300000000004,0.5751
TXN-001291,2022-05-28,Engineering,North America,Completed,5281.54,2269.23,3012.31,0.5703
TXN-004200,2022-05-28,Engineering,North America,Completed,4283.07,1392.14,2890.9299999999994,0.675
TXN-005150,2022-05-28,Customer Support,LATAM,Completed,5722.59,2343.25,3379.34,0.5905
TXN-003007,2022-05-28,Engineering,EMEA,Completed,3625.93,2613.0,1012.9299999999998,0.2794
TXN-008955,2022-05-28,Marketing,LATAM,Completed,4553.17,1492.87,3060.3,0.6721
TXN-009035,2022-05-28,Operations,APAC,Completed,5800.44,2929.38,2871.0599999999995,0.495
TXN-003463,2022-05-28,Marketing,EMEA,Completed,6924.69,1752.5,5172.19,0.7469
TXN-000930,2022-05-28,Marketing,APAC,Completed,3680.96,1842.57,1838.39,0.4994
TXN-004728,2022-05-29,Customer Support,EMEA,Completed,6252.36,2498.85,3753.5099999999998,0.6003
TXN-011458,2022-05-29,Engineering,North America,Pending,3514.6,2901.94,612.6599999999999,0.1743
TXN-000147,2022-05-29,Customer Support,EMEA,Completed,4994.03,1832.44,3161.5899999999997,0.6331
TXN-010710,2022-05-29,Sales,North America,Completed,5888.04,2070.1,3817.94,0.6484
TXN-009502,2022-05-29,Engineering,EMEA,Completed,2765.71,1939.51,826.2,0.2987
TXN-004028,2022-05-29,Customer Support,LATAM,Completed,5108.26,2741.9,2366.36,0.4632
TXN-009790,2022-05-29,Marketing,EMEA,Completed,4860.6,1558.45,3302.1500000000005,0.6794
TXN-011941,2022-05-29,Engineering,LATAM,Completed,3828.75,1627.17,2201.58,0.575
TXN-003824,2022-05-29,Engineering,LATAM,Completed,6605.06,3843.16,2761.9000000000005,0.4181
TXN-010560,2022-05-30,Marketing,EMEA,Completed,2644.05,3359.63,-715.5799999999999,-0.2706
TXN-009717,2022-05-30,Operations,APAC,Completed,9201.64,1120.02,8081.619999999999,0.8783
TXN-000855,2022-05-30,Engineering,LATAM,Completed,5177.85,1482.79,3695.0600000000004,0.7136
TXN-000908,2022-05-30,Engineering,LATAM,Pending,5814.38,2094.78,3719.6,0.6397
TXN-011193,2022-05-30,Customer Support,North America,Completed,4170.57,1009.24,3161.33,0.758
TXN-000442,2022-05-30,Marketing,North America,Pending,5385.96,1547.13,3838.83,0.7127
TXN-000476,2022-05-30,Operations,EMEA,Completed,5406.88,2285.76,3121.12,0.5772
TXN-010885,2022-05-30,Marketing,LATAM,Completed,5340.79,2691.12,2649.67,0.4961
TXN-000485,2022-05-30,Sales,LATAM,Pending,5856.18,1490.36,4365.820000000001,0.7455
TXN-009180,2022-05-30,Customer Support,APAC,Completed,6665.46,3341.53,3323.93,0.4987
TXN-008218,2022-05-30,Sales,LATAM,Completed,3800.48,1446.41,2354.0699999999997,0.6194
TXN-006355,2022-05-31,Customer Support,LATAM,Completed,5207.29,837.77,4369.52,0.8391
TXN-001098,2022-05-31,Sales,LATAM,Pending,3127.44,1143.1,1984.3400000000001,0.6345
TXN-005305,2022-05-31,Customer Support,APAC,Completed,4253.6,2402.6,1851.0000000000005,0.4352
TXN-001350,2022-05-31,Operations,EMEA,Completed,4748.89,1998.15,2750.7400000000002,0.5792
TXN-001349,2022-05-31,Operations,APAC,Completed,7696.48,2406.21,5290.2699999999995,0.6874
TXN-006394,2022-05-31,Marketing,North America,Pending,2216.48,2896.78,-680.3000000000002,-0.3069
TXN-007196,2022-05-31,Sales,LATAM,Completed,6793.54,3298.43,3495.11,0.5145
TXN-010570,2022-05-31,Sales,APAC,Completed,3646.59,1990.0,1656.5900000000001,0.4543
TXN-007396,2022-05-31,Operations,North America,Completed,5961.25,1817.34,4143.91,0.6951
TXN-008866,2022-05-31,Marketing,LATAM,Completed,4208.47,922.32,3286.15,0.7808
TXN-008156,2022-05-31,Sales,EMEA,Completed,5886.29,805.59,5080.7,0.8631
TXN-005181,2022-06-01,Customer Support,LATAM,Completed,5864.53,1625.04,4239.49,0.7229
TXN-010222,2022-06-01,Sales,EMEA,Pending,5859.39,1672.69,4186.700000000001,0.7145
TXN-009210,2022-06-01,Engineering,LATAM,Completed,5272.82,2388.88,2883.9399999999996,0.5469
TXN-004808,2022-06-01,Operations,APAC,Completed,5869.36,1411.26,4458.099999999999,0.7596
TXN-002834,2022-06-01,Marketing,APAC,Completed,6001.13,1826.62,4174.51,0.6956
TXN-002663,2022-06-01,Marketing,LATAM,Completed,2955.46,1791.11,1164.3500000000001,0.394
TXN-008861,2022-06-01,Marketing,LATAM,Completed,5730.27,3209.8,2520.4700000000003,0.4399
TXN-004420,2022-06-01,Sales,APAC,Pending,5513.72,3772.48,1741.2400000000002,0.3158
TXN-008128,2022-06-01,Engineering,North America,Completed,3393.92,2212.53,1181.3899999999999,0.3481
TXN-007105,2022-06-01,Operations,APAC,Pending,4163.24,725.25,3437.99,0.8258
TXN-000059,2022-06-02,Engineering,APAC,Pending,3500.36,871.92,2628.44,0.7509
TXN-000815,2022-06-02,Engineering,LATAM,Pending,1991.11,2949.7,-958.5899999999999,-0.4814
TXN-001786,2022-06-02,Sales,APAC,Pending,3451.26,1758.98,1692.2800000000002,0.4903
TXN-001489,2022-06-02,Marketing,EMEA,Completed,5881.2,2911.19,2970.0099999999998,0.505
TXN-001964,2022-06-02,Marketing,LATAM,Completed,5239.06,1677.07,3561.9900000000007,0.6799
TXN-005207,2022-06-02,Operations,APAC,Pending,4477.66,2157.18,2320.48,0.5182
TXN-004626,2022-06-02,Customer Support,EMEA,Completed,3577.53,1819.36,1758.1700000000003,0.4914
TXN-010008,2022-06-02,Marketing,North America,Completed,7336.82,1747.98,5588.84,0.7618
TXN-009642,2022-06-02,Marketing,APAC,Completed,4111.65,596.65,3514.9999999999995,0.8549
TXN-011901,2022-06-02,Sales,North America,Completed,3891.29,1621.06,2270.23,0.5834
TXN-002160,2022-06-02,Engineering,North America,Pending,5543.93,2298.65,3245.28,0.5854
TXN-008498,2022-06-02,Sales,LATAM,Completed,6666.49,2649.29,4017.2,0.6026
TXN-004422,2022-06-02,Operations,LATAM,Completed,4537.76,1457.98,3079.78,0.6787
TXN-008470,2022-06-02,Sales,APAC,Pending,3497.32,1154.81,2342.51,0.6698
TXN-007918,2022-06-02,Engineering,APAC,Completed,3804.08,2381.73,1422.35,0.3739
TXN-009689,2022-06-02,Operations,LATAM,Completed,4854.92,3269.36,1585.56,0.3266
TXN-001376,2022-06-03,Operations,North America,Completed,5152.21,1173.3,3978.91,0.7723
TXN-009450,2022-06-03,Customer Support,EMEA,Completed,1924.86,2286.12,-361.26,-0.1877
TXN-006848,2022-06-03,Operations,LATAM,Completed,5220.31,3469.23,1751.0800000000004,0.3354
TXN-003843,2022-06-03,Sales,EMEA,Completed,5662.73,2103.82,3558.9099999999994,0.6285
TXN-005788,2022-06-03,Operations,EMEA,Completed,6220.69,2189.25,4031.4399999999996,0.6481
TXN-007884,2022-06-03,Operations,North America,Completed,5772.33,2515.17,3257.16,0.5643
TXN-001699,2022-06-03,Customer Support,North America,Completed,2110.0,2095.33,14.670000000000073,0.007
TXN-003498,2022-06-03,Engineering,North America,Pending,5830.52,2562.7,3267.8200000000006,0.5605
TXN-007970,2022-06-03,Engineering,APAC,Pending,6764.06,3322.33,3441.7300000000005,0.5088
TXN-002903,2022-06-03,Sales,LATAM,Pending,4025.14,1242.97,2782.17,0.6912
TXN-003298,2022-06-04,Engineering,APAC,Completed,4406.58,2376.56,2030.02,0.4607
TXN-008991,2022-06-04,Operations,North America,Pending,8895.96,1982.68,6913.279999999999,0.7771
TXN-003255,2022-06-04,Operations,APAC,Completed,2266.57,2231.53,35.039999999999964,0.0155
TXN-011507,2022-06-04,Engineering,APAC,Completed,2574.36,659.15,1915.21,0.744
TXN-000934,2022-06-04,Marketing,LATAM,Completed,7314.64,2696.85,4617.790000000001,0.6313
TXN-008902,2022-06-04,Marketing,North America,Completed,3453.81,1066.94,2386.87,0.6911
TXN-002762,2022-06-04,Marketing,North America,Pending,1790.78,1859.95,-69.17000000000007,-0.0386
TXN-006683,2022-06-04,Operations,EMEA,Completed,0.0,2553.71,-2553.71,0.0
TXN-010832,2022-06-04,Customer Support,North America,Pending,6117.58,680.89,5436.69,0.8887
TXN-001196,2022-06-04,Marketing,APAC,Completed,3915.95,2142.85,1773.1,0.4528
TXN-003719,2022-06-04,Customer Support,LATAM,Pending,5547.33,2243.63,3303.7,0.5955
TXN-006244,2022-06-04,Engineering,LATAM,Completed,3986.65,1172.51,2814.1400000000003,0.7059
TXN-008854,2022-06-04,Customer Support,LATAM,Completed,5138.17,2878.47,2259.7000000000003,0.4398
TXN-002390,2022-06-04,Engineering,APAC,Completed,3869.65,3346.94,522.71,0.1351
TXN-004127,2022-06-04,Customer Support,EMEA,Pending,5752.49,2317.52,3434.97,0.5971
TXN-010345,2022-06-05,Customer Support,APAC,Completed,6367.47,1162.21,5205.26,0.8175
TXN-006919,2022-06-05,Marketing,EMEA,Completed,5175.25,939.28,4235.97,0.8185
TXN-001897,2022-06-05,Marketing,EMEA,Pending,3371.95,2014.115,1357.8349999999998,0.4027
TXN-010862,2022-06-05,Marketing,APAC,Completed,5027.21,4235.16,792.0500000000002,0.1576
TXN-010569,2022-06-05,Engineering,APAC,Completed,4803.51,3121.03,1682.48,0.3503
TXN-005131,2022-06-05,Marketing,LATAM,Pending,5598.14,1828.78,3769.3600000000006,0.6733
TXN-005698,2022-06-05,Sales,North America,Completed,5430.99,2312.77,3118.22,0.5742
TXN-010614,2022-06-05,Engineering,North America,Pending,5757.81,2224.9,3532.9100000000003,0.6136
TXN-009894,2022-06-05,Marketing,EMEA,Completed,5093.1,3372.81,1720.2900000000004,0.3378
TXN-005780,2022-06-05,Engineering,North America,Completed,4960.98,2006.28,2954.7,0.5956
TXN-001540,2022-06-05,Sales,EMEA,Completed,2180.92,2448.43,-267.50999999999976,-0.1227
TXN-003513,2022-06-05,Marketing,North America,Completed,4969.78,1319.65,3650.1299999999997,0.7345
TXN-005760,2022-06-05,Customer Support,LATAM,Pending,7193.09,3750.82,3442.27,0.4786
TXN-009134,2022-06-05,Operations,EMEA,Pending,5008.53,1940.99,3067.54,0.6125
TXN-009886,2022-06-05,Marketing,North America,Completed,4935.03,246.33,4688.7,0.9501
TXN-002938,2022-06-05,Marketing,LATAM,Completed,4979.81,2615.65,2364.1600000000003,0.4747
TXN-004132,2022-06-05,Operations,EMEA,Completed,6833.96,1186.93,5647.03,0.8263
TXN-011147,2022-06-05,Sales,APAC,Completed,3637.81,1809.92,1827.8899999999999,0.5025
TXN-009410,2022-06-06,Sales,LATAM,Completed,3371.41,2034.44,1336.9699999999998,0.3966
TXN-005987,2022-06-06,Customer Support,APAC,Completed,5019.63,2702.74,2316.8900000000003,0.4616
TXN-006974,2022-06-06,Engineering,LATAM,Pending,5614.22,641.2,4973.02,0.8858
TXN-000902,2022-06-06,Engineering,North America,Completed,4990.89,297.62,4693.27,0.9404
TXN-004851,2022-06-06,Engineering,LATAM,Pending,1554.61,2177.51,-622.9000000000003,-0.4007
TXN-006344,2022-06-06,Operations,APAC,Completed,4352.72,1152.36,3200.3600000000006,0.7353
TXN-011071,2022-06-06,Sales,APAC,Pending,5309.37,3595.14,1714.23,0.3229
TXN-000227,2022-06-06,Customer Support,EMEA,Pending,2479.08,1719.1,759.98,0.3066
TXN-003714,2022-06-06,Operations,EMEA,Completed,4995.81,513.86,4481.950000000001,0.8971
TXN-004545,2022-06-06,Marketing,EMEA,Completed,5874.56,3335.67,2538.8900000000003,0.4322
TXN-000762,2022-06-06,Customer Support,EMEA,Completed,6226.08,0.0,6226.08,1.0
TXN-004300,2022-06-06,Engineering,LATAM,Pending,2253.51,2476.68,-223.16999999999962,-0.099
TXN-004499,2022-06-07,Engineering,EMEA,Pending,7154.81,2683.93,4470.880000000001,0.6249
TXN-006814,2022-06-07,Marketing,APAC,Completed,3754.11,2498.24,1255.8700000000003,0.3345
TXN-007954,2022-06-07,Marketing,LATAM,Completed,1773.84,1465.16,308.67999999999984,0.174
TXN-010847,2022-06-07,Marketing,APAC,Completed,3991.37,1655.4,2335.97,0.5853
TXN-002052,2022-06-07,Customer Support,North America,Pending,3941.14,1430.49,2510.6499999999996,0.637
TXN-000643,2022-06-07,Operations,North America,Pending,4712.0,1487.84,3224.16,0.6842
TXN-003583,2022-06-07,Engineering,APAC,Completed,3923.85,768.12,3155.73,0.8042
TXN-004663,2022-06-07,Operations,EMEA,Completed,5048.66,2116.61,2932.0499999999997,0.5808
TXN-004219,2022-06-07,Sales,APAC,Completed,3611.92,2560.85,1051.0700000000002,0.291
TXN-006552,2022-06-07,Marketing,EMEA,Completed,4497.29,3034.51,1462.7799999999997,0.3253
TXN-007699,2022-06-08,Customer Support,APAC,Pending,3474.68,2359.61,1115.0699999999997,0.3209
TXN-010677,2022-06-08,Customer Support,North America,Completed,4293.77,2000.03,2293.7400000000007,0.5342
TXN-002540,2022-06-08,Operations,North America,Pending,5313.55,1785.3,3528.25,0.664
TXN-005182,2022-06-08,Engineering,APAC,Completed,7557.13,1822.97,5734.16,0.7588
TXN-007704,2022-06-08,Operations,North America,Completed,4803.65,2420.51,2383.1399999999994,0.4961
TXN-003613,2022-06-08,Sales,North America,Completed,5091.82,2332.57,2759.2499999999995,0.5419
TXN-000966,2022-06-08,Engineering,LATAM,Completed,6030.26,2571.74,3458.5200000000004,0.5735
TXN-010826,2022-06-08,Sales,North America,Completed,3541.38,1911.22,1630.16,0.4603
TXN-002109,2022-06-08,Engineering,North America,Completed,4064.45,1735.73,2328.72,0.5729
TXN-005286,2022-06-08,Sales,North America,Completed,2659.08,2790.5,-131.42000000000007,-0.0494
TXN-008249,2022-06-08,Sales,APAC,Pending,6976.06,2660.58,4315.4800000000005,0.6186
TXN-011505,2022-06-08,Sales,North America,Completed,4589.96,1214.05,3375.91,0.7355
TXN-004527,2022-06-09,Operations,APAC,Pending,4956.79,2107.62,2849.17,0.5748
TXN-011416,2022-06-09,Operations,APAC,Pending,3333.99,1917.91,1416.0799999999997,0.4247
TXN-009270,2022-06-09,Sales,North America,Completed,7245.74,1011.99,6233.75,0.8603
TXN-001057,2022-06-09,Sales,LATAM,Completed,2836.11,2186.0,650.1100000000001,0.2292
TXN-008824,2022-06-09,Marketing,EMEA,Completed,6222.21,1510.14,4712.07,0.7573
TXN-008793,2022-06-09,Operations,LATAM,Pending,6395.74,1879.23,4516.51,0.7062
TXN-011148,2022-06-09,Sales,EMEA,Completed,6315.27,2415.05,3900.2200000000003,0.6176
TXN-001170,2022-06-09,Sales,LATAM,Pending,5159.85,2361.86,2797.9900000000002,0.5423
TXN-000044,2022-06-09,Engineering,North America,Pending,7053.96,2630.39,4423.57,0.6271
TXN-002973,2022-06-09,Marketing,LATAM,Completed,4995.95,1641.4,3354.5499999999997,0.6715
TXN-011070,2022-06-09,Sales,LATAM,Completed,5705.58,2095.96,3609.62,0.6326
TXN-003046,2022-06-09,Engineering,LATAM,Pending,4708.25,1471.97,3236.2799999999997,0.6874
TXN-005934,2022-06-09,Marketing,LATAM,Completed,5032.52,2348.51,2684.01,0.5333
TXN-006133,2022-06-09,Customer Support,North America,Completed,4587.57,725.32,3862.2499999999995,0.8419
TXN-009128,2022-06-09,Sales,North America,Pending,4779.72,871.42,3908.3,0.8177
TXN-006132,2022-06-09,Marketing,LATAM,Pending,4617.23,2053.58,2563.6499999999996,0.5552
TXN-008923,2022-06-10,Engineering,APAC,Pending,2648.89,2431.97,216.92000000000007,0.0819
TXN-004901,2022-06-10,Engineering,North America,Completed,6840.58,1338.19,5502.389999999999,0.8044
TXN-000980,2022-06-10,Marketing,APAC,Pending,5318.15,2651.61,2666.5399999999995,0.5014
TXN-005725,2022-06-10,Marketing,North America,Pending,3752.29,2338.11,1414.1799999999998,0.3769
TXN-004064,2022-06-10,Sales,LATAM,Completed,1780.49,1304.97,475.52,0.2671
TXN-010098,2022-06-10,Sales,APAC,Completed,5755.18,493.58,5261.6,0.9142
TXN-010982,2022-06-10,Sales,LATAM,Completed,4455.13,1981.61,2473.5200000000004,0.5552
TXN-002116,2022-06-10,Operations,EMEA,Completed,3063.39,3052.13,11.259999999999764,0.0037
TXN-010214,2022-06-10,Marketing,LATAM,Completed,3038.36,2710.11,328.25,0.108
TXN-010268,2022-06-10,Engineering,LATAM,Pending,4327.87,2020.13,2307.74,0.5332
TXN-010139,2022-06-10,Operations,APAC,Completed,3660.59,1558.3,2102.29,0.5743
TXN-002450,2022-06-10,Customer Support,LATAM,Completed,4315.6,1776.67,2538.9300000000003,0.5883
TXN-009683,2022-06-10,Engineering,North America,Completed,4960.45,78.51,4881.94,0.9842
TXN-002509,2022-06-10,Operations,EMEA,Completed,6425.61,3202.31,3223.2999999999997,0.5016
TXN-006316,2022-06-10,Customer Support,EMEA,Completed,2329.28,1178.99,1150.2900000000002,0.4938
TXN-000285,2022-06-10,Customer Support,EMEA,Pending,4655.89,2327.84,2328.05,0.5
TXN-000446,2022-06-11,Sales,LATAM,Completed,4362.06,1843.63,2518.4300000000003,0.5773
TXN-004559,2022-06-11,Marketing,APAC,Completed,3161.07,2829.81,331.2600000000002,0.1048
TXN-004583,2022-06-11,Operations,LATAM,Pending,6390.37,2013.13,4377.24,0.685
TXN-008531,2022-06-11,Engineering,North America,Completed,4869.03,2284.01,2585.0199999999995,0.5309
TXN-002068,2022-06-11,Engineering,APAC,Completed,6141.02,1363.96,4777.06,0.7779
TXN-001017,2022-06-11,Marketing,APAC,Pending,3781.22,2641.58,1139.6399999999999,0.3014
TXN-009186,2022-06-11,Customer Support,APAC,Completed,3438.91,1562.98,1875.9299999999998,0.5455
TXN-001347,2022-06-11,Customer Support,LATAM,Completed,6102.16,2665.11,3437.0499999999997,0.5633
TXN-007086,2022-06-11,Operations,LATAM,Completed,6100.04,2590.23,3509.81,0.5754
TXN-011841,2022-06-11,Operations,North America,Completed,6186.31,1488.92,4697.39,0.7593
TXN-008117,2022-06-11,Engineering,North America,Completed,5160.64,3718.51,1442.13,0.2794
TXN-010242,2022-06-11,Operations,LATAM,Pending,4634.35,2000.4,2633.9500000000003,0.5684
TXN-009088,2022-06-11,Engineering,APAC,Completed,4144.07,2067.13,2076.9399999999996,0.5012
TXN-005624,2022-06-11,Operations,North America,Completed,6374.01,2756.84,3617.17,0.5675
TXN-010693,2022-06-12,Sales,North America,Pending,4431.7,3857.11,574.5899999999997,0.1297
TXN-007584,2022-06-12,Sales,EMEA,Completed,5284.25,958.98,4325.27,0.8185
TXN-005575,2022-06-12,Engineering,APAC,Completed,5790.03,3489.01,2301.0199999999995,0.3974
TXN-002747,2022-06-12,Customer Support,North America,Pending,7825.11,1491.59,6333.5199999999995,0.8094
TXN-008889,2022-06-12,Customer Support,LATAM,Completed,3983.9,2114.33,1869.5700000000002,0.4693
TXN-004938,2022-06-12,Operations,EMEA,Completed,3629.13,2328.88,1300.25,0.3583
TXN-006568,2022-06-12,Sales,LATAM,Completed,5724.95,3297.37,2427.58,0.424
TXN-000561,2022-06-12,Marketing,EMEA,Completed,6154.6,2095.92,4058.6800000000003,0.6595
TXN-005205,2022-06-12,Sales,North America,Completed,7239.8,2093.85,5145.950000000001,0.7108
TXN-002871,2022-06-12,Customer Support,LATAM,Completed,5475.13,1330.29,4144.84,0.757
TXN-000236,2022-06-12,Operations,North America,Completed,6802.69,2873.33,3929.3599999999997,0.5776
TXN-004129,2022-06-12,Engineering,EMEA,Pending,5010.14,3549.04,1461.1000000000004,0.2916
TXN-000259,2022-06-12,Engineering,EMEA,Pending,6698.27,2857.52,3840.7500000000005,0.5734
TXN-004581,2022-06-12,Operations,EMEA,Completed,5444.61,2934.49,2510.12,0.461
TXN-007958,2022-06-12,Engineering,EMEA,Completed,6242.22,2597.19,3645.03,0.5839
TXN-008414,2022-06-12,Marketing,LATAM,Pending,6261.99,3011.31,3250.68,0.5191
TXN-003144,2022-06-13,Engineering,North America,Completed,4800.71,2636.75,2163.96,0.4508
TXN-002880,2022-06-13,Customer Support,EMEA,Completed,2817.54,1650.95,1166.59,0.414
TXN-010945,2022-06-13,Operations,LATAM,Completed,3942.7,2922.41,1020.29,0.2588
TXN-009982,2022-06-13,Sales,APAC,Completed,8074.72,2111.27,5963.450000000001,0.7385
TXN-009911,2022-06-13,Engineering,EMEA,Completed,3074.01,2607.72,466.2900000000004,0.1517
TXN-009967,2022-06-14,Marketing,APAC,Completed,6482.22,2053.4,4428.82,0.6832
TXN-002978,2022-06-14,Engineering,EMEA,Completed,2375.39,2187.9,187.48999999999978,0.0789
TXN-002647,2022-06-14,Sales,EMEA,Completed,4910.74,634.13,4276.61,0.8709
TXN-000931,2022-06-14,Operations,APAC,Pending,4499.91,1627.84,2872.0699999999997,0.6383
TXN-001859,2022-06-14,Marketing,EMEA,Pending,6197.79,2003.17,4194.62,0.6768
TXN-004498,2022-06-14,Customer Support,EMEA,Pending,4145.32,1668.21,2477.1099999999997,0.5976
TXN-010900,2022-06-14,Marketing,EMEA,Completed,4041.33,2262.38,1778.9499999999998,0.4402
TXN-005732,2022-06-15,Operations,LATAM,Completed,4669.66,2042.16,2627.5,0.5627
TXN-010398,2022-06-15,Customer Support,APAC,Completed,6517.1,798.47,5718.63,0.8775
TXN-005675,2022-06-15,Engineering,North America,Completed,5005.67,2080.12,2925.55,0.5844
TXN-003935,2022-06-15,Sales,LATAM,Completed,7978.22,2389.13,5589.09,0.7005
TXN-008121,2022-06-15,Engineering,APAC,Completed,7984.08,0.0,7984.08,1.0
TXN-010904,2022-06-15,Marketing,EMEA,Completed,5069.08,2926.66,2142.42,0.4226
TXN-005213,2022-06-15,Operations,LATAM,Completed,5151.34,1988.77,3162.57,0.6139
TXN-001060,2022-06-15,Customer Support,LATAM,Completed,3937.53,1499.48,2438.05,0.6192
TXN-004644,2022-06-15,Marketing,APAC,Completed,5606.43,2541.94,3064.4900000000002,0.5466
TXN-005407,2022-06-15,Sales,APAC,Completed,5434.06,1416.96,4017.1000000000004,0.7392
TXN-007047,2022-06-15,Operations,North America,Completed,6524.41,2922.83,3601.58,0.552
TXN-011239,2022-06-15,Sales,EMEA,Completed,261.19,939.61,-678.4200000000001,-2.5974
TXN-006484,2022-06-15,Marketing,APAC,Completed,7669.95,1731.8,5938.15,0.7742
TXN-003830,2022-06-15,Operations,LATAM,Completed,3961.79,2389.18,1572.6100000000001,0.3969
TXN-004903,2022-06-15,Sales,EMEA,Completed,3601.05,2491.66,1109.3900000000003,0.3081
TXN-003391,2022-06-15,Engineering,EMEA,Completed,6417.65,1569.7,4847.95,0.7554
TXN-010160,2022-06-15,Marketing,North America,Completed,5211.02,2128.35,3082.6700000000005,0.5916
TXN-011259,2022-06-15,Sales,APAC,Pending,6693.69,2090.55,4603.139999999999,0.6877
TXN-000153,2022-06-15,Engineering,APAC,Completed,4744.74,2109.21,2635.5299999999997,0.5555
TXN-009373,2022-06-15,Operations,North America,Pending,8564.28,1807.73,6756.550000000001,0.7889
TXN-006736,2022-06-15,Engineering,EMEA,Completed,6588.45,1794.02,4794.43,0.7277
TXN-006361,2022-06-15,Sales,APAC,Completed,2959.74,1576.93,1382.8099999999997,0.4672
TXN-002218,2022-06-15,Operations,North America,Completed,6463.5,1873.02,4590.48,0.7102
TXN-001371,2022-06-16,Operations,EMEA,Pending,5349.4,2867.83,2481.5699999999997,0.4639
TXN-000374,2022-06-16,Engineering,APAC,Completed,6324.47,1238.31,5086.16,0.8042
TXN-004376,2022-06-16,Customer Support,EMEA,Completed,4786.08,2601.68,2184.4,0.4564
TXN-005894,2022-06-16,Sales,APAC,Completed,3178.72,1869.78,1308.9399999999998,0.4118
TXN-009568,2022-06-16,Operations,LATAM,Pending,3794.69,741.18,3053.51,0.8047
TXN-011480,2022-06-16,Marketing,North America,Completed,4805.23,1224.68,3580.5499999999993,0.7451
TXN-007907,2022-06-16,Sales,LATAM,Completed,5341.33,1457.81,3883.52,0.7271
TXN-000275,2022-06-16,Sales,EMEA,Pending,5525.24,2677.68,2847.56,0.5154
TXN-011609,2022-06-16,Engineering,APAC,Pending,4171.67,1920.83,2250.84,0.5396
TXN-006335,2022-06-16,Marketing,North America,Pending,5177.39,1245.95,3931.4400000000005,0.7593
TXN-010944,2022-06-16,Engineering,EMEA,Pending,4906.51,2227.7,2678.8100000000004,0.546
TXN-004221,2022-06-16,Operations,North America,Pending,5044.18,2127.19,2916.9900000000002,0.5783
TXN-000096,2022-06-16,Marketing,North America,Completed,4434.34,2702.11,1732.23,0.3906
TXN-005419,2022-06-17,Engineering,EMEA,Pending,5706.34,2686.53,3019.81,0.5292
TXN-002827,2022-06-17,Operations,LATAM,Completed,2954.72,729.32,2225.3999999999996,0.7532
TXN-010493,2022-06-17,Engineering,North America,Completed,6164.56,2455.32,3709.2400000000002,0.6017
TXN-006639,2022-06-17,Sales,LATAM,Completed,5054.66,3033.24,2021.42,0.3999
TXN-009185,2022-06-17,Operations,LATAM,Completed,3244.07,1946.09,1297.9800000000002,0.4001
TXN-010283,2022-06-17,Marketing,APAC,Completed,3374.6,2679.71,694.8899999999999,0.2059
TXN-005013,2022-06-17,Customer Support,APAC,Completed,5968.37,1617.53,4350.84,0.729
TXN-008051,2022-06-17,Sales,LATAM,Completed,4743.48,1269.63,3473.8499999999995,0.7323
TXN-001954,2022-06-17,Sales,EMEA,Completed,3442.86,2485.3,957.56,0.2781
TXN-006291,2022-06-17,Operations,EMEA,Pending,5820.24,3460.12,2360.12,0.4055
TXN-009257,2022-06-17,Marketing,North America,Completed,7306.72,3517.3,3789.42,0.5186
TXN-003161,2022-06-17,Customer Support,APAC,Completed,3822.42,943.64,2878.78,0.7531
TXN-011939,2022-06-18,Engineering,APAC,Completed,5547.57,2718.79,2828.7799999999997,0.5099
TXN-000842,2022-06-18,Customer Support,LATAM,Completed,4574.49,1838.24,2736.25,0.5982
TXN-011129,2022-06-18,Operations,LATAM,Pending,7219.1,2501.49,4717.610000000001,0.6535
TXN-006642,2022-06-18,Customer Support,EMEA,Pending,4991.78,2254.01,2737.7699999999995,0.5485
TXN-000788,2022-06-18,Engineering,EMEA,Completed,5010.14,2313.34,2696.8,0.5383
TXN-010922,2022-06-18,Engineering,North America,Completed,5612.28,1143.96,4468.32,0.7962
TXN-005677,2022-06-18,Marketing,EMEA,Completed,6918.03,3194.38,3723.6499999999996,0.5383
TXN-011784,2022-06-18,Sales,North America,Pending,4215.64,2442.86,1772.7800000000002,0.4205
TXN-005022,2022-06-18,Marketing,LATAM,Completed,5891.5,2024.58,3866.92,0.6564
TXN-007067,2022-06-18,Customer Support,North America,Completed,1734.39,3090.11,-1355.72,-0.7817
TXN-005750,2022-06-18,Sales,North America,Completed,6284.08,2458.46,3825.62,0.6088
TXN-002067,2022-06-18,Marketing,APAC,Completed,5427.62,2882.45,2545.17,0.4689
TXN-005031,2022-06-18,Marketing,LATAM,Completed,6446.26,1835.31,4610.950000000001,0.7153
TXN-007426,2022-06-18,Engineering,LATAM,Pending,7536.94,3530.93,4006.0099999999998,0.5315
TXN-004932,2022-06-18,Sales,EMEA,Completed,3622.91,2963.24,659.6700000000001,0.1821
TXN-011599,2022-06-18,Marketing,North America,Completed,3218.25,2606.93,611.3200000000002,0.19
TXN-001315,2022-06-18,Engineering,APAC,Pending,3151.47,535.9,2615.5699999999997,0.83
TXN-003743,2022-06-18,Customer Support,North America,Completed,4684.59,2665.25,2019.3400000000001,0.4311
TXN-004722,2022-06-18,Operations,LATAM,Pending,2700.78,1049.96,1650.8200000000002,0.6112
TXN-009666,2022-06-19,Customer Support,EMEA,Completed,4145.26,1921.14,2224.12,0.5365
TXN-008569,2022-06-19,Operations,LATAM,Completed,6699.52,1701.98,4997.540000000001,0.746
TXN-005840,2022-06-19,Sales,North America,Pending,4847.33,2028.6,2818.73,0.5815
TXN-001044,2022-06-19,Customer Support,EMEA,Completed,4984.965,826.24,4158.725,0.8343
TXN-001257,2022-06-19,Operations,APAC,Pending,6593.0,972.61,5620.39,0.8525
TXN-003662,2022-06-19,Operations,APAC,Completed,5222.81,1285.7,3937.1100000000006,0.7538
TXN-001004,2022-06-19,Customer Support,APAC,Pending,7282.15,906.99,6375.16,0.8755
TXN-006235,2022-06-19,Customer Support,LATAM,Completed,3894.1,737.76,3156.34,0.8105
TXN-007474,2022-06-19,Customer Support,APAC,Completed,3112.1,2075.04,1037.06,0.3332
TXN-006598,2022-06-19,Operations,LATAM,Completed,1609.83,1188.38,421.4499999999998,0.2618
TXN-008808,2022-06-19,Marketing,APAC,Completed,6520.45,1693.69,4826.76,0.7402
TXN-009487,2022-06-19,Sales,North America,Completed,4639.84,1794.16,2845.6800000000003,0.6133
TXN-003747,2022-06-19,Marketing,LATAM,Completed,4360.81,1381.0,2979.8100000000004,0.6833
TXN-004247,2022-06-19,Marketing,EMEA,Completed,5757.51,494.73,5262.780000000001,0.9141
TXN-006874,2022-06-20,Operations,LATAM,Completed,3368.75,3022.41,346.34000000000015,0.1028
TXN-000500,2022-06-20,Customer Support,North America,Completed,4607.25,2104.38,2502.87,0.5432
TXN-007598,2022-06-20,Marketing,APAC,Completed,5238.11,431.77,4806.34,0.9176
TXN-000258,2022-06-20,Operations,EMEA,Completed,5722.91,3708.82,2014.0899999999997,0.3519
TXN-004487,2022-06-20,Marketing,EMEA,Completed,2206.47,1469.0,737.4699999999998,0.3342
TXN-005843,2022-06-20,Marketing,EMEA,Pending,2616.63,780.19,1836.44,0.7018
TXN-003493,2022-06-20,Sales,LATAM,Pending,4876.48,2554.65,2321.8299999999995,0.4761
TXN-002732,2022-06-20,Operations,North America,Pending,6142.2,823.82,5318.38,0.8659
TXN-006791,2022-06-20,Engineering,EMEA,Pending,4102.2,1132.6,2969.6,0.7239
TXN-002221,2022-06-20,Sales,North America,Completed,6192.84,2567.12,3625.7200000000003,0.5855
TXN-011710,2022-06-20,Customer Support,APAC,Completed,4566.98,1479.39,3087.5899999999992,0.6761
TXN-009245,2022-06-20,Customer Support,APAC,Completed,6325.63,2205.58,4120.05,0.6513
TXN-009560,2022-06-21,Customer Support,LATAM,Completed,4786.29,844.63,3941.66,0.8235
TXN-003973,2022-06-21,Operations,North America,Completed,4724.96,3548.14,1176.8200000000002,0.2491
TXN-002177,2022-06-21,Operations,APAC,Completed,2851.7,2801.55,50.149999999999636,0.0176
TXN-009990,2022-06-21,Marketing,LATAM,Completed,2732.42,3110.1,-377.67999999999984,-0.1382
TXN-011240,2022-06-21,Operations,APAC,Completed,3494.21,1365.87,2128.34,0.6091
TXN-000478,2022-06-21,Engineering,LATAM,Completed,3295.84,2072.0,1223.8400000000001,0.3713
TXN-009898,2022-06-21,Engineering,North America,Completed,6773.07,4629.42,2143.6499999999996,0.3165
TXN-005129,2022-06-21,Sales,LATAM,Completed,7138.06,2097.86,5040.200000000001,0.7061
TXN-006832,2022-06-21,Operations,EMEA,Completed,3476.86,2476.56,1000.3000000000002,0.2877
TXN-004503,2022-06-22,Operations,APAC,Completed,5065.67,253.52,4812.15,0.95
TXN-011149,2022-06-22,Operations,LATAM,Completed,3697.96,1857.34,1840.6200000000001,0.4977
TXN-007070,2022-06-22,Sales,APAC,Completed,5713.37,1897.79,3815.58,0.6678
TXN-000905,2022-06-22,Operations,EMEA,Pending,8171.71,2183.43,5988.280000000001,0.7328
TXN-002432,2022-06-22,Customer Support,APAC,Completed,3912.88,992.09,2920.79,0.7465
TXN-011891,2022-06-22,Customer Support,North America,Pending,4436.85,2091.4,2345.4500000000003,0.5286
TXN-007737,2022-06-22,Engineering,EMEA,Completed,6001.33,2639.72,3361.61,0.5601
TXN-001604,2022-06-22,Marketing,North America,Pending,6667.35,2214.45,4452.900000000001,0.6679
TXN-003401,2022-06-22,Marketing,APAC,Completed,5256.97,1261.4,3995.57,0.7601
TXN-006379,2022-06-22,Marketing,EMEA,Completed,2816.73,3599.73,-783.0,-0.278
TXN-006842,2022-06-22,Engineering,EMEA,Pending,8429.51,1668.89,6760.62,0.802
TXN-005126,2022-06-22,Sales,APAC,Completed,2065.08,1557.61,507.47,0.2457
TXN-011488,2022-06-22,Marketing,APAC,Completed,4757.36,608.77,4148.59,0.872
TXN-002343,2022-06-22,Customer Support,EMEA,Completed,3052.09,2301.95,750.1400000000003,0.2458
TXN-004426,2022-06-22,Marketing,APAC,Completed,3178.59,2219.69,958.9000000000001,0.3017
TXN-003703,2022-06-22,Operations,APAC,Pending,4188.87,2616.74,1572.13,0.3753
TXN-010048,2022-06-22,Marketing,EMEA,Completed,4303.66,1774.37,2529.29,0.5877
TXN-000836,2022-06-22,Engineering,LATAM,Completed,4550.39,2098.53,2451.86,0.5388
TXN-002655,2022-06-22,Engineering,LATAM,Pending,2757.36,1227.62,1529.7400000000002,0.5548
TXN-003681,2022-06-22,Customer Support,APAC,Completed,4097.9,3116.83,981.0699999999997,0.2394
TXN-007457,2022-06-23,Operations,APAC,Pending,2898.31,2354.88,543.4299999999998,0.1875
TXN-007422,2022-06-23,Customer Support,LATAM,Completed,3743.53,1565.34,2178.1900000000005,0.5819
TXN-010698,2022-06-23,Sales,North America,Completed,3445.25,1948.92,1496.33,0.4343
TXN-009698,2022-06-23,Engineering,APAC,Completed,6310.4,580.58,5729.82,0.908
TXN-010167,2022-06-23,Engineering,EMEA,Completed,6142.07,462.08,5679.99,0.9248
TXN-010948,2022-06-23,Sales,LATAM,Completed,5511.47,865.16,4646.31,0.843
TXN-011255,2022-06-23,Engineering,North America,Pending,3419.18,1618.0,1801.1799999999998,0.5268
TXN-005066,2022-06-23,Operations,EMEA,Pending,5512.96,1175.66,4337.3,0.7867
TXN-011776,2022-06-23,Customer Support,APAC,Completed,4294.04,0.0,4294.04,1.0
TXN-003211,2022-06-23,Marketing,EMEA,Completed,5587.58,1328.14,4259.44,0.7623
TXN-004889,2022-06-23,Customer Support,APAC,Completed,6423.41,2384.36,4039.0499999999997,0.6288
TXN-001913,2022-06-23,Operations,LATAM,Completed,5858.48,3309.39,2549.0899999999997,0.4351
TXN-002767,2022-06-24,Marketing,LATAM,Completed,4198.32,3379.91,818.4099999999999,0.1949
TXN-008814,2022-06-24,Marketing,North America,Pending,8322.59,659.47,7663.12,0.9208
TXN-001538,2022-06-24,Marketing,EMEA,Completed,5219.19,2190.28,3028.9099999999994,0.5803
TXN-001937,2022-06-24,Customer Support,North America,Completed,8494.32,1142.29,7352.03,0.8655
TXN-002833,2022-06-24,Operations,APAC,Pending,7416.39,2118.84,5297.55,0.7143
TXN-007953,2022-06-24,Customer Support,APAC,Completed,4260.19,1676.31,2583.8799999999997,0.6065
TXN-005738,2022-06-24,Marketing,EMEA,Completed,2584.14,2769.45,-185.30999999999995,-0.0717
TXN-002580,2022-06-24,Engineering,APAC,Completed,4967.07,2492.58,2474.49,0.4982
TXN-006549,2022-06-24,Marketing,EMEA,Pending,2977.1,2059.54,917.56,0.3082
TXN-004883,2022-06-25,Engineering,North America,Completed,4690.42,1810.9,2879.52,0.6139
TXN-004326,2022-06-25,Sales,LATAM,Completed,6278.7,1531.23,4747.469999999999,0.7561
TXN-004710,2022-06-25,Operations,North America,Completed,4637.9,1355.22,3282.6799999999994,0.7078
TXN-009095,2022-06-25,Marketing,LATAM,Completed,3439.63,1757.77,1681.8600000000001,0.489
TXN-009368,2022-06-25,Sales,EMEA,Completed,5354.59,1156.27,4198.32,0.7841
TXN-008037,2022-06-25,Operations,North America,Completed,4909.56,1574.77,3334.7900000000004,0.6792
TXN-004452,2022-06-25,Sales,EMEA,Completed,5346.15,1225.55,4120.599999999999,0.7708
TXN-006649,2022-06-25,Customer Support,EMEA,Completed,4958.7,1874.25,3084.45,0.622
TXN-000695,2022-06-25,Customer Support,North America,Pending,5272.44,2433.31,2839.1299999999997,0.5385
TXN-011274,2022-06-25,Marketing,APAC,Completed,5839.36,1605.76,4233.599999999999,0.725
TXN-002393,2022-06-25,Operations,North America,Completed,6796.95,2083.35,4713.6,0.6935
TXN-000188,2022-06-25,Customer Support,North America,Completed,7079.21,1549.49,5529.72,0.7811
TXN-008860,2022-06-25,Sales,North America,Completed,5866.55,1266.71,4599.84,0.7841
TXN-004327,2022-06-25,Sales,APAC,Completed,5940.52,0.0,5940.52,1.0
TXN-006740,2022-06-25,Sales,LATAM,Completed,9550.41,995.73,8554.68,0.8957
TXN-007808,2022-06-26,Marketing,North America,Completed,4382.73,1387.12,2995.6099999999997,0.6835
TXN-002624,2022-06-26,Operations,LATAM,Completed,5440.87,1878.14,3562.7299999999996,0.6548
TXN-001442,2022-06-26,Sales,EMEA,Completed,2170.06,2578.75,-408.69000000000005,-0.1883
TXN-002257,2022-06-26,Sales,North America,Completed,6110.35,2548.06,3562.2900000000004,0.583
TXN-007011,2022-06-26,Customer Support,LATAM,Completed,4494.94,1407.68,3087.2599999999993,0.6868
TXN-006411,2022-06-26,Customer Support,APAC,Completed,4503.88,1588.95,2914.9300000000003,0.6472
TXN-003825,2022-06-26,Engineering,EMEA,Completed,4281.17,1134.26,3146.91,0.7351
TXN-005312,2022-06-26,Customer Support,APAC,Completed,6243.67,978.51,5265.16,0.8433
TXN-011808,2022-06-26,Customer Support,EMEA,Pending,2625.95,3167.65,-541.7000000000003,-0.2063
TXN-003631,2022-06-26,Marketing,EMEA,Completed,4831.6,2352.88,2478.7200000000003,0.513
TXN-010556,2022-06-26,Customer Support,North America,Completed,6167.07,2160.04,4007.0299999999997,0.6497
TXN-000843,2022-06-26,Customer Support,North America,Pending,5007.64,2768.24,2239.4000000000005,0.4472
TXN-011277,2022-06-27,Sales,EMEA,Pending,6870.67,738.54,6132.13,0.8925
TXN-002375,2022-06-27,Customer Support,APAC,Completed,5955.63,2214.21,3741.42,0.6282
TXN-011903,2022-06-27,Marketing,EMEA,Completed,4664.28,1942.97,2721.3099999999995,0.5834
TXN-009248,2022-06-27,Sales,APAC,Completed,4903.05,2074.57,2828.48,0.5769
TXN-001549,2022-06-27,Operations,North America,Pending,4674.95,1485.41,3189.54,0.6823
TXN-007226,2022-06-27,Customer Support,LATAM,Completed,4323.71,785.92,3537.79,0.8182
TXN-005685,2022-06-27,Customer Support,North America,Completed,3598.74,1857.18,1741.5599999999997,0.4839
TXN-011278,2022-06-27,Customer Support,LATAM,Completed,4231.25,1935.45,2295.8,0.5426
TXN-006179,2022-06-27,Engineering,APAC,Completed,3109.62,2627.32,482.2999999999997,0.1551
TXN-010038,2022-06-27,Customer Support,APAC,Completed,5543.41,2421.03,3122.3799999999997,0.5633
TXN-009251,2022-06-28,Sales,North America,Pending,3389.56,3374.02,15.539999999999964,0.0046
TXN-009618,2022-06-28,Operations,EMEA,Pending,5303.85,1891.71,3412.1400000000003,0.6433
TXN-011544,2022-06-28,Engineering,LATAM,Completed,7480.73,2024.66,5456.07,0.7293
TXN-003591,2022-06-28,Sales,LATAM,Pending,5864.82,2834.56,3030.2599999999998,0.5167
TXN-004156,2022-06-28,Operations,EMEA,Completed,3900.93,494.5,3406.43,0.8732
TXN-007720,2022-06-28,Engineering,North America,Completed,4352.57,2085.98,2266.5899999999997,0.5207
TXN-011747,2022-06-28,Marketing,North America,Completed,8276.05,4040.18,4235.869999999999,0.5118
TXN-008454,2022-06-28,Marketing,LATAM,Completed,4958.35,2988.19,1970.1600000000003,0.3973
TXN-004072,2022-06-29,Marketing,North America,Completed,10515.45,1705.16,8810.29,0.8378
TXN-005891,2022-06-29,Customer Support,APAC,Completed,4523.77,2211.34,2312.4300000000003,0.5112
TXN-010430,2022-06-29,Customer Support,LATAM,Completed,3446.15,2039.24,1406.91,0.4083
TXN-007541,2022-06-29,Marketing,APAC,Pending,7740.83,4543.55,3197.2799999999997,0.413
TXN-002788,2022-06-29,Engineering,LATAM,Completed,5973.01,2155.14,3817.8700000000003,0.6392
TXN-004819,2022-06-29,Operations,APAC,Completed,5245.39,1298.95,3946.4400000000005,0.7524
TXN-001939,2022-06-29,Engineering,EMEA,Pending,1882.54,2564.1,-681.56,-0.362
TXN-001522,2022-06-29,Customer Support,EMEA,Completed,6189.25,2987.44,3201.81,0.5173
TXN-007044,2022-06-29,Customer Support,North America,Completed,4756.16,1959.42,2796.74,0.588
TXN-009424,2022-06-29,Customer Support,LATAM,Completed,6094.71,2435.09,3659.62,0.6005
TXN-004035,2022-06-29,Marketing,APAC,Completed,6355.32,1407.49,4947.83,0.7785
TXN-008244,2022-06-29,Engineering,North America,Pending,4414.41,1917.24,2497.17,0.5657
TXN-001855,2022-06-29,Operations,North America,Pending,2901.57,2316.8,584.77,0.2015
TXN-009773,2022-06-29,Customer Support,APAC,Pending,4154.09,895.96,3258.13,0.7843
TXN-005246,2022-06-29,Operations,North America,Pending,4188.05,1119.15,3068.9,0.7328
TXN-006637,2022-06-29,Sales,LATAM,Completed,6046.71,1534.62,4512.09,0.7462
TXN-009595,2022-06-30,Engineering,EMEA,Completed,4218.27,2003.58,2214.6900000000005,0.525
TXN-006697,2022-06-30,Customer Support,North America,Completed,3949.2,2445.27,1503.9299999999998,0.3808
TXN-004531,2022-06-30,Operations,APAC,Completed,5303.5,906.02,4397.48,0.8292
TXN-003653,2022-06-30,Marketing,LATAM,Completed,6258.85,1960.99,4297.860000000001,0.6867
TXN-003131,2022-06-30,Customer Support,North America,Pending,4277.0,1846.39,2430.6099999999997,0.5683
TXN-010394,2022-06-30,Sales,LATAM,Pending,6613.81,3081.51,3532.3,0.5341
TXN-010822,2022-06-30,Sales,EMEA,Completed,4570.98,2171.22,2399.7599999999998,0.525
TXN-009391,2022-06-30,Sales,North America,Pending,7224.83,2329.34,4895.49,0.6776
TXN-009793,2022-06-30,Marketing,APAC,Completed,5427.63,1906.05,3521.58,0.6488
TXN-008678,2022-06-30,Marketing,North America,Completed,5827.36,3126.56,2700.7999999999997,0.4635
TXN-006370,2022-06-30,Operations,EMEA,Pending,3673.66,3796.65,-122.99000000000024,-0.0335
TXN-008745,2022-06-30,Engineering,LATAM,Completed,7137.04,1893.06,5243.98,0.7348
TXN-001856,2022-06-30,Engineering,APAC,Completed,6500.85,2971.02,3529.8300000000004,0.543
TXN-004572,2022-06-30,Engineering,APAC,Pending,5126.19,2309.68,2816.5099999999998,0.5494
TXN-009640,2022-06-30,Customer Support,APAC,Completed,3972.1,1555.86,2416.24,0.6083
TXN-011717,2022-06-30,Marketing,EMEA,Pending,6157.81,2318.16,3839.6500000000005,0.6235
TXN-000102,2022-07-01,Operations,North America,Pending,6389.78,1720.77,4669.01,0.7307
TXN-003462,2022-07-01,Operations,LATAM,Completed,7578.77,1751.74,5827.030000000001,0.7689
TXN-010559,2022-07-01,Operations,APAC,Completed,7073.82,1130.7,5943.12,0.8402
TXN-008033,2022-07-01,Customer Support,LATAM,Completed,6960.23,2371.59,4588.639999999999,0.6593
TXN-000473,2022-07-01,Sales,EMEA,Completed,5690.78,2163.38,3527.3999999999996,0.6198
TXN-009709,2022-07-01,Marketing,North America,Completed,5533.6,2855.9,2677.7000000000003,0.4839
TXN-002370,2022-07-01,Customer Support,APAC,Completed,6703.21,3567.54,3135.67,0.4678
TXN-007536,2022-07-01,Sales,EMEA,Pending,5377.15,1981.56,3395.5899999999997,0.6315
TXN-008256,2022-07-01,Sales,APAC,Completed,2189.2,768.92,1420.2799999999997,0.6488
TXN-009341,2022-07-01,Sales,North America,Pending,4794.07,1327.62,3466.45,0.7231
TXN-000452,2022-07-01,Marketing,APAC,Completed,5081.03,2836.5,2244.5299999999997,0.4417
TXN-005737,2022-07-01,Engineering,EMEA,Completed,5821.66,1500.41,4321.25,0.7423
TXN-008260,2022-07-01,Customer Support,LATAM,Pending,4390.61,1212.83,3177.7799999999997,0.7238
TXN-010576,2022-07-02,Engineering,APAC,Completed,4337.67,2798.51,1539.1599999999999,0.3548
TXN-003107,2022-07-02,Marketing,APAC,Completed,4201.0,3162.03,1038.9699999999998,0.2473
TXN-001143,2022-07-02,Marketing,EMEA,Completed,6241.35,1858.6,4382.75,0.7022
TXN-001219,2022-07-02,Marketing,North America,Completed,2971.54,2344.28,627.2599999999998,0.2111
TXN-003989,2022-07-02,Operations,EMEA,Completed,5926.99,2670.3,3256.6899999999996,0.5495
TXN-007414,2022-07-02,Marketing,North America,Pending,5642.04,2583.14,3058.9,0.5422
TXN-005731,2022-07-02,Operations,EMEA,Completed,8965.13,1196.64,7768.489999999999,0.8665
TXN-007088,2022-07-02,Engineering,EMEA,Completed,5010.14,2025.86,2984.2800000000007,0.5956
TXN-004996,2022-07-02,Customer Support,EMEA,Pending,6614.94,1855.41,4759.53,0.7195
TXN-009537,2022-07-02,Customer Support,LATAM,Completed,5231.7,1499.08,3732.62,0.7135
TXN-007085,2022-07-02,Operations,APAC,Pending,4871.81,1885.66,2986.1500000000005,0.6129
TXN-010022,2022-07-02,Sales,North America,Pending,7713.94,1296.75,6417.19,0.8319
TXN-000278,2022-07-02,Customer Support,APAC,Pending,6069.75,1511.61,4558.14,0.751
TXN-006511,2022-07-02,Operations,APAC,Completed,3355.44,1794.08,1561.3600000000001,0.4653
TXN-006428,2022-07-02,Operations,LATAM,Completed,8066.87,1967.61,6099.26,0.7561
TXN-011526,2022-07-02,Sales,LATAM,Completed,5234.2,1339.81,3894.39,0.744
TXN-010827,2022-07-02,Engineering,LATAM,Completed,6541.21,1917.11,4624.1,0.7069
TXN-006987,2022-07-02,Engineering,APAC,Pending,4343.64,2083.67,2259.9700000000003,0.5203
TXN-003650,2022-07-03,Operations,EMEA,Pending,5674.83,2134.45,3540.38,0.6239
TXN-011359,2022-07-03,Sales,North America,Completed,3274.25,1225.39,2048.8599999999997,0.6257
TXN-009713,2022-07-03,Marketing,APAC,Pending,5761.72,3314.88,2446.84,0.4247
TXN-000472,2022-07-03,Sales,EMEA,Completed,6831.57,1676.67,5154.9,0.7546
TXN-010615,2022-07-03,Marketing,LATAM,Completed,4788.27,1824.44,2963.8300000000004,0.619
TXN-011281,2022-07-03,Customer Support,North America,Pending,4656.66,852.81,3803.85,0.8169
TXN-001333,2022-07-03,Engineering,North America,Completed,5289.7,1165.41,4124.29,0.7797
TXN-001187,2022-07-03,Marketing,APAC,Completed,5152.32,1070.47,4081.8499999999995,0.7922
TXN-004536,2022-07-03,Sales,APAC,Completed,3828.23,183.48,3644.75,0.9521
TXN-006673,2022-07-03,Engineering,EMEA,Pending,5551.93,3097.49,2454.4400000000005,0.4421
TXN-002168,2022-07-03,Marketing,North America,Completed,3139.11,2379.92,759.19,0.2418
TXN-004055,2022-07-03,Engineering,North America,Completed,4482.07,442.21,4039.8599999999997,0.9013
TXN-003089,2022-07-03,Customer Support,LATAM,Completed,1479.35,2615.7,-1136.35,-0.7681
TXN-001412,2022-07-03,Customer Support,EMEA,Completed,4628.69,1500.05,3128.6399999999994,0.6759
TXN-007040,2022-07-03,Sales,North America,Completed,3220.86,756.53,2464.33,0.7651
TXN-011525,2022-07-03,Operations,North America,Completed,7336.6,2997.23,4339.370000000001,0.5915
TXN-006726,2022-07-03,Operations,APAC,Completed,5764.78,1815.7,3949.08,0.685
TXN-008928,2022-07-03,Sales,North America,Completed,5588.32,2588.27,3000.0499999999997,0.5368
TXN-000578,2022-07-04,Engineering,LATAM,Completed,4439.93,2853.25,1586.6800000000003,0.3574
TXN-009527,2022-07-04,Operations,LATAM,Pending,4552.41,1987.96,2564.45,0.5633
TXN-000316,2022-07-04,Sales,LATAM,Completed,5231.01,2248.35,2982.6600000000003,0.5702
TXN-009687,2022-07-04,Customer Support,EMEA,Completed,5884.85,1647.23,4237.620000000001,0.7201
TXN-006272,2022-07-04,Marketing,North America,Completed,7868.04,3598.75,4269.29,0.5426
TXN-011999,2022-07-04,Marketing,LATAM,Completed,6105.4,2756.66,3348.74,0.5485
TXN-000146,2022-07-04,Engineering,North America,Completed,2053.74,1245.64,808.0999999999997,0.3935
TXN-011445,2022-07-04,Marketing,North America,Pending,5748.02,614.47,5133.55,0.8931
TXN-009832,2022-07-04,Marketing,APAC,Completed,6261.95,2081.5,4180.45,0.6676
TXN-003815,2022-07-05,Operations,EMEA,Completed,6123.19,1548.77,4574.42,0.7471
TXN-004119,2022-07-05,Sales,North America,Completed,2671.61,2474.96,196.6500000000001,0.0736
TXN-007849,2022-07-05,Operations,LATAM,Completed,4613.31,3053.04,1560.2700000000004,0.3382
TXN-007920,2022-07-05,Sales,LATAM,Completed,5642.15,1661.51,3980.6399999999994,0.7055
TXN-002120,2022-07-05,Sales,North America,Completed,4134.52,2676.05,1458.4700000000003,0.3528
TXN-008228,2022-07-05,Sales,APAC,Completed,4960.71,730.24,4230.47,0.8528
TXN-011332,2022-07-05,Sales,EMEA,Completed,5860.28,2144.37,3715.91,0.6341
TXN-010031,2022-07-05,Marketing,North America,Completed,5344.62,2697.06,2647.56,0.4954
TXN-007773,2022-07-05,Marketing,EMEA,Completed,5123.23,2697.49,2425.74,0.4735
TXN-010277,2022-07-05,Engineering,APAC,Pending,4617.81,3417.13,1200.6800000000003,0.26
TXN-003123,2022-07-05,Engineering,APAC,Pending,6736.7,1333.24,5403.46,0.8021
TXN-006765,2022-07-05,Customer Support,APAC,Completed,4253.4,2091.63,2161.7699999999995,0.5082
TXN-007524,2022-07-05,Engineering,EMEA,Completed,4452.12,1980.92,2471.2,0.5551
TXN-003433,2022-07-05,Customer Support,North America,Completed,2459.37,2795.59,-336.22000000000025,-0.1367
TXN-004366,2022-07-05,Customer Support,EMEA,Pending,5627.55,1140.71,4486.84,0.7973
TXN-009553,2022-07-06,Sales,North America,Completed,7263.94,1290.88,5973.0599999999995,0.8223
TXN-006000,2022-07-06,Sales,APAC,Completed,3560.86,794.15,2766.71,0.777
TXN-006148,2022-07-06,Customer Support,EMEA,Completed,7167.19,2779.99,4387.2,0.6121
TXN-005402,2022-07-06,Customer Support,EMEA,Completed,3643.37,2037.53,1605.84,0.4408
TXN-005835,2022-07-06,Operations,EMEA,Completed,3454.15,1799.63,1654.52,0.479
TXN-009311,2022-07-06,Marketing,EMEA,Completed,3843.4,1435.44,2407.96,0.6265
TXN-005856,2022-07-06,Marketing,APAC,Completed,3928.35,3345.18,583.1700000000001,0.1485
TXN-008310,2022-07-06,Customer Support,North America,Pending,4921.955,853.31,4068.645,0.8266
TXN-010602,2022-07-06,Sales,LATAM,Completed,4420.85,1936.64,2484.21,0.5619
TXN-009559,2022-07-06,Sales,North America,Completed,4919.65,2127.23,2792.4199999999996,0.5676
TXN-003696,2022-07-06,Operations,APAC,Completed,7157.31,1081.08,6076.2300000000005,0.849
TXN-004140,2022-07-07,Customer Support,APAC,Completed,6095.64,1971.8,4123.84,0.6765
TXN-003944,2022-07-07,Marketing,LATAM,Completed,5989.24,966.36,5022.88,0.8387
TXN-006991,2022-07-07,Operations,LATAM,Completed,3905.02,2906.59,998.4299999999998,0.2557
TXN-001207,2022-07-07,Operations,North America,Pending,7435.86,388.85,7047.009999999999,0.9477
TXN-010714,2022-07-07,Customer Support,North America,Completed,6850.53,1332.8,5517.73,0.8054
TXN-010781,2022-07-07,Marketing,North America,Completed,4801.45,1807.05,2994.3999999999996,0.6236
TXN-002776,2022-07-07,Operations,APAC,Pending,5337.46,1760.4,3577.06,0.6702
TXN-003705,2022-07-07,Operations,EMEA,Completed,4670.85,2075.36,2595.4900000000002,0.5557
TXN-008882,2022-07-07,Customer Support,EMEA,Completed,2905.32,1388.74,1516.5800000000002,0.522
TXN-003212,2022-07-07,Customer Support,EMEA,Completed,6660.51,232.68,6427.83,0.9651
TXN-008874,2022-07-07,Customer Support,LATAM,Completed,3751.88,2404.62,1347.2600000000002,0.3591
TXN-001497,2022-07-07,Customer Support,EMEA,Completed,4550.13,1862.85,2687.28,0.5906
TXN-010153,2022-07-07,Sales,EMEA,Completed,4172.33,1792.3,2380.0299999999997,0.5704
TXN-001616,2022-07-07,Engineering,APAC,Completed,3664.16,2186.27,1477.8899999999999,0.4033
TXN-003490,2022-07-07,Customer Support,LATAM,Completed,5892.53,498.12,5394.41,0.9155
TXN-000872,2022-07-08,Engineering,EMEA,Pending,7777.65,2968.76,4808.889999999999,0.6183
TXN-003464,2022-07-08,Marketing,APAC,Pending,4904.64,1868.42,3036.2200000000003,0.6191
TXN-011998,2022-07-08,Sales,North America,Completed,6124.85,710.09,5414.76,0.8841
TXN-010889,2022-07-08,Operations,North America,Completed,4459.79,841.28,3618.51,0.8114
TXN-010069,2022-07-08,Sales,EMEA,Completed,5979.04,0.0,5979.04,1.0
TXN-008234,2022-07-08,Operations,EMEA,Completed,3615.82,3900.04,-284.2199999999998,-0.0786
TXN-005106,2022-07-08,Engineering,North America,Completed,6292.07,2166.24,4125.83,0.6557
TXN-003509,2022-07-08,Marketing,LATAM,Completed,4496.38,1807.55,2688.83,0.598
TXN-003150,2022-07-08,Operations,APAC,Pending,3770.12,2135.97,1634.15,0.4334
TXN-003132,2022-07-08,Marketing,North America,Completed,4311.12,1512.04,2799.08,0.6493
TXN-006014,2022-07-08,Marketing,APAC,Pending,6707.85,2894.47,3813.3800000000006,0.5685
TXN-001539,2022-07-08,Engineering,EMEA,Completed,5032.62,1357.58,3675.04,0.7302
TXN-006182,2022-07-09,Engineering,North America,Completed,4266.46,3488.01,778.4499999999998,0.1825
TXN-009838,2022-07-09,Operations,LATAM,Completed,6789.86,2751.15,4038.7099999999996,0.5948
TXN-011228,2022-07-09,Operations,LATAM,Completed,3309.87,2375.93,933.94,0.2822
TXN-000366,2022-07-09,Marketing,APAC,Completed,2635.28,2606.88,28.40000000000009,0.0108
TXN-009715,2022-07-09,Marketing,North America,Completed,5480.88,2112.27,3368.61,0.6146
TXN-007173,2022-07-09,Operations,EMEA,Completed,1304.98,2086.98,-782.0,-0.5992
TXN-004223,2022-07-09,Engineering,LATAM,Completed,6275.75,2930.69,3345.06,0.533
TXN-002243,2022-07-09,Engineering,EMEA,Completed,4829.16,1404.41,3424.75,0.7092
TXN-006915,2022-07-09,Sales,APAC,Pending,2654.15,2912.25,-258.0999999999999,-0.0972
TXN-004978,2022-07-09,Customer Support,North America,Completed,2614.57,3054.97,-440.39999999999964,-0.1684
TXN-000698,2022-07-09,Sales,APAC,Completed,5921.31,1613.67,4307.64,0.7275
TXN-002396,2022-07-09,Sales,North America,Pending,4059.38,3879.59,179.78999999999996,0.0443
TXN-002353,2022-07-09,Marketing,EMEA,Pending,1200.09,2230.62,-1030.53,-0.8587
TXN-011689,2022-07-09,Sales,APAC,Completed,7541.72,1850.25,5691.47,0.7547
TXN-004023,2022-07-09,Customer Support,North America,Pending,4578.69,227.91,4350.78,0.9502
TXN-001862,2022-07-09,Engineering,LATAM,Completed,6176.04,2076.23,4099.8099999999995,0.6638
TXN-002112,2022-07-10,Customer Support,North America,Completed,7189.36,1811.58,5377.78,0.748
TXN-007158,2022-07-10,Operations,APAC,Pending,5431.75,1460.91,3970.84,0.731
TXN-002482,2022-07-10,Operations,LATAM,Completed,5943.21,2240.44,3702.77,0.623
TXN-005600,2022-07-10,Engineering,APAC,Completed,4452.95,2160.22,2292.73,0.5149
TXN-006916,2022-07-10,Customer Support,LATAM,Completed,7191.3,1118.82,6072.4800000000005,0.8444
TXN-002325,2022-07-10,Customer Support,North America,Completed,4047.52,1039.94,3007.58,0.7431
TXN-007246,2022-07-10,Sales,APAC,Completed,2880.29,2396.09,484.1999999999998,0.1681
TXN-008291,2022-07-10,Sales,APAC,Completed,3755.35,2174.96,1580.3899999999999,0.4208
TXN-001620,2022-07-10,Marketing,EMEA,Pending,1758.43,1677.89,80.53999999999996,0.0458
TXN-010013,2022-07-11,Sales,EMEA,Completed,3889.36,2215.75,1673.6100000000001,0.4303
TXN-004886,2022-07-11,Sales,EMEA,Completed,6123.11,2317.83,3805.2799999999997,0.6215
TXN-006604,2022-07-11,Operations,APAC,Pending,4278.76,1756.53,2522.2300000000005,0.5895
TXN-006839,2022-07-11,Operations,EMEA,Pending,5267.85,1577.96,3689.8900000000003,0.7005
TXN-003264,2022-07-11,Engineering,LATAM,Completed,1890.98,2515.15,-624.1700000000001,-0.3301
TXN-009680,2022-07-11,Marketing,EMEA,Pending,3754.06,3664.9,89.15999999999985,0.0238
TXN-011852,2022-07-11,Operations,North America,Completed,3365.96,3306.3,59.659999999999854,0.0177
TXN-008768,2022-07-11,Sales,LATAM,Completed,4406.63,2542.9,1863.73,0.4229
TXN-002760,2022-07-11,Operations,APAC,Completed,5040.75,671.14,4369.61,0.8669
TXN-005537,2022-07-11,Engineering,EMEA,Pending,4642.51,2785.86,1856.65,0.3999
TXN-011090,2022-07-11,Marketing,LATAM,Completed,2837.62,3635.53,-797.9100000000003,-0.2812
TXN-008754,2022-07-11,Customer Support,North America,Pending,6151.45,3112.37,3039.08,0.494
TXN-006662,2022-07-11,Marketing,EMEA,Completed,3404.17,1093.44,2310.73,0.6788
TXN-010711,2022-07-11,Customer Support,EMEA,Completed,6262.94,3271.79,2991.1499999999996,0.4776
TXN-011136,2022-07-11,Engineering,LATAM,Pending,5824.9,2561.54,3263.3599999999997,0.5602
TXN-002993,2022-07-12,Marketing,North America,Completed,5759.56,1484.61,4274.950000000001,0.7422
TXN-008942,2022-07-12,Operations,APAC,Completed,3013.81,1102.16,1911.6499999999999,0.6343
TXN-007178,2022-07-12,Customer Support,LATAM,Completed,6921.17,2205.98,4715.1900000000005,0.6813
TXN-010984,2022-07-12,Operations,LATAM,Pending,4971.08,1849.53,3121.55,0.6279
TXN-009217,2022-07-12,Operations,LATAM,Completed,5672.7,2103.93,3568.77,0.6291
TXN-004287,2022-07-12,Engineering,North America,Pending,6025.75,1133.35,4892.4,0.8119
TXN-003980,2022-07-12,Operations,EMEA,Pending,4437.59,2631.9,1805.69,0.4069
TXN-000276,2022-07-12,Sales,EMEA,Pending,6620.97,1791.64,4829.33,0.7294
TXN-010631,2022-07-12,Operations,APAC,Completed,3158.31,3052.27,106.03999999999996,0.0336
TXN-007697,2022-07-12,Customer Support,APAC,Pending,5928.7,2878.55,3050.1499999999996,0.5145
TXN-004232,2022-07-12,Marketing,North America,Completed,5810.32,2952.61,2857.7099999999996,0.4918
TXN-010029,2022-07-12,Sales,LATAM,Completed,3816.88,1437.64,2379.24,0.6233
TXN-011713,2022-07-13,Sales,LATAM,Completed,5029.77,1268.97,3760.8,0.7477
TXN-007398,2022-07-13,Sales,APAC,Completed,4512.95,1216.95,3296.0,0.7303
TXN-006497,2022-07-13,Marketing,APAC,Pending,3688.28,2053.4,1634.88,0.4433
TXN-001858,2022-07-13,Sales,North America,Completed,4313.33,2586.83,1726.5,0.4003
TXN-001375,2022-07-13,Operations,EMEA,Completed,5355.01,1731.0,3624.01,0.6768
TXN-005553,2022-07-13,Sales,APAC,Pending,6372.84,592.07,5780.77,0.9071
TXN-011571,2022-07-13,Engineering,EMEA,Completed,7971.92,2809.12,5162.8,0.6476
TXN-003741,2022-07-13,Sales,LATAM,Pending,5003.05,3433.82,1569.23,0.3137
TXN-001807,2022-07-13,Customer Support,LATAM,Completed,4068.17,2009.37,2058.8,0.5061
TXN-007606,2022-07-14,Engineering,LATAM,Completed,5345.03,1798.61,3546.42,0.6635
TXN-007603,2022-07-14,Engineering,APAC,Completed,3258.51,2124.0,1134.5100000000002,0.3482
TXN-010951,2022-07-14,Engineering,LATAM,Pending,5361.47,1544.81,3816.6600000000003,0.7119
TXN-002298,2022-07-14,Sales,LATAM,Completed,4294.47,1689.85,2604.6200000000003,0.6065
TXN-004744,2022-07-14,Operations,LATAM,Pending,3183.33,2281.99,901.3400000000001,0.2831
TXN-007326,2022-07-14,Customer Support,EMEA,Completed,4728.74,1427.96,3300.7799999999997,0.698
TXN-008605,2022-07-14,Engineering,APAC,Pending,8118.11,2166.14,5951.969999999999,0.7332
TXN-001961,2022-07-14,Sales,North America,Completed,6928.39,3200.78,3727.61,0.538
TXN-004610,2022-07-14,Marketing,North America,Completed,5197.52,1091.89,4105.63,0.7899
TXN-007169,2022-07-14,Marketing,LATAM,Completed,2119.13,2086.42,32.710000000000036,0.0154
TXN-009857,2022-07-15,Customer Support,EMEA,Pending,5414.56,1430.85,3983.7100000000005,0.7357
TXN-007335,2022-07-15,Engineering,APAC,Completed,5272.63,2601.51,2671.12,0.5066
TXN-001470,2022-07-15,Engineering,LATAM,Pending,5136.44,1795.6,3340.8399999999997,0.6504
TXN-007837,2022-07-15,Operations,APAC,Completed,7013.43,1586.42,5427.01,0.7738
TXN-000247,2022-07-15,Sales,North America,Completed,6164.42,357.55,5806.87,0.942
TXN-002391,2022-07-15,Engineering,APAC,Completed,6659.58,1391.95,5267.63,0.791
TXN-000060,2022-07-15,Marketing,APAC,Pending,6024.59,773.33,5251.26,0.8716
TXN-008962,2022-07-15,Operations,EMEA,Completed,6197.83,2466.89,3730.94,0.602
TXN-003106,2022-07-15,Engineering,EMEA,Completed,8867.76,2083.83,6783.93,0.765
TXN-003679,2022-07-15,Sales,APAC,Completed,6829.62,2092.42,4737.2,0.6936
TXN-004878,2022-07-15,Marketing,EMEA,Completed,8319.94,1615.68,6704.26,0.8058
TXN-002881,2022-07-15,Operations,LATAM,Completed,6387.2,2514.57,3872.6299999999997,0.6063
TXN-002141,2022-07-16,Sales,North America,Pending,4961.88,1783.72,3178.16,0.6405
TXN-005994,2022-07-16,Sales,EMEA,Completed,5568.62,1975.61,3593.01,0.6452
TXN-007441,2022-07-16,Customer Support,EMEA,Completed,6517.08,2253.43,4263.65,0.6542
TXN-002277,2022-07-16,Sales,North America,Completed,3143.32,2095.82,1047.5,0.3332
TXN-007082,2022-07-16,Operations,LATAM,Pending,4511.94,1622.01,2889.9299999999994,0.6405
TXN-007393,2022-07-16,Operations,LATAM,Pending,7286.97,2842.43,4444.540000000001,0.6099
TXN-006688,2022-07-16,Sales,North America,Completed,5516.86,3228.24,2288.62,0.4148
TXN-009956,2022-07-16,Sales,EMEA,Completed,5102.83,2981.83,2121.0,0.4157
TXN-002217,2022-07-16,Marketing,APAC,Completed,7376.32,2700.43,4675.889999999999,0.6339
TXN-003537,2022-07-16,Customer Support,APAC,Pending,2955.4,1770.71,1184.69,0.4009
TXN-009030,2022-07-16,Engineering,LATAM,Completed,5950.26,2518.48,3431.78,0.5767
TXN-010991,2022-07-16,Operations,EMEA,Completed,6515.89,3180.33,3335.5600000000004,0.5119
TXN-005208,2022-07-16,Sales,LATAM,Completed,5652.26,2277.87,3374.3900000000003,0.597
TXN-006110,2022-07-16,Customer Support,EMEA,Pending,4464.47,2887.81,1576.6600000000003,0.3532
TXN-011865,2022-07-16,Customer Support,EMEA,Completed,6237.04,2226.15,4010.89,0.6431
TXN-003953,2022-07-16,Engineering,North America,Completed,6782.74,2364.12,4418.62,0.6515
TXN-009446,2022-07-16,Operations,LATAM,Completed,6137.48,2967.89,3169.5899999999997,0.5164
TXN-010133,2022-07-16,Operations,North America,Pending,6741.69,3192.31,3549.3799999999997,0.5265
TXN-010437,2022-07-16,Customer Support,APAC,Completed,5590.18,3514.72,2075.4600000000005,0.3713
TXN-009301,2022-07-16,Operations,LATAM,Completed,4718.64,2185.95,2532.6900000000005,0.5367
TXN-009363,2022-07-16,Customer Support,EMEA,Completed,2986.2,2106.42,879.7799999999997,0.2946
TXN-009292,2022-07-16,Customer Support,APAC,Completed,7693.19,1458.34,6234.849999999999,0.8104
TXN-009722,2022-07-17,Customer Support,LATAM,Completed,3054.72,2840.86,213.85999999999967,0.07
TXN-010451,2022-07-17,Customer Support,EMEA,Pending,6091.91,897.36,5194.55,0.8527
TXN-005083,2022-07-17,Engineering,EMEA,Pending,5593.5,2187.38,3406.12,0.6089
TXN-006597,2022-07-17,Sales,North America,Completed,3651.97,2401.34,1250.6299999999997,0.3425
TXN-007539,2022-07-17,Marketing,EMEA,Pending,5434.25,2491.54,2942.71,0.5415
TXN-004785,2022-07-17,Engineering,EMEA,Completed,6504.3,2006.54,4497.76,0.6915
TXN-002399,2022-07-17,Sales,EMEA,Completed,6699.13,1945.37,4753.76,0.7096
TXN-007966,2022-07-17,Engineering,LATAM,Completed,7213.63,1000.29,6213.34,0.8613
TXN-006094,2022-07-17,Marketing,EMEA,Completed,5200.22,1914.42,3285.8,0.6319
TXN-002228,2022-07-17,Marketing,LATAM,Pending,5629.86,1520.39,4109.469999999999,0.7299
TXN-004016,2022-07-17,Operations,EMEA,Completed,4246.29,2613.73,1632.56,0.3845
TXN-000593,2022-07-17,Marketing,LATAM,Completed,6655.48,2646.92,4008.5599999999995,0.6023
TXN-004730,2022-07-17,Operations,North America,Completed,4823.38,2163.57,2659.81,0.5514
TXN-007899,2022-07-17,Customer Support,EMEA,Pending,4984.965,3000.02,1984.9450000000002,0.3982
TXN-004461,2022-07-18,Sales,North America,Completed,4847.12,2328.7,2518.42,0.5196
TXN-010182,2022-07-18,Engineering,APAC,Completed,2086.39,2343.51,-257.12000000000035,-0.1232
TXN-001847,2022-07-18,Sales,EMEA,Completed,5012.110000000001,1360.83,3651.2800000000007,0.7285
TXN-010313,2022-07-18,Marketing,North America,Completed,4720.4,2489.35,2231.0499999999997,0.4726
TXN-007404,2022-07-18,Engineering,North America,Completed,5675.03,1724.85,3950.18,0.6961
TXN-000307,2022-07-18,Sales,LATAM,Completed,7366.01,1238.41,6127.6,0.8319
TXN-003081,2022-07-18,Sales,EMEA,Pending,4709.34,2295.15,2414.19,0.5126
TXN-011176,2022-07-18,Sales,EMEA,Completed,2591.47,2359.82,231.64999999999964,0.0894
TXN-006017,2022-07-18,Marketing,North America,Completed,7876.08,3113.66,4762.42,0.6047
TXN-011845,2022-07-18,Operations,North America,Completed,5772.58,0.0,5772.58,1.0
TXN-002940,2022-07-18,Sales,North America,Completed,3115.55,2606.45,509.10000000000036,0.1634
TXN-010568,2022-07-18,Engineering,North America,Completed,4530.26,1170.64,3359.62,0.7416
TXN-001903,2022-07-18,Operations,LATAM,Completed,5806.27,2845.84,2960.4300000000003,0.5099
TXN-000986,2022-07-18,Customer Support,LATAM,Completed,6147.51,1824.12,4323.39,0.7033
TXN-010349,2022-07-19,Customer Support,APAC,Pending,4089.88,1717.92,2371.96,0.58
TXN-005634,2022-07-19,Operations,North America,Pending,5529.56,2369.98,3159.5800000000004,0.5714
TXN-002937,2022-07-19,Engineering,LATAM,Completed,5022.95,1037.35,3985.6,0.7935
TXN-000003,2022-07-19,Sales,APAC,Pending,5905.0,1681.43,4223.57,0.7153
TXN-002918,2022-07-19,Engineering,APAC,Pending,6693.42,1833.24,4860.18,0.7261
TXN-007820,2022-07-19,Customer Support,LATAM,Completed,4103.47,1683.07,2420.4000000000005,0.5898
TXN-008720,2022-07-19,Marketing,North America,Completed,4827.42,2550.64,2276.78,0.4716
TXN-007674,2022-07-19,Sales,EMEA,Pending,2156.84,2100.54,56.30000000000018,0.0261
TXN-007094,2022-07-19,Operations,LATAM,Pending,3913.56,1467.86,2445.7,0.6249
TXN-000754,2022-07-19,Marketing,APAC,Completed,5386.66,1570.39,3816.2699999999995,0.7085
TXN-002334,2022-07-19,Operations,LATAM,Completed,4730.36,1192.84,3537.5199999999995,0.7478
TXN-008956,2022-07-19,Sales,North America,Completed,6434.08,2094.97,4339.110000000001,0.6744
TXN-003593,2022-07-20,Sales,LATAM,Completed,6702.17,1885.15,4817.02,0.7187
TXN-000794,2022-07-20,Customer Support,APAC,Completed,3712.81,2261.19,1451.62,0.391
TXN-005440,2022-07-20,Engineering,LATAM,Completed,3558.42,1873.58,1684.8400000000001,0.4735
TXN-006600,2022-07-20,Marketing,EMEA,Completed,2733.28,2015.55,717.7300000000002,0.2626
TXN-008430,2022-07-20,Marketing,APAC,Pending,3547.19,2831.55,715.6399999999999,0.2017
TXN-011672,2022-07-20,Customer Support,APAC,Completed,4997.72,2744.02,2253.7000000000003,0.4509
TXN-008784,2022-07-20,Customer Support,LATAM,Completed,5607.51,2032.81,3574.7000000000003,0.6375
TXN-011691,2022-07-20,Sales,North America,Completed,4186.23,2138.58,2047.6499999999996,0.4891
TXN-006401,2022-07-20,Customer Support,EMEA,Completed,5073.4,2387.47,2685.93,0.5294
TXN-003452,2022-07-20,Customer Support,North America,Completed,5589.53,3295.78,2293.7499999999995,0.4104
TXN-010792,2022-07-20,Engineering,EMEA,Completed,6188.76,1085.03,5103.7300000000005,0.8247
TXN-002088,2022-07-20,Operations,LATAM,Pending,5189.75,1677.96,3511.79,0.6767
TXN-009778,2022-07-20,Customer Support,North America,Completed,3078.07,2497.23,580.8400000000001,0.1887
TXN-002035,2022-07-20,Marketing,EMEA,Completed,4789.75,2150.09,2639.66,0.5511
TXN-004000,2022-07-20,Engineering,APAC,Pending,5126.19,1563.49,3562.7,0.695
TXN-003184,2022-07-20,Engineering,LATAM,Pending,5688.2,1364.76,4323.44,0.7601
TXN-000819,2022-07-21,Marketing,North America,Pending,7334.18,1006.87,6327.31,0.8627
TXN-008654,2022-07-21,Engineering,LATAM,Completed,5449.06,2026.52,3422.5400000000004,0.6281
TXN-011482,2022-07-21,Marketing,North America,Pending,4378.32,1566.5,2811.8199999999997,0.6422
TXN-005993,2022-07-21,Customer Support,LATAM,Completed,3626.49,1091.4,2535.0899999999997,0.699
TXN-009195,2022-07-21,Customer Support,LATAM,Completed,3959.76,2643.37,1316.3900000000003,0.3324
TXN-004607,2022-07-21,Customer Support,EMEA,Pending,3081.84,3106.86,-25.019999999999982,-0.0081
TXN-007631,2022-07-21,Engineering,North America,Completed,3324.7,703.4,2621.2999999999997,0.7884
TXN-001519,2022-07-21,Marketing,LATAM,Pending,3687.81,1438.13,2249.68,0.61
TXN-000482,2022-07-21,Sales,North America,Completed,4321.01,380.4,3940.61,0.912
TXN-007467,2022-07-21,Operations,LATAM,Pending,5823.51,2183.78,3639.73,0.625
TXN-001434,2022-07-21,Operations,North America,Completed,5355.17,2354.48,3000.69,0.5603
TXN-006304,2022-07-21,Engineering,EMEA,Pending,4544.13,2114.0,2430.13,0.5348
TXN-008694,2022-07-22,Engineering,EMEA,Completed,4801.38,1349.75,3451.63,0.7189
TXN-008728,2022-07-22,Sales,APAC,Completed,2570.75,1693.32,877.4300000000001,0.3413
TXN-003368,2022-07-22,Engineering,North America,Pending,4887.73,2802.71,2085.0199999999995,0.4266
TXN-008480,2022-07-22,Operations,North America,Completed,5722.56,2066.37,3656.1900000000005,0.6389
TXN-004541,2022-07-22,Marketing,EMEA,Pending,5539.81,1436.6,4103.210000000001,0.7407
TXN-009871,2022-07-22,Engineering,North America,Completed,4707.41,2060.31,2647.1,0.5623
TXN-005652,2022-07-22,Sales,APAC,Completed,6543.65,1488.94,5054.709999999999,0.7725
TXN-010211,2022-07-22,Engineering,LATAM,Pending,3083.23,2042.36,1040.8700000000001,0.3376
TXN-010261,2022-07-22,Customer Support,EMEA,Completed,4906.41,965.18,3941.23,0.8033
TXN-006121,2022-07-22,Sales,LATAM,Completed,8726.61,1580.12,7146.490000000001,0.8189
TXN-000290,2022-07-22,Operations,North America,Completed,4724.6,2205.57,2519.03,0.5332
TXN-001460,2022-07-22,Sales,LATAM,Completed,6314.32,2750.66,3563.66,0.5644
TXN-004676,2022-07-22,Marketing,EMEA,Completed,5410.41,3030.99,2379.42,0.4398
TXN-004510,2022-07-22,Customer Support,APAC,Completed,5288.62,3901.13,1387.4899999999998,0.2624
TXN-010494,2022-07-22,Customer Support,LATAM,Completed,2649.09,2377.22,271.87000000000035,0.1026
TXN-001982,2022-07-23,Marketing,EMEA,Completed,5421.84,2224.3,3197.54,0.5898
TXN-005960,2022-07-23,Engineering,APAC,Completed,4337.12,1281.61,3055.51,0.7045
TXN-005177,2022-07-23,Marketing,North America,Completed,3711.34,2942.79,768.5500000000002,0.2071
TXN-004595,2022-07-23,Engineering,EMEA,Completed,3717.02,1902.01,1815.01,0.4883
TXN-002739,2022-07-23,Sales,North America,Completed,6132.62,1470.57,4662.05,0.7602
TXN-000845,2022-07-23,Sales,APAC,Completed,5487.72,2278.86,3208.86,0.5847
TXN-002452,2022-07-23,Marketing,LATAM,Completed,4386.69,2538.16,1848.5299999999997,0.4214
TXN-009476,2022-07-23,Customer Support,North America,Completed,6913.39,514.34,6399.05,0.9256
TXN-006134,2022-07-23,Customer Support,North America,Completed,2682.55,1789.18,893.3700000000001,0.333
TXN-007730,2022-07-23,Engineering,LATAM,Completed,5955.71,1170.84,4784.87,0.8034
TXN-001471,2022-07-23,Customer Support,APAC,Pending,3432.5,3574.5,-142.0,-0.0414
TXN-000856,2022-07-23,Customer Support,LATAM,Completed,6725.39,1309.58,5415.81,0.8053
TXN-005233,2022-07-24,Customer Support,North America,Completed,3717.35,2001.44,1715.9099999999999,0.4616
TXN-007212,2022-07-24,Engineering,North America,Pending,4854.36,206.69,4647.67,0.9574
TXN-009943,2022-07-24,Sales,EMEA,Completed,5488.3,2752.93,2735.3700000000003,0.4984
TXN-004060,2022-07-24,Sales,APAC,Pending,6407.67,952.52,5455.15,0.8513
TXN-008797,2022-07-24,Marketing,APAC,Pending,8184.16,2723.2,5460.96,0.6673
TXN-004802,2022-07-24,Marketing,LATAM,Completed,4256.94,1560.31,2696.6299999999997,0.6335
TXN-006077,2022-07-24,Sales,LATAM,Pending,2561.58,3223.86,-662.2800000000002,-0.2585
TXN-003029,2022-07-24,Operations,LATAM,Pending,5492.33,2166.88,3325.45,0.6055
TXN-011816,2022-07-24,Sales,EMEA,Pending,5673.87,1701.05,3972.8199999999997,0.7002
TXN-002083,2022-07-24,Engineering,EMEA,Completed,3513.78,2106.93,1406.8500000000004,0.4004
TXN-002817,2022-07-24,Engineering,LATAM,Completed,6545.29,2028.88,4516.41,0.69
TXN-010140,2022-07-24,Marketing,APAC,Completed,6558.04,2091.57,4466.469999999999,0.6811
TXN-010806,2022-07-25,Engineering,APAC,Completed,5990.64,1768.33,4222.31,0.7048
TXN-003868,2022-07-25,Sales,APAC,Completed,6898.82,3553.81,3345.0099999999998,0.4849
TXN-007455,2022-07-25,Engineering,North America,Completed,3578.94,2722.41,856.5300000000002,0.2393
TXN-008374,2022-07-25,Sales,LATAM,Completed,5847.02,1808.5,4038.5200000000004,0.6907
TXN-010524,2022-07-25,Marketing,North America,Completed,3902.75,2017.68,1885.07,0.483
TXN-008941,2022-07-25,Marketing,EMEA,Completed,3577.61,1507.16,2070.45,0.5787
TXN-004849,2022-07-25,Engineering,EMEA,Completed,4962.69,3076.31,1886.3799999999997,0.3801
TXN-007351,2022-07-25,Customer Support,EMEA,Completed,4935.91,3119.56,1816.35,0.368
TXN-009389,2022-07-25,Engineering,LATAM,Completed,6423.19,3161.93,3261.2599999999998,0.5077
TXN-008255,2022-07-25,Sales,EMEA,Pending,5057.05,2709.85,2347.2000000000003,0.4641
TXN-006128,2022-07-26,Marketing,North America,Pending,812.38,1742.3,-929.92,-1.1447
TXN-004018,2022-07-26,Engineering,APAC,Completed,4117.83,0.0,4117.83,1.0
TXN-000801,2022-07-26,Customer Support,APAC,Completed,6211.59,2064.19,4147.4,0.6677
TXN-004640,2022-07-26,Engineering,North America,Completed,3820.61,442.09,3378.52,0.8843
TXN-007739,2022-07-26,Operations,LATAM,Completed,7054.82,2452.85,4601.969999999999,0.6523
TXN-005854,2022-07-26,Sales,LATAM,Completed,6460.51,2862.44,3598.07,0.5569
TXN-009348,2022-07-26,Sales,APAC,Completed,4870.28,2843.65,2026.6299999999997,0.4161
TXN-001637,2022-07-26,Sales,North America,Completed,6985.92,1607.03,5378.89,0.77
TXN-006189,2022-07-27,Marketing,APAC,Completed,4575.44,2843.61,1731.8299999999995,0.3785
TXN-004184,2022-07-27,Customer Support,North America,Completed,3895.19,1151.81,2743.38,0.7043
TXN-002689,2022-07-27,Marketing,APAC,Pending,4547.3,3478.45,1068.8500000000004,0.2351
TXN-003668,2022-07-27,Customer Support,EMEA,Completed,5533.94,2501.78,3032.1599999999994,0.5479
TXN-010796,2022-07-27,Engineering,North America,Completed,4895.85,2202.09,2693.76,0.5502
TXN-002382,2022-07-27,Operations,LATAM,Pending,5933.47,0.0,5933.47,1.0
TXN-009494,2022-07-27,Operations,APAC,Completed,4741.89,1576.41,3165.4800000000005,0.6676
TXN-009783,2022-07-27,Customer Support,North America,Completed,3025.1,1197.88,1827.2199999999998,0.604
TXN-008012,2022-07-27,Customer Support,North America,Pending,4802.01,1737.72,3064.29,0.6381
TXN-003028,2022-07-27,Sales,APAC,Pending,5006.9,3129.05,1877.8499999999995,0.3751
TXN-011105,2022-07-27,Customer Support,North America,Completed,4333.46,589.53,3743.9300000000003,0.864
TXN-001991,2022-07-27,Customer Support,APAC,Completed,4600.65,3565.74,1034.9099999999999,0.2249
TXN-011541,2022-07-27,Marketing,North America,Completed,4857.09,3104.73,1752.3600000000001,0.3608
TXN-003230,2022-07-27,Customer Support,APAC,Completed,5633.45,1894.46,3738.99,0.6637
TXN-011181,2022-07-27,Sales,LATAM,Completed,6345.45,3394.66,2950.79,0.465
TXN-001574,2022-07-28,Marketing,APAC,Completed,4344.48,3045.61,1298.8699999999994,0.299
TXN-006587,2022-07-28,Marketing,North America,Completed,5356.15,1367.4,3988.7499999999995,0.7447
TXN-010014,2022-07-28,Marketing,LATAM,Completed,5182.2,3136.47,2045.73,0.3948
TXN-001168,2022-07-28,Operations,North America,Completed,4888.94,2146.36,2742.5799999999995,0.561
TXN-008523,2022-07-28,Sales,APAC,Completed,3632.0,1536.1,2095.9,0.5771
TXN-005430,2022-07-28,Engineering,EMEA,Pending,5010.14,2265.29,2744.8500000000004,0.5479
TXN-002443,2022-07-28,Operations,North America,Completed,6865.41,1343.71,5521.7,0.8043
TXN-007032,2022-07-28,Operations,LATAM,Completed,3709.23,718.8,2990.4300000000003,0.8062
TXN-007990,2022-07-28,Customer Support,LATAM,Pending,4250.01,2799.49,1450.5200000000004,0.3413
TXN-000834,2022-07-28,Operations,EMEA,Completed,5884.05,3590.84,2293.21,0.3897
TXN-005716,2022-07-28,Sales,APAC,Pending,5074.5,2002.37,3072.13,0.6054
TXN-002216,2022-07-29,Sales,LATAM,Pending,6480.16,1897.27,4582.889999999999,0.7072
TXN-007520,2022-07-29,Sales,EMEA,Completed,6050.63,3017.34,3033.29,0.5013
TXN-009472,2022-07-29,Marketing,LATAM,Pending,5780.08,3565.87,2214.21,0.3831
TXN-010728,2022-07-29,Sales,LATAM,Pending,3494.38,1915.63,1578.75,0.4518
TXN-007683,2022-07-29,Customer Support,EMEA,Completed,6584.09,971.01,5613.08,0.8525
TXN-011219,2022-07-29,Marketing,LATAM,Pending,5269.64,797.04,4472.6,0.8487
TXN-009295,2022-07-29,Engineering,North America,Completed,6228.56,2125.56,4103.0,0.6587
TXN-001523,2022-07-30,Customer Support,North America,Completed,6279.89,1409.69,4870.200000000001,0.7755
TXN-002306,2022-07-30,Engineering,APAC,Completed,4311.38,1521.04,2790.34,0.6472
TXN-009451,2022-07-30,Sales,EMEA,Completed,3748.09,2851.98,896.1100000000001,0.2391
TXN-001092,2022-07-30,Sales,North America,Pending,2883.17,3249.29,-366.1199999999999,-0.127
TXN-003781,2022-07-30,Operations,North America,Completed,2724.52,2695.63,28.889999999999873,0.0106
TXN-003797,2022-07-30,Sales,LATAM,Completed,4047.55,2536.79,1510.7600000000002,0.3733
TXN-003115,2022-07-30,Sales,APAC,Completed,5265.69,1846.94,3418.7499999999995,0.6493
TXN-001327,2022-07-30,Marketing,APAC,Completed,6524.87,1465.73,5059.139999999999,0.7754
TXN-010584,2022-07-30,Operations,EMEA,Completed,5341.24,1651.23,3690.0099999999998,0.6909
TXN-004130,2022-07-30,Operations,LATAM,Completed,2898.48,1975.93,922.55,0.3183
TXN-011670,2022-07-30,Sales,EMEA,Completed,6912.77,1715.73,5197.040000000001,0.7518
TXN-005324,2022-07-30,Customer Support,LATAM,Completed,4191.78,2559.87,1631.9099999999999,0.3893
TXN-008744,2022-07-30,Marketing,North America,Completed,5504.74,2219.42,3285.3199999999997,0.5968
TXN-004509,2022-07-30,Engineering,LATAM,Completed,4279.73,2631.89,1647.8399999999997,0.385
TXN-000585,2022-07-30,Operations,LATAM,Completed,6743.14,2804.24,3938.9000000000005,0.5841
TXN-007572,2022-07-31,Marketing,North America,Completed,3540.64,2641.16,899.48,0.254
TXN-010262,2022-07-31,Marketing,APAC,Pending,5652.13,2630.47,3021.6600000000003,0.5346
TXN-002652,2022-07-31,Engineering,North America,Completed,4929.5650000000005,3096.27,1833.2950000000005,0.3719
TXN-000051,2022-07-31,Customer Support,North America,Pending,3401.01,1596.85,1804.1600000000003,0.5305
TXN-002896,2022-07-31,Engineering,APAC,Completed,2632.91,2215.67,417.2399999999998,0.1585
TXN-000680,2022-07-31,Engineering,EMEA,Pending,6014.18,1435.87,4578.31,0.7613
TXN-001691,2022-07-31,Operations,LATAM,Completed,5825.13,1043.55,4781.58,0.8209
TXN-005912,2022-07-31,Operations,EMEA,Completed,3858.17,937.8,2920.37,0.7569
TXN-007005,2022-07-31,Engineering,APAC,Completed,4813.37,2281.51,2531.8599999999997,0.526
TXN-011221,2022-07-31,Engineering,North America,Completed,2111.7,992.72,1118.9799999999998,0.5299
TXN-005869,2022-07-31,Engineering,EMEA,Completed,3472.71,1429.07,2043.64,0.5885
TXN-002870,2022-07-31,Engineering,EMEA,Completed,6486.43,0.0,6486.43,1.0
TXN-008440,2022-07-31,Customer Support,APAC,Pending,3690.92,1987.68,1703.24,0.4615
TXN-006416,2022-08-01,Operations,LATAM,Completed,3642.06,1964.56,1677.5,0.4606
TXN-007633,2022-08-01,Operations,North America,Completed,4386.89,2322.21,2064.6800000000003,0.4706
TXN-005859,2022-08-01,Engineering,EMEA,Completed,5671.74,1551.3,4120.44,0.7265
TXN-008447,2022-08-01,Engineering,North America,Completed,6061.4,1350.94,4710.459999999999,0.7771
TXN-006924,2022-08-01,Customer Support,APAC,Completed,4616.97,1741.08,2875.8900000000003,0.6229
TXN-006690,2022-08-01,Engineering,LATAM,Completed,4281.53,1164.58,3116.95,0.728
TXN-008287,2022-08-01,Marketing,APAC,Completed,4004.57,2708.26,1296.31,0.3237
TXN-006945,2022-08-01,Customer Support,EMEA,Completed,4195.77,2420.51,1775.2600000000002,0.4231
TXN-004829,2022-08-01,Customer Support,EMEA,Completed,4305.5,1160.27,3145.23,0.7305
TXN-005421,2022-08-01,Marketing,EMEA,Completed,6096.13,757.95,5338.18,0.8757
TXN-007469,2022-08-01,Sales,EMEA,Pending,5377.65,2991.89,2385.7599999999998,0.4436
TXN-002919,2022-08-01,Engineering,North America,Completed,3141.67,2071.55,1070.12,0.3406
TXN-005646,2022-08-01,Operations,APAC,Completed,5024.13,1077.29,3946.84,0.7856
TXN-006035,2022-08-01,Sales,EMEA,Completed,5011.33,2835.52,2175.81,0.4342
TXN-003736,2022-08-01,Engineering,North America,Pending,5210.57,2011.09,3199.4799999999996,0.614
TXN-007064,2022-08-01,Engineering,North America,Pending,6408.09,1614.19,4793.9,0.7481
TXN-007957,2022-08-01,Marketing,EMEA,Completed,5694.01,1149.38,4544.63,0.7981
TXN-007908,2022-08-02,Customer Support,EMEA,Completed,5333.07,1888.19,3444.8799999999997,0.6459
TXN-008515,2022-08-02,Operations,APAC,Completed,3556.88,566.09,2990.79,0.8408
TXN-007794,2022-08-02,Operations,EMEA,Completed,4476.73,1569.26,2907.4699999999993,0.6495
TXN-010656,2022-08-02,Sales,LATAM,Completed,5533.82,1678.48,3855.3399999999997,0.6967
TXN-004985,2022-08-02,Customer Support,EMEA,Completed,5513.56,2553.54,2960.0200000000004,0.5369
TXN-007375,2022-08-02,Customer Support,LATAM,Pending,4095.08,960.87,3134.21,0.7654
TXN-003286,2022-08-02,Engineering,EMEA,Pending,4069.7,1064.43,3005.2699999999995,0.7385
TXN-000459,2022-08-02,Operations,APAC,Completed,5059.18,1368.66,3690.5200000000004,0.7295
TXN-004217,2022-08-02,Customer Support,EMEA,Completed,4916.41,294.81,4621.599999999999,0.94
TXN-005676,2022-08-02,Marketing,LATAM,Completed,6331.08,2973.3,3357.7799999999997,0.5304
TXN-002048,2022-08-02,Marketing,LATAM,Completed,4623.56,2419.83,2203.7300000000005,0.4766
TXN-008546,2022-08-02,Operations,North America,Completed,7212.39,1315.41,5896.9800000000005,0.8176
TXN-001747,2022-08-02,Marketing,APAC,Pending,4980.43,953.68,4026.7500000000005,0.8085
TXN-002431,2022-08-02,Operations,EMEA,Completed,5397.39,2083.11,3314.28,0.6141
TXN-000590,2022-08-02,Operations,North America,Completed,4472.86,2353.0,2119.8599999999997,0.4739
TXN-000624,2022-08-02,Engineering,EMEA,Completed,3959.8,2269.39,1690.4100000000003,0.4269
TXN-000828,2022-08-02,Marketing,EMEA,Completed,6214.44,3341.19,2873.2499999999995,0.4624
TXN-000321,2022-08-02,Marketing,North America,Completed,4731.06,1751.92,2979.1400000000003,0.6297
TXN-009249,2022-08-03,Marketing,EMEA,Completed,6099.55,1266.42,4833.13,0.7924
TXN-000854,2022-08-03,Marketing,APAC,Completed,2455.28,2190.44,264.84000000000015,0.1079
TXN-007665,2022-08-03,Customer Support,APAC,Completed,3126.83,1897.99,1228.84,0.393
TXN-010552,2022-08-03,Operations,APAC,Completed,5059.18,1091.28,3967.9000000000005,0.7843
TXN-003244,2022-08-03,Marketing,LATAM,Completed,4975.51,463.75,4511.76,0.9068
TXN-002904,2022-08-03,Customer Support,North America,Completed,6603.21,1563.65,5039.5599999999995,0.7632
TXN-011602,2022-08-03,Customer Support,North America,Completed,5148.94,2168.05,2980.8899999999994,0.5789
TXN-002651,2022-08-03,Marketing,LATAM,Completed,4602.63,2208.86,2393.77,0.5201
TXN-009949,2022-08-03,Sales,LATAM,Completed,2818.08,3740.89,-922.81,-0.3275
TXN-010027,2022-08-03,Engineering,LATAM,Completed,7867.7,2133.86,5733.84,0.7288
TXN-010519,2022-08-03,Sales,APAC,Completed,3362.46,3170.11,192.3499999999999,0.0572
TXN-011047,2022-08-03,Operations,APAC,Pending,6545.19,2002.17,4543.0199999999995,0.6941
TXN-007870,2022-08-03,Customer Support,LATAM,Pending,5530.21,2730.79,2799.42,0.5062
TXN-001316,2022-08-04,Marketing,LATAM,Completed,4257.99,3230.51,1027.4799999999996,0.2413
TXN-010365,2022-08-04,Operations,North America,Pending,5314.64,1687.46,3627.1800000000003,0.6825
TXN-009803,2022-08-04,Marketing,North America,Completed,7128.76,2427.09,4701.67,0.6595
TXN-007835,2022-08-04,Marketing,North America,Completed,4827.42,657.67,4169.75,0.8638
TXN-006837,2022-08-04,Sales,EMEA,Completed,5572.08,3078.66,2493.42,0.4475
TXN-004201,2022-08-04,Customer Support,North America,Completed,4012.52,2552.82,1459.6999999999998,0.3638
TXN-000597,2022-08-04,Operations,APAC,Completed,6177.18,1854.58,4322.6,0.6998
TXN-004546,2022-08-04,Customer Support,LATAM,Completed,5765.11,3367.28,2397.8299999999995,0.4159
TXN-006756,2022-08-04,Sales,APAC,Completed,5311.42,3071.52,2239.9,0.4217
TXN-008230,2022-08-04,Customer Support,North America,Completed,6631.5,1552.36,5079.14,0.7659
TXN-003069,2022-08-04,Operations,APAC,Completed,4248.06,2052.39,2195.6700000000005,0.5169
TXN-000567,2022-08-04,Engineering,APAC,Completed,5981.62,2325.53,3656.0899999999997,0.6112
TXN-009183,2022-08-04,Operations,APAC,Pending,5929.58,3286.3,2643.2799999999997,0.4458
TXN-003297,2022-08-04,Operations,LATAM,Completed,5427.44,1190.05,4237.389999999999,0.7807
TXN-002113,2022-08-04,Operations,EMEA,Pending,6072.24,2488.78,3583.4599999999996,0.5901
TXN-002877,2022-08-04,Engineering,LATAM,Completed,6092.82,2114.83,3977.99,0.6529
TXN-005933,2022-08-04,Operations,LATAM,Completed,4516.87,1092.58,3424.29,0.7581
TXN-006677,2022-08-04,Marketing,EMEA,Completed,2043.9,2157.34,-113.44000000000005,-0.0555
TXN-010854,2022-08-04,Customer Support,EMEA,Completed,2810.18,2947.93,-137.75,-0.049
TXN-006705,2022-08-05,Operations,EMEA,Completed,6202.16,1477.05,4725.11,0.7618
TXN-001611,2022-08-05,Operations,APAC,Completed,2372.97,401.18,1971.7899999999997,0.8309
TXN-011033,2022-08-05,Customer Support,APAC,Completed,5631.68,2360.43,3271.2500000000005,0.5809
TXN-007702,2022-08-05,Customer Support,North America,Pending,5100.06,2890.19,2209.8700000000003,0.4333
TXN-011286,2022-08-05,Customer Support,EMEA,Completed,4925.18,1356.77,3568.4100000000003,0.7245
TXN-010330,2022-08-05,Customer Support,LATAM,Completed,6125.86,1515.96,4609.9,0.7525
TXN-001881,2022-08-05,Customer Support,North America,Completed,4888.87,2131.74,2757.13,0.564
TXN-000211,2022-08-05,Engineering,EMEA,Pending,5711.09,1938.98,3772.11,0.6605
TXN-007284,2022-08-05,Customer Support,North America,Completed,3814.28,926.13,2888.15,0.7572
TXN-002862,2022-08-05,Engineering,LATAM,Completed,9134.22,2168.59,6965.629999999999,0.7626
TXN-008685,2022-08-06,Marketing,EMEA,Completed,5842.11,1670.74,4171.37,0.714
TXN-010253,2022-08-06,Marketing,LATAM,Pending,6062.93,739.02,5323.91,0.8781
TXN-007843,2022-08-06,Customer Support,APAC,Pending,4994.69,1932.66,3062.0299999999997,0.6131
TXN-011413,2022-08-06,Customer Support,LATAM,Completed,5524.61,1490.33,4034.2799999999997,0.7302
TXN-010547,2022-08-06,Sales,EMEA,Pending,6006.7,1687.63,4319.07,0.719
TXN-005172,2022-08-06,Sales,EMEA,Completed,4792.91,2189.26,2603.6499999999996,0.5432
TXN-004453,2022-08-06,Customer Support,EMEA,Completed,7759.83,1444.72,6315.11,0.8138
TXN-006573,2022-08-06,Marketing,North America,Completed,6533.9,2546.39,3987.5099999999998,0.6103
TXN-003450,2022-08-06,Engineering,LATAM,Completed,5248.35,1893.81,3354.5400000000004,0.6392
TXN-007566,2022-08-06,Engineering,North America,Completed,5689.51,3633.33,2056.1800000000003,0.3614
TXN-009971,2022-08-06,Marketing,APAC,Pending,4706.89,651.91,4054.9800000000005,0.8615
TXN-004512,2022-08-06,Marketing,North America,Pending,6278.34,957.95,5320.39,0.8474
TXN-000761,2022-08-06,Marketing,North America,Completed,5277.2,3274.86,2002.3399999999997,0.3794
TXN-007197,2022-08-06,Customer Support,APAC,Completed,3732.71,2402.0,1330.71,0.3565
TXN-008386,2022-08-06,Customer Support,LATAM,Pending,4057.29,749.49,3307.8,0.8153
TXN-006347,2022-08-06,Operations,APAC,Completed,4688.07,2102.03,2586.0399999999995,0.5516
TXN-008790,2022-08-06,Marketing,LATAM,Pending,6432.24,2375.29,4056.95,0.6307
TXN-009831,2022-08-07,Operations,LATAM,Pending,5878.95,3152.75,2726.2,0.4637
TXN-008254,2022-08-07,Engineering,EMEA,Completed,5593.46,2042.87,3550.59,0.6348
TXN-002293,2022-08-07,Marketing,LATAM,Completed,8015.33,3029.68,4985.65,0.622
TXN-004779,2022-08-07,Customer Support,EMEA,Completed,5145.36,1153.97,3991.3899999999994,0.7757
TXN-003952,2022-08-07,Sales,APAC,Completed,7381.77,2536.4,4845.370000000001,0.6564
TXN-008602,2022-08-07,Marketing,North America,Pending,6072.43,1243.14,4829.29,0.7953
TXN-004341,2022-08-07,Customer Support,LATAM,Pending,5450.64,2037.17,3413.4700000000003,0.6263
TXN-001775,2022-08-07,Operations,North America,Completed,7324.6,1619.74,5704.860000000001,0.7789
TXN-001419,2022-08-07,Operations,EMEA,Completed,4993.44,2917.62,2075.8199999999997,0.4157
TXN-004880,2022-08-07,Marketing,North America,Completed,3637.56,2036.29,1601.27,0.4402
TXN-008376,2022-08-07,Marketing,EMEA,Pending,5093.1,4021.48,1071.6200000000003,0.2104
TXN-004233,2022-08-07,Operations,North America,Completed,6757.02,1722.3,5034.72,0.7451
TXN-007661,2022-08-07,Customer Support,LATAM,Pending,7086.85,2790.49,4296.360000000001,0.6062
TXN-001623,2022-08-07,Engineering,LATAM,Pending,5138.75,1818.42,3320.33,0.6461
TXN-010455,2022-08-07,Engineering,LATAM,Completed,5653.69,1879.47,3774.2199999999993,0.6676
TXN-008806,2022-08-08,Operations,EMEA,Completed,4651.65,2346.01,2305.6399999999994,0.4957
TXN-005916,2022-08-08,Operations,North America,Completed,6358.06,2504.71,3853.3500000000004,0.6061
TXN-007946,2022-08-08,Customer Support,North America,Completed,6523.94,1909.95,4613.99,0.7072
TXN-002578,2022-08-08,Customer Support,APAC,Completed,7150.54,1070.13,6080.41,0.8503
TXN-004085,2022-08-08,Operations,LATAM,Completed,6961.21,3043.43,3917.78,0.5628
TXN-010858,2022-08-08,Operations,LATAM,Completed,1602.23,1171.21,431.02,0.269
TXN-010687,2022-08-08,Marketing,APAC,Completed,4903.34,1657.01,3246.33,0.6621
TXN-006959,2022-08-08,Customer Support,LATAM,Completed,6384.12,2232.72,4151.4,0.6503
TXN-004736,2022-08-08,Marketing,APAC,Pending,5619.98,888.09,4731.889999999999,0.842
TXN-005038,2022-08-08,Operations,APAC,Completed,5531.94,1910.82,3621.12,0.6546
TXN-005011,2022-08-08,Sales,North America,Completed,4563.61,1722.23,2841.3799999999997,0.6226
TXN-008725,2022-08-08,Operations,LATAM,Completed,5659.44,2540.39,3119.0499999999997,0.5511
TXN-010957,2022-08-08,Customer Support,LATAM,Completed,3567.08,494.21,3072.87,0.8615
TXN-007224,2022-08-08,Marketing,LATAM,Pending,4143.69,2030.0,2113.6899999999996,0.5101
TXN-010750,2022-08-09,Operations,LATAM,Completed,5393.2,1983.59,3409.6099999999997,0.6322
TXN-009421,2022-08-09,Engineering,North America,Completed,5302.65,3196.77,2105.8799999999997,0.3971
TXN-007839,2022-08-09,Operations,APAC,Completed,4482.33,266.14,4216.19,0.9406
TXN-006524,2022-08-09,Engineering,APAC,Completed,2910.73,979.31,1931.42,0.6636
TXN-004074,2022-08-09,Customer Support,North America,Completed,3734.0,2769.82,964.1799999999998,0.2582
TXN-000505,2022-08-09,Marketing,North America,Completed,6141.06,2103.76,4037.3,0.6574
TXN-010457,2022-08-09,Sales,LATAM,Pending,3301.1,2308.96,992.1399999999999,0.3005
TXN-010476,2022-08-09,Sales,APAC,Completed,9369.15,450.72,8918.43,0.9519
TXN-010815,2022-08-09,Customer Support,APAC,Pending,7914.77,862.77,7052.0,0.891
TXN-009962,2022-08-09,Customer Support,North America,Completed,6090.84,2406.62,3684.2200000000003,0.6049
TXN-004389,2022-08-09,Engineering,EMEA,Completed,4789.21,2219.27,2569.94,0.5366
TXN-011006,2022-08-09,Sales,APAC,Completed,5437.85,1135.8,4302.05,0.7911
TXN-011961,2022-08-09,Customer Support,LATAM,Completed,5786.89,1285.98,4500.91,0.7778
TXN-008578,2022-08-09,Marketing,North America,Pending,4100.19,1185.75,2914.4399999999996,0.7108
TXN-009089,2022-08-10,Sales,LATAM,Completed,5251.43,2562.78,2688.65,0.512
TXN-000364,2022-08-10,Engineering,EMEA,Completed,4214.34,1269.72,2944.62,0.6987
TXN-004052,2022-08-10,Operations,North America,Completed,4892.58,2762.32,2130.2599999999998,0.4354
TXN-001378,2022-08-10,Sales,North America,Pending,4499.49,2985.06,1514.4299999999998,0.3366
TXN-008147,2022-08-10,Marketing,North America,Completed,4827.42,2416.37,2411.05,0.4994
TXN-011043,2022-08-10,Customer Support,North America,Pending,2881.21,2129.74,751.4700000000003,0.2608
TXN-003669,2022-08-10,Marketing,North America,Completed,3451.45,1118.34,2333.1099999999997,0.676
TXN-003746,2022-08-10,Marketing,LATAM,Completed,5417.49,2765.3,2652.1899999999996,0.4896
TXN-001103,2022-08-10,Sales,LATAM,Completed,3800.36,2121.47,1678.8900000000003,0.4418
TXN-011945,2022-08-10,Operations,LATAM,Completed,4260.39,2860.68,1399.7100000000005,0.3285
TXN-002189,2022-08-10,Marketing,APAC,Pending,5304.11,2558.97,2745.14,0.5175
TXN-004964,2022-08-10,Sales,North America,Completed,5162.39,3474.03,1688.3600000000001,0.3271
TXN-008028,2022-08-10,Engineering,North America,Completed,4823.01,1613.78,3209.2300000000005,0.6654
TXN-007099,2022-08-10,Marketing,EMEA,Completed,6791.04,1533.39,5257.65,0.7742
TXN-006364,2022-08-10,Marketing,LATAM,Completed,6688.14,2260.58,4427.56,0.662
TXN-004203,2022-08-10,Sales,EMEA,Completed,5918.4,985.96,4932.44,0.8334
TXN-010546,2022-08-11,Operations,APAC,Completed,6083.75,3397.97,2685.78,0.4415
TXN-008566,2022-08-11,Operations,North America,Pending,2635.25,2170.54,464.71000000000004,0.1763
TXN-001959,2022-08-11,Customer Support,North America,Completed,4946.49,0.0,4946.49,1.0
TXN-003861,2022-08-11,Engineering,LATAM,Completed,5043.19,3223.68,1819.5099999999998,0.3608
TXN-006269,2022-08-11,Customer Support,EMEA,Pending,3182.34,1068.91,2113.4300000000003,0.6641
TXN-001636,2022-08-12,Operations,LATAM,Completed,5095.84,1940.98,3154.86,0.6191
TXN-007482,2022-08-12,Operations,APAC,Pending,5145.21,810.75,4334.46,0.8424
TXN-000113,2022-08-12,Customer Support,LATAM,Completed,3665.61,1502.16,2163.45,0.5902
TXN-004796,2022-08-12,Operations,APAC,Pending,5736.43,1785.73,3950.7000000000003,0.6887
TXN-009594,2022-08-12,Operations,APAC,Completed,5897.45,1968.02,3929.43,0.6663
TXN-005472,2022-08-12,Marketing,APAC,Completed,5315.26,1946.6,3368.6600000000003,0.6338
TXN-007126,2022-08-12,Customer Support,LATAM,Completed,2279.3,2149.95,129.35000000000036,0.0567
TXN-011912,2022-08-12,Engineering,LATAM,Completed,5180.1,1068.77,4111.33,0.7937
TXN-011739,2022-08-12,Engineering,EMEA,Completed,2982.87,2099.96,882.9099999999999,0.296
TXN-000065,2022-08-12,Customer Support,APAC,Completed,2797.54,995.93,1801.6100000000001,0.644
TXN-001879,2022-08-12,Sales,APAC,Completed,5043.1,2065.83,2977.2700000000004,0.5904
TXN-003228,2022-08-12,Customer Support,LATAM,Completed,2413.59,3504.6,-1091.0099999999998,-0.452
TXN-003499,2022-08-12,Sales,North America,Pending,3198.25,2543.35,654.9000000000001,0.2048
TXN-002749,2022-08-12,Operations,LATAM,Completed,6103.18,1513.86,4589.320000000001,0.752
TXN-007655,2022-08-12,Customer Support,LATAM,Completed,6674.18,1611.87,5062.31,0.7585
TXN-008403,2022-08-12,Marketing,EMEA,Completed,4244.24,1937.7,2306.54,0.5435
TXN-005594,2022-08-13,Operations,APAC,Completed,3271.67,2541.17,730.5,0.2233
TXN-011707,2022-08-13,Customer Support,EMEA,Completed,1225.01,1036.54,188.47000000000003,0.1539
TXN-002155,2022-08-13,Marketing,APAC,Pending,5978.25,2257.68,3720.57,0.6224
TXN-003757,2022-08-13,Operations,APAC,Pending,3972.06,1805.73,2166.33,0.5454
TXN-009401,2022-08-13,Engineering,North America,Completed,8284.86,1145.42,7139.4400000000005,0.8617
TXN-008877,2022-08-13,Marketing,North America,Completed,3748.17,3687.15,61.01999999999998,0.0163
TXN-007511,2022-08-13,Marketing,EMEA,Completed,4391.25,3041.63,1349.62,0.3073
TXN-010266,2022-08-13,Customer Support,APAC,Completed,3997.57,1913.26,2084.3100000000004,0.5214
TXN-000380,2022-08-13,Engineering,EMEA,Pending,5012.78,2178.17,2834.6099999999997,0.5655
TXN-006089,2022-08-13,Sales,LATAM,Pending,5469.51,1368.53,4100.9800000000005,0.7498
TXN-004956,2022-08-13,Operations,North America,Completed,4512.46,1002.31,3510.15,0.7779
TXN-009044,2022-08-13,Marketing,APAC,Completed,5165.52,1044.06,4121.460000000001,0.7979
TXN-009303,2022-08-13,Engineering,North America,Completed,4179.31,2872.94,1306.3700000000003,0.3126
TXN-011690,2022-08-13,Operations,LATAM,Completed,4075.46,1285.45,2790.01,0.6846
TXN-011078,2022-08-13,Customer Support,EMEA,Pending,5333.39,2137.82,3195.57,0.5992
TXN-011192,2022-08-14,Marketing,EMEA,Completed,4663.75,2317.14,2346.61,0.5032
TXN-008573,2022-08-14,Marketing,LATAM,Completed,5339.68,1274.41,4065.2700000000004,0.7613
TXN-002251,2022-08-14,Operations,LATAM,Completed,4539.54,2159.69,2379.85,0.5242
TXN-001020,2022-08-14,Customer Support,LATAM,Completed,5151.98,1740.6,3411.3799999999997,0.6621
TXN-003500,2022-08-14,Engineering,North America,Completed,4336.78,1616.86,2719.92,0.6272
TXN-005103,2022-08-14,Customer Support,LATAM,Completed,4953.59,2246.95,2706.6400000000003,0.5464
TXN-004372,2022-08-14,Marketing,North America,Completed,5187.1,2323.77,2863.3300000000004,0.552
TXN-007033,2022-08-14,Engineering,EMEA,Completed,6332.78,912.99,5419.79,0.8558
TXN-003608,2022-08-14,Sales,EMEA,Pending,5337.9,1861.92,3475.9799999999996,0.6512
TXN-009510,2022-08-14,Customer Support,APAC,Completed,5473.94,1953.05,3520.8899999999994,0.6432
TXN-011159,2022-08-14,Customer Support,LATAM,Completed,6971.39,1435.26,5536.13,0.7941
TXN-002362,2022-08-14,Marketing,LATAM,Completed,6347.25,1106.96,5240.29,0.8256
TXN-011498,2022-08-14,Sales,EMEA,Pending,2667.19,2509.45,157.74000000000024,0.0591
TXN-011486,2022-08-14,Engineering,APAC,Completed,1612.0,1548.77,63.23000000000002,0.0392
TXN-011638,2022-08-14,Operations,LATAM,Completed,3460.96,1851.46,1609.5,0.465
TXN-003327,2022-08-14,Marketing,North America,Completed,3218.22,1452.09,1766.1299999999999,0.5488
TXN-007666,2022-08-15,Customer Support,APAC,Completed,3534.72,2905.94,628.7799999999997,0.1779
TXN-011524,2022-08-15,Engineering,APAC,Pending,5106.92,2046.16,3060.76,0.5993
TXN-002275,2022-08-15,Operations,EMEA,Completed,2230.49,2109.38,121.10999999999967,0.0543
TXN-001970,2022-08-15,Engineering,LATAM,Pending,5793.06,2893.76,2899.3,0.5005
TXN-001309,2022-08-15,Operations,LATAM,Completed,5544.21,738.69,4805.52,0.8668
TXN-011140,2022-08-15,Customer Support,EMEA,Pending,4253.61,1635.14,2618.4699999999993,0.6156
TXN-001480,2022-08-15,Operations,EMEA,Pending,4524.45,1578.24,2946.21,0.6512
TXN-003075,2022-08-15,Sales,LATAM,Pending,3487.1,796.93,2690.17,0.7715
TXN-009613,2022-08-15,Operations,North America,Completed,5879.88,2479.01,3400.87,0.5784
TXN-008153,2022-08-15,Operations,North America,Completed,3223.22,2218.0,1005.2199999999998,0.3119
TXN-002576,2022-08-15,Sales,LATAM,Completed,5998.53,2378.73,3619.7999999999997,0.6034
TXN-005583,2022-08-15,Marketing,North America,Completed,4488.05,1450.89,3037.16,0.6767
TXN-002440,2022-08-15,Sales,LATAM,Completed,6676.92,1950.78,4726.14,0.7078
TXN-010974,2022-08-16,Marketing,LATAM,Completed,3479.72,2037.24,1442.4799999999998,0.4145
TXN-008399,2022-08-16,Sales,North America,Completed,4711.28,1599.2,3112.08,0.6606
TXN-010106,2022-08-16,Marketing,North America,Completed,4627.16,1479.64,3147.5199999999995,0.6802
TXN-005231,2022-08-16,Marketing,APAC,Completed,4195.19,1639.6,2555.5899999999997,0.6092
TXN-008109,2022-08-16,Sales,North America,Completed,4900.98,2627.91,2273.0699999999997,0.4638
TXN-006665,2022-08-16,Sales,North America,Completed,3753.67,2654.83,1098.8400000000001,0.2927
TXN-002955,2022-08-16,Customer Support,APAC,Completed,7145.05,3866.99,3278.0600000000004,0.4588
TXN-000713,2022-08-16,Marketing,APAC,Completed,4535.58,2275.15,2260.43,0.4984
TXN-007851,2022-08-16,Engineering,EMEA,Pending,4518.68,2851.09,1667.5900000000001,0.369
TXN-009016,2022-08-16,Operations,North America,Completed,5599.9,1768.16,3831.74,0.6843
TXN-006996,2022-08-16,Sales,LATAM,Completed,1280.56,2169.34,-888.7800000000002,-0.6941
TXN-000750,2022-08-16,Sales,North America,Completed,5505.86,2101.17,3404.6899999999996,0.6184
TXN-001915,2022-08-16,Operations,North America,Completed,5704.06,1358.81,4345.25,0.7618
TXN-004346,2022-08-17,Customer Support,EMEA,Completed,7410.87,1495.53,5915.34,0.7982
TXN-004520,2022-08-17,Sales,EMEA,Completed,2886.03,3121.55,-235.51999999999998,-0.0816
TXN-006214,2022-08-17,Operations,LATAM,Completed,5730.33,2486.05,3244.2799999999997,0.5662
TXN-000116,2022-08-17,Marketing,North America,Completed,7339.13,2534.36,4804.77,0.6547
TXN-007491,2022-08-17,Marketing,EMEA,Pending,6715.54,2633.93,4081.61,0.6078
TXN-006589,2022-08-17,Operations,EMEA,Pending,7155.98,2703.78,4452.199999999999,0.6222
TXN-009096,2022-08-17,Engineering,EMEA,Completed,7313.98,1491.58,5822.4,0.7961
TXN-010006,2022-08-17,Sales,APAC,Completed,5983.13,2522.1,3461.03,0.5785
TXN-011930,2022-08-17,Customer Support,EMEA,Completed,3896.58,1972.7,1923.8799999999999,0.4937
TXN-011699,2022-08-17,Customer Support,LATAM,Completed,2275.15,1301.9,973.25,0.4278
TXN-003799,2022-08-17,Engineering,North America,Completed,4657.7,2152.25,2505.45,0.5379
TXN-007136,2022-08-17,Marketing,LATAM,Completed,3702.84,86.09,3616.75,0.9768
TXN-010912,2022-08-18,Sales,APAC,Completed,4315.88,2854.32,1461.56,0.3386
TXN-002736,2022-08-18,Customer Support,North America,Completed,5264.37,1563.64,3700.7299999999996,0.703
TXN-010470,2022-08-18,Customer Support,LATAM,Completed,6335.8,2780.01,3555.79,0.5612
TXN-003727,2022-08-18,Operations,APAC,Pending,4964.2,1355.21,3608.99,0.727
TXN-006723,2022-08-18,Marketing,LATAM,Completed,6909.68,2471.68,4438.0,0.6423
TXN-009742,2022-08-18,Engineering,LATAM,Completed,4952.7,3130.39,1822.31,0.3679
TXN-005597,2022-08-18,Operations,North America,Completed,4012.72,1671.48,2341.24,0.5835
TXN-006200,2022-08-18,Marketing,APAC,Completed,5690.03,401.46,5288.57,0.9294
TXN-004377,2022-08-18,Marketing,APAC,Completed,6749.05,1006.55,5742.5,0.8509
TXN-010583,2022-08-18,Engineering,APAC,Completed,7486.9,3760.65,3726.2499999999995,0.4977
TXN-003969,2022-08-18,Customer Support,North America,Completed,3528.19,3634.43,-106.23999999999978,-0.0301
TXN-004605,2022-08-18,Engineering,EMEA,Pending,5709.3,1103.36,4605.9400000000005,0.8067
TXN-010845,2022-08-18,Operations,LATAM,Completed,4615.05,2015.42,2599.63,0.5633
TXN-003021,2022-08-19,Marketing,EMEA,Completed,3577.29,573.16,3004.13,0.8398
TXN-009467,2022-08-19,Marketing,APAC,Completed,4984.43,0.0,4984.43,1.0
TXN-005280,2022-08-19,Sales,North America,Completed,7207.78,1094.03,6113.75,0.8482
TXN-001340,2022-08-19,Customer Support,EMEA,Completed,4499.72,1253.33,3246.3900000000003,0.7215
TXN-001612,2022-08-19,Customer Support,LATAM,Completed,5847.91,2583.96,3263.95,0.5581
TXN-001557,2022-08-19,Marketing,EMEA,Completed,3924.21,2833.82,1090.3899999999999,0.2779
TXN-003677,2022-08-19,Sales,LATAM,Completed,6302.38,1988.0,4314.38,0.6846
TXN-010939,2022-08-19,Sales,North America,Completed,4838.01,2394.2,2443.8100000000004,0.5051
TXN-006821,2022-08-20,Operations,LATAM,Completed,3667.27,2044.66,1622.61,0.4425
TXN-008548,2022-08-20,Operations,North America,Completed,6535.8,865.52,5670.280000000001,0.8676
TXN-005949,2022-08-20,Operations,North America,Completed,3115.81,1590.49,1525.32,0.4895
TXN-006748,2022-08-20,Sales,North America,Completed,4507.0,1293.34,3213.66,0.713
TXN-004459,2022-08-20,Sales,EMEA,Completed,5341.14,867.23,4473.91,0.8376
TXN-002640,2022-08-20,Marketing,APAC,Completed,2961.64,1887.56,1074.08,0.3627
TXN-002629,2022-08-20,Engineering,APAC,Pending,5432.75,2589.9,2842.85,0.5233
TXN-002264,2022-08-20,Operations,LATAM,Completed,3934.47,1370.97,2563.5,0.6515
TXN-005320,2022-08-20,Operations,EMEA,Completed,4173.78,1874.73,2299.0499999999997,0.5508
TXN-002730,2022-08-20,Sales,APAC,Completed,5347.26,2244.18,3103.0800000000004,0.5803
TXN-007250,2022-08-20,Operations,EMEA,Completed,1512.56,935.19,577.3699999999999,0.3817
TXN-010207,2022-08-20,Engineering,North America,Pending,2567.35,2810.43,-243.07999999999993,-0.0947
TXN-002716,2022-08-20,Operations,LATAM,Completed,4441.89,1758.7,2683.1900000000005,0.6041
TXN-004196,2022-08-20,Operations,LATAM,Completed,6168.72,2049.29,4119.43,0.6678
TXN-004590,2022-08-20,Engineering,APAC,Completed,5858.66,1918.04,3940.62,0.6726
TXN-004438,2022-08-20,Marketing,APAC,Pending,4100.2,3313.63,786.5699999999997,0.1918
TXN-007202,2022-08-20,Engineering,EMEA,Completed,2159.94,3475.07,-1315.13,-0.6089
TXN-011661,2022-08-20,Operations,North America,Completed,4314.98,2455.44,1859.5399999999995,0.4309
TXN-005113,2022-08-21,Operations,APAC,Completed,3531.55,877.12,2654.4300000000003,0.7516
TXN-008471,2022-08-21,Engineering,APAC,Completed,4716.8,1872.26,2844.54,0.6031
TXN-000007,2022-08-21,Operations,North America,Completed,4798.03,1372.11,3425.92,0.714
TXN-005196,2022-08-21,Engineering,APAC,Pending,4822.0,2583.95,2238.05,0.4641
TXN-003319,2022-08-21,Sales,LATAM,Completed,3873.82,2971.94,901.8800000000001,0.2328
TXN-010131,2022-08-21,Marketing,APAC,Pending,6036.91,2582.45,3454.46,0.5722
TXN-010830,2022-08-21,Sales,EMEA,Completed,5702.93,2181.62,3521.3100000000004,0.6175
TXN-001563,2022-08-21,Operations,LATAM,Completed,5787.24,2000.4,3786.8399999999997,0.6543
TXN-003828,2022-08-21,Engineering,APAC,Pending,6544.12,3918.37,2625.75,0.4012
TXN-009445,2022-08-21,Engineering,EMEA,Completed,7819.74,761.91,7057.83,0.9026
TXN-010565,2022-08-21,Sales,APAC,Completed,4344.2,2066.43,2277.77,0.5243
TXN-004494,2022-08-21,Marketing,APAC,Pending,6359.41,2125.9,4233.51,0.6657
TXN-011695,2022-08-21,Sales,North America,Completed,5231.34,1020.54,4210.8,0.8049
TXN-001475,2022-08-21,Engineering,EMEA,Completed,3109.97,2423.14,686.8299999999999,0.2208
TXN-006865,2022-08-22,Operations,EMEA,Completed,7527.39,2486.42,5040.97,0.6697
TXN-003014,2022-08-22,Customer Support,EMEA,Completed,3781.57,2485.97,1295.6000000000004,0.3426
TXN-011812,2022-08-22,Marketing,EMEA,Completed,4031.91,1220.23,2811.68,0.6974
TXN-004662,2022-08-22,Sales,North America,Pending,3702.41,1260.01,2442.3999999999996,0.6597
TXN-009849,2022-08-22,Engineering,EMEA,Completed,8261.56,2831.4,5430.16,0.6573
TXN-007885,2022-08-22,Sales,LATAM,Completed,5350.55,1213.02,4137.530000000001,0.7733
TXN-007895,2022-08-22,Customer Support,APAC,Completed,5440.38,1839.21,3601.17,0.6619
TXN-003042,2022-08-22,Engineering,North America,Pending,5218.84,1604.38,3614.46,0.6926
TXN-000615,2022-08-22,Operations,LATAM,Completed,7084.19,1582.54,5501.65,0.7766
TXN-005726,2022-08-22,Sales,EMEA,Completed,4821.75,1601.7,3220.05,0.6678
TXN-008555,2022-08-22,Engineering,North America,Completed,4888.73,1610.2,3278.5299999999997,0.6706
TXN-008799,2022-08-22,Marketing,APAC,Pending,3782.61,2464.26,1318.35,0.3485
TXN-010071,2022-08-22,Sales,North America,Completed,4095.89,1862.81,2233.08,0.5452
TXN-004439,2022-08-22,Operations,APAC,Completed,3340.34,2214.25,1126.0900000000001,0.3371
TXN-005048,2022-08-23,Marketing,North America,Pending,5086.52,681.78,4404.740000000001,0.866
TXN-011430,2022-08-23,Marketing,APAC,Completed,7683.12,1534.33,6148.79,0.8003
TXN-005369,2022-08-23,Engineering,EMEA,Completed,5624.85,1509.32,4115.530000000001,0.7317
TXN-011356,2022-08-23,Sales,APAC,Completed,5964.5,1539.61,4424.89,0.7419
TXN-009700,2022-08-23,Operations,North America,Pending,7559.66,2439.62,5120.04,0.6773
TXN-006114,2022-08-23,Engineering,EMEA,Pending,3167.43,2356.71,810.7199999999998,0.256
TXN-007007,2022-08-23,Marketing,APAC,Completed,3772.79,1389.77,2383.02,0.6316
TXN-001287,2022-08-23,Sales,North America,Completed,5497.77,2788.32,2709.4500000000003,0.4928
TXN-011412,2022-08-23,Engineering,North America,Completed,5534.55,2306.17,3228.38,0.5833
TXN-010388,2022-08-24,Operations,LATAM,Completed,6303.93,2667.32,3636.61,0.5769
TXN-007430,2022-08-24,Sales,LATAM,Completed,4274.83,968.43,3306.4,0.7735
TXN-001199,2022-08-24,Engineering,APAC,Completed,7886.62,2522.73,5363.889999999999,0.6801
TXN-011984,2022-08-24,Sales,APAC,Completed,5800.78,1488.1,4312.68,0.7435
TXN-005345,2022-08-24,Operations,EMEA,Pending,3572.03,1200.05,2371.9800000000005,0.664
TXN-000464,2022-08-24,Operations,APAC,Completed,6248.58,3010.7,3237.88,0.5182
TXN-003273,2022-08-24,Engineering,EMEA,Pending,6123.99,1421.21,4702.78,0.7679
TXN-007707,2022-08-24,Engineering,North America,Completed,1799.16,2389.67,-590.51,-0.3282
TXN-005346,2022-08-24,Customer Support,APAC,Pending,4847.549999999999,3676.67,1170.8799999999992,0.2415
TXN-004229,2022-08-24,Engineering,LATAM,Pending,5235.37,2123.45,3111.92,0.5944
TXN-007703,2022-08-24,Marketing,EMEA,Completed,3145.0,2637.81,507.19000000000005,0.1613
TXN-011435,2022-08-24,Engineering,LATAM,Completed,4504.14,736.53,3767.6100000000006,0.8365
TXN-003441,2022-08-24,Operations,EMEA,Completed,7826.72,2444.12,5382.6,0.6877
TXN-005586,2022-08-24,Engineering,EMEA,Completed,4826.27,226.49,4599.780000000001,0.9531
TXN-009028,2022-08-24,Customer Support,LATAM,Completed,3403.32,1194.82,2208.5,0.6489
TXN-004817,2022-08-25,Sales,North America,Pending,4791.11,1005.57,3785.5399999999995,0.7901
TXN-005455,2022-08-25,Operations,EMEA,Pending,3177.44,3164.49,12.950000000000273,0.0041
TXN-009165,2022-08-25,Marketing,APAC,Completed,5739.96,2509.88,3230.08,0.5627
TXN-006831,2022-08-25,Sales,LATAM,Completed,4859.72,1693.46,3166.26,0.6515
TXN-006063,2022-08-25,Marketing,LATAM,Completed,7497.99,1220.27,6277.719999999999,0.8373
TXN-002932,2022-08-25,Marketing,APAC,Completed,5269.8,2984.02,2285.78,0.4338
TXN-007719,2022-08-25,Marketing,North America,Completed,4638.25,1703.33,2934.92,0.6328
TXN-005966,2022-08-26,Customer Support,EMEA,Pending,4283.94,3149.62,1134.3199999999997,0.2648
TXN-003869,2022-08-26,Sales,APAC,Completed,4318.01,1470.8,2847.21,0.6594
TXN-011408,2022-08-26,Operations,EMEA,Pending,2336.16,3190.03,-853.8700000000003,-0.3655
TXN-008236,2022-08-26,Customer Support,North America,Completed,6682.72,912.11,5770.610000000001,0.8635
TXN-006541,2022-08-26,Customer Support,APAC,Completed,4064.65,2034.41,2030.24,0.4995
TXN-004813,2022-08-26,Engineering,EMEA,Pending,4241.9,2700.49,1541.4099999999999,0.3634
TXN-001854,2022-08-26,Sales,LATAM,Completed,3995.96,1721.25,2274.71,0.5693
TXN-008266,2022-08-26,Marketing,North America,Completed,5004.49,2520.06,2484.43,0.4964
TXN-003456,2022-08-26,Marketing,APAC,Pending,5361.38,2147.0,3214.38,0.5995
TXN-009643,2022-08-26,Engineering,EMEA,Completed,2542.56,2315.69,226.8699999999999,0.0892
TXN-007166,2022-08-26,Customer Support,APAC,Pending,4073.82,2049.05,2024.77,0.497
TXN-011910,2022-08-27,Operations,EMEA,Pending,3200.1,2968.77,231.32999999999993,0.0723
TXN-009506,2022-08-27,Engineering,North America,Completed,6110.4,3087.66,3022.74,0.4947
TXN-009001,2022-08-27,Engineering,LATAM,Completed,6428.7,2108.78,4319.92,0.672
TXN-004821,2022-08-27,Engineering,LATAM,Pending,6171.59,2293.76,3877.83,0.6283
TXN-002366,2022-08-27,Engineering,APAC,Completed,7434.89,1017.77,6417.120000000001,0.8631
TXN-008671,2022-08-27,Customer Support,EMEA,Completed,4528.6,2507.38,2021.2200000000003,0.4463
TXN-007672,2022-08-27,Operations,EMEA,Completed,6252.24,1778.07,4474.17,0.7156
TXN-011519,2022-08-27,Operations,North America,Completed,3068.19,1353.5,1714.69,0.5589
TXN-006421,2022-08-27,Customer Support,LATAM,Completed,4929.59,1033.9,3895.69,0.7903
TXN-004926,2022-08-27,Operations,EMEA,Pending,2389.11,2034.66,354.45000000000005,0.1484
TXN-007109,2022-08-28,Marketing,North America,Pending,4827.42,2817.53,2009.8899999999999,0.4163
TXN-002644,2022-08-28,Customer Support,North America,Completed,4808.57,360.45,4448.12,0.925
TXN-000874,2022-08-28,Operations,North America,Completed,5609.92,1370.42,4239.5,0.7557
TXN-005649,2022-08-28,Customer Support,North America,Pending,7920.4,3024.93,4895.469999999999,0.6181
TXN-003473,2022-08-28,Marketing,APAC,Completed,4817.02,1227.88,3589.1400000000003,0.7451
TXN-009567,2022-08-28,Operations,LATAM,Completed,4302.08,2000.4,2301.68,0.535
TXN-005321,2022-08-28,Customer Support,North America,Completed,5897.94,2287.45,3610.49,0.6122
TXN-005128,2022-08-28,Engineering,North America,Pending,5985.56,1013.22,4972.34,0.8307
TXN-002586,2022-08-28,Sales,EMEA,Completed,623.41,2908.62,-2285.21,-3.6657
TXN-000551,2022-08-28,Marketing,APAC,Pending,5535.38,3059.58,2475.8,0.4473
TXN-001688,2022-08-28,Marketing,LATAM,Completed,8312.79,3119.33,5193.460000000001,0.6248
TXN-007148,2022-08-28,Customer Support,APAC,Pending,4667.07,1532.38,3134.6899999999996,0.6717
TXN-003560,2022-08-28,Operations,APAC,Completed,5000.6,2027.31,2973.2900000000004,0.5946
TXN-009064,2022-08-28,Engineering,APAC,Completed,2705.44,1910.18,795.26,0.2939
TXN-011094,2022-08-28,Marketing,EMEA,Pending,3275.91,1578.49,1697.4199999999998,0.5182
TXN-005614,2022-08-28,Operations,LATAM,Completed,5003.66,3054.69,1948.9699999999998,0.3895
TXN-010485,2022-08-28,Marketing,LATAM,Completed,2603.76,2072.02,531.7400000000002,0.2042
TXN-010440,2022-08-28,Operations,APAC,Pending,5772.88,3355.38,2417.5,0.4188
TXN-003783,2022-08-28,Operations,EMEA,Completed,4620.27,2114.02,2506.2500000000005,0.5424
TXN-000613,2022-08-29,Operations,EMEA,Pending,4132.02,3075.3,1056.7200000000003,0.2557
TXN-001850,2022-08-29,Engineering,LATAM,Completed,2952.22,801.67,2150.5499999999997,0.7285
TXN-005332,2022-08-29,Sales,LATAM,Pending,5676.41,2710.63,2965.7799999999997,0.5225
TXN-009543,2022-08-29,Customer Support,North America,Completed,6850.04,1989.1,4860.9400000000005,0.7096
TXN-011271,2022-08-29,Sales,LATAM,Pending,6602.71,3194.68,3408.03,0.5162
TXN-004466,2022-08-29,Sales,EMEA,Pending,4846.46,3136.62,1709.8400000000001,0.3528
TXN-005140,2022-08-29,Engineering,LATAM,Pending,8469.54,2068.45,6401.090000000001,0.7558
TXN-004674,2022-08-30,Operations,EMEA,Pending,2649.08,584.77,2064.31,0.7793
TXN-009225,2022-08-30,Operations,North America,Pending,4668.88,2814.17,1854.71,0.3972
TXN-001056,2022-08-30,Customer Support,LATAM,Completed,6543.79,2183.84,4359.95,0.6663
TXN-002488,2022-08-30,Customer Support,LATAM,Pending,2700.04,1859.42,840.6199999999999,0.3113
TXN-001010,2022-08-30,Sales,EMEA,Completed,5212.08,1596.99,3615.09,0.6936
TXN-008312,2022-08-30,Marketing,APAC,Pending,6714.53,2816.23,3898.2999999999997,0.5806
TXN-005044,2022-08-30,Operations,EMEA,Pending,4430.67,1900.52,2530.15,0.5711
TXN-002803,2022-08-30,Engineering,EMEA,Pending,5523.3,2072.84,3450.46,0.6247
TXN-009621,2022-08-30,Sales,LATAM,Completed,4629.92,2316.41,2313.51,0.4997
TXN-006546,2022-08-30,Sales,North America,Completed,4452.89,2056.17,2396.7200000000003,0.5382
TXN-004436,2022-08-30,Engineering,EMEA,Completed,1836.42,1793.73,42.690000000000055,0.0232
TXN-005417,2022-08-30,Customer Support,EMEA,Completed,3805.7,1353.32,2452.38,0.6444
TXN-006166,2022-08-30,Customer Support,LATAM,Completed,6592.92,1237.44,5355.48,0.8123
TXN-001154,2022-08-31,Operations,EMEA,Completed,5851.08,1420.61,4430.47,0.7572
TXN-011392,2022-08-31,Customer Support,LATAM,Completed,3412.2,2195.59,1216.6099999999997,0.3565
TXN-005145,2022-08-31,Customer Support,LATAM,Completed,4976.91,665.92,4310.99,0.8662
TXN-007811,2022-08-31,Customer Support,North America,Completed,6951.77,1774.19,5177.58,0.7448
TXN-008951,2022-08-31,Customer Support,EMEA,Completed,4884.28,2909.29,1974.9899999999998,0.4044
TXN-008372,2022-08-31,Marketing,North America,Completed,4146.82,1861.41,2285.41,0.5511
TXN-000212,2022-08-31,Customer Support,EMEA,Completed,3856.4,2034.13,1822.27,0.4725
TXN-007135,2022-08-31,Marketing,North America,Completed,3028.09,2885.69,142.4000000000001,0.047
TXN-001594,2022-08-31,Customer Support,APAC,Completed,5608.26,2217.28,3390.98,0.6046
TXN-006936,2022-08-31,Marketing,APAC,Completed,3296.0,2025.54,1270.46,0.3855
TXN-009315,2022-09-01,Engineering,APAC,Completed,5810.31,2064.47,3745.8400000000006,0.6447
TXN-003958,2022-09-01,Customer Support,LATAM,Completed,4525.0,2346.65,2178.35,0.4814
TXN-003822,2022-09-01,Operations,APAC,Completed,9085.99,2347.07,6738.92,0.7417
TXN-004806,2022-09-01,Customer Support,LATAM,Completed,2815.15,366.55,2448.6,0.8698
TXN-002763,2022-09-01,Customer Support,LATAM,Completed,4715.13,2686.54,2028.5900000000001,0.4302
TXN-002680,2022-09-01,Sales,North America,Pending,5946.51,2694.67,3251.84,0.5468
TXN-006356,2022-09-01,Engineering,EMEA,Completed,4835.51,2908.9,1926.6100000000001,0.3984
TXN-001178,2022-09-01,Sales,LATAM,Completed,3359.61,1519.68,1839.93,0.5477
TXN-008248,2022-09-01,Engineering,APAC,Completed,6682.21,2171.02,4511.1900000000005,0.6751
TXN-007721,2022-09-01,Engineering,APAC,Pending,8628.08,979.9,7648.18,0.8864
TXN-005457,2022-09-01,Engineering,North America,Completed,6531.75,3274.56,3257.19,0.4987
TXN-009351,2022-09-01,Customer Support,LATAM,Completed,4087.91,2229.76,1858.1499999999996,0.4545
TXN-007610,2022-09-01,Engineering,LATAM,Completed,3062.97,1748.45,1314.5199999999998,0.4292
TXN-011586,2022-09-01,Sales,LATAM,Completed,8015.08,2484.55,5530.53,0.69
TXN-004380,2022-09-01,Engineering,North America,Pending,4503.97,2324.32,2179.65,0.4839
TXN-007238,2022-09-01,Marketing,LATAM,Completed,3633.33,2953.72,679.6100000000001,0.187
TXN-005382,2022-09-01,Operations,APAC,Completed,5059.18,2541.37,2517.8100000000004,0.4977
TXN-009258,2022-09-01,Operations,EMEA,Completed,1899.46,1786.58,112.88000000000011,0.0594
TXN-008178,2022-09-01,Sales,APAC,Completed,4285.46,1374.32,2911.1400000000003,0.6793
TXN-010466,2022-09-01,Customer Support,North America,Completed,6838.63,823.81,6014.82,0.8795
TXN-010551,2022-09-02,Operations,LATAM,Completed,7013.02,2547.87,4465.150000000001,0.6367
TXN-010051,2022-09-02,Marketing,LATAM,Completed,6095.2,2484.51,3610.6899999999996,0.5924
TXN-009409,2022-09-02,Engineering,North America,Pending,2642.84,1568.11,1074.7300000000002,0.4067
TXN-002363,2022-09-02,Marketing,APAC,Completed,3408.0,2908.41,499.59000000000015,0.1466
TXN-001618,2022-09-02,Engineering,LATAM,Completed,2230.9,1652.16,578.74,0.2594
TXN-000198,2022-09-02,Engineering,APAC,Pending,7115.77,3566.7,3549.0700000000006,0.4988
TXN-011622,2022-09-02,Engineering,EMEA,Pending,6648.35,3336.59,3311.76,0.4981
TXN-004343,2022-09-02,Marketing,APAC,Completed,6413.69,1627.11,4786.58,0.7463
TXN-003742,2022-09-02,Sales,North America,Completed,3892.84,1873.08,2019.7600000000002,0.5188
TXN-003676,2022-09-02,Operations,EMEA,Completed,6371.64,2076.85,4294.790000000001,0.674
TXN-006480,2022-09-02,Sales,North America,Completed,6768.02,1743.98,5024.040000000001,0.7423
TXN-007151,2022-09-02,Engineering,North America,Completed,5996.17,2749.61,3246.56,0.5414
TXN-007546,2022-09-02,Sales,EMEA,Pending,1931.26,2148.92,-217.66000000000008,-0.1127
TXN-006247,2022-09-03,Marketing,LATAM,Completed,1980.41,3330.12,-1349.7099999999998,-0.6815
TXN-000235,2022-09-03,Sales,North America,Completed,5803.09,1713.73,4089.36,0.7047
TXN-008830,2022-09-03,Customer Support,North America,Completed,4873.99,1216.37,3657.62,0.7504
TXN-004913,2022-09-03,Marketing,EMEA,Completed,6221.23,1229.57,4991.66,0.8024
TXN-007494,2022-09-03,Sales,North America,Completed,4664.75,2213.54,2451.21,0.5255
TXN-002159,2022-09-03,Operations,LATAM,Completed,5417.57,3000.9,2416.6699999999996,0.4461
TXN-006895,2022-09-03,Customer Support,EMEA,Pending,5247.89,2700.24,2547.6500000000005,0.4855
TXN-007142,2022-09-03,Marketing,North America,Completed,4966.89,2802.24,2164.6500000000005,0.4358
TXN-006403,2022-09-04,Sales,North America,Completed,5373.13,3623.88,1749.25,0.3256
TXN-005845,2022-09-04,Customer Support,APAC,Completed,7699.3,1341.78,6357.52,0.8257
TXN-002326,2022-09-04,Sales,APAC,Completed,5086.14,1890.34,3195.8,0.6283
TXN-001811,2022-09-04,Engineering,EMEA,Completed,7075.8,3549.34,3526.46,0.4984
TXN-002527,2022-09-04,Engineering,APAC,Completed,4201.76,2386.05,1815.71,0.4321
TXN-007356,2022-09-04,Marketing,LATAM,Completed,6850.27,3396.57,3453.7000000000003,0.5042
TXN-002337,2022-09-04,Engineering,EMEA,Completed,5781.79,2880.5,2901.29,0.5018
TXN-007589,2022-09-04,Customer Support,LATAM,Pending,3981.84,1924.17,2057.67,0.5168
TXN-008141,2022-09-04,Engineering,North America,Pending,8004.54,1774.77,6229.77,0.7783
TXN-004823,2022-09-04,Engineering,EMEA,Pending,2951.84,3100.14,-148.29999999999973,-0.0502
TXN-006820,2022-09-04,Operations,APAC,Pending,6204.55,1444.18,4760.37,0.7672
TXN-005501,2022-09-04,Engineering,LATAM,Pending,6313.93,2401.05,3912.88,0.6197
TXN-006988,2022-09-04,Operations,LATAM,Completed,7131.72,1507.29,5624.43,0.7886
TXN-011289,2022-09-04,Sales,LATAM,Completed,4034.45,15.66,4018.79,0.9961
TXN-002465,2022-09-04,Sales,North America,Pending,2704.6,2277.32,427.27999999999975,0.158
TXN-000036,2022-09-04,Operations,APAC,Pending,5929.62,1777.83,4151.79,0.7002
TXN-005976,2022-09-04,Customer Support,EMEA,Completed,3715.94,1095.45,2620.49,0.7052
TXN-009596,2022-09-04,Sales,LATAM,Completed,3448.29,1547.51,1900.78,0.5512
TXN-007656,2022-09-04,Sales,APAC,Completed,5189.26,2143.33,3045.9300000000003,0.587
TXN-006197,2022-09-04,Customer Support,North America,Completed,2658.7,2021.39,637.3099999999997,0.2397
TXN-011934,2022-09-04,Marketing,North America,Completed,3326.46,2375.84,950.6199999999999,0.2858
TXN-001042,2022-09-05,Customer Support,North America,Completed,5024.08,778.67,4245.41,0.845
TXN-007283,2022-09-05,Customer Support,North America,Pending,6244.42,949.82,5294.6,0.8479
TXN-004747,2022-09-05,Sales,EMEA,Completed,6233.21,1516.69,4716.52,0.7567
TXN-007915,2022-09-05,Marketing,North America,Completed,5184.97,3415.78,1769.19,0.3412
TXN-011766,2022-09-05,Operations,North America,Completed,7038.51,1288.06,5750.450000000001,0.817
TXN-002668,2022-09-05,Operations,APAC,Completed,3501.42,3089.51,411.90999999999985,0.1176
TXN-007153,2022-09-05,Operations,EMEA,Completed,4331.57,3072.75,1258.8199999999997,0.2906
TXN-010037,2022-09-05,Marketing,LATAM,Completed,3311.0,2487.56,823.44,0.2487
TXN-006464,2022-09-05,Engineering,EMEA,Completed,5962.21,218.67,5743.54,0.9633
TXN-010258,2022-09-05,Sales,North America,Completed,3303.95,2747.59,556.3599999999997,0.1684
TXN-009314,2022-09-05,Marketing,North America,Completed,6433.9,981.58,5452.32,0.8474
TXN-002748,2022-09-05,Customer Support,LATAM,Pending,3212.66,2646.12,566.54,0.1763
TXN-007751,2022-09-06,Sales,EMEA,Completed,3048.6,1884.17,1164.4299999999998,0.382
TXN-001972,2022-09-06,Operations,North America,Completed,2591.46,1885.54,705.9200000000001,0.2724
TXN-008945,2022-09-06,Sales,North America,Completed,6857.16,2316.25,4540.91,0.6622
TXN-006001,2022-09-06,Marketing,North America,Completed,4827.42,2086.98,2740.44,0.5677
TXN-009013,2022-09-06,Engineering,North America,Completed,5641.21,998.11,4643.1,0.8231
TXN-004033,2022-09-06,Sales,North America,Pending,4611.86,639.44,3972.4199999999996,0.8613
TXN-003903,2022-09-06,Sales,LATAM,Pending,2840.8,2175.34,665.46,0.2343
TXN-003406,2022-09-06,Marketing,EMEA,Completed,4269.58,2944.52,1325.06,0.3103
TXN-004029,2022-09-06,Customer Support,EMEA,Completed,6467.19,2801.16,3666.0299999999997,0.5669
TXN-001714,2022-09-06,Operations,EMEA,Pending,4155.01,1952.14,2202.87,0.5302
TXN-007127,2022-09-06,Customer Support,North America,Completed,5083.42,1996.29,3087.13,0.6073
TXN-001916,2022-09-06,Engineering,LATAM,Completed,5626.74,1856.33,3770.41,0.6701
TXN-002987,2022-09-06,Sales,North America,Pending,4622.15,1291.19,3330.9599999999996,0.7207
TXN-001130,2022-09-06,Engineering,North America,Completed,2772.62,1969.09,803.53,0.2898
TXN-004935,2022-09-06,Operations,EMEA,Completed,1389.59,2418.83,-1029.24,-0.7407
TXN-007160,2022-09-07,Marketing,APAC,Completed,3390.25,3477.06,-86.80999999999995,-0.0256
TXN-000280,2022-09-07,Sales,EMEA,Completed,6889.43,2999.46,3889.9700000000003,0.5646
TXN-010956,2022-09-07,Operations,LATAM,Completed,5137.75,1533.54,3604.21,0.7015
TXN-004855,2022-09-07,Customer Support,LATAM,Completed,5574.29,2035.72,3538.5699999999997,0.6348
TXN-003366,2022-09-07,Marketing,LATAM,Completed,6529.78,2577.56,3952.22,0.6053
TXN-011958,2022-09-07,Engineering,APAC,Completed,3441.98,1456.59,1985.39,0.5768
TXN-004694,2022-09-07,Operations,LATAM,Completed,5578.54,972.25,4606.29,0.8257
TXN-004863,2022-09-07,Sales,North America,Completed,4027.52,1208.99,2818.5299999999997,0.6998
TXN-007328,2022-09-07,Operations,EMEA,Completed,5652.77,1651.14,4001.63,0.7079
TXN-007664,2022-09-07,Customer Support,North America,Completed,4923.5,2039.27,2884.23,0.5858
TXN-011918,2022-09-07,Customer Support,LATAM,Completed,2296.16,3360.79,-1064.63,-0.4637
TXN-001606,2022-09-07,Engineering,North America,Completed,5216.78,2132.11,3084.6699999999996,0.5913
TXN-005503,2022-09-07,Marketing,LATAM,Pending,6168.19,624.96,5543.23,0.8987
TXN-009815,2022-09-07,Customer Support,LATAM,Pending,2639.19,2025.64,613.55,0.2325
TXN-001276,2022-09-07,Engineering,North America,Pending,5346.88,2705.36,2641.52,0.494
TXN-000758,2022-09-08,Sales,APAC,Completed,6484.57,1988.25,4496.32,0.6934
TXN-002444,2022-09-08,Customer Support,APAC,Completed,6794.1,1031.17,5762.93,0.8482
TXN-006984,2022-09-08,Customer Support,EMEA,Pending,4910.75,672.81,4237.9400000000005,0.863
TXN-008377,2022-09-08,Engineering,APAC,Completed,3195.44,3078.82,116.61999999999989,0.0365
TXN-011728,2022-09-08,Engineering,North America,Completed,4356.85,1470.36,2886.4900000000007,0.6625
TXN-006679,2022-09-08,Customer Support,North America,Completed,1878.32,3380.61,-1502.2900000000002,-0.7998
TXN-003373,2022-09-08,Sales,EMEA,Completed,6226.2,3002.12,3224.08,0.5178
TXN-010895,2022-09-08,Marketing,EMEA,Completed,4176.23,1917.49,2258.74,0.5409
TXN-011417,2022-09-08,Sales,LATAM,Completed,6971.28,2550.72,4420.5599999999995,0.6341
TXN-009228,2022-09-08,Sales,North America,Completed,4102.41,2610.84,1491.5699999999997,0.3636
TXN-003238,2022-09-08,Marketing,LATAM,Completed,3160.86,2660.64,500.22000000000025,0.1583
TXN-003514,2022-09-08,Engineering,LATAM,Pending,5171.7,1677.79,3493.91,0.6756
TXN-005057,2022-09-08,Sales,APAC,Completed,5330.13,1636.83,3693.3,0.6929
TXN-006502,2022-09-09,Customer Support,APAC,Pending,4049.36,691.66,3357.7000000000003,0.8292
TXN-009273,2022-09-09,Marketing,LATAM,Completed,3902.83,1386.21,2516.62,0.6448
TXN-002084,2022-09-09,Marketing,LATAM,Completed,5743.39,2569.71,3173.6800000000003,0.5526
TXN-003397,2022-09-09,Sales,EMEA,Completed,4709.09,2179.39,2529.7000000000003,0.5372
TXN-001532,2022-09-09,Engineering,LATAM,Completed,6765.93,3231.15,3534.78,0.5224
TXN-011386,2022-09-09,Operations,APAC,Completed,5539.78,1551.26,3988.5199999999995,0.72
TXN-008752,2022-09-09,Sales,APAC,Completed,7714.46,1769.49,5944.97,0.7706
TXN-006034,2022-09-09,Sales,EMEA,Completed,4359.08,2394.81,1964.27,0.4506
TXN-002996,2022-09-09,Sales,North America,Pending,4608.29,2905.82,1702.4699999999998,0.3694
TXN-010540,2022-09-09,Customer Support,EMEA,Completed,4984.965,1320.57,3664.3950000000004,0.7351
TXN-000138,2022-09-09,Sales,North America,Completed,4060.16,1846.87,2213.29,0.5451
TXN-004147,2022-09-10,Engineering,LATAM,Pending,3455.1,3008.81,446.28999999999996,0.1292
TXN-006507,2022-09-10,Sales,LATAM,Pending,6008.98,2959.48,3049.4999999999995,0.5075
TXN-003575,2022-09-10,Marketing,North America,Completed,6244.89,2553.48,3691.4100000000003,0.5911
TXN-002193,2022-09-10,Customer Support,North America,Completed,4120.55,1425.12,2695.4300000000003,0.6541
TXN-004628,2022-09-10,Engineering,North America,Completed,5113.55,2431.86,2681.69,0.5244
TXN-001256,2022-09-10,Customer Support,EMEA,Completed,4128.68,1766.04,2362.6400000000003,0.5723
TXN-011474,2022-09-10,Operations,APAC,Pending,5231.35,877.54,4353.81,0.8323
TXN-009953,2022-09-10,Engineering,North America,Completed,4271.59,1288.65,2982.94,0.6983
TXN-011366,2022-09-10,Sales,North America,Pending,7799.91,2034.31,5765.6,0.7392
TXN-004680,2022-09-10,Marketing,APAC,Pending,6391.73,1713.24,4678.49,0.732
TXN-011484,2022-09-10,Customer Support,EMEA,Completed,5415.1,941.59,4473.51,0.8261
TXN-011014,2022-09-10,Operations,North America,Completed,4832.79,2244.65,2588.14,0.5355
TXN-004053,2022-09-10,Customer Support,North America,Completed,7316.37,2947.82,4368.549999999999,0.5971
TXN-011616,2022-09-10,Sales,EMEA,Pending,3601.06,2556.08,1044.98,0.2902
TXN-008753,2022-09-10,Operations,EMEA,Completed,5695.45,2182.16,3513.29,0.6169
TXN-006615,2022-09-10,Engineering,APAC,Pending,7538.09,2326.15,5211.9400000000005,0.6914
TXN-008718,2022-09-10,Marketing,North America,Pending,2509.87,1414.27,1095.6,0.4365
TXN-007347,2022-09-11,Marketing,North America,Completed,6479.66,2708.44,3771.22,0.582
TXN-008021,2022-09-11,Marketing,LATAM,Pending,2661.51,1901.62,759.8900000000003,0.2855
TXN-006372,2022-09-11,Customer Support,EMEA,Completed,6312.44,3279.46,3032.9799999999996,0.4805
TXN-002008,2022-09-11,Marketing,North America,Completed,5358.14,3705.57,1652.5700000000002,0.3084
TXN-005983,2022-09-11,Sales,LATAM,Completed,5986.01,1467.05,4518.96,0.7549
TXN-009991,2022-09-11,Engineering,North America,Completed,5403.88,1898.79,3505.09,0.6486
TXN-002876,2022-09-11,Operations,North America,Completed,8578.26,1599.13,6979.13,0.8136
TXN-006605,2022-09-11,Customer Support,APAC,Pending,6700.26,1993.97,4706.29,0.7024
TXN-009269,2022-09-11,Operations,APAC,Completed,5059.18,1912.07,3147.1100000000006,0.6221
TXN-004218,2022-09-11,Customer Support,LATAM,Completed,7154.73,1128.29,6026.44,0.8423
TXN-000152,2022-09-11,Sales,North America,Completed,5548.19,2001.88,3546.3099999999995,0.6392
TXN-000925,2022-09-11,Marketing,North America,Completed,4042.23,925.8,3116.4300000000003,0.771
TXN-003576,2022-09-11,Operations,North America,Completed,3461.2,1715.93,1745.2699999999998,0.5042
TXN-002232,2022-09-11,Sales,LATAM,Pending,4255.04,2035.66,2219.38,0.5216
TXN-010350,2022-09-11,Customer Support,APAC,Completed,5836.23,1814.06,4022.1699999999996,0.6892
TXN-011420,2022-09-11,Marketing,LATAM,Completed,6243.99,2051.85,4192.139999999999,0.6714
TXN-008996,2022-09-11,Marketing,North America,Completed,6317.95,641.81,5676.139999999999,0.8984
TXN-003982,2022-09-11,Marketing,LATAM,Completed,4012.55,1750.12,2262.4300000000003,0.5638
TXN-007602,2022-09-12,Engineering,APAC,Completed,0.0,2026.79,-2026.79,0.0
TXN-001126,2022-09-12,Operations,APAC,Completed,6175.87,1268.19,4907.68,0.7947
TXN-003766,2022-09-12,Customer Support,LATAM,Completed,3353.76,1798.39,1555.3700000000001,0.4638
TXN-006610,2022-09-12,Operations,North America,Completed,5223.77,2505.63,2718.1400000000003,0.5203
TXN-000076,2022-09-12,Marketing,LATAM,Completed,2504.88,2005.82,499.0600000000002,0.1992
TXN-000656,2022-09-12,Operations,APAC,Completed,5530.25,1855.18,3675.0699999999997,0.6645
TXN-004504,2022-09-12,Sales,North America,Pending,7123.5,2306.9,4816.6,0.6762
TXN-000576,2022-09-12,Customer Support,LATAM,Completed,8175.89,2696.49,5479.400000000001,0.6702
TXN-004324,2022-09-12,Operations,EMEA,Completed,3995.44,2207.06,1788.38,0.4476
TXN-003652,2022-09-12,Marketing,North America,Completed,5201.33,2907.49,2293.84,0.441
TXN-002152,2022-09-12,Customer Support,EMEA,Completed,6187.6,2238.82,3948.78,0.6382
TXN-007757,2022-09-12,Marketing,APAC,Completed,4417.87,3674.09,743.7799999999997,0.1684
TXN-008927,2022-09-13,Engineering,EMEA,Completed,4335.53,2543.14,1792.3899999999999,0.4134
TXN-008010,2022-09-13,Sales,LATAM,Completed,5088.04,594.96,4493.08,0.8831
TXN-004294,2022-09-13,Operations,LATAM,Completed,3728.44,1882.18,1846.26,0.4952
TXN-000875,2022-09-13,Marketing,North America,Completed,5791.53,830.79,4960.74,0.8566
TXN-003268,2022-09-13,Operations,LATAM,Pending,4723.49,1279.31,3444.18,0.7292
TXN-000343,2022-09-13,Engineering,North America,Pending,5837.93,1410.52,4427.41,0.7584
TXN-005162,2022-09-13,Operations,North America,Completed,3954.84,1865.75,2089.09,0.5282
TXN-003370,2022-09-13,Engineering,EMEA,Completed,4904.45,3464.63,1439.8199999999997,0.2936
TXN-002230,2022-09-13,Engineering,LATAM,Completed,3850.27,2798.75,1051.52,0.2731
TXN-010811,2022-09-13,Operations,North America,Completed,6312.52,744.96,5567.56,0.882
TXN-008423,2022-09-13,Operations,North America,Completed,4845.08,1991.83,2853.25,0.5889
TXN-004405,2022-09-13,Engineering,EMEA,Pending,2829.69,2126.88,702.81,0.2484
TXN-004108,2022-09-13,Engineering,North America,Pending,4903.94,2637.45,2266.49,0.4622
TXN-008645,2022-09-13,Sales,EMEA,Completed,2694.82,2785.62,-90.79999999999973,-0.0337
TXN-010963,2022-09-14,Marketing,North America,Completed,4639.56,1736.51,2903.05,0.6257
TXN-006659,2022-09-14,Operations,North America,Completed,4542.19,1802.02,2740.1699999999996,0.6033
TXN-007243,2022-09-14,Engineering,EMEA,Completed,3251.69,2032.04,1219.65,0.3751
TXN-004493,2022-09-14,Sales,EMEA,Completed,5411.48,3599.73,1811.7499999999995,0.3348
TXN-006146,2022-09-14,Engineering,EMEA,Completed,4667.04,1753.42,2913.62,0.6243
TXN-007295,2022-09-14,Customer Support,APAC,Completed,6879.48,2288.69,4590.789999999999,0.6673
TXN-001671,2022-09-14,Operations,EMEA,Pending,4995.4,1708.58,3286.8199999999997,0.658
TXN-003198,2022-09-14,Marketing,EMEA,Completed,3540.12,1257.83,2282.29,0.6447
TXN-005080,2022-09-14,Customer Support,APAC,Completed,7249.79,1773.41,5476.38,0.7554
TXN-009307,2022-09-15,Sales,EMEA,Completed,4422.5,2512.94,1909.56,0.4318
TXN-007612,2022-09-15,Customer Support,EMEA,Completed,1944.75,2505.11,-560.3600000000001,-0.2881
TXN-001252,2022-09-15,Sales,North America,Completed,4895.54,1427.88,3467.66,0.7083
TXN-004862,2022-09-15,Engineering,APAC,Completed,3582.2,1810.37,1771.83,0.4946
TXN-010491,2022-09-15,Customer Support,North America,Completed,3706.61,2762.75,943.8600000000001,0.2546
TXN-005184,2022-09-15,Operations,EMEA,Completed,7242.72,395.63,6847.09,0.9454
TXN-002278,2022-09-15,Customer Support,LATAM,Completed,4033.79,2062.97,1970.8200000000002,0.4886
TXN-003482,2022-09-15,Marketing,APAC,Completed,5196.49,3636.18,1560.31,0.3003
TXN-001966,2022-09-15,Operations,APAC,Completed,6182.78,2651.12,3531.66,0.5712
TXN-008486,2022-09-15,Engineering,APAC,Completed,5981.05,596.53,5384.52,0.9003
TXN-003331,2022-09-15,Customer Support,APAC,Completed,4724.66,1255.71,3468.95,0.7342
TXN-007889,2022-09-16,Sales,LATAM,Completed,5007.6,1565.21,3442.3900000000003,0.6874
TXN-006940,2022-09-16,Customer Support,APAC,Completed,4373.53,762.42,3611.1099999999997,0.8257
TXN-005871,2022-09-16,Customer Support,APAC,Completed,6255.95,3848.51,2407.4399999999996,0.3848
TXN-011456,2022-09-16,Marketing,APAC,Pending,4281.39,1997.6,2283.7900000000004,0.5334
TXN-002883,2022-09-16,Engineering,EMEA,Pending,4903.63,1127.49,3776.1400000000003,0.7701
TXN-004609,2022-09-16,Sales,APAC,Completed,3229.69,1725.71,1503.98,0.4657
TXN-008504,2022-09-16,Sales,North America,Pending,6814.55,1607.32,5207.2300000000005,0.7641
TXN-007159,2022-09-16,Operations,LATAM,Completed,5018.24,2527.8,2490.4399999999996,0.4963
TXN-008529,2022-09-16,Customer Support,APAC,Pending,6289.43,2008.93,4280.5,0.6806
TXN-011810,2022-09-16,Marketing,APAC,Pending,3925.63,1434.46,2491.17,0.6346
TXN-004501,2022-09-16,Engineering,North America,Completed,6525.29,1706.23,4819.0599999999995,0.7385
TXN-010159,2022-09-16,Customer Support,North America,Completed,4637.43,1706.74,2930.6900000000005,0.632
TXN-000918,2022-09-16,Marketing,LATAM,Completed,4830.34,364.4,4465.9400000000005,0.9246
TXN-010081,2022-09-16,Customer Support,LATAM,Pending,5804.59,1773.03,4031.5600000000004,0.6945
TXN-006422,2022-09-16,Marketing,APAC,Completed,3539.72,1226.43,2313.29,0.6535
TXN-002672,2022-09-16,Operations,EMEA,Completed,7113.79,3247.98,3865.81,0.5434
TXN-011020,2022-09-17,Customer Support,LATAM,Completed,4689.12,2642.61,2046.5099999999998,0.4364
TXN-008977,2022-09-17,Customer Support,LATAM,Pending,3894.81,1394.05,2500.76,0.6421
TXN-001155,2022-09-17,Customer Support,APAC,Completed,1990.82,1474.99,515.8299999999999,0.2591
TXN-006003,2022-09-17,Customer Support,LATAM,Completed,5959.73,2389.21,3570.5199999999995,0.5991
TXN-001076,2022-09-17,Marketing,EMEA,Pending,4724.46,1593.5,3130.96,0.6627
TXN-002413,2022-09-17,Customer Support,North America,Pending,3985.09,2355.82,1629.27,0.4088
TXN-004345,2022-09-17,Sales,APAC,Completed,7400.22,1656.67,5743.55,0.7761
TXN-007574,2022-09-17,Operations,APAC,Completed,4336.64,2298.57,2038.0700000000002,0.47
TXN-001043,2022-09-17,Sales,North America,Completed,1546.3,1145.69,400.6099999999999,0.2591
TXN-011658,2022-09-17,Engineering,North America,Completed,3554.03,1459.55,2094.4800000000005,0.5893
TXN-000356,2022-09-17,Customer Support,APAC,Pending,6639.77,2704.83,3934.9400000000005,0.5926
TXN-000620,2022-09-17,Marketing,APAC,Pending,3985.52,1937.82,2047.7,0.5138
TXN-006435,2022-09-17,Customer Support,EMEA,Pending,3923.37,3590.36,333.00999999999976,0.0849
TXN-005223,2022-09-17,Operations,EMEA,Completed,7258.08,2933.82,4324.26,0.5958
TXN-006069,2022-09-18,Marketing,North America,Completed,4506.45,2888.85,1617.6,0.359
TXN-009799,2022-09-18,Customer Support,North America,Pending,6642.25,2741.1,3901.15,0.5873
TXN-009108,2022-09-18,Marketing,EMEA,Completed,5589.74,1583.29,4006.45,0.7168
TXN-008207,2022-09-18,Sales,LATAM,Pending,3299.69,2567.14,732.5500000000002,0.222
TXN-003568,2022-09-18,Sales,LATAM,Completed,4715.47,1309.27,3406.2000000000003,0.7223
TXN-000982,2022-09-18,Marketing,LATAM,Completed,8141.78,2537.09,5604.69,0.6884
TXN-002869,2022-09-18,Operations,North America,Completed,6086.22,1818.31,4267.91,0.7012
TXN-005842,2022-09-18,Sales,North America,Pending,4526.31,2103.21,2423.1000000000004,0.5353
TXN-009243,2022-09-18,Customer Support,LATAM,Completed,3611.49,2004.9,1606.5899999999997,0.4449
TXN-005889,2022-09-18,Customer Support,North America,Pending,2143.38,795.09,1348.29,0.629
TXN-001303,2022-09-18,Customer Support,North America,Completed,3842.04,1562.83,2279.21,0.5932
TXN-005566,2022-09-18,Customer Support,EMEA,Completed,4793.66,3337.02,1456.6399999999999,0.3039
TXN-000427,2022-09-19,Marketing,LATAM,Completed,4074.7,2995.71,1078.9899999999998,0.2648
TXN-005786,2022-09-19,Customer Support,LATAM,Pending,8773.24,3178.78,5594.459999999999,0.6377
TXN-009117,2022-09-19,Marketing,APAC,Completed,5689.05,3275.28,2413.77,0.4243
TXN-004569,2022-09-19,Engineering,LATAM,Completed,5296.57,1344.08,3952.49,0.7462
TXN-004177,2022-09-19,Engineering,LATAM,Pending,3123.0,1800.04,1322.96,0.4236
TXN-008856,2022-09-19,Sales,EMEA,Pending,3408.93,2338.68,1070.25,0.314
TXN-005920,2022-09-19,Operations,APAC,Completed,6040.03,2138.21,3901.8199999999997,0.646
TXN-011390,2022-09-19,Customer Support,EMEA,Pending,4807.99,2570.21,2237.7799999999997,0.4654
TXN-005335,2022-09-19,Customer Support,LATAM,Completed,5789.04,1179.9,4609.139999999999,0.7962
TXN-008329,2022-09-19,Customer Support,North America,Completed,2588.32,500.09,2088.23,0.8068
TXN-006434,2022-09-19,Customer Support,EMEA,Completed,4984.965,1620.34,3364.625,0.675
TXN-001872,2022-09-20,Engineering,North America,Completed,7843.35,2065.76,5777.59,0.7366
TXN-001755,2022-09-20,Operations,EMEA,Completed,3325.03,1907.53,1417.5000000000002,0.4263
TXN-001427,2022-09-20,Customer Support,North America,Completed,5200.62,3201.86,1998.7599999999998,0.3843
TXN-005883,2022-09-20,Sales,North America,Completed,2344.65,1449.44,895.21,0.3818
TXN-001772,2022-09-20,Sales,LATAM,Completed,3457.34,2315.15,1142.19,0.3304
TXN-000665,2022-09-20,Sales,EMEA,Completed,5050.35,2796.74,2253.6100000000006,0.4462
TXN-003587,2022-09-20,Sales,APAC,Completed,4457.26,1709.16,2748.1000000000004,0.6165
TXN-008053,2022-09-20,Customer Support,LATAM,Completed,3090.2,1551.29,1538.9099999999999,0.498
TXN-004576,2022-09-20,Sales,LATAM,Pending,6475.81,2283.19,4192.620000000001,0.6474
TXN-004949,2022-09-20,Marketing,LATAM,Pending,7317.55,2256.73,5060.82,0.6916
TXN-004776,2022-09-20,Operations,North America,Completed,6380.49,2087.94,4292.549999999999,0.6728
TXN-001201,2022-09-21,Marketing,APAC,Completed,5728.04,4059.38,1668.6599999999999,0.2913
TXN-002427,2022-09-21,Customer Support,APAC,Completed,6711.72,701.59,6010.13,0.8955
TXN-003403,2022-09-21,Engineering,LATAM,Completed,5546.96,865.94,4681.02,0.8439
TXN-010958,2022-09-21,Customer Support,EMEA,Completed,6613.67,3725.98,2887.69,0.4366
TXN-007662,2022-09-21,Engineering,North America,Pending,4775.95,2470.95,2305.0,0.4826
TXN-000486,2022-09-21,Customer Support,EMEA,Pending,2757.02,3662.78,-905.7600000000002,-0.3285
TXN-004089,2022-09-21,Operations,APAC,Completed,7739.5,448.07,7291.43,0.9421
TXN-009839,2022-09-21,Operations,North America,Pending,3724.16,1015.44,2708.72,0.7273
TXN-003409,2022-09-21,Marketing,APAC,Completed,5521.15,1390.74,4130.41,0.7481
TXN-007529,2022-09-21,Sales,LATAM,Pending,7108.73,3696.53,3412.1999999999994,0.48
TXN-004381,2022-09-21,Operations,LATAM,Completed,5512.86,2705.91,2806.95,0.5092
TXN-011612,2022-09-21,Customer Support,LATAM,Pending,7152.8,2467.94,4684.860000000001,0.655
TXN-009425,2022-09-21,Engineering,North America,Completed,4687.39,1429.1,3258.2900000000004,0.6951
TXN-007570,2022-09-21,Engineering,LATAM,Completed,5473.31,1290.31,4183.0,0.7643
TXN-003921,2022-09-21,Marketing,APAC,Pending,1523.95,839.2,684.75,0.4493
TXN-005833,2022-09-21,Sales,North America,Completed,4099.16,3235.5,863.6599999999999,0.2107
TXN-006509,2022-09-21,Customer Support,North America,Completed,6701.71,2270.53,4431.18,0.6612
TXN-007800,2022-09-21,Sales,EMEA,Completed,3810.63,2056.43,1754.2000000000003,0.4603
TXN-009582,2022-09-21,Operations,North America,Completed,3890.92,692.03,3198.8900000000003,0.8221
TXN-000914,2022-09-22,Engineering,LATAM,Completed,5840.12,1795.04,4045.08,0.6926
TXN-005487,2022-09-22,Engineering,EMEA,Completed,5010.14,3442.56,1567.5800000000004,0.3129
TXN-011647,2022-09-22,Sales,EMEA,Completed,7519.2,2025.48,5493.719999999999,0.7306
TXN-004013,2022-09-22,Operations,APAC,Completed,3091.7,3090.13,1.569999999999709,0.0005
TXN-011088,2022-09-22,Engineering,EMEA,Completed,4928.25,1751.86,3176.3900000000003,0.6445
TXN-004771,2022-09-22,Customer Support,APAC,Completed,4847.549999999999,1986.04,2861.5099999999993,0.5903
TXN-002162,2022-09-22,Engineering,North America,Pending,5514.64,872.24,4642.400000000001,0.8418
TXN-011909,2022-09-22,Engineering,LATAM,Completed,6622.65,1484.1,5138.549999999999,0.7759
TXN-008871,2022-09-22,Marketing,APAC,Completed,5845.52,3259.91,2585.6100000000006,0.4423
TXN-011835,2022-09-22,Sales,North America,Completed,4277.87,2469.63,1808.2399999999998,0.4227
TXN-005329,2022-09-22,Marketing,APAC,Completed,4179.64,3772.84,406.8000000000002,0.0973
TXN-011085,2022-09-22,Engineering,APAC,Completed,3555.66,1622.28,1933.3799999999999,0.5437
TXN-004213,2022-09-22,Customer Support,North America,Pending,2163.18,708.62,1454.56,0.6724
TXN-008514,2022-09-22,Operations,APAC,Pending,7595.59,1840.16,5755.43,0.7577
TXN-010390,2022-09-22,Operations,LATAM,Completed,1300.04,1152.05,147.99,0.1138
TXN-008836,2022-09-22,Sales,EMEA,Pending,4827.17,2283.01,2544.16,0.5271
TXN-009796,2022-09-23,Operations,EMEA,Pending,4636.38,906.83,3729.55,0.8044
TXN-010141,2022-09-23,Customer Support,EMEA,Completed,2449.16,1377.57,1071.59,0.4375
TXN-000849,2022-09-23,Sales,APAC,Completed,3285.41,1486.94,1798.4699999999998,0.5474
TXN-010534,2022-09-23,Sales,LATAM,Pending,3897.86,2060.57,1837.29,0.4714
TXN-003099,2022-09-23,Sales,EMEA,Completed,4650.46,1532.74,3117.7200000000003,0.6704
TXN-009669,2022-09-23,Sales,North America,Completed,5862.28,2106.64,3755.64,0.6406
TXN-004469,2022-09-23,Engineering,APAC,Completed,5343.69,431.24,4912.45,0.9193
TXN-003554,2022-09-23,Operations,EMEA,Completed,7230.95,1877.31,5353.639999999999,0.7404
TXN-000479,2022-09-24,Sales,North America,Pending,2830.99,2623.02,207.9699999999998,0.0735
TXN-001496,2022-09-24,Customer Support,LATAM,Completed,4929.59,1289.8,3639.79,0.7384
TXN-004907,2022-09-24,Operations,APAC,Pending,6036.18,3660.74,2375.4400000000005,0.3935
TXN-010848,2022-09-24,Customer Support,EMEA,Completed,4276.98,2350.09,1926.8899999999994,0.4505
TXN-001064,2022-09-24,Marketing,APAC,Completed,6093.79,1118.9,4974.889999999999,0.8164
TXN-010887,2022-09-24,Sales,EMEA,Completed,3028.46,1734.94,1293.52,0.4271
TXN-000721,2022-09-24,Customer Support,EMEA,Completed,3149.84,2743.54,406.3000000000002,0.129
TXN-001131,2022-09-24,Operations,APAC,Pending,5149.62,2869.67,2279.95,0.4427
TXN-006845,2022-09-24,Customer Support,APAC,Pending,6990.89,1483.53,5507.360000000001,0.7878
TXN-011944,2022-09-24,Customer Support,LATAM,Completed,5955.71,2261.5,3694.21,0.6203
TXN-003105,2022-09-24,Engineering,LATAM,Completed,5220.1,1479.57,3740.5300000000007,0.7166
TXN-006643,2022-09-25,Customer Support,EMEA,Pending,4205.36,2073.75,2131.6099999999997,0.5069
TXN-005109,2022-09-25,Sales,APAC,Completed,5609.46,2307.16,3302.3,0.5887
TXN-001878,2022-09-25,Customer Support,LATAM,Completed,5039.07,1438.3,3600.7699999999995,0.7146
TXN-011668,2022-09-25,Operations,LATAM,Pending,7279.56,2321.86,4957.700000000001,0.681
TXN-006505,2022-09-25,Sales,North America,Completed,3790.43,1169.2,2621.2299999999996,0.6915
TXN-002917,2022-09-25,Customer Support,EMEA,Completed,2615.99,2226.22,389.77,0.149
TXN-005479,2022-09-25,Marketing,North America,Completed,6677.02,3448.38,3228.6400000000003,0.4835
TXN-009916,2022-09-25,Engineering,North America,Completed,5081.22,2406.88,2674.34,0.5263
TXN-009208,2022-09-25,Operations,EMEA,Completed,3566.2,1759.67,1806.5299999999997,0.5066
TXN-005710,2022-09-25,Engineering,EMEA,Pending,5662.82,1903.91,3758.91,0.6638
TXN-006574,2022-09-25,Engineering,North America,Completed,4733.86,2010.43,2723.4299999999994,0.5753
TXN-004134,2022-09-26,Marketing,North America,Pending,7464.54,1381.88,6082.66,0.8149
TXN-003358,2022-09-26,Operations,LATAM,Completed,4618.13,1411.14,3206.99,0.6944
TXN-006923,2022-09-26,Engineering,North America,Completed,5080.99,1819.23,3261.7599999999998,0.642
TXN-007050,2022-09-26,Customer Support,EMEA,Completed,5135.36,2073.33,3062.0299999999997,0.5963
TXN-000818,2022-09-26,Marketing,EMEA,Pending,5970.49,1370.83,4599.66,0.7704
TXN-009359,2022-09-26,Customer Support,North America,Pending,2757.18,1232.5,1524.6799999999998,0.553
TXN-004937,2022-09-26,Sales,EMEA,Completed,3841.78,1608.55,2233.2300000000005,0.5813
TXN-002765,2022-09-26,Customer Support,LATAM,Pending,3761.52,3155.0,606.52,0.1612
TXN-001684,2022-09-26,Customer Support,EMEA,Pending,3833.95,1181.38,2652.5699999999997,0.6919
TXN-005347,2022-09-26,Engineering,North America,Completed,7131.15,2037.5,5093.65,0.7143
TXN-002750,2022-09-26,Customer Support,North America,Completed,2471.05,1980.87,490.1800000000003,0.1984
TXN-004631,2022-09-26,Customer Support,APAC,Pending,5663.49,2994.48,2669.0099999999998,0.4713
TXN-007771,2022-09-26,Operations,North America,Completed,5157.02,1665.3,3491.7200000000003,0.6771
TXN-007278,2022-09-26,Marketing,North America,Completed,4399.38,949.93,3449.4500000000003,0.7841
TXN-001999,2022-09-26,Operations,APAC,Completed,8446.61,2288.07,6158.540000000001,0.7291
TXN-011304,2022-09-27,Customer Support,LATAM,Completed,6103.9,2724.04,3379.8599999999997,0.5537
TXN-000541,2022-09-27,Customer Support,EMEA,Completed,5450.43,2162.93,3287.5000000000005,0.6032
TXN-000784,2022-09-27,Sales,LATAM,Pending,7628.9,1960.63,5668.2699999999995,0.743
TXN-007227,2022-09-27,Engineering,North America,Completed,6231.91,3344.29,2887.62,0.4634
TXN-005801,2022-09-27,Customer Support,APAC,Completed,3990.37,1620.8,2369.5699999999997,0.5938
TXN-006391,2022-09-27,Customer Support,EMEA,Completed,5903.21,2633.59,3269.62,0.5539
TXN-007247,2022-09-27,Marketing,North America,Completed,8116.04,1980.4,6135.639999999999,0.756
TXN-007559,2022-09-27,Engineering,LATAM,Completed,4066.35,2793.26,1273.0899999999997,0.3131
TXN-008764,2022-09-28,Customer Support,APAC,Completed,7047.03,1327.45,5719.58,0.8116
TXN-005982,2022-09-28,Sales,APAC,Completed,3334.68,1582.39,1752.2899999999997,0.5255
TXN-002864,2022-09-28,Customer Support,APAC,Pending,3764.92,3209.95,554.9700000000003,0.1474
TXN-009824,2022-09-28,Sales,APAC,Completed,3676.32,784.2,2892.12,0.7867
TXN-006785,2022-09-28,Marketing,APAC,Completed,5984.58,361.53,5623.05,0.9396
TXN-003011,2022-09-28,Customer Support,North America,Pending,2724.07,2020.03,704.0400000000002,0.2585
TXN-000932,2022-09-28,Customer Support,EMEA,Pending,3786.2,3584.84,201.35999999999967,0.0532
TXN-004323,2022-09-28,Operations,APAC,Completed,6915.42,1233.09,5682.33,0.8217
TXN-001638,2022-09-28,Customer Support,EMEA,Pending,4418.81,2493.46,1925.3500000000004,0.4357
TXN-001348,2022-09-28,Customer Support,EMEA,Completed,4451.13,0.0,4451.13,1.0
TXN-000182,2022-09-28,Engineering,LATAM,Completed,3362.31,1956.88,1405.4299999999998,0.418
TXN-005751,2022-09-28,Engineering,APAC,Pending,6817.97,1039.18,5778.79,0.8476
TXN-008048,2022-09-29,Sales,EMEA,Completed,7834.36,1662.36,6172.0,0.7878
TXN-010107,2022-09-29,Engineering,North America,Completed,3111.87,2171.06,940.81,0.3023
TXN-004799,2022-09-29,Engineering,North America,Pending,4007.36,3366.05,641.31,0.16
TXN-009576,2022-09-29,Engineering,North America,Pending,8583.49,1209.99,7373.5,0.859
TXN-008568,2022-09-29,Operations,APAC,Pending,3272.65,1017.13,2255.52,0.6892
TXN-002997,2022-09-29,Sales,EMEA,Completed,8889.67,881.21,8008.46,0.9009
TXN-009063,2022-09-29,Operations,APAC,Completed,4581.13,1751.07,2830.0600000000004,0.6178
TXN-001173,2022-09-29,Customer Support,EMEA,Completed,3696.98,1639.88,2057.1,0.5564
TXN-008269,2022-09-29,Customer Support,North America,Completed,4244.5,3185.05,1059.4499999999998,0.2496
TXN-000999,2022-09-29,Engineering,LATAM,Completed,2235.04,898.95,1336.09,0.5978
TXN-004934,2022-09-29,Sales,APAC,Completed,3580.75,2549.26,1031.4899999999998,0.2881
TXN-005569,2022-09-29,Engineering,LATAM,Pending,4560.0,937.93,3622.07,0.7943
TXN-007802,2022-09-29,Customer Support,LATAM,Pending,5472.51,1048.74,4423.77,0.8084
TXN-005986,2022-09-29,Marketing,North America,Completed,5503.77,3238.95,2264.8200000000006,0.4115
TXN-007076,2022-09-29,Engineering,LATAM,Pending,3921.15,3092.32,828.8299999999999,0.2114
TXN-002474,2022-09-29,Sales,APAC,Completed,3744.84,1986.85,1757.9900000000002,0.4694
TXN-004208,2022-09-29,Operations,LATAM,Completed,6428.55,2876.72,3551.8300000000004,0.5525
TXN-002535,2022-09-29,Sales,APAC,Completed,5516.97,2716.74,2800.2300000000005,0.5076
TXN-003857,2022-09-30,Operations,LATAM,Completed,4645.25,3682.79,962.46,0.2072
TXN-007186,2022-09-30,Marketing,LATAM,Completed,4339.87,2331.84,2008.0299999999997,0.4627
TXN-011537,2022-09-30,Operations,EMEA,Completed,6108.47,1639.02,4469.450000000001,0.7317
TXN-011673,2022-09-30,Sales,EMEA,Completed,7478.01,2527.89,4950.120000000001,0.662
TXN-006155,2022-09-30,Customer Support,APAC,Completed,4558.45,1540.07,3018.38,0.6622
TXN-002320,2022-09-30,Sales,LATAM,Completed,4009.4,2467.12,1542.2800000000002,0.3847
TXN-006566,2022-09-30,Marketing,EMEA,Completed,5093.1,2380.11,2712.9900000000002,0.5327
TXN-008371,2022-09-30,Engineering,APAC,Completed,4867.66,1850.34,3017.3199999999997,0.6199
TXN-007133,2022-09-30,Operations,APAC,Completed,4852.69,2299.43,2553.2599999999998,0.5262
TXN-005396,2022-09-30,Marketing,North America,Pending,5170.0,2089.41,3080.59,0.5959
TXN-001055,2022-09-30,Engineering,APAC,Completed,6200.99,1619.45,4581.54,0.7388
TXN-010044,2022-09-30,Marketing,APAC,Completed,6400.41,2132.75,4267.66,0.6668
TXN-002696,2022-09-30,Marketing,LATAM,Pending,5857.77,2638.74,3219.0300000000007,0.5495
TXN-002969,2022-09-30,Sales,APAC,Pending,3833.62,1445.49,2388.13,0.6229
TXN-002664,2022-10-01,Operations,North America,Completed,4839.35,236.84,4602.51,0.9511
TXN-007316,2022-10-01,Sales,EMEA,Pending,2888.92,1984.69,904.23,0.313
TXN-002815,2022-10-01,Sales,EMEA,Completed,5234.31,2028.77,3205.5400000000004,0.6124
TXN-001802,2022-10-01,Engineering,EMEA,Pending,4958.7,2290.56,2668.14,0.5381
TXN-007743,2022-10-01,Customer Support,APAC,Pending,4491.9,693.51,3798.3899999999994,0.8456
TXN-003709,2022-10-01,Marketing,LATAM,Completed,5074.61,2673.61,2400.9999999999995,0.4731
TXN-007542,2022-10-01,Sales,EMEA,Completed,4286.5,2229.41,2057.09,0.4799
TXN-006621,2022-10-01,Customer Support,EMEA,Completed,6386.22,2646.55,3739.67,0.5856
TXN-010003,2022-10-01,Customer Support,APAC,Completed,4085.85,2817.68,1268.17,0.3104
TXN-006285,2022-10-01,Marketing,North America,Pending,3522.91,2249.71,1273.1999999999998,0.3614
TXN-004968,2022-10-01,Engineering,LATAM,Completed,3119.76,2254.37,865.3900000000003,0.2774
TXN-007192,2022-10-02,Customer Support,APAC,Completed,5067.02,1667.64,3399.38,0.6709
TXN-000181,2022-10-02,Engineering,North America,Completed,6947.71,2730.73,4216.98,0.607
TXN-011350,2022-10-02,Sales,EMEA,Completed,3542.05,3703.93,-161.87999999999965,-0.0457
TXN-000171,2022-10-02,Engineering,APAC,Completed,7506.84,1472.24,6034.6,0.8039
TXN-006777,2022-10-02,Operations,North America,Pending,5250.6,2840.61,2409.9900000000002,0.459
TXN-000983,2022-10-02,Sales,North America,Completed,3853.79,1298.45,2555.34,0.6631
TXN-000692,2022-10-02,Engineering,LATAM,Completed,5261.16,2528.14,2733.02,0.5195
TXN-002085,2022-10-02,Sales,North America,Pending,3230.67,2423.82,806.8499999999999,0.2497
TXN-010629,2022-10-02,Sales,LATAM,Completed,5321.76,1140.34,4181.42,0.7857
TXN-002183,2022-10-02,Sales,LATAM,Completed,6095.06,1591.22,4503.84,0.7389
TXN-007715,2022-10-02,Marketing,APAC,Pending,5190.28,3208.26,1982.0199999999995,0.3819
TXN-008937,2022-10-02,Marketing,North America,Completed,5585.09,890.13,4694.96,0.8406
TXN-005142,2022-10-02,Sales,North America,Completed,1928.52,2165.23,-236.71000000000004,-0.1227
TXN-005160,2022-10-02,Sales,LATAM,Completed,6749.98,3331.1,3418.8799999999997,0.5065
TXN-011072,2022-10-02,Marketing,APAC,Pending,5432.3,1612.14,3820.16,0.7032
TXN-009703,2022-10-03,Marketing,LATAM,Pending,5281.36,2889.66,2391.7,0.4529
TXN-005526,2022-10-03,Customer Support,APAC,Completed,7774.57,3314.33,4460.24,0.5737
TXN-004920,2022-10-03,Customer Support,EMEA,Completed,7347.97,2554.95,4793.02,0.6523
TXN-000205,2022-10-03,Customer Support,APAC,Completed,5738.21,2370.95,3367.26,0.5868
TXN-001740,2022-10-03,Sales,North America,Completed,6126.7,1237.8,4888.9,0.798
TXN-011394,2022-10-03,Sales,LATAM,Completed,2628.8,2626.38,2.4200000000000728,0.0009
TXN-007065,2022-10-03,Engineering,EMEA,Pending,3849.77,2794.07,1055.6999999999998,0.2742
TXN-010598,2022-10-03,Marketing,North America,Completed,6129.25,1357.13,4772.12,0.7786
TXN-010727,2022-10-03,Marketing,APAC,Completed,6505.14,658.46,5846.68,0.8988
TXN-003628,2022-10-03,Marketing,EMEA,Completed,6870.06,2164.6,4705.460000000001,0.6849
TXN-002360,2022-10-03,Customer Support,APAC,Completed,3741.76,2403.01,1338.75,0.3578
TXN-007397,2022-10-03,Marketing,EMEA,Completed,3805.85,1979.63,1826.2199999999998,0.4798
TXN-000650,2022-10-03,Operations,North America,Completed,6743.39,1975.28,4768.110000000001,0.7071
TXN-002832,2022-10-03,Marketing,LATAM,Completed,3184.45,3013.83,170.6199999999999,0.0536
TXN-000975,2022-10-03,Engineering,EMEA,Pending,4272.26,892.53,3379.7300000000005,0.7911
TXN-000763,2022-10-03,Operations,North America,Completed,5534.78,877.4,4657.38,0.8415
TXN-006442,2022-10-03,Marketing,North America,Completed,5810.14,1132.12,4678.02,0.8051
TXN-009821,2022-10-04,Marketing,APAC,Completed,3697.57,2375.91,1321.6600000000003,0.3574
TXN-009846,2022-10-04,Marketing,North America,Completed,8339.02,381.71,7957.31,0.9542
TXN-009602,2022-10-04,Customer Support,APAC,Completed,4061.32,1217.3,2844.0200000000004,0.7003
TXN-010619,2022-10-04,Operations,APAC,Pending,3825.4,1937.71,1887.69,0.4935
TXN-004507,2022-10-04,Engineering,North America,Completed,2793.73,2395.26,398.4699999999998,0.1426
TXN-009259,2022-10-04,Customer Support,EMEA,Completed,4512.08,989.43,3522.65,0.7807
TXN-010240,2022-10-04,Customer Support,EMEA,Completed,4310.65,1919.3,2391.3499999999995,0.5548
TXN-011273,2022-10-04,Sales,APAC,Completed,2773.91,0.0,2773.91,1.0
TXN-011062,2022-10-04,Operations,APAC,Pending,7296.47,3042.25,4254.22,0.5831
TXN-001395,2022-10-04,Operations,LATAM,Completed,4836.65,3107.9,1728.7499999999995,0.3574
TXN-009753,2022-10-05,Marketing,APAC,Completed,4875.67,2030.9,2844.77,0.5835
TXN-010595,2022-10-05,Operations,EMEA,Pending,5315.16,2297.67,3017.49,0.5677
TXN-008343,2022-10-05,Marketing,LATAM,Completed,1857.97,0.0,1857.97,1.0
TXN-002637,2022-10-05,Customer Support,North America,Completed,7461.62,1322.82,6138.8,0.8227
TXN-002534,2022-10-05,Operations,North America,Completed,4154.66,1458.21,2696.45,0.649
TXN-004199,2022-10-05,Operations,LATAM,Completed,6961.14,3279.59,3681.55,0.5289
TXN-005791,2022-10-05,Operations,North America,Completed,2619.68,2487.6,132.07999999999993,0.0504
TXN-003523,2022-10-05,Marketing,North America,Completed,4827.42,764.91,4062.51,0.8415
TXN-008731,2022-10-05,Operations,EMEA,Pending,3664.68,1135.85,2528.83,0.6901
TXN-010000,2022-10-05,Customer Support,APAC,Completed,951.77,2447.62,-1495.85,-1.5717
TXN-006008,2022-10-05,Engineering,LATAM,Completed,5926.23,1061.83,4864.4,0.8208
TXN-001848,2022-10-05,Marketing,APAC,Completed,4448.38,2731.63,1716.75,0.3859
TXN-002819,2022-10-05,Engineering,North America,Completed,6404.69,1971.85,4432.84,0.6921
TXN-002472,2022-10-06,Customer Support,APAC,Completed,4968.77,2451.54,2517.2300000000005,0.5066
TXN-000803,2022-10-06,Operations,North America,Pending,6907.37,1614.03,5293.34,0.7663
TXN-007242,2022-10-06,Operations,EMEA,Completed,3341.23,980.76,2360.4700000000003,0.7065
TXN-000270,2022-10-06,Engineering,EMEA,Completed,4662.65,1262.26,3400.3899999999994,0.7293
TXN-001160,2022-10-06,Operations,APAC,Completed,3451.05,2630.99,820.0600000000004,0.2376
TXN-005979,2022-10-06,Marketing,APAC,Completed,2991.95,3145.84,-153.89000000000033,-0.0514
TXN-008741,2022-10-06,Operations,EMEA,Completed,2371.3,2211.51,159.78999999999996,0.0674
TXN-009958,2022-10-06,Operations,EMEA,Pending,2707.76,1232.95,1474.8100000000002,0.5447
TXN-003316,2022-10-06,Operations,APAC,Pending,5458.71,1989.3,3469.41,0.6356
TXN-009140,2022-10-06,Marketing,North America,Completed,6079.98,1105.43,4974.549999999999,0.8182
TXN-009107,2022-10-06,Operations,LATAM,Pending,4796.76,3949.77,846.9900000000002,0.1766
TXN-003041,2022-10-06,Customer Support,APAC,Completed,7086.86,2577.53,4509.33,0.6363
TXN-005612,2022-10-06,Sales,LATAM,Completed,2554.86,1977.3,577.5600000000002,0.2261
TXN-002889,2022-10-06,Sales,APAC,Completed,5333.99,2084.8,3249.1899999999996,0.6091
TXN-009714,2022-10-07,Operations,North America,Completed,5515.72,837.36,4678.360000000001,0.8482
TXN-007114,2022-10-07,Engineering,North America,Pending,6818.17,1899.96,4918.21,0.7213
TXN-001664,2022-10-07,Customer Support,North America,Completed,5166.62,3208.23,1958.3899999999999,0.379
TXN-002707,2022-10-07,Engineering,APAC,Completed,5089.71,2058.86,3030.85,0.5955
TXN-004336,2022-10-07,Operations,North America,Completed,4498.03,1500.78,2997.25,0.6663
TXN-011442,2022-10-07,Customer Support,LATAM,Completed,7065.65,2869.12,4196.53,0.5939
TXN-008631,2022-10-07,Marketing,North America,Completed,4120.0,3079.33,1040.67,0.2526
TXN-009073,2022-10-07,Operations,North America,Completed,5870.15,1358.45,4511.7,0.7686
TXN-005127,2022-10-07,Operations,EMEA,Pending,6627.38,3849.4,2777.98,0.4192
TXN-009094,2022-10-07,Engineering,EMEA,Completed,7364.64,2425.55,4939.09,0.6706
TXN-006100,2022-10-07,Operations,LATAM,Completed,6376.26,1233.6,5142.66,0.8065
TXN-003547,2022-10-07,Sales,North America,Completed,5651.28,2943.12,2708.16,0.4792
TXN-010788,2022-10-07,Operations,APAC,Completed,5485.08,2687.87,2797.21,0.51
TXN-011566,2022-10-07,Operations,North America,Pending,6190.12,1754.98,4435.139999999999,0.7165
TXN-001826,2022-10-07,Sales,LATAM,Pending,4677.65,1266.87,3410.7799999999997,0.7292
TXN-011692,2022-10-07,Operations,LATAM,Completed,6282.08,2125.58,4156.5,0.6616
TXN-000159,2022-10-07,Customer Support,LATAM,Completed,8237.93,2177.21,6060.72,0.7357
TXN-008896,2022-10-07,Marketing,LATAM,Completed,7049.48,2463.7,4585.78,0.6505
TXN-000626,2022-10-07,Marketing,APAC,Completed,5160.18,2640.0,2520.1800000000003,0.4884
TXN-006389,2022-10-08,Marketing,EMEA,Completed,5720.46,3077.9,2642.56,0.4619
TXN-000523,2022-10-08,Sales,LATAM,Completed,4467.45,2542.97,1924.48,0.4308
TXN-004189,2022-10-08,Customer Support,EMEA,Pending,7712.5,2720.09,4992.41,0.6473
TXN-001205,2022-10-08,Operations,North America,Pending,4742.81,1687.77,3055.0400000000004,0.6441
TXN-005861,2022-10-08,Engineering,North America,Completed,2762.47,2126.55,635.9199999999996,0.2302
TXN-005306,2022-10-08,Operations,North America,Completed,2016.37,2748.42,-732.0500000000002,-0.3631
TXN-002838,2022-10-08,Customer Support,LATAM,Pending,2539.87,2097.27,442.5999999999999,0.1743
TXN-011546,2022-10-08,Sales,LATAM,Completed,5709.27,1111.79,4597.4800000000005,0.8053
TXN-000913,2022-10-08,Customer Support,EMEA,Completed,4616.48,1359.0,3257.4799999999996,0.7056
TXN-011967,2022-10-09,Customer Support,APAC,Completed,3235.91,2201.37,1034.54,0.3197
TXN-001123,2022-10-09,Engineering,LATAM,Completed,3859.68,3379.5,480.17999999999984,0.1244
TXN-009342,2022-10-09,Marketing,North America,Completed,5889.29,2931.05,2958.24,0.5023
TXN-009718,2022-10-09,Marketing,LATAM,Completed,2704.39,3062.72,-358.3299999999999,-0.1325
TXN-006064,2022-10-09,Customer Support,LATAM,Completed,3312.53,976.4,2336.13,0.7052
TXN-011723,2022-10-09,Sales,APAC,Completed,5484.92,2907.43,2577.4900000000002,0.4699
TXN-003744,2022-10-09,Sales,LATAM,Completed,6044.88,1702.77,4342.110000000001,0.7183
TXN-006163,2022-10-09,Operations,APAC,Completed,4451.56,1696.04,2755.5200000000004,0.619
TXN-008608,2022-10-09,Sales,EMEA,Completed,8931.38,3094.65,5836.73,0.6535
TXN-003578,2022-10-09,Engineering,LATAM,Pending,6790.75,1787.73,5003.02,0.7367
TXN-000169,2022-10-09,Customer Support,EMEA,Completed,7152.5,2142.67,5009.83,0.7004
TXN-002077,2022-10-09,Engineering,APAC,Pending,3763.11,2886.7,876.4100000000003,0.2329
TXN-009524,2022-10-09,Customer Support,APAC,Completed,7864.1,1157.61,6706.490000000001,0.8528
TXN-011770,2022-10-09,Marketing,EMEA,Completed,5485.66,1241.99,4243.67,0.7736
TXN-008869,2022-10-09,Customer Support,North America,Completed,4749.07,1737.13,3011.9399999999996,0.6342
TXN-003538,2022-10-09,Sales,LATAM,Completed,3303.1,1297.03,2006.07,0.6073
TXN-006622,2022-10-09,Operations,North America,Pending,3100.88,1480.81,1620.0700000000002,0.5225
TXN-006890,2022-10-09,Operations,APAC,Completed,3650.98,1281.72,2369.26,0.6489
TXN-006745,2022-10-10,Operations,LATAM,Completed,4059.78,2764.71,1295.0700000000002,0.319
TXN-002888,2022-10-10,Engineering,LATAM,Completed,2911.74,2494.27,417.4699999999998,0.1434
TXN-000850,2022-10-10,Marketing,North America,Completed,4182.18,1180.3,3001.88,0.7178
TXN-008096,2022-10-10,Engineering,EMEA,Completed,5020.81,991.67,4029.1400000000003,0.8025
TXN-002656,2022-10-10,Marketing,LATAM,Completed,5104.79,2136.52,2968.27,0.5815
TXN-011828,2022-10-10,Marketing,LATAM,Completed,1669.21,1775.61,-106.39999999999986,-0.0637
TXN-004922,2022-10-10,Sales,LATAM,Pending,5054.66,1701.23,3353.43,0.6634
TXN-004740,2022-10-10,Customer Support,LATAM,Completed,6318.85,828.57,5490.280000000001,0.8689
TXN-005016,2022-10-10,Marketing,LATAM,Pending,5676.47,3152.0,2524.4700000000003,0.4447
TXN-003182,2022-10-10,Customer Support,APAC,Completed,5101.75,1604.94,3496.81,0.6854
TXN-004183,2022-10-10,Marketing,APAC,Completed,5896.64,1382.71,4513.93,0.7655
TXN-003117,2022-10-10,Customer Support,LATAM,Completed,7344.99,1318.78,6026.21,0.8205
TXN-006203,2022-10-10,Marketing,APAC,Completed,5583.45,1079.96,4503.49,0.8066
TXN-002348,2022-10-10,Sales,North America,Completed,4521.91,2591.82,1930.0899999999997,0.4268
TXN-007711,2022-10-10,Engineering,EMEA,Pending,3197.69,1456.4,1741.29,0.5445
TXN-000645,2022-10-10,Customer Support,North America,Completed,5089.72,728.84,4360.88,0.8568
TXN-005509,2022-10-11,Customer Support,EMEA,Completed,6179.02,1961.68,4217.34,0.6825
TXN-011554,2022-10-11,Engineering,APAC,Completed,6518.24,2374.97,4143.27,0.6356
TXN-010342,2022-10-11,Operations,North America,Completed,982.36,1577.6,-595.2399999999999,-0.6059
TXN-010987,2022-10-11,Operations,LATAM,Completed,4262.79,1762.58,2500.21,0.5865
TXN-011247,2022-10-11,Engineering,LATAM,Completed,6104.14,2514.11,3590.03,0.5881
TXN-008011,2022-10-11,Marketing,North America,Completed,4718.98,3374.66,1344.3199999999997,0.2849
TXN-008982,2022-10-11,Operations,North America,Pending,4712.65,764.67,3947.9799999999996,0.8377
TXN-005021,2022-10-11,Operations,EMEA,Completed,5402.26,144.74,5257.52,0.9732
TXN-005573,2022-10-11,Engineering,LATAM,Completed,3727.22,2618.61,1108.6099999999997,0.2974
TXN-009731,2022-10-11,Marketing,APAC,Completed,2275.94,1632.32,643.6200000000001,0.2828
TXN-009113,2022-10-11,Customer Support,EMEA,Completed,3171.42,2565.59,605.8299999999999,0.191
TXN-009344,2022-10-11,Marketing,APAC,Completed,6718.54,3226.71,3491.83,0.5197
TXN-000024,2022-10-11,Engineering,North America,Completed,4094.77,1427.99,2666.7799999999997,0.6513
TXN-008969,2022-10-12,Operations,EMEA,Completed,4624.06,2806.46,1817.6000000000004,0.3931
TXN-007949,2022-10-12,Customer Support,APAC,Pending,4703.06,1363.29,3339.7700000000004,0.7101
TXN-011328,2022-10-12,Operations,LATAM,Completed,5508.45,1516.5,3991.95,0.7247
TXN-005585,2022-10-12,Operations,EMEA,Completed,2584.42,1476.41,1108.01,0.4287
TXN-011329,2022-10-12,Sales,EMEA,Completed,5722.07,1737.64,3984.4299999999994,0.6963
TXN-008844,2022-10-12,Customer Support,EMEA,Completed,287.17,764.04,-476.86999999999995,-1.6606
TXN-005519,2022-10-12,Customer Support,LATAM,Pending,3106.4,2134.22,972.1800000000003,0.313
TXN-008330,2022-10-12,Customer Support,North America,Completed,5308.26,1835.06,3473.2000000000003,0.6543
TXN-011061,2022-10-13,Engineering,EMEA,Completed,3189.37,2861.22,328.1500000000001,0.1029
TXN-006702,2022-10-13,Marketing,North America,Completed,2883.39,1080.02,1803.37,0.6254
TXN-009520,2022-10-13,Operations,APAC,Completed,4512.82,2422.96,2089.8599999999997,0.4631
TXN-005397,2022-10-13,Sales,LATAM,Completed,6595.96,2989.08,3606.88,0.5468
TXN-000144,2022-10-13,Engineering,LATAM,Completed,1948.71,2495.41,-546.6999999999998,-0.2805
TXN-004811,2022-10-13,Customer Support,LATAM,Completed,4942.99,3356.16,1586.83,0.321
TXN-009059,2022-10-13,Marketing,North America,Completed,3684.78,2051.17,1633.6100000000001,0.4433
TXN-011009,2022-10-13,Engineering,LATAM,Pending,7046.22,2425.36,4620.860000000001,0.6558
TXN-009866,2022-10-13,Marketing,EMEA,Completed,4312.53,2327.8,1984.7299999999996,0.4602
TXN-011319,2022-10-13,Operations,LATAM,Pending,4902.35,3782.86,1119.4900000000002,0.2284
TXN-007036,2022-10-14,Operations,APAC,Completed,5839.44,1900.66,3938.7799999999997,0.6745
TXN-009897,2022-10-14,Customer Support,APAC,Completed,4462.75,83.55,4379.2,0.9813
TXN-005793,2022-10-14,Marketing,APAC,Pending,5086.56,3570.73,1515.8300000000004,0.298
TXN-009948,2022-10-14,Operations,LATAM,Pending,5460.54,69.28,5391.26,0.9873
TXN-002626,2022-10-14,Engineering,North America,Completed,3723.83,1713.61,2010.22,0.5398
TXN-008298,2022-10-14,Customer Support,LATAM,Pending,5169.05,1636.38,3532.67,0.6834
TXN-001660,2022-10-14,Customer Support,North America,Pending,5614.14,3003.62,2610.5200000000004,0.465
TXN-010859,2022-10-14,Customer Support,LATAM,Completed,3814.52,1670.58,2143.94,0.562
TXN-000899,2022-10-14,Sales,EMEA,Completed,3859.66,2108.99,1750.67,0.4536
TXN-010892,2022-10-15,Marketing,APAC,Completed,4073.61,2016.1,2057.51,0.5051
TXN-008165,2022-10-15,Engineering,North America,Completed,5292.51,3326.99,1965.5200000000004,0.3714
TXN-001505,2022-10-15,Marketing,EMEA,Completed,6434.65,3245.28,3189.3699999999994,0.4957
TXN-004280,2022-10-15,Marketing,North America,Pending,6308.72,1021.5,5287.22,0.8381
TXN-006698,2022-10-15,Engineering,EMEA,Completed,3922.64,1329.21,2593.43,0.6611
TXN-008993,2022-10-15,Operations,EMEA,Completed,4399.69,2560.61,1839.0799999999995,0.418
TXN-005000,2022-10-15,Engineering,North America,Completed,4983.59,1919.58,3064.01,0.6148
TXN-005936,2022-10-15,Marketing,LATAM,Pending,7708.39,2551.03,5157.360000000001,0.6691
TXN-006556,2022-10-15,Customer Support,APAC,Completed,4107.92,1892.92,2215.0,0.5392
TXN-007273,2022-10-15,Marketing,LATAM,Completed,5654.11,2798.5,2855.6099999999997,0.5051
TXN-000480,2022-10-15,Sales,EMEA,Completed,2316.76,2642.15,-325.3899999999999,-0.1405
TXN-004550,2022-10-15,Operations,APAC,Completed,8262.88,2183.32,6079.5599999999995,0.7358
TXN-005812,2022-10-15,Sales,EMEA,Completed,3599.52,406.59,3192.93,0.887
TXN-007121,2022-10-15,Operations,EMEA,Completed,8100.12,2375.15,5724.969999999999,0.7068
TXN-003928,2022-10-16,Operations,North America,Completed,4273.71,939.16,3334.55,0.7802
TXN-001873,2022-10-16,Customer Support,North America,Completed,3581.04,1396.08,2184.96,0.6101
TXN-007116,2022-10-16,Engineering,APAC,Completed,5371.6,2347.23,3024.3700000000003,0.563
TXN-006732,2022-10-16,Engineering,APAC,Completed,5669.34,2800.71,2868.63,0.506
TXN-011988,2022-10-16,Engineering,APAC,Completed,5683.89,2036.26,3647.63,0.6417
TXN-008612,2022-10-16,Sales,APAC,Completed,3911.55,2366.11,1545.44,0.3951
TXN-003157,2022-10-16,Engineering,APAC,Pending,4081.47,2851.57,1229.8999999999996,0.3013
TXN-001979,2022-10-16,Customer Support,APAC,Completed,3682.89,2526.79,1156.1,0.3139
TXN-005186,2022-10-16,Operations,APAC,Completed,3841.85,2349.06,1492.79,0.3886
TXN-000190,2022-10-16,Sales,North America,Completed,7942.64,2936.72,5005.92,0.6303
TXN-007260,2022-10-16,Customer Support,APAC,Completed,7091.19,1935.13,5156.0599999999995,0.7271
TXN-001023,2022-10-16,Operations,LATAM,Completed,6886.3,1344.7,5541.6,0.8047
TXN-002802,2022-10-16,Customer Support,LATAM,Completed,2447.33,2669.36,-222.0300000000002,-0.0907
TXN-007977,2022-10-16,Marketing,North America,Completed,3239.44,3039.52,199.92000000000007,0.0617
TXN-006968,2022-10-17,Sales,APAC,Completed,5016.88,2550.15,2466.73,0.4917
TXN-006583,2022-10-17,Operations,APAC,Completed,5993.02,1441.68,4551.34,0.7594
TXN-009398,2022-10-17,Customer Support,EMEA,Completed,2452.47,2056.4,396.0699999999997,0.1615
TXN-001588,2022-10-17,Customer Support,North America,Completed,6035.5,642.93,5392.57,0.8935
TXN-002743,2022-10-17,Operations,EMEA,Completed,4964.674999999999,1838.24,3126.4349999999995,0.6297
TXN-004933,2022-10-17,Engineering,North America,Pending,5011.99,1574.08,3437.91,0.6859
TXN-000421,2022-10-17,Engineering,North America,Completed,4798.23,1180.79,3617.4399999999996,0.7539
TXN-001313,2022-10-17,Marketing,LATAM,Completed,5309.96,2060.11,3249.85,0.612
TXN-010580,2022-10-17,Customer Support,APAC,Completed,5297.86,1046.49,4251.37,0.8025
TXN-006638,2022-10-17,Sales,LATAM,Completed,5747.67,747.13,5000.54,0.87
TXN-005863,2022-10-17,Customer Support,North America,Pending,6290.07,2400.69,3889.3799999999997,0.6183
TXN-011975,2022-10-17,Marketing,North America,Completed,4272.04,1438.91,2833.13,0.6632
TXN-001109,2022-10-17,Marketing,North America,Completed,1964.45,1180.5,783.95,0.3991
TXN-000091,2022-10-17,Sales,North America,Completed,6231.16,3535.71,2695.45,0.4326
TXN-007162,2022-10-17,Customer Support,North America,Pending,4517.96,543.9,3974.06,0.8796
TXN-010789,2022-10-17,Marketing,LATAM,Completed,7063.9,2131.2,4932.7,0.6983
TXN-004267,2022-10-18,Marketing,North America,Pending,6314.41,2257.99,4056.42,0.6424
TXN-004792,2022-10-18,Operations,APAC,Completed,6437.2,2298.66,4138.54,0.6429
TXN-000331,2022-10-18,Engineering,EMEA,Completed,4032.02,2089.43,1942.5900000000001,0.4818
TXN-003790,2022-10-18,Customer Support,EMEA,Completed,3275.97,1385.26,1890.7099999999998,0.5771
TXN-011614,2022-10-18,Marketing,EMEA,Pending,6359.54,1639.79,4719.75,0.7422
TXN-010943,2022-10-18,Sales,LATAM,Completed,7086.29,1224.9,5861.389999999999,0.8271
TXN-001542,2022-10-18,Operations,LATAM,Completed,6451.87,2000.4,4451.469999999999,0.69
TXN-011362,2022-10-18,Operations,EMEA,Completed,5205.65,1732.25,3473.3999999999996,0.6672
TXN-003031,2022-10-18,Sales,North America,Completed,2276.26,2829.49,-553.2299999999996,-0.243
TXN-001639,2022-10-18,Operations,EMEA,Pending,6013.9,1439.63,4574.2699999999995,0.7606
TXN-003823,2022-10-18,Operations,APAC,Completed,3618.67,1729.36,1889.3100000000002,0.5221
TXN-008478,2022-10-18,Engineering,LATAM,Pending,7307.61,1963.3,5344.3099999999995,0.7313
TXN-003232,2022-10-18,Operations,APAC,Completed,4582.29,1645.34,2936.95,0.6409
TXN-002066,2022-10-18,Sales,LATAM,Pending,6996.04,532.31,6463.73,0.9239
TXN-005348,2022-10-18,Sales,EMEA,Completed,2662.35,1977.32,685.03,0.2573
TXN-003333,2022-10-18,Operations,EMEA,Completed,3718.55,3386.29,332.2600000000002,0.0894
TXN-011177,2022-10-19,Sales,North America,Completed,3491.08,1373.27,2117.81,0.6066
TXN-005623,2022-10-19,Marketing,EMEA,Completed,4779.59,1709.96,3069.63,0.6422
TXN-008987,2022-10-19,Customer Support,APAC,Completed,4813.81,2138.35,2675.4600000000005,0.5558
TXN-001407,2022-10-19,Sales,EMEA,Completed,5378.21,2378.36,2999.85,0.5578
TXN-010620,2022-10-19,Engineering,EMEA,Completed,5435.31,1043.8,4391.51,0.808
TXN-003163,2022-10-19,Customer Support,North America,Completed,4030.99,1802.91,2228.08,0.5527
TXN-008811,2022-10-19,Engineering,LATAM,Pending,4362.34,2224.1,2138.2400000000002,0.4902
TXN-005132,2022-10-19,Customer Support,LATAM,Pending,6197.46,1115.53,5081.93,0.82
TXN-010204,2022-10-19,Operations,EMEA,Completed,5337.62,1256.44,4081.18,0.7646
TXN-005563,2022-10-20,Engineering,LATAM,Pending,4418.64,2531.59,1887.0500000000002,0.4271
TXN-005026,2022-10-20,Marketing,EMEA,Completed,8895.78,1728.89,7166.89,0.8057
TXN-011552,2022-10-20,Customer Support,LATAM,Completed,2821.47,2599.8,221.66999999999962,0.0786
TXN-009475,2022-10-20,Customer Support,APAC,Completed,6504.06,2435.95,4068.1100000000006,0.6255
TXN-010058,2022-10-20,Marketing,LATAM,Completed,7246.1,2471.83,4774.27,0.6589
TXN-011974,2022-10-20,Customer Support,APAC,Completed,4370.55,1753.96,2616.59,0.5987
TXN-004721,2022-10-20,Operations,APAC,Pending,4614.05,3339.45,1274.6000000000004,0.2762
TXN-007409,2022-10-20,Sales,LATAM,Completed,2756.09,2521.78,234.30999999999995,0.085
TXN-009655,2022-10-20,Operations,APAC,Completed,3063.34,1047.0,2016.3400000000001,0.6582
TXN-008432,2022-10-20,Operations,LATAM,Pending,6368.88,1856.45,4512.43,0.7085
TXN-009676,2022-10-20,Engineering,LATAM,Completed,5737.86,2286.74,3451.12,0.6015
TXN-005448,2022-10-20,Sales,APAC,Pending,6225.47,1654.25,4571.22,0.7343
TXN-003208,2022-10-20,Customer Support,North America,Pending,4200.02,2229.78,1970.2400000000002,0.4691
TXN-009052,2022-10-20,Marketing,North America,Completed,5431.61,1379.53,4052.08,0.746
TXN-007767,2022-10-20,Operations,EMEA,Pending,5211.19,1601.45,3609.74,0.6927
TXN-009077,2022-10-21,Sales,North America,Completed,4987.76,2795.63,2192.13,0.4395
TXN-010903,2022-10-21,Marketing,North America,Completed,1558.1,1609.01,-50.91000000000008,-0.0327
TXN-002099,2022-10-21,Sales,North America,Pending,3755.77,1625.99,2129.7799999999997,0.5671
TXN-004026,2022-10-21,Operations,LATAM,Completed,2753.7,1329.51,1424.1899999999998,0.5172
TXN-003265,2022-10-21,Customer Support,EMEA,Completed,1204.92,1456.54,-251.6199999999999,-0.2088
TXN-008280,2022-10-21,Customer Support,EMEA,Completed,3851.33,2612.5,1238.83,0.3217
TXN-000945,2022-10-21,Operations,EMEA,Pending,4394.6,2947.73,1446.8700000000003,0.3292
TXN-003489,2022-10-21,Sales,LATAM,Completed,3529.38,2499.32,1030.06,0.2919
TXN-009861,2022-10-21,Sales,EMEA,Completed,3988.32,1857.26,2131.0600000000004,0.5343
TXN-001028,2022-10-21,Operations,LATAM,Pending,4397.57,886.57,3510.9999999999995,0.7984
TXN-005799,2022-10-21,Customer Support,EMEA,Completed,5805.88,3296.78,2509.1,0.4322
TXN-010212,2022-10-21,Sales,APAC,Completed,7063.21,2039.0,5024.21,0.7113
TXN-001930,2022-10-21,Operations,LATAM,Completed,3945.09,2254.16,1690.9300000000003,0.4286
TXN-004340,2022-10-21,Engineering,North America,Completed,5284.95,82.82,5202.13,0.9843
TXN-000460,2022-10-21,Engineering,LATAM,Completed,6217.34,1886.39,4330.95,0.6966
TXN-005839,2022-10-21,Sales,North America,Completed,4323.61,2741.15,1582.4599999999996,0.366
TXN-006942,2022-10-22,Sales,APAC,Completed,3403.15,2626.93,776.2200000000003,0.2281
TXN-006173,2022-10-22,Operations,EMEA,Completed,3661.01,1884.78,1776.2300000000002,0.4852
TXN-010305,2022-10-22,Marketing,APAC,Completed,4473.19,1773.54,2699.6499999999996,0.6035
TXN-005659,2022-10-22,Customer Support,EMEA,Completed,5508.4,3034.44,2473.9599999999996,0.4491
TXN-002194,2022-10-22,Marketing,EMEA,Completed,4089.08,715.38,3373.7,0.8251
TXN-000575,2022-10-22,Customer Support,North America,Completed,7625.52,1588.22,6037.3,0.7917
TXN-001439,2022-10-22,Engineering,EMEA,Completed,3006.68,3182.55,-175.87000000000035,-0.0585
TXN-000970,2022-10-22,Customer Support,LATAM,Completed,3413.59,1574.62,1838.9700000000003,0.5387
TXN-008387,2022-10-22,Marketing,LATAM,Completed,8325.02,1904.45,6420.570000000001,0.7712
TXN-001894,2022-10-22,Engineering,North America,Completed,2139.74,1937.97,201.76999999999975,0.0943
TXN-009636,2022-10-22,Sales,EMEA,Completed,5707.47,2230.93,3476.5400000000004,0.6091
TXN-004554,2022-10-22,Sales,North America,Pending,3544.21,956.5,2587.71,0.7301
TXN-001501,2022-10-23,Sales,EMEA,Completed,2855.03,1906.99,948.0400000000002,0.3321
TXN-007338,2022-10-23,Engineering,APAC,Pending,10227.6,1348.33,8879.27,0.8682
TXN-003457,2022-10-23,Operations,LATAM,Completed,5684.56,866.6,4817.96,0.8476
TXN-004635,2022-10-23,Engineering,EMEA,Completed,6346.73,3047.47,3299.2599999999998,0.5198
TXN-006243,2022-10-23,Customer Support,APAC,Completed,5998.38,2968.01,3030.37,0.5052
TXN-009617,2022-10-23,Customer Support,APAC,Completed,5802.46,1258.7,4543.76,0.7831
TXN-001008,2022-10-23,Marketing,APAC,Completed,3740.11,729.45,3010.66,0.805
TXN-004042,2022-10-23,Engineering,EMEA,Completed,3185.99,2891.56,294.42999999999984,0.0924
TXN-008660,2022-10-23,Customer Support,LATAM,Completed,5206.85,1164.07,4042.7800000000007,0.7764
TXN-004707,2022-10-23,Customer Support,EMEA,Pending,6182.7,1455.55,4727.15,0.7646
TXN-005229,2022-10-23,Customer Support,LATAM,Pending,2664.11,1779.21,884.9000000000001,0.3322
TXN-001200,2022-10-24,Sales,EMEA,Completed,5845.8,1846.41,3999.3900000000003,0.6841
TXN-006079,2022-10-24,Marketing,LATAM,Completed,6044.37,3032.8,3011.5699999999997,0.4982
TXN-006629,2022-10-24,Engineering,North America,Completed,1463.31,1928.18,-464.8700000000001,-0.3177
TXN-003223,2022-10-24,Customer Support,LATAM,Completed,3480.27,2340.51,1139.7599999999998,0.3275
TXN-001188,2022-10-24,Sales,North America,Completed,4007.41,3313.8,693.6099999999997,0.1731
TXN-005317,2022-10-24,Operations,LATAM,Completed,4986.64,1938.4,3048.2400000000002,0.6113
TXN-007436,2022-10-24,Marketing,LATAM,Completed,2974.02,2133.5,840.52,0.2826
TXN-002400,2022-10-24,Sales,EMEA,Completed,5012.110000000001,2287.05,2725.0600000000004,0.5437
TXN-009816,2022-10-24,Sales,APAC,Pending,4208.13,2703.82,1504.31,0.3575
TXN-009231,2022-10-24,Sales,APAC,Completed,5408.08,1785.31,3622.77,0.6699
TXN-010196,2022-10-24,Sales,APAC,Pending,5240.9,2072.93,3167.97,0.6045
TXN-007380,2022-10-24,Operations,North America,Completed,4859.18,2433.21,2425.9700000000003,0.4993
TXN-000093,2022-10-24,Engineering,APAC,Pending,5294.53,1542.1,3752.43,0.7087
TXN-006152,2022-10-24,Engineering,EMEA,Completed,3878.11,2469.65,1408.46,0.3632
TXN-004433,2022-10-25,Customer Support,North America,Completed,4393.65,2708.67,1684.9799999999996,0.3835
TXN-006767,2022-10-25,Customer Support,LATAM,Pending,4479.16,1810.72,2668.4399999999996,0.5957
TXN-001314,2022-10-25,Marketing,North America,Pending,6415.13,3109.58,3305.55,0.5153
TXN-011933,2022-10-25,Engineering,LATAM,Pending,3714.57,2616.83,1097.7400000000002,0.2955
TXN-011368,2022-10-25,Customer Support,APAC,Completed,3841.51,2536.9,1304.6100000000001,0.3396
TXN-010776,2022-10-25,Sales,APAC,Pending,4573.03,1012.44,3560.5899999999997,0.7786
TXN-007374,2022-10-25,Marketing,EMEA,Completed,7344.02,788.37,6555.650000000001,0.8927
TXN-007823,2022-10-25,Operations,North America,Pending,4287.16,1887.81,2399.35,0.5597
TXN-000405,2022-10-25,Marketing,EMEA,Completed,4771.76,2014.115,2757.6450000000004,0.5779
TXN-002036,2022-10-25,Marketing,LATAM,Pending,5744.93,1913.49,3831.4400000000005,0.6669
TXN-004809,2022-10-25,Operations,APAC,Pending,5299.35,1823.24,3476.1100000000006,0.656
TXN-001472,2022-10-26,Marketing,North America,Completed,2939.37,2247.0,692.3699999999999,0.2356
TXN-011913,2022-10-26,Customer Support,LATAM,Completed,3640.02,2799.47,840.5500000000002,0.2309
TXN-007043,2022-10-26,Sales,LATAM,Completed,3761.55,2462.22,1299.3300000000004,0.3454
TXN-006521,2022-10-26,Marketing,APAC,Completed,5223.26,3300.33,1922.9300000000003,0.3681
TXN-001515,2022-10-26,Customer Support,EMEA,Completed,5991.27,1591.16,4400.110000000001,0.7344
TXN-004969,2022-10-26,Sales,North America,Completed,6444.43,3965.68,2478.7500000000005,0.3846
TXN-008118,2022-10-26,Operations,North America,Pending,3093.82,3031.53,62.289999999999964,0.0201
TXN-006025,2022-10-26,Marketing,EMEA,Completed,3490.88,723.57,2767.31,0.7927
TXN-008135,2022-10-26,Marketing,North America,Completed,4972.44,2911.96,2060.4799999999996,0.4144
TXN-002567,2022-10-26,Customer Support,EMEA,Pending,6273.43,1720.08,4553.35,0.7258
TXN-009593,2022-10-26,Customer Support,LATAM,Completed,2019.55,3575.17,-1555.6200000000001,-0.7703
TXN-007020,2022-10-26,Engineering,North America,Completed,2544.09,1473.38,1070.71,0.4209
TXN-003670,2022-10-26,Marketing,North America,Pending,4997.79,3732.43,1265.3600000000001,0.2532
TXN-000641,2022-10-26,Engineering,APAC,Completed,7183.08,1098.65,6084.43,0.8471
TXN-009239,2022-10-27,Operations,EMEA,Completed,6975.05,0.0,6975.05,1.0
TXN-010550,2022-10-27,Sales,North America,Completed,2986.64,1689.79,1296.85,0.4342
TXN-000989,2022-10-27,Sales,EMEA,Pending,4050.91,1268.27,2782.64,0.6869
TXN-001102,2022-10-27,Customer Support,APAC,Completed,4762.66,2060.74,2701.92,0.5673
TXN-010445,2022-10-27,Sales,North America,Completed,3780.73,910.86,2869.87,0.7591
TXN-000739,2022-10-27,Customer Support,LATAM,Completed,4661.5,3146.5,1515.0,0.325
TXN-000100,2022-10-27,Marketing,APAC,Completed,3773.21,693.8,3079.41,0.8161
TXN-006715,2022-10-27,Marketing,LATAM,Pending,4691.43,3312.84,1378.5900000000001,0.2939
TXN-000804,2022-10-27,Marketing,APAC,Completed,3360.37,471.51,2888.8599999999997,0.8597
TXN-000866,2022-10-27,Sales,APAC,Completed,6404.6,1338.89,5065.71,0.7909
TXN-008469,2022-10-27,Engineering,EMEA,Pending,2664.91,2248.6,416.30999999999995,0.1562
TXN-006872,2022-10-27,Operations,EMEA,Completed,4867.75,1560.26,3307.49,0.6795
TXN-006577,2022-10-27,Operations,EMEA,Completed,5081.08,1348.83,3732.25,0.7345
TXN-001429,2022-10-28,Engineering,APAC,Completed,5117.18,1496.21,3620.9700000000003,0.7076
TXN-003008,2022-10-28,Customer Support,EMEA,Pending,8919.71,880.55,8039.159999999999,0.9013
TXN-001346,2022-10-28,Sales,LATAM,Completed,3632.66,2345.02,1287.6399999999999,0.3545
TXN-010529,2022-10-28,Customer Support,EMEA,Completed,7176.88,727.22,6449.66,0.8987
TXN-000262,2022-10-28,Marketing,APAC,Pending,7486.14,1024.22,6461.92,0.8632
TXN-009973,2022-10-28,Engineering,APAC,Completed,7199.33,2258.38,4940.95,0.6863
TXN-002674,2022-10-28,Customer Support,LATAM,Completed,5041.91,2113.07,2928.8399999999997,0.5809
TXN-004195,2022-10-28,Sales,EMEA,Pending,3932.94,2850.52,1082.42,0.2752
TXN-008199,2022-10-28,Sales,North America,Completed,3319.68,1820.45,1499.2299999999998,0.4516
TXN-006969,2022-10-28,Sales,EMEA,Pending,5754.12,2008.98,3745.14,0.6509
TXN-004152,2022-10-28,Engineering,APAC,Completed,3711.23,2741.58,969.6500000000001,0.2613
TXN-010118,2022-10-28,Operations,EMEA,Completed,4928.17,2730.46,2197.71,0.4459
TXN-010527,2022-10-28,Engineering,EMEA,Completed,3901.67,2707.96,1193.71,0.3059
TXN-005689,2022-10-28,Customer Support,North America,Completed,4038.55,2736.83,1301.7200000000003,0.3223
TXN-005657,2022-10-28,Operations,LATAM,Completed,3926.08,2668.84,1257.2399999999998,0.3202
TXN-006786,2022-10-28,Marketing,LATAM,Completed,6197.19,2854.67,3342.5199999999995,0.5394
TXN-008193,2022-10-28,Customer Support,APAC,Completed,3636.92,2735.72,901.2000000000003,0.2478
TXN-000174,2022-10-28,Engineering,North America,Completed,8103.12,2792.85,5310.27,0.6553
TXN-000728,2022-10-28,Engineering,LATAM,Completed,5955.66,1220.43,4735.23,0.7951
TXN-003118,2022-10-28,Operations,North America,Pending,4676.52,710.17,3966.3500000000004,0.8481
TXN-005411,2022-10-28,Engineering,LATAM,Pending,6823.69,2488.78,4334.91,0.6353
TXN-010799,2022-10-28,Operations,LATAM,Completed,7841.58,2538.82,5302.76,0.6762
TXN-005828,2022-10-28,Customer Support,LATAM,Completed,4929.59,2321.32,2608.27,0.5291
TXN-007324,2022-10-29,Customer Support,EMEA,Completed,4356.81,2840.94,1515.8700000000003,0.3479
TXN-004613,2022-10-29,Marketing,EMEA,Completed,5812.08,3069.67,2742.41,0.4718
TXN-007988,2022-10-29,Engineering,LATAM,Completed,4421.31,2051.33,2369.9800000000005,0.536
TXN-000958,2022-10-29,Operations,APAC,Pending,5503.96,2497.33,3006.63,0.5463
TXN-011868,2022-10-29,Engineering,North America,Completed,4735.8,1891.73,2844.07,0.6005
TXN-000993,2022-10-29,Customer Support,LATAM,Completed,6272.88,1146.07,5126.81,0.8173
TXN-007663,2022-10-29,Operations,APAC,Completed,2810.88,2505.32,305.55999999999995,0.1087
TXN-001484,2022-10-29,Engineering,APAC,Pending,3403.56,1034.6,2368.96,0.696
TXN-008443,2022-10-29,Customer Support,North America,Completed,2734.69,2049.44,685.25,0.2506
TXN-001712,2022-10-29,Marketing,APAC,Completed,10103.84,1369.15,8734.69,0.8645
TXN-003032,2022-10-29,Customer Support,APAC,Pending,5677.05,2146.29,3530.76,0.6219
TXN-005647,2022-10-29,Sales,APAC,Completed,3773.69,2351.98,1421.71,0.3767
TXN-000409,2022-10-29,Engineering,EMEA,Completed,2685.53,1415.05,1270.4800000000002,0.4731
TXN-002204,2022-10-29,Sales,LATAM,Completed,3915.88,805.29,3110.59,0.7944
TXN-011407,2022-10-30,Customer Support,EMEA,Pending,4137.94,1112.06,3025.8799999999997,0.7313
TXN-000577,2022-10-30,Sales,North America,Completed,5911.69,406.06,5505.629999999999,0.9313
TXN-002421,2022-10-30,Marketing,North America,Completed,6009.19,2195.22,3813.97,0.6347
TXN-003910,2022-10-30,Marketing,LATAM,Completed,5616.27,1928.78,3687.4900000000007,0.6566
TXN-007207,2022-10-30,Operations,EMEA,Completed,7053.5,2365.79,4687.71,0.6646
TXN-002179,2022-10-30,Customer Support,EMEA,Completed,6274.58,842.87,5431.71,0.8657
TXN-001210,2022-10-30,Operations,LATAM,Completed,6605.18,2789.2,3815.9800000000005,0.5777
TXN-004036,2022-10-30,Operations,EMEA,Completed,4793.08,3084.54,1708.54,0.3565
TXN-006431,2022-10-30,Engineering,APAC,Completed,7179.86,2793.9,4385.959999999999,0.6109
TXN-005136,2022-10-30,Engineering,North America,Pending,4148.76,1559.17,2589.59,0.6242
TXN-006300,2022-10-31,Engineering,APAC,Completed,5126.19,1952.26,3173.9299999999994,0.6192
TXN-006123,2022-10-31,Sales,LATAM,Completed,4120.09,2473.87,1646.2200000000003,0.3996
TXN-002241,2022-10-31,Sales,LATAM,Pending,5542.84,2208.57,3334.27,0.6015
TXN-010230,2022-10-31,Operations,North America,Completed,8149.65,3197.94,4951.709999999999,0.6076
TXN-004355,2022-10-31,Engineering,APAC,Completed,3986.95,1153.05,2833.8999999999996,0.7108
TXN-005651,2022-10-31,Marketing,EMEA,Completed,4128.51,2203.04,1925.4700000000003,0.4664
TXN-011730,2022-10-31,Customer Support,APAC,Completed,7008.61,2131.85,4876.76,0.6958
TXN-011792,2022-10-31,Engineering,APAC,Completed,5291.47,2309.99,2981.4800000000005,0.5635
TXN-003302,2022-10-31,Customer Support,APAC,Completed,3857.72,1943.38,1914.3399999999997,0.4962
TXN-011133,2022-10-31,Marketing,EMEA,Completed,5093.1,2425.25,2667.8500000000004,0.5238
TXN-009471,2022-10-31,Operations,APAC,Completed,2980.75,2097.64,883.1100000000001,0.2963
TXN-006168,2022-10-31,Engineering,LATAM,Completed,6752.82,1175.22,5577.599999999999,0.826
TXN-007464,2022-10-31,Marketing,APAC,Completed,5719.49,2089.53,3629.9599999999996,0.6347
TXN-003981,2022-10-31,Engineering,LATAM,Pending,7155.43,1176.91,5978.52,0.8355
TXN-007182,2022-10-31,Sales,APAC,Completed,2171.79,1924.05,247.74,0.1141
TXN-009854,2022-10-31,Operations,APAC,Completed,4631.28,812.13,3819.1499999999996,0.8246
TXN-004867,2022-10-31,Engineering,LATAM,Pending,3755.98,2273.21,1482.77,0.3948
TXN-003913,2022-10-31,Operations,APAC,Completed,2358.89,3530.97,-1172.08,-0.4969
TXN-006678,2022-10-31,Sales,LATAM,Completed,4607.26,2267.06,2340.2000000000003,0.5079
TXN-007652,2022-11-01,Sales,LATAM,Completed,4298.94,2091.99,2206.95,0.5134
TXN-003739,2022-11-01,Engineering,APAC,Completed,5837.19,1811.9,4025.2899999999995,0.6896
TXN-002388,2022-11-01,Customer Support,North America,Pending,6056.3,1166.35,4889.950000000001,0.8074
TXN-002638,2022-11-01,Engineering,APAC,Pending,8102.99,1767.95,6335.04,0.7818
TXN-002372,2022-11-01,Customer Support,North America,Pending,4047.19,2569.57,1477.62,0.3651
TXN-001229,2022-11-01,Marketing,LATAM,Completed,6025.36,2629.16,3396.2,0.5637
TXN-000672,2022-11-01,Marketing,LATAM,Completed,4979.81,1739.08,3240.7300000000005,0.6508
TXN-008904,2022-11-01,Customer Support,LATAM,Completed,2343.87,2508.47,-164.5999999999999,-0.0702
TXN-010913,2022-11-01,Operations,North America,Pending,6220.37,2783.15,3437.22,0.5526
TXN-005259,2022-11-01,Operations,EMEA,Pending,6471.14,2695.92,3775.2200000000003,0.5834
TXN-000711,2022-11-01,Engineering,EMEA,Completed,5303.13,1494.6,3808.53,0.7182
TXN-009941,2022-11-01,Sales,APAC,Pending,5687.81,2127.2,3560.6100000000006,0.626
TXN-001392,2022-11-02,Operations,EMEA,Completed,4243.21,1442.02,2801.19,0.6602
TXN-002874,2022-11-02,Sales,North America,Pending,4566.9,3362.19,1204.7099999999996,0.2638
TXN-007296,2022-11-02,Operations,APAC,Completed,2835.16,3680.54,-845.3800000000001,-0.2982
TXN-009786,2022-11-02,Engineering,EMEA,Completed,3924.51,1282.23,2642.28,0.6733
TXN-010220,2022-11-02,Marketing,LATAM,Completed,5880.98,1969.06,3911.9199999999996,0.6652
TXN-005273,2022-11-02,Engineering,LATAM,Completed,4241.69,1629.57,2612.12,0.6158
TXN-000070,2022-11-02,Marketing,EMEA,Completed,4240.3,0.0,4240.3,1.0
TXN-009081,2022-11-02,Marketing,APAC,Pending,5080.63,1824.26,3256.37,0.6409
TXN-008738,2022-11-02,Sales,APAC,Completed,6300.41,2226.46,4073.95,0.6466
TXN-009294,2022-11-02,Engineering,EMEA,Completed,5103.82,2579.77,2524.0499999999997,0.4945
TXN-000217,2022-11-02,Marketing,EMEA,Completed,3847.94,631.69,3216.25,0.8358
TXN-009069,2022-11-02,Customer Support,APAC,Completed,8246.08,1176.56,7069.52,0.8573
TXN-011426,2022-11-02,Sales,EMEA,Completed,4957.81,1471.71,3486.1000000000004,0.7032
TXN-000978,2022-11-02,Engineering,APAC,Completed,6116.58,1380.86,4735.72,0.7742
TXN-007270,2022-11-02,Engineering,EMEA,Completed,3399.6,2813.35,586.25,0.1724
TXN-010834,2022-11-03,Marketing,North America,Completed,4473.83,1438.8,3035.0299999999997,0.6784
TXN-005392,2022-11-03,Marketing,APAC,Completed,6092.96,2563.3,3529.66,0.5793
TXN-011778,2022-11-03,Operations,LATAM,Completed,4521.35,2750.34,1771.0100000000002,0.3917
TXN-006007,2022-11-03,Operations,LATAM,Completed,4411.66,3375.84,1035.8199999999997,0.2348
TXN-008906,2022-11-03,Sales,North America,Pending,4833.25,1307.46,3525.79,0.7295
TXN-010229,2022-11-03,Customer Support,EMEA,Completed,5747.55,2819.61,2927.94,0.5094
TXN-009879,2022-11-03,Engineering,APAC,Completed,4614.51,2690.63,1923.88,0.4169
TXN-009281,2022-11-03,Operations,North America,Completed,5200.64,602.25,4598.39,0.8842
TXN-003233,2022-11-03,Operations,LATAM,Completed,7054.1,1892.5,5161.6,0.7317
TXN-007229,2022-11-03,Operations,APAC,Pending,5435.97,1672.71,3763.26,0.6923
TXN-008683,2022-11-03,Sales,LATAM,Pending,4476.51,1854.16,2622.3500000000004,0.5858
TXN-000272,2022-11-03,Engineering,APAC,Completed,5501.79,537.05,4964.74,0.9024
TXN-008558,2022-11-03,Engineering,North America,Pending,4929.5650000000005,1917.37,3012.1950000000006,0.611
TXN-008286,2022-11-03,Customer Support,North America,Pending,5744.18,2298.44,3445.7400000000002,0.5999
TXN-010705,2022-11-03,Operations,APAC,Completed,6533.89,1819.74,4714.150000000001,0.7215
TXN-009277,2022-11-03,Sales,APAC,Pending,4850.38,2641.86,2208.52,0.4553
TXN-008803,2022-11-03,Marketing,EMEA,Completed,3526.44,2136.36,1390.08,0.3942
TXN-003622,2022-11-03,Marketing,North America,Pending,5972.58,2607.04,3365.54,0.5635
TXN-011655,2022-11-03,Marketing,EMEA,Completed,7295.64,1453.66,5841.9800000000005,0.8007
TXN-008852,2022-11-03,Customer Support,EMEA,Completed,3509.67,2581.0,928.6700000000001,0.2646
TXN-003388,2022-11-03,Engineering,North America,Completed,6988.86,1985.92,5002.94,0.7158
TXN-003883,2022-11-03,Operations,EMEA,Completed,5830.84,1361.9,4468.9400000000005,0.7664
TXN-008693,2022-11-04,Operations,North America,Completed,4907.12,1618.39,3288.7299999999996,0.6702
TXN-002044,2022-11-04,Customer Support,North America,Completed,3094.09,1667.64,1426.45,0.461
TXN-004514,2022-11-04,Customer Support,LATAM,Completed,3633.95,3468.82,165.12999999999965,0.0454
TXN-006043,2022-11-04,Operations,North America,Completed,6104.19,1948.66,4155.53,0.6808
TXN-006263,2022-11-04,Sales,APAC,Completed,3018.97,2031.97,986.9999999999998,0.3269
TXN-010023,2022-11-04,Operations,EMEA,Completed,8955.46,784.55,8170.909999999999,0.9124
TXN-008747,2022-11-04,Marketing,North America,Pending,5063.2,515.85,4547.349999999999,0.8981
TXN-010897,2022-11-04,Operations,LATAM,Pending,3546.4,2885.96,660.44,0.1862
TXN-010713,2022-11-04,Customer Support,EMEA,Completed,4365.49,2797.83,1567.6599999999999,0.3591
TXN-010469,2022-11-04,Marketing,EMEA,Completed,4896.42,1385.8,3510.62,0.717
TXN-011040,2022-11-04,Customer Support,EMEA,Completed,4768.59,1971.72,2796.87,0.5865
TXN-006932,2022-11-04,Customer Support,North America,Completed,5877.9,2296.73,3581.1699999999996,0.6093
TXN-001779,2022-11-04,Marketing,APAC,Completed,6115.61,1300.05,4815.5599999999995,0.7874
TXN-002290,2022-11-05,Engineering,EMEA,Pending,5571.88,2358.83,3213.05,0.5767
TXN-009615,2022-11-05,Customer Support,APAC,Pending,2862.79,881.03,1981.76,0.6922
TXN-003813,2022-11-05,Operations,EMEA,Pending,5139.99,2546.67,2593.3199999999997,0.5045
TXN-011917,2022-11-05,Marketing,LATAM,Completed,4339.46,1733.69,2605.77,0.6005
TXN-009744,2022-11-05,Customer Support,LATAM,Completed,2742.79,524.78,2218.01,0.8087
TXN-008405,2022-11-05,Customer Support,EMEA,Completed,6757.01,1389.13,5367.88,0.7944
TXN-007565,2022-11-05,Customer Support,APAC,Pending,3938.12,2755.43,1182.69,0.3003
TXN-005781,2022-11-05,Marketing,APAC,Completed,6465.54,981.79,5483.75,0.8482
TXN-007292,2022-11-05,Sales,APAC,Completed,4992.42,0.0,4992.42,1.0
TXN-004141,2022-11-05,Marketing,North America,Completed,5060.48,276.64,4783.839999999999,0.9453
TXN-008338,2022-11-05,Sales,LATAM,Pending,5209.54,1938.01,3271.5299999999997,0.628
TXN-006750,2022-11-05,Operations,APAC,Completed,3955.64,2001.72,1953.9199999999998,0.494
TXN-011923,2022-11-05,Marketing,North America,Completed,8178.4,1877.04,6301.36,0.7705
TXN-010256,2022-11-06,Engineering,APAC,Completed,3855.46,2882.87,972.5900000000001,0.2523
TXN-005831,2022-11-06,Customer Support,LATAM,Pending,5561.45,2229.16,3332.29,0.5992
TXN-008174,2022-11-06,Customer Support,EMEA,Completed,5847.87,1549.66,4298.21,0.735
TXN-005288,2022-11-06,Operations,LATAM,Completed,7626.74,1418.86,6207.88,0.814
TXN-000867,2022-11-06,Marketing,LATAM,Pending,4108.25,3539.41,568.8400000000001,0.1385
TXN-005263,2022-11-06,Sales,APAC,Completed,6324.08,2045.5,4278.58,0.6766
TXN-011684,2022-11-06,Sales,EMEA,Completed,4273.64,2361.4,1912.2400000000002,0.4474
TXN-003907,2022-11-06,Operations,North America,Completed,7457.2,2368.43,5088.77,0.6824
TXN-006992,2022-11-06,Marketing,LATAM,Completed,4540.48,2839.86,1700.6199999999994,0.3745
TXN-001192,2022-11-06,Marketing,APAC,Completed,5549.82,1075.52,4474.299999999999,0.8062
TXN-000050,2022-11-06,Sales,EMEA,Pending,6375.47,1086.37,5289.1,0.8296
TXN-009121,2022-11-06,Operations,LATAM,Completed,3402.25,1069.82,2332.4300000000003,0.6856
TXN-003866,2022-11-06,Sales,North America,Completed,4659.83,1846.43,2813.3999999999996,0.6038
TXN-008594,2022-11-06,Marketing,EMEA,Completed,4940.13,3133.25,1806.88,0.3658
TXN-002991,2022-11-06,Marketing,EMEA,Completed,5406.38,1327.49,4078.8900000000003,0.7545
TXN-010910,2022-11-07,Engineering,North America,Completed,4460.6,2644.28,1816.3200000000002,0.4072
TXN-002165,2022-11-07,Customer Support,LATAM,Completed,4643.27,2183.54,2459.7300000000005,0.5297
TXN-000214,2022-11-07,Sales,LATAM,Completed,5280.74,1457.26,3823.4799999999996,0.724
TXN-005232,2022-11-07,Operations,APAC,Pending,6951.67,1903.01,5048.66,0.7263
TXN-001677,2022-11-07,Marketing,North America,Pending,4598.86,3227.88,1370.9799999999996,0.2981
TXN-009609,2022-11-07,Operations,North America,Completed,6889.59,2583.29,4306.3,0.625
TXN-002344,2022-11-07,Sales,APAC,Completed,6739.16,1916.55,4822.61,0.7156
TXN-002097,2022-11-07,Engineering,APAC,Pending,5366.0,2285.93,3080.07,0.574
TXN-003024,2022-11-07,Operations,APAC,Pending,6591.07,2002.17,4588.9,0.6962
TXN-001435,2022-11-07,Sales,APAC,Completed,5024.62,2905.41,2119.21,0.4218
TXN-000607,2022-11-07,Customer Support,North America,Pending,4374.2,2201.35,2172.85,0.4967
TXN-007255,2022-11-07,Customer Support,North America,Completed,2280.58,1362.09,918.49,0.4027
TXN-008591,2022-11-07,Marketing,LATAM,Completed,2002.3,511.49,1490.81,0.7445
TXN-009634,2022-11-07,Engineering,APAC,Completed,1216.64,0.0,1216.64,1.0
TXN-009791,2022-11-07,Sales,APAC,Completed,2863.82,3586.14,-722.3199999999997,-0.2522
TXN-002100,2022-11-07,Sales,EMEA,Completed,6518.6,2793.08,3725.5200000000004,0.5715
TXN-010994,2022-11-07,Customer Support,LATAM,Completed,6378.37,1177.83,5200.54,0.8153
TXN-009598,2022-11-07,Customer Support,APAC,Completed,3718.91,2444.37,1274.54,0.3427
TXN-011318,2022-11-08,Operations,LATAM,Completed,4613.93,346.75,4267.18,0.9248
TXN-004858,2022-11-08,Marketing,EMEA,Completed,4043.49,1493.25,2550.24,0.6307
TXN-004168,2022-11-08,Marketing,APAC,Completed,4971.94,563.35,4408.589999999999,0.8867
TXN-011857,2022-11-08,Sales,North America,Completed,5933.12,2003.67,3929.45,0.6623
TXN-002336,2022-11-08,Operations,EMEA,Pending,6003.72,1721.0,4282.72,0.7133
TXN-005087,2022-11-08,Customer Support,APAC,Pending,5310.1,1868.13,3441.9700000000003,0.6482
TXN-010586,2022-11-08,Engineering,LATAM,Completed,4796.56,1725.76,3070.8,0.6402
TXN-008226,2022-11-08,Customer Support,North America,Pending,5490.93,1878.44,3612.4900000000002,0.6579
TXN-008807,2022-11-08,Marketing,APAC,Pending,2290.73,4158.73,-1867.9999999999995,-0.8155
TXN-008917,2022-11-08,Marketing,APAC,Completed,5591.58,2510.14,3081.44,0.5511
TXN-004025,2022-11-08,Sales,EMEA,Pending,4317.63,2127.41,2190.2200000000003,0.5073
TXN-005699,2022-11-08,Marketing,APAC,Completed,7656.26,1353.43,6302.83,0.8232
TXN-000148,2022-11-09,Sales,APAC,Pending,5858.31,2066.73,3791.5800000000004,0.6472
TXN-008365,2022-11-09,Customer Support,EMEA,Completed,5395.82,2786.19,2609.6299999999997,0.4836
TXN-009575,2022-11-09,Operations,North America,Completed,4670.67,2920.53,1750.1399999999999,0.3747
TXN-007419,2022-11-09,Customer Support,APAC,Pending,5962.23,2937.78,3024.4499999999994,0.5073
TXN-007956,2022-11-09,Engineering,North America,Completed,5504.55,2347.98,3156.57,0.5734
TXN-007394,2022-11-09,Marketing,LATAM,Pending,4121.31,3055.57,1065.7400000000002,0.2586
TXN-009664,2022-11-09,Marketing,APAC,Completed,4971.94,1070.88,3901.0599999999995,0.7846
TXN-011107,2022-11-09,Customer Support,APAC,Pending,3323.82,2108.74,1215.0800000000004,0.3656
TXN-002445,2022-11-09,Operations,APAC,Completed,4519.29,2212.24,2307.05,0.5105
TXN-002890,2022-11-09,Marketing,APAC,Completed,5545.8,1512.73,4033.07,0.7272
TXN-009120,2022-11-10,Operations,EMEA,Completed,2516.72,2135.66,381.05999999999995,0.1514
TXN-003195,2022-11-10,Operations,EMEA,Pending,4035.35,2660.2,1375.15,0.3408
TXN-003492,2022-11-10,Marketing,LATAM,Completed,5743.54,1238.93,4504.61,0.7843
TXN-002248,2022-11-10,Engineering,North America,Pending,4517.33,969.74,3547.59,0.7853
TXN-007449,2022-11-10,Operations,LATAM,Pending,3234.21,2789.77,444.44000000000005,0.1374
TXN-010536,2022-11-10,Operations,LATAM,Completed,4691.46,1562.34,3129.12,0.667
TXN-004045,2022-11-10,Operations,APAC,Completed,5595.58,2940.61,2654.97,0.4745
TXN-006799,2022-11-10,Operations,North America,Completed,2740.64,2324.11,416.52999999999975,0.152
TXN-001516,2022-11-10,Engineering,LATAM,Completed,5961.49,1956.84,4004.6499999999996,0.6718
TXN-008538,2022-11-10,Customer Support,EMEA,Completed,8660.16,2751.68,5908.48,0.6823
TXN-008083,2022-11-10,Customer Support,North America,Pending,5790.06,1796.47,3993.59,0.6897
TXN-010896,2022-11-10,Customer Support,APAC,Completed,6035.91,746.47,5289.44,0.8763
TXN-004492,2022-11-10,Sales,APAC,Completed,5695.97,1028.8,4667.17,0.8194
TXN-002829,2022-11-10,Engineering,APAC,Completed,4236.15,1617.45,2618.7,0.6182
TXN-008466,2022-11-10,Engineering,North America,Completed,3069.28,1740.55,1328.7300000000002,0.4329
TXN-006869,2022-11-10,Customer Support,LATAM,Pending,4188.02,1837.73,2350.2900000000004,0.5612
TXN-000873,2022-11-11,Customer Support,LATAM,Completed,5154.0,3287.24,1866.7600000000002,0.3622
TXN-011534,2022-11-11,Operations,EMEA,Pending,5635.33,2842.81,2792.52,0.4955
TXN-011949,2022-11-11,Customer Support,LATAM,Completed,5029.42,2539.61,2489.81,0.495
TXN-008351,2022-11-11,Marketing,APAC,Completed,2839.25,831.92,2007.33,0.707
TXN-007786,2022-11-11,Engineering,EMEA,Completed,2459.83,1969.41,490.41999999999985,0.1994
TXN-004109,2022-11-11,Customer Support,North America,Completed,3547.65,1521.24,2026.41,0.5712
TXN-003017,2022-11-11,Sales,LATAM,Pending,2987.7,2890.54,97.15999999999985,0.0325
TXN-010116,2022-11-11,Engineering,APAC,Completed,5126.19,709.14,4417.049999999999,0.8617
TXN-010255,2022-11-11,Operations,LATAM,Pending,3567.14,2829.88,737.2599999999998,0.2067
TXN-003288,2022-11-11,Operations,APAC,Completed,2123.11,2896.67,-773.56,-0.3644
TXN-006928,2022-11-11,Sales,North America,Completed,2336.17,1670.32,665.8500000000001,0.285
TXN-006465,2022-11-11,Operations,North America,Completed,4827.59,2096.73,2730.86,0.5657
TXN-010183,2022-11-11,Engineering,APAC,Completed,4938.5,1357.71,3580.79,0.7251
TXN-007727,2022-11-11,Sales,APAC,Completed,3920.26,1488.69,2431.57,0.6203
TXN-001976,2022-11-11,Engineering,North America,Pending,5358.36,2508.22,2850.14,0.5319
TXN-007319,2022-11-11,Operations,EMEA,Completed,4579.08,3509.99,1069.0900000000001,0.2335
TXN-006087,2022-11-11,Customer Support,EMEA,Completed,6084.13,1860.14,4223.99,0.6943
TXN-005313,2022-11-11,Engineering,APAC,Completed,4533.38,2586.14,1947.2400000000002,0.4295
TXN-002229,2022-11-11,Sales,EMEA,Pending,7426.66,2208.54,5218.12,0.7026
TXN-009963,2022-11-11,Marketing,North America,Completed,5950.63,1822.06,4128.57,0.6938
TXN-005593,2022-11-11,Operations,APAC,Completed,3526.92,1206.2,2320.7200000000003,0.658
TXN-008180,2022-11-11,Sales,EMEA,Completed,4505.38,3283.44,1221.94,0.2712
TXN-008765,2022-11-11,Customer Support,LATAM,Completed,5731.77,1282.26,4449.51,0.7763
TXN-006466,2022-11-12,Sales,APAC,Completed,4268.95,3100.68,1168.27,0.2737
TXN-004944,2022-11-12,Engineering,LATAM,Completed,4925.58,2706.9,2218.68,0.4504
TXN-010367,2022-11-12,Marketing,EMEA,Pending,2518.15,2014.115,504.0350000000001,0.2002
TXN-009523,2022-11-12,Engineering,APAC,Pending,5546.63,2683.22,2863.4100000000003,0.5162
TXN-004600,2022-11-12,Engineering,EMEA,Pending,4883.1,2155.42,2727.6800000000003,0.5586
TXN-004782,2022-11-12,Sales,APAC,Completed,3696.25,1889.19,1807.06,0.4889
TXN-006532,2022-11-13,Operations,LATAM,Completed,5333.44,685.38,4648.0599999999995,0.8715
TXN-001619,2022-11-13,Marketing,North America,Completed,5235.31,3505.0,1730.3100000000004,0.3305
TXN-002163,2022-11-13,Customer Support,LATAM,Completed,7045.59,1926.97,5118.62,0.7265
TXN-009644,2022-11-13,Engineering,LATAM,Pending,5027.34,2613.55,2413.79,0.4801
TXN-005470,2022-11-13,Sales,EMEA,Completed,3764.11,2480.68,1283.4300000000003,0.341
TXN-004063,2022-11-13,Operations,EMEA,Completed,5988.49,2446.89,3541.6,0.5914
TXN-001520,2022-11-13,Engineering,APAC,Pending,4176.81,2017.5,2159.3100000000004,0.517
TXN-000714,2022-11-13,Sales,EMEA,Completed,5376.05,2465.44,2910.61,0.5414
TXN-004704,2022-11-13,Sales,LATAM,Completed,4401.12,1678.92,2722.2,0.6185
TXN-002709,2022-11-14,Operations,LATAM,Completed,2686.65,1614.48,1072.17,0.3991
TXN-000516,2022-11-14,Sales,LATAM,Completed,5901.0,1140.21,4760.79,0.8068
TXN-003329,2022-11-14,Engineering,EMEA,Completed,5928.46,2402.03,3526.43,0.5948
TXN-003618,2022-11-14,Sales,EMEA,Completed,6525.29,495.64,6029.65,0.924
TXN-000131,2022-11-14,Customer Support,APAC,Pending,2240.21,3320.86,-1080.65,-0.4824
TXN-008655,2022-11-14,Marketing,APAC,Completed,4216.01,2010.13,2205.88,0.5232
TXN-009802,2022-11-14,Customer Support,APAC,Completed,5142.24,1926.33,3215.91,0.6254
TXN-008885,2022-11-14,Operations,North America,Completed,3570.06,1939.53,1630.53,0.4567
TXN-010237,2022-11-14,Operations,North America,Completed,6353.0,2559.64,3793.36,0.5971
TXN-007055,2022-11-14,Engineering,LATAM,Pending,4466.96,312.13,4154.83,0.9301
TXN-002859,2022-11-14,Operations,APAC,Completed,4053.82,2999.5,1054.3200000000002,0.2601
TXN-009733,2022-11-14,Sales,EMEA,Completed,3575.14,1881.19,1693.9499999999998,0.4738
TXN-011732,2022-11-14,Customer Support,LATAM,Completed,4929.59,2118.21,2811.38,0.5703
TXN-007979,2022-11-14,Operations,North America,Completed,6438.3,1636.88,4801.42,0.7458
TXN-007624,2022-11-14,Marketing,EMEA,Completed,3319.55,1556.95,1762.6000000000001,0.531
TXN-009988,2022-11-15,Customer Support,North America,Pending,5515.79,1222.02,4293.77,0.7785
TXN-011202,2022-11-15,Customer Support,EMEA,Completed,4987.09,2843.7,2143.3900000000003,0.4298
TXN-000177,2022-11-15,Sales,LATAM,Completed,6624.26,2324.34,4299.92,0.6491
TXN-004781,2022-11-15,Customer Support,North America,Completed,5442.5,1408.97,4033.5299999999997,0.7411
TXN-005974,2022-11-15,Engineering,North America,Completed,7658.95,3264.62,4394.33,0.5738
TXN-011656,2022-11-15,Marketing,North America,Completed,7836.47,1476.57,6359.900000000001,0.8116
TXN-003194,2022-11-15,Engineering,APAC,Completed,4342.38,1851.83,2490.55,0.5735
TXN-008134,2022-11-15,Customer Support,APAC,Completed,4993.29,2069.75,2923.54,0.5855
TXN-004004,2022-11-15,Sales,EMEA,Completed,3958.05,1132.72,2825.33,0.7138
TXN-009972,2022-11-15,Operations,APAC,Completed,7637.6,2658.14,4979.460000000001,0.652
TXN-002825,2022-11-16,Engineering,EMEA,Completed,5580.87,2334.08,3246.79,0.5818
TXN-001741,2022-11-16,Customer Support,North America,Pending,3964.72,2048.39,1916.33,0.4833
TXN-002879,2022-11-16,Customer Support,LATAM,Completed,5207.38,3793.93,1413.4500000000003,0.2714
TXN-011336,2022-11-16,Operations,APAC,Completed,2165.81,2205.65,-39.840000000000146,-0.0184
TXN-008611,2022-11-16,Customer Support,EMEA,Completed,5930.94,3532.88,2398.0599999999995,0.4043
TXN-006579,2022-11-16,Operations,North America,Completed,7899.3,832.96,7066.34,0.8946
TXN-005383,2022-11-16,Operations,APAC,Completed,4934.66,2650.52,2284.14,0.4629
TXN-003168,2022-11-16,Engineering,North America,Completed,4625.35,1932.89,2692.46,0.5821
TXN-005555,2022-11-16,Marketing,EMEA,Completed,5093.1,2443.37,2649.7300000000005,0.5203
TXN-007924,2022-11-16,Engineering,EMEA,Completed,7172.74,1993.68,5179.0599999999995,0.722
TXN-008097,2022-11-16,Sales,North America,Completed,5307.06,907.28,4399.780000000001,0.829
TXN-011320,2022-11-17,Sales,LATAM,Pending,5054.66,1236.68,3817.9799999999996,0.7553
TXN-000738,2022-11-17,Marketing,APAC,Completed,3092.56,1283.55,1809.01,0.585
TXN-005858,2022-11-17,Operations,LATAM,Completed,5493.22,2132.84,3360.38,0.6117
TXN-002916,2022-11-17,Marketing,North America,Completed,5355.77,1939.74,3416.0300000000007,0.6378
TXN-004717,2022-11-17,Marketing,APAC,Completed,6315.04,1409.39,4905.65,0.7768
TXN-004534,2022-11-17,Customer Support,North America,Completed,7089.44,2788.74,4300.7,0.6066
TXN-006368,2022-11-17,Operations,EMEA,Completed,3942.73,3376.57,566.1599999999999,0.1436
TXN-003177,2022-11-17,Customer Support,North America,Completed,4009.36,3362.05,647.31,0.1614
TXN-006169,2022-11-17,Customer Support,EMEA,Completed,4671.26,1066.2,3605.0600000000004,0.7718
TXN-001121,2022-11-17,Engineering,North America,Completed,4385.11,1446.26,2938.8499999999995,0.6702
TXN-003735,2022-11-17,Customer Support,EMEA,Completed,1603.17,1405.37,197.80000000000018,0.1234
TXN-011353,2022-11-17,Operations,EMEA,Pending,3351.37,1408.84,1942.53,0.5796
TXN-001209,2022-11-17,Sales,LATAM,Completed,3188.61,2122.88,1065.73,0.3342
TXN-005545,2022-11-17,Sales,LATAM,Completed,4816.26,1099.14,3717.12,0.7718
TXN-005484,2022-11-18,Operations,North America,Pending,3841.1,3360.78,480.3199999999997,0.125
TXN-006841,2022-11-18,Operations,North America,Completed,5279.05,1524.27,3754.78,0.7113
TXN-006986,2022-11-18,Operations,LATAM,Completed,4869.22,2957.33,1911.8900000000003,0.3926
TXN-003418,2022-11-18,Customer Support,EMEA,Completed,3634.96,2215.79,1419.17,0.3904
TXN-008120,2022-11-18,Customer Support,APAC,Pending,4412.93,2233.88,2179.05,0.4938
TXN-005581,2022-11-18,Engineering,APAC,Completed,3947.23,2246.3,1700.9299999999998,0.4309
TXN-002014,2022-11-18,Engineering,LATAM,Pending,7441.09,1650.23,5790.860000000001,0.7782
TXN-007276,2022-11-18,Sales,EMEA,Completed,4936.43,1472.94,3463.4900000000002,0.7016
TXN-000322,2022-11-18,Marketing,North America,Completed,6387.25,2059.93,4327.32,0.6775
TXN-000886,2022-11-18,Marketing,North America,Completed,3311.04,3194.87,116.17000000000007,0.0351
TXN-002824,2022-11-18,Operations,North America,Pending,4199.81,2411.31,1788.5000000000005,0.4259
TXN-006783,2022-11-18,Sales,North America,Completed,3598.13,2116.43,1481.7000000000003,0.4118
TXN-005450,2022-11-18,Operations,APAC,Completed,8613.71,1726.31,6887.4,0.7996
TXN-007694,2022-11-18,Sales,APAC,Completed,4563.45,1070.97,3492.4799999999996,0.7653
TXN-007411,2022-11-19,Marketing,APAC,Completed,2391.88,2168.47,223.4100000000003,0.0934
TXN-009218,2022-11-19,Marketing,EMEA,Pending,4044.16,2294.21,1749.9499999999998,0.4327
TXN-003579,2022-11-19,Marketing,North America,Completed,6149.49,1640.14,4509.349999999999,0.7333
TXN-010884,2022-11-19,Sales,APAC,Completed,4524.03,1852.88,2671.1499999999996,0.5904
TXN-002820,2022-11-19,Engineering,APAC,Completed,4728.19,1884.6,2843.5899999999997,0.6014
TXN-010245,2022-11-19,Marketing,LATAM,Completed,6350.5,2478.56,3871.94,0.6097
TXN-004375,2022-11-19,Operations,APAC,Pending,4529.26,1595.13,2934.13,0.6478
TXN-011555,2022-11-19,Sales,LATAM,Completed,3784.28,717.62,3066.6600000000003,0.8104
TXN-007564,2022-11-20,Marketing,APAC,Pending,9794.34,2556.21,7238.13,0.739
TXN-006302,2022-11-20,Operations,APAC,Completed,7513.55,2567.01,4946.54,0.6583
TXN-009960,2022-11-20,Engineering,North America,Completed,5054.82,2493.07,2561.7499999999995,0.5068
TXN-008332,2022-11-20,Operations,APAC,Completed,1631.74,3058.28,-1426.5400000000002,-0.8742
TXN-011079,2022-11-20,Operations,EMEA,Completed,7309.02,1398.39,5910.63,0.8087
TXN-007199,2022-11-20,Sales,APAC,Pending,7068.6,1634.1,5434.5,0.7688
TXN-009627,2022-11-20,Operations,LATAM,Completed,5531.2,2020.42,3510.7799999999997,0.6347
TXN-009937,2022-11-20,Customer Support,LATAM,Pending,4279.47,3170.99,1108.4800000000005,0.259
TXN-002281,2022-11-20,Sales,APAC,Completed,4926.67,384.26,4542.41,0.922
TXN-004915,2022-11-20,Customer Support,EMEA,Completed,6074.75,4514.72,1560.0299999999997,0.2568
TXN-004602,2022-11-20,Operations,APAC,Completed,5668.26,3809.89,1858.3700000000003,0.3279
TXN-001000,2022-11-20,Operations,EMEA,Completed,4151.55,2416.1,1735.4500000000003,0.418
TXN-007785,2022-11-20,Marketing,North America,Completed,4864.96,2686.8,2178.16,0.4477
TXN-000466,2022-11-20,Marketing,EMEA,Completed,4088.08,2542.63,1545.4499999999998,0.378
TXN-006512,2022-11-21,Operations,LATAM,Completed,7958.61,1078.78,6879.83,0.8645
TXN-011266,2022-11-21,Operations,EMEA,Completed,3045.66,1819.7,1225.9599999999998,0.4025
TXN-004150,2022-11-21,Sales,APAC,Completed,4371.27,2727.98,1643.2900000000004,0.3759
TXN-002156,2022-11-21,Customer Support,APAC,Completed,5440.11,2659.58,2780.5299999999997,0.5111
TXN-009366,2022-11-21,Sales,EMEA,Completed,2602.67,1618.29,984.3800000000001,0.3782
TXN-006318,2022-11-21,Operations,APAC,Completed,4373.63,175.89,4197.74,0.9598
TXN-005054,2022-11-21,Marketing,LATAM,Completed,5529.08,1507.34,4021.74,0.7274
TXN-002537,2022-11-21,Customer Support,LATAM,Completed,4428.23,1693.71,2734.5199999999995,0.6175
TXN-003637,2022-11-21,Marketing,EMEA,Completed,7642.8,2528.53,5114.27,0.6692
TXN-000862,2022-11-21,Sales,EMEA,Completed,5012.110000000001,2410.63,2601.4800000000005,0.519
TXN-007249,2022-11-21,Operations,EMEA,Completed,3981.13,0.0,3981.13,1.0
TXN-006680,2022-11-22,Engineering,APAC,Completed,5329.34,1681.69,3647.65,0.6844
TXN-001535,2022-11-22,Marketing,EMEA,Completed,4948.78,2898.96,2049.8199999999997,0.4142
TXN-008265,2022-11-22,Operations,APAC,Pending,5933.3,2002.17,3931.13,0.6626
TXN-004206,2022-11-22,Customer Support,LATAM,Completed,6761.78,2267.6,4494.18,0.6646
TXN-011846,2022-11-22,Engineering,APAC,Pending,3831.96,2013.01,1818.95,0.4747
TXN-005125,2022-11-22,Operations,LATAM,Pending,4981.5,2230.11,2751.39,0.5523
TXN-000690,2022-11-22,Sales,EMEA,Pending,3405.61,1413.88,1991.73,0.5848
TXN-011252,2022-11-22,Marketing,APAC,Completed,3610.95,759.28,2851.67,0.7897
TXN-009255,2022-11-22,Customer Support,North America,Pending,5338.75,2288.42,3050.33,0.5714
TXN-002038,2022-11-22,Sales,EMEA,Pending,6121.95,1797.99,4323.96,0.7063
TXN-001140,2022-11-22,Marketing,LATAM,Completed,4062.41,2832.47,1229.94,0.3028
TXN-011483,2022-11-22,Operations,APAC,Completed,4807.27,2172.7,2634.5700000000006,0.548
TXN-004921,2022-11-22,Customer Support,EMEA,Completed,7742.69,2688.51,5054.179999999999,0.6528
TXN-000296,2022-11-22,Engineering,LATAM,Completed,5689.26,3436.72,2252.5400000000004,0.3959
TXN-000244,2022-11-22,Sales,LATAM,Completed,4288.69,2253.44,2035.2499999999995,0.4746
TXN-009574,2022-11-23,Customer Support,APAC,Pending,5918.99,3246.98,2672.0099999999998,0.4514
TXN-002249,2022-11-23,Engineering,EMEA,Pending,3379.89,1145.82,2234.0699999999997,0.661
TXN-006559,2022-11-23,Engineering,APAC,Completed,5369.35,3217.97,2151.3800000000006,0.4007
TXN-011293,2022-11-23,Sales,APAC,Completed,4957.0,3042.87,1914.13,0.3861
TXN-010721,2022-11-23,Engineering,LATAM,Pending,4645.7,3683.9,961.7999999999997,0.207
TXN-001787,2022-11-23,Operations,EMEA,Completed,6441.88,2115.03,4326.85,0.6717
TXN-008650,2022-11-23,Customer Support,APAC,Completed,2759.68,1948.21,811.4699999999998,0.294
TXN-006536,2022-11-23,Operations,North America,Pending,6110.18,1711.64,4398.54,0.7199
TXN-006519,2022-11-23,Customer Support,LATAM,Pending,3312.95,2415.36,897.5899999999997,0.2709
TXN-001298,2022-11-23,Engineering,LATAM,Completed,4373.18,2004.42,2368.76,0.5417
TXN-006689,2022-11-23,Engineering,APAC,Completed,5746.01,2359.86,3386.15,0.5893
TXN-001438,2022-11-23,Customer Support,LATAM,Completed,7208.85,1282.88,5925.97,0.822
TXN-011727,2022-11-23,Engineering,LATAM,Pending,5636.33,4227.69,1408.6400000000003,0.2499
TXN-011167,2022-11-23,Sales,LATAM,Completed,5054.66,1773.97,3280.6899999999996,0.649
TXN-002148,2022-11-23,Sales,EMEA,Pending,3901.71,1842.09,2059.62,0.5279
TXN-007519,2022-11-23,Engineering,LATAM,Pending,6505.81,1571.46,4934.35,0.7585
TXN-008302,2022-11-24,Engineering,EMEA,Completed,6663.52,2548.48,4115.040000000001,0.6175
TXN-002601,2022-11-24,Operations,EMEA,Completed,2607.35,1507.94,1099.4099999999999,0.4217
TXN-002384,2022-11-24,Operations,LATAM,Pending,5936.45,639.13,5297.32,0.8923
TXN-000682,2022-11-24,Sales,LATAM,Completed,3802.42,2238.04,1564.38,0.4114
TXN-010760,2022-11-24,Customer Support,EMEA,Completed,4962.05,655.42,4306.63,0.8679
TXN-007594,2022-11-24,Sales,EMEA,Completed,4233.81,2438.11,1795.7000000000003,0.4241
TXN-000960,2022-11-24,Engineering,LATAM,Completed,4300.06,3109.93,1190.1300000000006,0.2768
TXN-007309,2022-11-24,Marketing,EMEA,Completed,6982.7,1318.39,5664.3099999999995,0.8112
TXN-004171,2022-11-24,Sales,LATAM,Completed,3172.03,1062.13,2109.9,0.6652
TXN-002118,2022-11-24,Sales,LATAM,Pending,6151.56,1072.15,5079.41,0.8257
TXN-002231,2022-11-24,Marketing,EMEA,Pending,2807.96,1594.74,1213.22,0.4321
TXN-003972,2022-11-24,Operations,EMEA,Pending,5517.22,3034.98,2482.2400000000002,0.4499
TXN-011225,2022-11-24,Marketing,EMEA,Completed,4502.56,2539.28,1963.2800000000002,0.436
TXN-003932,2022-11-24,Sales,EMEA,Completed,6635.7,1411.09,5224.61,0.7873
TXN-007521,2022-11-25,Engineering,APAC,Completed,5524.55,2315.61,3208.94,0.5809
TXN-008499,2022-11-25,Operations,APAC,Completed,4301.22,1715.83,2585.3900000000003,0.6011
TXN-002135,2022-11-25,Operations,APAC,Completed,6961.75,1774.73,5187.02,0.7451
TXN-000768,2022-11-25,Sales,EMEA,Pending,4185.92,2745.98,1439.94,0.344
TXN-004304,2022-11-25,Operations,EMEA,Completed,4876.72,1569.48,3307.2400000000002,0.6782
TXN-001202,2022-11-25,Engineering,APAC,Completed,5126.19,2348.73,2777.4599999999996,0.5418
TXN-005692,2022-11-25,Customer Support,North America,Completed,1523.09,2371.0,-847.9100000000001,-0.5567
TXN-004314,2022-11-25,Engineering,North America,Completed,9064.86,2496.3,6568.56,0.7246
TXN-002720,2022-11-25,Sales,North America,Completed,4217.63,3550.09,667.54,0.1583
TXN-004706,2022-11-25,Engineering,LATAM,Pending,7585.07,2149.72,5435.35,0.7166
TXN-000954,2022-11-25,Operations,APAC,Completed,4898.69,2689.61,2209.0799999999995,0.451
TXN-007010,2022-11-25,Engineering,EMEA,Completed,6597.76,1493.6,5104.16,0.7736
TXN-005757,2022-11-25,Sales,APAC,Completed,3871.09,1801.31,2069.78,0.5347
TXN-000909,2022-11-25,Engineering,APAC,Completed,3459.6,2027.53,1432.07,0.4139
TXN-000539,2022-11-25,Marketing,APAC,Completed,3105.36,2194.63,910.73,0.2933
TXN-009268,2022-11-25,Marketing,APAC,Completed,4679.94,2053.31,2626.6299999999997,0.5613
TXN-006265,2022-11-25,Engineering,North America,Pending,5404.2,2247.76,3156.4399999999996,0.5841
TXN-007321,2022-11-26,Customer Support,APAC,Completed,5192.67,2063.99,3128.6800000000003,0.6025
TXN-009735,2022-11-26,Customer Support,EMEA,Completed,8660.86,993.73,7667.130000000001,0.8853
TXN-010670,2022-11-26,Customer Support,North America,Completed,5335.83,1254.45,4081.38,0.7649
TXN-011866,2022-11-26,Sales,LATAM,Pending,5592.4,1255.77,4336.629999999999,0.7755
TXN-003842,2022-11-26,Operations,North America,Completed,6325.35,2207.19,4118.16,0.6511
TXN-006332,2022-11-26,Engineering,APAC,Completed,8147.32,2379.29,5768.03,0.708
TXN-003966,2022-11-26,Customer Support,North America,Pending,4216.81,2462.27,1754.5400000000004,0.4161
TXN-008055,2022-11-26,Operations,North America,Completed,3163.85,1990.41,1173.4399999999998,0.3709
TXN-007425,2022-11-26,Engineering,EMEA,Completed,5561.89,2820.33,2741.5600000000004,0.4929
TXN-005017,2022-11-27,Sales,North America,Completed,4672.67,3197.88,1474.79,0.3156
TXN-011528,2022-11-27,Marketing,EMEA,Pending,5863.05,2455.58,3407.4700000000003,0.5812
TXN-001602,2022-11-27,Engineering,EMEA,Completed,5866.23,2023.0,3843.2299999999996,0.6551
TXN-006893,2022-11-27,Customer Support,EMEA,Completed,5339.3,2386.21,2953.09,0.5531
TXN-001527,2022-11-27,Customer Support,APAC,Completed,3552.85,2471.48,1081.37,0.3044
TXN-000817,2022-11-27,Marketing,EMEA,Completed,8528.37,1970.36,6558.010000000001,0.769
TXN-007052,2022-11-27,Sales,North America,Completed,4635.25,1801.45,2833.8,0.6114
TXN-004834,2022-11-27,Marketing,LATAM,Completed,4507.25,2191.95,2315.3,0.5137
TXN-008792,2022-11-27,Sales,LATAM,Pending,6745.41,3041.43,3703.98,0.5491
TXN-004865,2022-11-27,Sales,EMEA,Pending,3870.4,1921.26,1949.14,0.5036
TXN-000673,2022-11-27,Engineering,LATAM,Completed,5512.11,1960.92,3551.1899999999996,0.6443
TXN-000392,2022-11-27,Engineering,APAC,Completed,5982.74,2015.89,3966.8499999999995,0.663
TXN-009320,2022-11-27,Sales,APAC,Completed,2244.41,1716.74,527.6699999999998,0.2351
TXN-003807,2022-11-27,Engineering,LATAM,Completed,3825.87,3322.91,502.96000000000004,0.1315
TXN-008334,2022-11-27,Marketing,APAC,Completed,3400.86,1708.89,1691.97,0.4975
TXN-010961,2022-11-27,Engineering,APAC,Completed,4842.09,2214.84,2627.25,0.5426
TXN-008167,2022-11-27,Marketing,APAC,Pending,5690.15,2291.72,3398.43,0.5972
TXN-002895,2022-11-27,Sales,North America,Completed,4572.78,2381.48,2191.2999999999997,0.4792
TXN-009037,2022-11-27,Engineering,APAC,Completed,6026.59,3173.33,2853.26,0.4734
TXN-003671,2022-11-27,Sales,North America,Completed,6923.32,2326.72,4596.6,0.6639
TXN-009097,2022-11-27,Sales,North America,Completed,4236.58,506.29,3730.29,0.8805
TXN-005449,2022-11-28,Operations,EMEA,Completed,5923.93,3402.02,2521.9100000000003,0.4257
TXN-001687,2022-11-28,Marketing,EMEA,Completed,2994.08,1438.19,1555.8899999999999,0.5197
TXN-000726,2022-11-28,Engineering,LATAM,Pending,3928.15,1812.32,2115.83,0.5386
TXN-007333,2022-11-28,Operations,APAC,Pending,5308.73,1900.64,3408.0899999999992,0.642
TXN-001801,2022-11-28,Engineering,LATAM,Completed,7576.39,1811.56,5764.83,0.7609
TXN-003686,2022-11-28,Marketing,North America,Pending,4704.61,838.19,3866.4199999999996,0.8218
TXN-003922,2022-11-28,Operations,LATAM,Completed,5562.78,1329.81,4232.969999999999,0.7609
TXN-001399,2022-11-28,Sales,EMEA,Pending,5759.74,70.72,5689.0199999999995,0.9877
TXN-001122,2022-11-28,Operations,EMEA,Pending,3816.39,2284.09,1532.2999999999997,0.4015
TXN-008410,2022-11-28,Marketing,North America,Pending,5894.4,1743.5,4150.9,0.7042
TXN-011618,2022-11-29,Engineering,LATAM,Completed,6024.55,1144.53,4880.02,0.81
TXN-003820,2022-11-29,Operations,APAC,Pending,6000.59,1584.59,4416.0,0.7359
TXN-000870,2022-11-29,Operations,EMEA,Completed,5154.07,2314.11,2839.9599999999996,0.551
TXN-009427,2022-11-29,Marketing,North America,Completed,5965.28,3467.43,2497.85,0.4187
TXN-002513,2022-11-29,Operations,APAC,Completed,5282.5,1295.41,3987.09,0.7548
TXN-002946,2022-11-29,Customer Support,North America,Pending,5880.0,1407.79,4472.21,0.7606
TXN-007399,2022-11-29,Marketing,North America,Completed,6710.85,1810.51,4900.34,0.7302
TXN-010927,2022-11-29,Engineering,LATAM,Pending,5827.32,2295.04,3532.2799999999997,0.6062
TXN-010510,2022-11-29,Engineering,APAC,Pending,6709.4,2323.83,4385.57,0.6536
TXN-006237,2022-11-29,Marketing,North America,Completed,6663.7,1219.07,5444.63,0.8171
TXN-005567,2022-11-29,Operations,LATAM,Pending,5019.97,2024.29,2995.6800000000003,0.5968
TXN-003438,2022-11-29,Engineering,LATAM,Completed,5692.41,2026.52,3665.89,0.644
TXN-009770,2022-11-29,Marketing,EMEA,Completed,3427.98,2176.59,1251.3899999999999,0.3651
TXN-011199,2022-11-29,Engineering,North America,Pending,1218.33,639.66,578.67,0.475
TXN-000708,2022-11-30,Customer Support,APAC,Completed,4526.3,1868.26,2658.04,0.5872
TXN-007451,2022-11-30,Operations,LATAM,Completed,6709.0,405.46,6303.54,0.9396
TXN-011957,2022-11-30,Customer Support,North America,Pending,6623.12,1846.77,4776.35,0.7212
TXN-006420,2022-11-30,Marketing,EMEA,Pending,5635.97,1794.93,3841.04,0.6815
TXN-002727,2022-11-30,Customer Support,LATAM,Completed,5059.59,2374.15,2685.44,0.5308
TXN-003432,2022-11-30,Marketing,LATAM,Completed,3961.07,2257.0,1704.0700000000002,0.4302
TXN-004415,2022-11-30,Engineering,North America,Completed,4007.84,1525.61,2482.2300000000005,0.6193
TXN-010362,2022-11-30,Marketing,EMEA,Completed,5939.89,780.13,5159.76,0.8687
TXN-007590,2022-11-30,Engineering,LATAM,Completed,1286.38,2222.28,-935.9000000000001,-0.7275
TXN-000614,2022-12-01,Customer Support,North America,Pending,4921.955,1101.16,3820.795,0.7763
TXN-008994,2022-12-01,Sales,North America,Completed,5733.67,1736.19,3997.48,0.6972
TXN-002447,2022-12-01,Customer Support,LATAM,Completed,8261.05,1355.99,6905.0599999999995,0.8359
TXN-008407,2022-12-01,Operations,APAC,Completed,5479.47,1042.06,4437.41,0.8098
TXN-003649,2022-12-01,Sales,EMEA,Completed,7486.91,2765.37,4721.54,0.6306
TXN-006320,2022-12-01,Sales,North America,Completed,4894.645,2690.97,2203.6750000000006,0.4502
TXN-003246,2022-12-01,Operations,EMEA,Completed,4669.37,1565.75,3103.62,0.6647
TXN-000911,2022-12-01,Marketing,EMEA,Completed,6508.6,1658.76,4849.84,0.7451
TXN-003439,2022-12-01,Sales,APAC,Pending,5126.15,2653.89,2472.2599999999998,0.4823
TXN-000175,2022-12-01,Customer Support,North America,Completed,4871.24,3399.22,1472.02,0.3022
TXN-003985,2022-12-01,Sales,APAC,Completed,3397.63,2128.7,1268.9300000000003,0.3735
TXN-001676,2022-12-01,Sales,North America,Pending,4775.72,2424.06,2351.6600000000003,0.4924
TXN-000556,2022-12-01,Marketing,North America,Completed,7624.09,2017.68,5606.41,0.7354
TXN-003634,2022-12-02,Customer Support,North America,Completed,4000.49,2863.52,1136.9699999999998,0.2842
TXN-000499,2022-12-02,Engineering,EMEA,Completed,4651.3,2600.73,2050.57,0.4409
TXN-004240,2022-12-02,Sales,APAC,Completed,4676.46,2115.9,2560.56,0.5475
TXN-001652,2022-12-02,Marketing,North America,Completed,6340.79,2255.4,4085.39,0.6443
TXN-007315,2022-12-02,Customer Support,North America,Completed,5940.04,2206.48,3733.56,0.6285
TXN-007172,2022-12-02,Customer Support,LATAM,Completed,4611.15,1827.03,2784.12,0.6038
TXN-004448,2022-12-02,Operations,APAC,Pending,4783.24,2822.03,1961.2099999999996,0.41
TXN-010856,2022-12-02,Marketing,LATAM,Completed,8042.09,1092.18,6949.91,0.8642
TXN-000372,2022-12-02,Sales,LATAM,Completed,6430.31,1426.48,5003.83,0.7782
TXN-009584,2022-12-02,Operations,LATAM,Completed,6270.74,1013.72,5257.0199999999995,0.8383
TXN-010701,2022-12-02,Operations,APAC,Completed,5858.89,1891.68,3967.21,0.6771
TXN-003936,2022-12-02,Engineering,LATAM,Completed,6347.06,934.75,5412.31,0.8527
TXN-011685,2022-12-02,Marketing,EMEA,Completed,3081.93,1876.65,1205.2799999999997,0.3911
TXN-006667,2022-12-02,Marketing,LATAM,Completed,3910.58,2977.69,932.8899999999999,0.2386
TXN-008535,2022-12-02,Operations,LATAM,Completed,6631.07,2267.14,4363.93,0.6581
TXN-007792,2022-12-02,Operations,LATAM,Completed,4553.42,2270.1,2283.32,0.5015
TXN-000997,2022-12-03,Marketing,APAC,Pending,3166.39,2801.02,365.3699999999999,0.1154
TXN-003001,2022-12-03,Sales,North America,Completed,6187.76,2416.08,3771.6800000000003,0.6095
TXN-007986,2022-12-03,Marketing,APAC,Completed,5244.01,1501.65,3742.36,0.7136
TXN-009740,2022-12-03,Customer Support,LATAM,Completed,6012.07,1755.45,4256.62,0.708
TXN-002291,2022-12-03,Customer Support,EMEA,Completed,5367.93,1882.85,3485.0800000000004,0.6492
TXN-005577,2022-12-03,Operations,APAC,Pending,4976.32,1583.67,3392.6499999999996,0.6818
TXN-003166,2022-12-03,Sales,EMEA,Completed,4426.21,1944.86,2481.3500000000004,0.5606
TXN-009649,2022-12-03,Customer Support,EMEA,Completed,5530.34,821.93,4708.41,0.8514
TXN-002151,2022-12-03,Engineering,EMEA,Completed,3329.97,1182.39,2147.58,0.6449
TXN-006640,2022-12-03,Customer Support,APAC,Completed,5173.39,2737.4,2435.9900000000002,0.4709
TXN-011244,2022-12-03,Marketing,APAC,Pending,3737.0,3678.8,58.19999999999982,0.0156
TXN-006620,2022-12-03,Sales,APAC,Completed,5851.86,2915.32,2936.5399999999995,0.5018
TXN-007717,2022-12-03,Engineering,EMEA,Completed,5475.93,2470.53,3005.4,0.5488
TXN-001995,2022-12-03,Marketing,LATAM,Completed,4979.81,2252.2,2727.6100000000006,0.5477
TXN-001670,2022-12-03,Customer Support,North America,Completed,4700.6,2020.46,2680.1400000000003,0.5702
TXN-001948,2022-12-03,Customer Support,EMEA,Completed,8143.14,1798.74,6344.400000000001,0.7791
TXN-009246,2022-12-04,Operations,EMEA,Completed,4468.3,3090.07,1378.23,0.3084
TXN-003957,2022-12-04,Marketing,North America,Completed,4827.42,1563.11,3264.3100000000004,0.6762
TXN-011128,2022-12-04,Customer Support,EMEA,Completed,4404.71,2642.03,1762.6799999999998,0.4002
TXN-004778,2022-12-04,Customer Support,LATAM,Completed,5105.89,1805.85,3300.0400000000004,0.6463
TXN-010778,2022-12-04,Engineering,EMEA,Pending,6126.27,1040.03,5086.240000000001,0.8302
TXN-000438,2022-12-04,Operations,APAC,Completed,6305.04,1308.87,4996.17,0.7924
TXN-000633,2022-12-04,Marketing,APAC,Completed,4485.12,1530.83,2954.29,0.6587
TXN-006469,2022-12-04,Sales,North America,Completed,5404.52,1306.95,4097.570000000001,0.7582
TXN-000168,2022-12-04,Operations,LATAM,Completed,3646.13,1338.57,2307.5600000000004,0.6329
TXN-004735,2022-12-04,Sales,North America,Pending,5359.86,2724.07,2635.7899999999995,0.4918
TXN-005807,2022-12-04,Sales,EMEA,Completed,5514.8,2759.67,2755.13,0.4996
TXN-001686,2022-12-04,Sales,LATAM,Completed,5127.24,150.35,4976.889999999999,0.9707
TXN-001156,2022-12-04,Sales,North America,Completed,6027.22,1452.17,4575.05,0.7591
TXN-000793,2022-12-05,Customer Support,EMEA,Pending,4368.54,1582.19,2786.35,0.6378
TXN-003816,2022-12-05,Operations,APAC,Completed,6035.03,2024.92,4010.1099999999997,0.6645
TXN-001759,2022-12-05,Engineering,APAC,Completed,3921.56,1030.75,2890.81,0.7372
TXN-001809,2022-12-05,Marketing,North America,Pending,4820.41,65.1,4755.3099999999995,0.9865
TXN-003625,2022-12-05,Engineering,EMEA,Completed,2561.18,3048.26,-487.0800000000004,-0.1902
TXN-003832,2022-12-05,Sales,North America,Completed,4894.645,2776.16,2118.4850000000006,0.4328
TXN-005616,2022-12-05,Engineering,LATAM,Completed,7034.9,2683.27,4351.629999999999,0.6186
TXN-005422,2022-12-05,Customer Support,LATAM,Pending,4985.88,1649.72,3336.16,0.6691
TXN-004344,2022-12-06,Marketing,LATAM,Completed,6048.86,1171.04,4877.82,0.8064
TXN-009048,2022-12-06,Operations,EMEA,Pending,2474.87,2034.66,440.2099999999998,0.1779
TXN-010173,2022-12-06,Sales,EMEA,Pending,5668.99,2658.99,3010.0,0.531
TXN-007466,2022-12-06,Engineering,EMEA,Completed,4512.58,3249.66,1262.92,0.2799
TXN-010483,2022-12-06,Marketing,APAC,Completed,3623.83,1582.92,2040.9099999999999,0.5632
TXN-003034,2022-12-06,Marketing,LATAM,Pending,5283.8,1989.75,3294.05,0.6234
TXN-007410,2022-12-06,Sales,LATAM,Completed,2576.21,1677.96,898.25,0.3487
TXN-008983,2022-12-06,Marketing,EMEA,Completed,3518.77,2129.13,1389.6399999999999,0.3949
TXN-010812,2022-12-06,Sales,EMEA,Pending,3901.95,1170.82,2731.13,0.6999
TXN-002340,2022-12-06,Engineering,North America,Pending,5472.48,1985.03,3487.45,0.6373
TXN-008422,2022-12-06,Sales,EMEA,Pending,5012.110000000001,3373.57,1638.5400000000004,0.3269
TXN-002487,2022-12-07,Operations,APAC,Completed,6426.53,2913.66,3512.87,0.5466
TXN-008819,2022-12-07,Sales,North America,Pending,4928.76,1677.65,3251.11,0.6596
TXN-002875,2022-12-07,Customer Support,LATAM,Completed,3832.35,2640.89,1191.46,0.3109
TXN-011339,2022-12-07,Engineering,LATAM,Completed,4016.76,985.84,3030.92,0.7546
TXN-009867,2022-12-07,Operations,APAC,Completed,3116.18,2661.15,455.02999999999975,0.146
TXN-000646,2022-12-07,Customer Support,APAC,Pending,5537.37,2136.0,3401.37,0.6143
TXN-003780,2022-12-07,Engineering,APAC,Completed,4320.39,3267.28,1053.1100000000001,0.2438
TXN-011676,2022-12-07,Marketing,North America,Completed,4280.08,1389.27,2890.81,0.6754
TXN-007992,2022-12-07,Engineering,North America,Completed,3041.95,2575.72,466.23,0.1533
TXN-001570,2022-12-07,Marketing,APAC,Pending,5569.51,2273.71,3295.8,0.5918
TXN-000920,2022-12-07,Marketing,LATAM,Completed,8561.83,2320.2,6241.63,0.729
TXN-010780,2022-12-07,Engineering,APAC,Pending,7076.52,1320.6,5755.92,0.8134
TXN-006753,2022-12-07,Customer Support,APAC,Completed,4202.93,2519.78,1683.15,0.4005
TXN-005473,2022-12-08,Customer Support,EMEA,Completed,4204.14,1559.37,2644.7700000000004,0.6291
TXN-004603,2022-12-08,Operations,APAC,Pending,6008.32,2414.31,3594.0099999999998,0.5982
TXN-008647,2022-12-08,Sales,APAC,Completed,4159.47,2443.17,1716.3000000000002,0.4126
TXN-004430,2022-12-08,Sales,APAC,Completed,5882.75,1333.81,4548.9400000000005,0.7733
TXN-002623,2022-12-08,Marketing,LATAM,Completed,8815.27,3656.67,5158.6,0.5852
TXN-011928,2022-12-08,Engineering,EMEA,Completed,7250.96,2718.27,4532.6900000000005,0.6251
TXN-010358,2022-12-08,Marketing,APAC,Pending,2457.39,716.5,1740.8899999999999,0.7084
TXN-007935,2022-12-08,Sales,EMEA,Completed,6079.49,1977.32,4102.17,0.6748
TXN-007361,2022-12-08,Sales,North America,Completed,3148.58,2013.97,1134.61,0.3604
TXN-003515,2022-12-08,Customer Support,EMEA,Completed,6029.06,2175.65,3853.4100000000003,0.6391
TXN-004955,2022-12-08,Operations,EMEA,Pending,4455.33,2329.86,2125.47,0.4771
TXN-001545,2022-12-08,Customer Support,North America,Completed,2192.28,2575.26,-382.98,-0.1747
TXN-003102,2022-12-09,Engineering,APAC,Completed,4513.1,740.57,3772.53,0.8359
TXN-000579,2022-12-09,Marketing,APAC,Pending,3741.63,1239.67,2501.96,0.6687
TXN-003270,2022-12-09,Marketing,APAC,Completed,4560.75,2368.89,2191.86,0.4806
TXN-006016,2022-12-09,Engineering,APAC,Pending,4895.37,2462.69,2432.68,0.4969
TXN-002758,2022-12-09,Customer Support,LATAM,Completed,5066.89,4116.36,950.5300000000007,0.1876
TXN-009283,2022-12-09,Operations,North America,Completed,7108.97,1869.65,5239.32,0.737
TXN-006708,2022-12-09,Sales,EMEA,Completed,4576.04,2247.37,2328.67,0.5089
TXN-006348,2022-12-09,Marketing,North America,Pending,4439.92,1441.04,2998.88,0.6754
TXN-003260,2022-12-09,Operations,EMEA,Pending,3733.63,3318.79,414.84000000000015,0.1111
TXN-002094,2022-12-09,Engineering,North America,Completed,5240.84,2899.04,2341.8,0.4468
TXN-002658,2022-12-09,Customer Support,APAC,Completed,5110.38,1915.34,3195.04,0.6252
TXN-001956,2022-12-09,Marketing,North America,Completed,5817.56,314.02,5503.540000000001,0.946
TXN-008580,2022-12-09,Operations,North America,Completed,5003.17,2147.3,2855.87,0.5708
TXN-007429,2022-12-10,Engineering,APAC,Completed,6253.35,3012.39,3240.9600000000005,0.5183
TXN-009469,2022-12-10,Engineering,EMEA,Completed,5907.11,1615.2,4291.91,0.7266
TXN-010347,2022-12-10,Sales,APAC,Completed,1630.72,3475.3,-1844.5800000000002,-1.1311
TXN-011990,2022-12-10,Marketing,APAC,Pending,4741.58,2510.83,2230.75,0.4705
TXN-010193,2022-12-10,Marketing,LATAM,Completed,5761.22,2368.57,3392.65,0.5889
TXN-005067,2022-12-10,Customer Support,LATAM,Pending,8003.13,1793.43,6209.7,0.7759
TXN-008978,2022-12-10,Sales,APAC,Completed,6789.72,2252.82,4536.9,0.6682
TXN-003339,2022-12-10,Marketing,APAC,Pending,5741.72,962.66,4779.06,0.8323
TXN-006762,2022-12-10,Customer Support,APAC,Completed,3630.15,1071.44,2558.71,0.7048
TXN-002835,2022-12-10,Customer Support,North America,Completed,3606.66,2209.29,1397.37,0.3874
TXN-011698,2022-12-10,Marketing,EMEA,Pending,4584.89,2014.115,2570.7750000000005,0.5607
TXN-007274,2022-12-11,Marketing,LATAM,Completed,7814.43,154.42,7660.01,0.9802
TXN-003729,2022-12-11,Sales,EMEA,Completed,4366.39,1658.77,2707.6200000000003,0.6201
TXN-010111,2022-12-11,Customer Support,LATAM,Completed,4178.88,1425.7,2753.1800000000003,0.6588
TXN-007408,2022-12-11,Sales,North America,Completed,6632.5,1450.21,5182.29,0.7813
TXN-005432,2022-12-11,Engineering,LATAM,Completed,7959.47,3132.6,4826.870000000001,0.6064
TXN-011323,2022-12-11,Operations,EMEA,Completed,6061.97,3024.64,3037.3300000000004,0.501
TXN-006236,2022-12-11,Customer Support,North America,Completed,6239.09,1239.16,4999.93,0.8014
TXN-009825,2022-12-11,Customer Support,North America,Pending,4363.74,2533.85,1829.8899999999999,0.4193
TXN-008756,2022-12-11,Customer Support,LATAM,Completed,2462.13,717.62,1744.5100000000002,0.7085
TXN-007504,2022-12-11,Marketing,North America,Completed,5429.74,3549.68,1880.06,0.3463
TXN-004768,2022-12-11,Customer Support,APAC,Completed,4665.76,3103.21,1562.5500000000002,0.3349
TXN-011038,2022-12-11,Customer Support,LATAM,Completed,5760.68,3450.86,2309.82,0.401
TXN-006444,2022-12-11,Sales,North America,Completed,2415.6,1246.88,1168.7199999999998,0.4838
TXN-004535,2022-12-11,Operations,APAC,Completed,5664.1,2163.06,3501.0400000000004,0.6181
TXN-008019,2022-12-12,Customer Support,North America,Completed,3722.88,2688.29,1034.5900000000001,0.2779
TXN-010886,2022-12-12,Engineering,EMEA,Completed,5010.14,1847.78,3162.3600000000006,0.6312
TXN-004243,2022-12-12,Customer Support,North America,Completed,3953.3,1110.96,2842.34,0.719
TXN-008770,2022-12-12,Operations,LATAM,Completed,4844.24,2688.15,2156.0899999999997,0.4451
TXN-004975,2022-12-12,Customer Support,LATAM,Completed,2000.72,620.13,1380.5900000000001,0.69
TXN-011694,2022-12-12,Operations,North America,Completed,6873.11,1111.22,5761.889999999999,0.8383
TXN-003778,2022-12-12,Customer Support,EMEA,Completed,5328.56,3201.05,2127.51,0.3993
TXN-001418,2022-12-12,Engineering,LATAM,Completed,5481.14,2115.67,3365.4700000000003,0.614
TXN-004727,2022-12-12,Operations,APAC,Completed,4869.29,2119.47,2749.82,0.5647
TXN-005497,2022-12-12,Operations,APAC,Completed,7221.67,2535.99,4685.68,0.6488
TXN-009561,2022-12-13,Customer Support,North America,Completed,5733.25,1672.1,4061.15,0.7084
TXN-002453,2022-12-13,Operations,North America,Completed,5595.97,2679.48,2916.4900000000002,0.5212
TXN-010600,2022-12-13,Marketing,EMEA,Completed,4157.36,2177.2,1980.1599999999999,0.4763
TXN-000461,2022-12-13,Engineering,LATAM,Completed,4738.68,1153.49,3585.1900000000005,0.7566
TXN-000294,2022-12-13,Sales,APAC,Completed,7240.98,3797.52,3443.4599999999996,0.4756
TXN-005296,2022-12-13,Customer Support,North America,Pending,7544.5,1568.33,5976.17,0.7921
TXN-010747,2022-12-13,Customer Support,EMEA,Completed,5645.19,2022.89,3622.2999999999993,0.6417
TXN-001634,2022-12-13,Engineering,APAC,Pending,7660.93,1456.05,6204.88,0.8099
TXN-009604,2022-12-14,Operations,North America,Completed,2933.97,1897.48,1036.4899999999998,0.3533
TXN-002558,2022-12-14,Sales,LATAM,Completed,5596.81,1453.72,4143.09,0.7403
TXN-003287,2022-12-14,Customer Support,LATAM,Completed,4394.93,2085.52,2309.4100000000003,0.5255
TXN-009046,2022-12-14,Customer Support,North America,Completed,4921.955,1392.42,3529.535,0.7171
TXN-010327,2022-12-14,Marketing,North America,Completed,4118.95,2067.15,2051.7999999999997,0.4981
TXN-007286,2022-12-14,Operations,North America,Completed,2873.98,858.34,2015.6399999999999,0.7013
TXN-001642,2022-12-14,Engineering,LATAM,Completed,3120.08,2723.95,396.1300000000001,0.127
TXN-000145,2022-12-14,Marketing,EMEA,Completed,5385.43,1226.97,4158.46,0.7722
TXN-010868,2022-12-14,Marketing,North America,Completed,5241.82,2493.98,2747.8399999999997,0.5242
TXN-003691,2022-12-14,Marketing,LATAM,Completed,4492.45,1747.7,2744.75,0.611
TXN-010989,2022-12-14,Customer Support,North America,Completed,4621.77,2319.73,2302.0400000000004,0.4981
TXN-002530,2022-12-14,Engineering,LATAM,Completed,3572.93,2026.52,1546.4099999999999,0.4328
TXN-001473,2022-12-14,Customer Support,LATAM,Completed,3622.75,1514.84,2107.91,0.5819
TXN-007670,2022-12-14,Customer Support,EMEA,Completed,4830.67,2993.44,1837.23,0.3803
TXN-002368,2022-12-14,Engineering,APAC,Pending,5689.32,2564.55,3124.7699999999995,0.5492
TXN-007051,2022-12-15,Engineering,North America,Completed,5172.06,3046.4,2125.6600000000003,0.411
TXN-000338,2022-12-15,Customer Support,EMEA,Completed,5412.66,2052.55,3360.1099999999997,0.6208
TXN-003692,2022-12-15,Engineering,LATAM,Completed,5771.76,4012.73,1759.0300000000002,0.3048
TXN-010156,2022-12-15,Customer Support,North America,Completed,4476.8,3440.3,1036.5,0.2315
TXN-007582,2022-12-15,Sales,LATAM,Completed,5549.75,2063.17,3486.58,0.6282
TXN-001738,2022-12-15,Customer Support,APAC,Completed,4678.72,1133.87,3544.8500000000004,0.7577
TXN-011583,2022-12-15,Engineering,North America,Completed,4606.45,3731.13,875.3199999999997,0.19
TXN-011679,2022-12-15,Sales,LATAM,Completed,6359.02,2107.63,4251.39,0.6686
TXN-008584,2022-12-15,Marketing,APAC,Completed,5009.01,1607.8,3401.21,0.679
TXN-008412,2022-12-15,Operations,APAC,Completed,7535.33,1023.83,6511.5,0.8641
TXN-010124,2022-12-15,Sales,EMEA,Completed,4895.04,2154.84,2740.2,0.5598
TXN-005466,2022-12-15,Operations,North America,Completed,6500.21,864.64,5635.57,0.867
TXN-003902,2022-12-15,Operations,EMEA,Completed,4347.15,2472.17,1874.9799999999996,0.4313
TXN-006137,2022-12-15,Marketing,North America,Completed,3414.76,587.79,2826.9700000000003,0.8279
TXN-000570,2022-12-15,Operations,North America,Completed,5564.45,2012.88,3551.5699999999997,0.6383
TXN-002795,2022-12-15,Operations,APAC,Completed,5741.26,2106.09,3635.17,0.6332
TXN-010942,2022-12-15,Marketing,LATAM,Pending,4021.65,3419.77,601.8800000000001,0.1497
TXN-003900,2022-12-16,Customer Support,North America,Pending,4524.33,2561.63,1962.6999999999998,0.4338
TXN-006795,2022-12-16,Customer Support,North America,Completed,4502.52,2803.48,1699.0400000000004,0.3774
TXN-011298,2022-12-16,Customer Support,APAC,Completed,5026.72,1432.34,3594.38,0.7151
TXN-000548,2022-12-16,Operations,EMEA,Pending,6435.61,1952.39,4483.219999999999,0.6966
TXN-008593,2022-12-16,Engineering,North America,Completed,5471.99,2919.54,2552.45,0.4665
TXN-005268,2022-12-16,Operations,LATAM,Completed,5690.95,1271.08,4419.87,0.7766
TXN-008108,2022-12-16,Customer Support,EMEA,Completed,6521.91,2459.16,4062.75,0.6229
TXN-002167,2022-12-16,Customer Support,LATAM,Completed,4051.94,3231.86,820.0799999999999,0.2024
TXN-008215,2022-12-16,Sales,EMEA,Completed,3670.8,2250.4,1420.4,0.3869
TXN-007290,2022-12-16,Engineering,EMEA,Completed,4784.8,2469.27,2315.53,0.4839
TXN-011188,2022-12-16,Marketing,LATAM,Pending,2439.21,3050.52,-611.31,-0.2506
TXN-007817,2022-12-16,Sales,North America,Completed,3604.4,3099.44,504.96000000000004,0.1401
TXN-006232,2022-12-16,Sales,EMEA,Completed,6483.68,1974.41,4509.27,0.6955
TXN-011894,2022-12-16,Customer Support,LATAM,Completed,6933.3,3065.41,3867.8900000000003,0.5579
TXN-008851,2022-12-16,Marketing,LATAM,Pending,6189.38,1505.01,4684.37,0.7568
TXN-000878,2022-12-16,Engineering,EMEA,Completed,4502.76,844.08,3658.6800000000003,0.8125
TXN-006926,2022-12-16,Sales,EMEA,Completed,5240.62,1001.13,4239.49,0.809
TXN-010101,2022-12-16,Marketing,North America,Pending,3488.31,2652.3,836.0099999999998,0.2397
TXN-002330,2022-12-16,Marketing,EMEA,Completed,4415.91,1504.35,2911.56,0.6593
TXN-011122,2022-12-17,Marketing,EMEA,Completed,4561.49,2683.65,1877.8399999999997,0.4117
TXN-010503,2022-12-17,Marketing,North America,Pending,8802.87,2502.54,6300.330000000001,0.7157
TXN-000622,2022-12-17,Sales,EMEA,Completed,3684.47,1447.62,2236.85,0.6071
TXN-004660,2022-12-17,Operations,APAC,Completed,7719.12,4038.17,3680.95,0.4769
TXN-008366,2022-12-17,Customer Support,EMEA,Completed,5760.81,2949.83,2810.9800000000005,0.4879
TXN-009623,2022-12-17,Sales,LATAM,Completed,2877.59,2009.21,868.3800000000001,0.3018
TXN-007745,2022-12-17,Sales,EMEA,Completed,4572.74,3298.29,1274.4499999999998,0.2787
TXN-003104,2022-12-17,Customer Support,North America,Pending,4564.89,2237.08,2327.8100000000004,0.5099
TXN-003138,2022-12-17,Customer Support,EMEA,Completed,4008.08,2563.54,1444.54,0.3604
TXN-009957,2022-12-17,Engineering,EMEA,Completed,5105.04,1311.04,3794.0,0.7432
TXN-004828,2022-12-17,Sales,LATAM,Completed,4365.13,1860.75,2504.38,0.5737
TXN-010783,2022-12-17,Engineering,EMEA,Completed,6284.02,267.61,6016.410000000001,0.9574
TXN-010836,2022-12-17,Marketing,LATAM,Pending,6343.66,4140.11,2203.55,0.3474
TXN-011634,2022-12-18,Engineering,APAC,Pending,5500.72,1949.71,3551.01,0.6456
TXN-001776,2022-12-18,Engineering,EMEA,Completed,7369.32,2143.85,5225.469999999999,0.7091
TXN-005293,2022-12-18,Marketing,North America,Completed,5187.74,911.75,4275.99,0.8242
TXN-010076,2022-12-18,Customer Support,APAC,Pending,7596.2,2542.68,5053.52,0.6653
TXN-011358,2022-12-18,Marketing,LATAM,Completed,2368.84,2251.79,117.05000000000018,0.0494
TXN-006717,2022-12-18,Customer Support,EMEA,Pending,4767.45,2283.36,2484.0899999999997,0.5211
TXN-002857,2022-12-18,Sales,North America,Completed,4736.92,1975.4,2761.52,0.583
TXN-004404,2022-12-18,Sales,LATAM,Completed,8912.04,1277.6,7634.4400000000005,0.8566
TXN-009516,2022-12-18,Operations,APAC,Completed,430.93,2028.72,-1597.79,-3.7078
TXN-007258,2022-12-18,Engineering,EMEA,Completed,5456.21,3010.24,2445.9700000000003,0.4483
TXN-010335,2022-12-18,Sales,North America,Pending,6829.86,2092.04,4737.82,0.6937
TXN-010730,2022-12-18,Customer Support,LATAM,Completed,4943.48,1847.1,3096.3799999999997,0.6264
TXN-004222,2022-12-18,Customer Support,EMEA,Pending,3218.51,1754.46,1464.0500000000002,0.4549
TXN-010147,2022-12-18,Operations,EMEA,Completed,4038.75,2004.29,2034.46,0.5037
TXN-003535,2022-12-19,Engineering,North America,Pending,3069.29,1039.56,2029.73,0.6613
TXN-008078,2022-12-19,Marketing,EMEA,Completed,4410.78,2851.55,1559.2299999999996,0.3535
TXN-008114,2022-12-19,Sales,EMEA,Pending,4847.84,1154.06,3693.78,0.7619
TXN-001089,2022-12-19,Marketing,APAC,Completed,5208.65,1972.56,3236.0899999999997,0.6213
TXN-001096,2022-12-19,Sales,LATAM,Completed,7306.4,3211.65,4094.7499999999995,0.5604
TXN-001899,2022-12-19,Marketing,EMEA,Completed,3448.19,3272.7,175.49000000000024,0.0509
TXN-006059,2022-12-19,Customer Support,APAC,Pending,6218.64,818.51,5400.13,0.8684
TXN-000939,2022-12-19,Customer Support,EMEA,Completed,5179.94,1212.23,3967.7099999999996,0.766
TXN-007845,2022-12-19,Sales,EMEA,Completed,6843.9,2532.94,4310.959999999999,0.6299
TXN-000950,2022-12-19,Marketing,LATAM,Pending,5082.83,1382.57,3700.26,0.728
TXN-007267,2022-12-20,Sales,EMEA,Completed,6720.4,1808.62,4911.78,0.7309
TXN-008315,2022-12-20,Operations,LATAM,Completed,6833.69,1862.64,4971.049999999999,0.7274
TXN-000965,2022-12-20,Engineering,APAC,Completed,2543.73,1034.88,1508.85,0.5932
TXN-011681,2022-12-20,Customer Support,North America,Pending,7115.78,1285.27,5830.51,0.8194
TXN-008484,2022-12-20,Sales,APAC,Completed,6006.0,1405.29,4600.71,0.766
TXN-007187,2022-12-20,Sales,APAC,Completed,5936.85,1000.34,4936.51,0.8315
TXN-010295,2022-12-20,Engineering,North America,Completed,5433.8,1765.06,3668.7400000000002,0.6752
TXN-010386,2022-12-20,Sales,North America,Completed,4831.35,2724.35,2107.0000000000005,0.4361
TXN-007352,2022-12-20,Marketing,APAC,Completed,5957.12,2563.61,3393.5099999999998,0.5697
TXN-004967,2022-12-20,Engineering,LATAM,Completed,3921.89,910.41,3011.48,0.7679
TXN-000402,2022-12-21,Sales,LATAM,Completed,4798.74,2843.07,1955.6699999999996,0.4075
TXN-003381,2022-12-21,Marketing,North America,Completed,1913.34,1811.56,101.77999999999997,0.0532
TXN-009801,2022-12-21,Engineering,North America,Completed,3091.94,1996.39,1095.55,0.3543
TXN-008963,2022-12-21,Engineering,LATAM,Completed,4738.59,2130.14,2608.4500000000003,0.5505
TXN-011398,2022-12-21,Sales,EMEA,Pending,3824.1,1834.23,1989.87,0.5203
TXN-007029,2022-12-21,Engineering,North America,Completed,4614.95,1607.73,3007.22,0.6516
TXN-000342,2022-12-21,Marketing,APAC,Completed,6597.19,2795.54,3801.6499999999996,0.5763
TXN-011898,2022-12-21,Marketing,APAC,Completed,6935.84,2554.65,4381.1900000000005,0.6317
TXN-004563,2022-12-21,Sales,EMEA,Pending,4159.27,319.8,3839.4700000000003,0.9231
TXN-008187,2022-12-21,Marketing,EMEA,Completed,5327.23,1249.09,4078.1399999999994,0.7655
TXN-004158,2022-12-21,Marketing,North America,Completed,5206.76,1465.32,3741.4400000000005,0.7186
TXN-000637,2022-12-22,Engineering,EMEA,Pending,4429.76,2471.55,1958.21,0.4421
TXN-003916,2022-12-22,Sales,North America,Completed,3926.98,1742.88,2184.1,0.5562
TXN-004658,2022-12-22,Sales,LATAM,Completed,5454.37,2111.02,3343.35,0.613
TXN-010525,2022-12-22,Sales,North America,Completed,4786.98,1595.51,3191.4699999999993,0.6667
TXN-011374,2022-12-23,Customer Support,LATAM,Pending,5928.39,2935.77,2992.6200000000003,0.5048
TXN-006681,2022-12-23,Marketing,EMEA,Completed,3327.62,1001.36,2326.2599999999998,0.6991
TXN-002339,2022-12-23,Customer Support,APAC,Completed,6697.22,1722.33,4974.89,0.7428
TXN-008961,2022-12-23,Sales,EMEA,Completed,4726.7,1840.06,2886.64,0.6107
TXN-011112,2022-12-23,Customer Support,APAC,Completed,6191.92,1977.04,4214.88,0.6807
TXN-004765,2022-12-23,Customer Support,EMEA,Completed,2468.41,1537.94,930.4699999999998,0.377
TXN-001981,2022-12-23,Marketing,LATAM,Pending,2437.37,401.45,2035.9199999999998,0.8353
TXN-001690,2022-12-23,Operations,LATAM,Completed,4819.52,2226.98,2592.5400000000004,0.5379
TXN-009350,2022-12-23,Marketing,EMEA,Completed,5875.53,2171.27,3704.2599999999998,0.6305
TXN-009420,2022-12-23,Marketing,LATAM,Completed,2896.84,1333.83,1563.0100000000002,0.5396
TXN-001216,2022-12-23,Operations,EMEA,Pending,6251.24,2290.39,3960.85,0.6336
TXN-008780,2022-12-23,Customer Support,EMEA,Pending,5866.07,3358.79,2507.2799999999997,0.4274
TXN-006728,2022-12-23,Operations,APAC,Pending,5297.72,1589.62,3708.1000000000004,0.6999
TXN-003666,2022-12-23,Operations,North America,Completed,7029.22,1454.99,5574.2300000000005,0.793
TXN-002631,2022-12-23,Engineering,LATAM,Completed,3680.4,2556.94,1123.46,0.3053
TXN-010219,2022-12-23,Sales,North America,Completed,1155.64,1150.35,5.290000000000191,0.0046
TXN-001150,2022-12-23,Marketing,EMEA,Completed,4285.13,2133.78,2151.35,0.5021
TXN-005996,2022-12-24,Engineering,North America,Completed,4661.07,2127.71,2533.3599999999997,0.5435
TXN-006675,2022-12-24,Marketing,EMEA,Pending,4172.66,2690.85,1481.81,0.3551
TXN-005225,2022-12-24,Sales,APAC,Completed,5214.55,2589.06,2625.4900000000002,0.5035
TXN-002196,2022-12-24,Engineering,EMEA,Completed,4013.26,2441.93,1571.3300000000004,0.3915
TXN-006569,2022-12-24,Marketing,APAC,Completed,3856.47,1698.09,2158.38,0.5597
TXN-001464,2022-12-24,Marketing,North America,Completed,3977.57,953.33,3024.2400000000002,0.7603
TXN-003956,2022-12-24,Operations,APAC,Pending,3377.06,1531.55,1845.51,0.5465
TXN-001448,2022-12-24,Operations,APAC,Completed,5778.48,2337.49,3440.99,0.5955
TXN-000107,2022-12-24,Operations,North America,Completed,8175.28,1892.77,6282.51,0.7685
TXN-000547,2022-12-25,Operations,EMEA,Completed,2775.69,2087.94,687.75,0.2478
TXN-003140,2022-12-25,Sales,APAC,Completed,5633.75,1978.16,3655.59,0.6489
TXN-010841,2022-12-25,Sales,EMEA,Pending,5475.39,2016.33,3459.0600000000004,0.6317
TXN-005989,2022-12-25,Sales,EMEA,Completed,3944.1,1423.25,2520.85,0.6391
TXN-009763,2022-12-25,Operations,LATAM,Completed,7924.16,2502.58,5421.58,0.6842
TXN-001393,2022-12-25,Marketing,EMEA,Completed,6168.27,1542.28,4625.990000000001,0.75
TXN-003851,2022-12-25,Customer Support,EMEA,Completed,5163.13,2638.54,2524.59,0.489
TXN-010809,2022-12-25,Customer Support,LATAM,Completed,4182.42,516.96,3665.46,0.8764
TXN-002187,2022-12-25,Sales,North America,Completed,2510.68,1787.05,723.6299999999999,0.2882
TXN-007687,2022-12-25,Customer Support,LATAM,Completed,4693.75,2931.56,1762.19,0.3754
TXN-002458,2022-12-25,Sales,North America,Completed,7536.34,2866.2,4670.14,0.6197
TXN-011714,2022-12-25,Engineering,APAC,Pending,4303.33,1240.34,3062.99,0.7118
TXN-006503,2022-12-25,Customer Support,LATAM,Completed,7331.44,3445.71,3885.7299999999996,0.53
TXN-007640,2022-12-25,Sales,APAC,Completed,5453.73,966.95,4486.78,0.8227
TXN-011019,2022-12-25,Engineering,EMEA,Pending,4891.87,1368.99,3522.88,0.7201
TXN-001267,2022-12-26,Marketing,LATAM,Pending,7787.43,1277.44,6509.99,0.836
TXN-000458,2022-12-26,Marketing,North America,Completed,5412.91,1465.59,3947.3199999999997,0.7292
TXN-009533,2022-12-26,Customer Support,LATAM,Completed,4059.37,3068.06,991.31,0.2442
TXN-004530,2022-12-26,Marketing,APAC,Completed,3821.19,1763.6,2057.59,0.5385
TXN-002358,2022-12-26,Marketing,EMEA,Completed,1577.17,2512.34,-935.1700000000001,-0.5929
TXN-010573,2022-12-26,Engineering,APAC,Completed,5620.01,2306.52,3313.4900000000002,0.5896
TXN-009608,2022-12-26,Engineering,LATAM,Pending,5982.43,3201.3,2781.13,0.4649
TXN-003663,2022-12-26,Operations,EMEA,Completed,3968.53,1416.62,2551.9100000000003,0.643
TXN-003423,2022-12-26,Customer Support,North America,Completed,4472.48,1497.6,2974.8799999999997,0.6652
TXN-002346,2022-12-26,Marketing,EMEA,Completed,5866.5,2410.19,3456.31,0.5892
TXN-000812,2022-12-26,Engineering,EMEA,Completed,2125.08,1450.33,674.75,0.3175
TXN-007181,2022-12-26,Marketing,LATAM,Pending,6388.36,2651.2,3737.16,0.585
TXN-000822,2022-12-26,Customer Support,LATAM,Pending,3073.2,3286.38,-213.1800000000003,-0.0694
TXN-004165,2022-12-26,Customer Support,LATAM,Pending,2431.55,1611.45,820.1000000000001,0.3373
TXN-006438,2022-12-26,Sales,North America,Pending,6268.55,3502.93,2765.6200000000003,0.4412
TXN-008995,2022-12-26,Sales,APAC,Completed,7082.75,2267.38,4815.37,0.6799
TXN-005108,2022-12-26,Operations,North America,Completed,2775.47,3088.18,-312.71000000000004,-0.1127
TXN-006452,2022-12-26,Customer Support,North America,Completed,5267.79,1788.74,3479.05,0.6604
TXN-001891,2022-12-26,Operations,LATAM,Pending,5016.785,2967.6,2049.185,0.4085
TXN-008503,2022-12-26,Customer Support,APAC,Pending,4918.86,2164.53,2754.3299999999995,0.56
TXN-003321,2022-12-27,Marketing,EMEA,Pending,5578.73,1252.52,4326.209999999999,0.7755
TXN-003605,2022-12-27,Operations,LATAM,Pending,7811.74,1486.83,6324.91,0.8097
TXN-001351,2022-12-27,Marketing,APAC,Pending,3882.39,1560.28,2322.1099999999997,0.5981
TXN-004760,2022-12-27,Customer Support,North America,Completed,3131.21,1609.34,1521.8700000000001,0.486
TXN-003082,2022-12-27,Sales,North America,Pending,6771.12,1157.88,5613.24,0.829
TXN-007339,2022-12-27,Engineering,EMEA,Completed,4629.95,3005.23,1624.7199999999998,0.3509
TXN-003970,2022-12-27,Operations,APAC,Completed,4181.32,2332.81,1848.5099999999998,0.4421
TXN-004207,2022-12-27,Operations,North America,Pending,2654.43,2446.33,208.0999999999999,0.0784
TXN-005923,2022-12-27,Sales,LATAM,Completed,5549.07,894.38,4654.69,0.8388
TXN-002076,2022-12-27,Marketing,LATAM,Completed,5948.57,1066.35,4882.219999999999,0.8207
TXN-011996,2022-12-27,Customer Support,LATAM,Completed,5234.23,2911.19,2323.0399999999995,0.4438
TXN-008370,2022-12-27,Sales,APAC,Completed,4923.73,2066.73,2856.9999999999995,0.5803
TXN-005516,2022-12-28,Customer Support,APAC,Completed,2659.28,2250.17,409.1100000000001,0.1538
TXN-008328,2022-12-28,Marketing,APAC,Completed,4251.86,3235.49,1016.3699999999999,0.239
TXN-007112,2022-12-28,Engineering,LATAM,Completed,4845.59,1489.43,3356.16,0.6926
TXN-011314,2022-12-28,Marketing,APAC,Completed,6019.52,2758.49,3261.0300000000007,0.5417
TXN-010930,2022-12-28,Customer Support,APAC,Pending,3232.55,1996.85,1235.7000000000003,0.3823
TXN-011110,2022-12-28,Operations,LATAM,Completed,4488.14,1562.02,2926.1200000000003,0.652
TXN-002454,2022-12-28,Customer Support,LATAM,Completed,6780.16,1132.92,5647.24,0.8329
TXN-008063,2022-12-28,Marketing,North America,Completed,4687.62,2096.39,2591.23,0.5528
TXN-006888,2022-12-28,Engineering,EMEA,Completed,5817.95,1962.25,3855.7,0.6627
TXN-010840,2022-12-28,Engineering,LATAM,Pending,5452.4,3935.3,1517.0999999999995,0.2782
TXN-005192,2022-12-28,Customer Support,APAC,Completed,3611.86,334.99,3276.87,0.9073
TXN-001019,2022-12-28,Marketing,North America,Pending,5254.48,1231.03,4023.45,0.7657
TXN-000073,2022-12-28,Marketing,North America,Completed,4597.2,2590.97,2006.23,0.4364
TXN-010267,2022-12-28,Sales,EMEA,Completed,6755.75,565.72,6190.03,0.9163
TXN-006022,2022-12-28,Sales,LATAM,Completed,6793.39,927.48,5865.91,0.8635
TXN-007110,2022-12-28,Engineering,EMEA,Completed,2324.66,1939.245,385.41499999999996,0.1658
TXN-006066,2022-12-28,Customer Support,EMEA,Completed,4034.94,2196.25,1838.69,0.4557
TXN-005844,2022-12-29,Operations,APAC,Completed,6342.76,1883.84,4458.92,0.703
TXN-000553,2022-12-29,Engineering,North America,Pending,5416.3,2548.81,2867.4900000000002,0.5294
TXN-003023,2022-12-29,Operations,EMEA,Pending,4933.9,2543.22,2390.68,0.4845
TXN-005542,2022-12-29,Customer Support,EMEA,Completed,4815.76,2573.86,2241.9,0.4655
TXN-000239,2022-12-29,Marketing,LATAM,Completed,2017.75,2708.86,-691.1100000000001,-0.3425
TXN-010873,2022-12-29,Engineering,North America,Completed,3067.27,1418.11,1649.16,0.5377
TXN-003771,2022-12-29,Customer Support,EMEA,Pending,5337.32,1582.46,3754.8599999999997,0.7035
TXN-006595,2022-12-29,Operations,EMEA,Completed,4877.89,2321.39,2556.5000000000005,0.5241
TXN-007357,2022-12-29,Operations,EMEA,Completed,8368.39,1660.35,6708.039999999999,0.8016
TXN-000397,2022-12-29,Operations,LATAM,Completed,4475.15,3137.48,1337.6699999999996,0.2989
TXN-009308,2022-12-29,Marketing,APAC,Completed,5471.54,3065.22,2406.32,0.4398
TXN-008306,2022-12-29,Sales,LATAM,Completed,5451.06,2320.88,3130.1800000000003,0.5742
TXN-011864,2022-12-29,Sales,North America,Completed,2762.58,2756.95,5.630000000000109,0.002
TXN-011708,2022-12-29,Customer Support,North America,Pending,6120.96,1900.3,4220.66,0.6895
TXN-008125,2022-12-30,Sales,APAC,Completed,7000.1,2387.93,4612.17,0.6589
TXN-004564,2022-12-30,Marketing,North America,Pending,5318.32,1770.19,3548.1299999999997,0.6672
TXN-008245,2022-12-30,Sales,EMEA,Completed,3597.84,1610.37,1987.4700000000003,0.5524
TXN-006582,2022-12-30,Operations,LATAM,Completed,5016.785,2132.27,2884.515,0.575
TXN-004986,2022-12-30,Operations,LATAM,Completed,6889.83,1822.95,5066.88,0.7354
TXN-009254,2022-12-30,Sales,EMEA,Pending,4492.79,930.23,3562.56,0.793
TXN-008880,2022-12-30,Customer Support,EMEA,Pending,1995.08,2860.93,-865.8499999999999,-0.434
TXN-005380,2022-12-30,Customer Support,LATAM,Completed,5194.6,2090.58,3104.0200000000004,0.5975
TXN-003478,2022-12-30,Engineering,APAC,Pending,7671.56,2828.63,4842.93,0.6313
TXN-009135,2022-12-30,Sales,LATAM,Completed,2905.64,735.5,2170.14,0.7469
TXN-010725,2022-12-31,Customer Support,EMEA,Completed,4854.41,1128.0,3726.41,0.7676
TXN-004927,2022-12-31,Operations,LATAM,Completed,5750.6,1304.23,4446.370000000001,0.7732
TXN-007285,2022-12-31,Operations,LATAM,Completed,5016.785,1766.7,3250.085,0.6478
TXN-007632,2022-12-31,Engineering,LATAM,Completed,4217.18,2122.77,2094.4100000000003,0.4966
TXN-010286,2022-12-31,Customer Support,EMEA,Completed,4416.49,1260.97,3155.5199999999995,0.7145
TXN-001746,2022-12-31,Marketing,APAC,Completed,3805.66,2702.08,1103.58,0.29
TXN-001735,2022-12-31,Customer Support,North America,Completed,7092.43,2417.79,4674.64,0.6591
TXN-010777,2022-12-31,Engineering,North America,Pending,5666.44,3752.46,1913.9799999999996,0.3378
TXN-005098,2022-12-31,Marketing,North America,Completed,4567.02,3117.94,1449.0800000000004,0.3173
TXN-009361,2022-12-31,Operations,North America,Completed,2426.74,1912.32,514.4199999999998,0.212
TXN-008899,2022-12-31,Customer Support,LATAM,Completed,4468.83,1562.09,2906.74,0.6504
TXN-000519,2022-12-31,Engineering,EMEA,Completed,5154.12,1136.21,4017.91,0.7796
TXN-000223,2022-12-31,Customer Support,EMEA,Completed,3848.1,2685.12,1162.98,0.3022
TXN-007012,2022-12-31,Marketing,North America,Completed,6018.09,1737.87,4280.22,0.7112
TXN-009267,2022-12-31,Engineering,LATAM,Pending,3292.17,1399.48,1892.69,0.5749
TXN-000379,2023-01-01,Marketing,APAC,Completed,4265.06,2416.24,1848.8200000000006,0.4335
TXN-007861,2023-01-01,Operations,APAC,Pending,4756.46,2616.63,2139.83,0.4499
TXN-000363,2023-01-01,Customer Support,North America,Completed,5901.87,960.31,4941.5599999999995,0.8373
TXN-005341,2023-01-01,Customer Support,EMEA,Completed,5987.27,1175.41,4811.860000000001,0.8037
TXN-007349,2023-01-01,Sales,LATAM,Completed,3576.5,1489.05,2087.45,0.5837
TXN-006927,2023-01-01,Sales,LATAM,Completed,5665.2,3237.56,2427.64,0.4285
TXN-010981,2023-01-01,Sales,APAC,Completed,5380.25,1138.16,4242.09,0.7885
TXN-004113,2023-01-01,Sales,LATAM,Completed,4657.35,1840.97,2816.38,0.6047
TXN-005928,2023-01-01,Customer Support,LATAM,Completed,5481.76,2679.62,2802.1400000000003,0.5112
TXN-008984,2023-01-01,Operations,North America,Completed,6199.35,1760.58,4438.77,0.716
TXN-003495,2023-01-01,Engineering,North America,Completed,4604.22,1641.22,2963.0,0.6435
TXN-009233,2023-01-01,Marketing,APAC,Completed,4971.94,2957.61,2014.3299999999995,0.4051
TXN-000760,2023-01-01,Marketing,APAC,Completed,1915.87,1263.69,652.1799999999998,0.3404
TXN-010152,2023-01-02,Marketing,North America,Pending,3229.15,1422.74,1806.41,0.5594
TXN-009388,2023-01-02,Customer Support,LATAM,Completed,5637.29,706.03,4931.26,0.8748
TXN-001506,2023-01-02,Marketing,LATAM,Pending,4496.47,2046.64,2449.83,0.5448
TXN-002902,2023-01-02,Customer Support,North America,Completed,4229.75,2617.45,1612.3000000000002,0.3812
TXN-002437,2023-01-02,Engineering,North America,Pending,3596.49,1018.17,2578.3199999999997,0.7169
TXN-010377,2023-01-02,Engineering,LATAM,Pending,4266.63,365.84,3900.79,0.9143
TXN-007597,2023-01-02,Engineering,EMEA,Completed,6117.52,1528.35,4589.17,0.7502
TXN-000082,2023-01-02,Marketing,EMEA,Completed,4926.8,3406.03,1520.77,0.3087
TXN-004912,2023-01-02,Sales,EMEA,Completed,5209.9,2009.0,3200.8999999999996,0.6144
TXN-008574,2023-01-02,Operations,LATAM,Pending,3916.48,2656.87,1259.6100000000001,0.3216
TXN-009661,2023-01-03,Marketing,North America,Completed,5968.62,2149.03,3819.5899999999997,0.6399
TXN-004071,2023-01-03,Operations,LATAM,Completed,4502.15,2459.65,2042.4999999999995,0.4537
TXN-002745,2023-01-03,Operations,North America,Completed,4827.59,1631.54,3196.05,0.662
TXN-004701,2023-01-03,Operations,EMEA,Completed,3614.99,1710.69,1904.2999999999997,0.5268
TXN-011783,2023-01-03,Operations,EMEA,Completed,5621.98,3208.72,2413.2599999999998,0.4293
TXN-002371,2023-01-03,Customer Support,EMEA,Pending,6736.19,1709.53,5026.66,0.7462
TXN-005252,2023-01-03,Marketing,EMEA,Completed,5618.34,2061.3,3557.04,0.6331
TXN-009143,2023-01-03,Sales,North America,Completed,4894.645,718.65,4175.995000000001,0.8532
TXN-002777,2023-01-03,Marketing,APAC,Pending,3871.34,1814.62,2056.7200000000003,0.5313
TXN-008820,2023-01-03,Sales,EMEA,Completed,4272.94,2664.75,1608.1899999999996,0.3764
TXN-011768,2023-01-03,Engineering,APAC,Completed,6218.4,2178.87,4039.5299999999997,0.6496
TXN-002240,2023-01-03,Customer Support,North America,Pending,3677.64,3360.93,316.71000000000004,0.0861
TXN-007078,2023-01-04,Marketing,North America,Completed,5371.5,1914.45,3457.05,0.6436
TXN-005952,2023-01-04,Marketing,North America,Completed,5690.05,1346.12,4343.93,0.7634
TXN-008653,2023-01-04,Engineering,North America,Completed,4885.33,1029.17,3856.16,0.7893
TXN-005604,2023-01-04,Customer Support,North America,Completed,6122.22,1796.04,4326.18,0.7066
TXN-000810,2023-01-04,Engineering,APAC,Completed,3374.18,575.44,2798.74,0.8295
TXN-005538,2023-01-04,Sales,LATAM,Pending,6853.41,1993.18,4860.23,0.7092
TXN-003945,2023-01-04,Operations,APAC,Completed,5907.39,3135.29,2772.1000000000004,0.4693
TXN-001630,2023-01-04,Customer Support,LATAM,Pending,2096.84,1757.35,339.49000000000024,0.1619
TXN-010421,2023-01-05,Operations,LATAM,Pending,4551.91,2726.57,1825.3399999999997,0.401
TXN-006284,2023-01-05,Operations,LATAM,Completed,4962.84,3207.92,1754.92,0.3536
TXN-006206,2023-01-05,Customer Support,North America,Completed,7072.52,2486.26,4586.26,0.6485
TXN-011030,2023-01-05,Customer Support,APAC,Pending,6101.15,1449.65,4651.5,0.7624
TXN-001924,2023-01-05,Engineering,North America,Completed,6456.05,1889.78,4566.27,0.7073
TXN-003882,2023-01-05,Marketing,APAC,Completed,4409.66,2040.72,2368.9399999999996,0.5372
TXN-004847,2023-01-05,Customer Support,LATAM,Completed,3965.51,2260.87,1704.6400000000003,0.4299
TXN-006805,2023-01-05,Operations,EMEA,Pending,4764.79,1832.72,2932.0699999999997,0.6154
TXN-007484,2023-01-05,Customer Support,North America,Completed,1118.74,1323.36,-204.6199999999999,-0.1829
TXN-009877,2023-01-06,Marketing,North America,Completed,2440.4,1079.3,1361.1000000000001,0.5577
TXN-004101,2023-01-06,Sales,North America,Completed,6472.42,1912.56,4559.860000000001,0.7045
TXN-009150,2023-01-06,Engineering,North America,Pending,3852.68,1777.86,2074.8199999999997,0.5385
TXN-007131,2023-01-06,Engineering,APAC,Completed,4983.46,1379.27,3604.19,0.7232
TXN-006721,2023-01-06,Engineering,APAC,Completed,4342.54,2035.17,2307.37,0.5313
TXN-001592,2023-01-06,Customer Support,LATAM,Completed,4550.87,2825.62,1725.25,0.3791
TXN-003164,2023-01-06,Customer Support,EMEA,Completed,5000.64,1873.58,3127.0600000000004,0.6253
TXN-007008,2023-01-06,Customer Support,APAC,Completed,3154.57,1731.55,1423.0200000000002,0.4511
TXN-008064,2023-01-06,Marketing,North America,Completed,6072.15,400.73,5671.42,0.934
TXN-000520,2023-01-06,Marketing,North America,Completed,3452.14,2479.91,972.23,0.2816
TXN-011312,2023-01-06,Marketing,North America,Completed,5592.98,1699.93,3893.0499999999993,0.6961
TXN-006977,2023-01-06,Customer Support,EMEA,Completed,3067.9,2317.07,750.8299999999999,0.2447
TXN-004046,2023-01-07,Sales,APAC,Completed,6149.97,729.32,5420.650000000001,0.8814
TXN-008308,2023-01-07,Customer Support,North America,Completed,2439.36,3156.22,-716.8599999999997,-0.2939
TXN-000348,2023-01-07,Customer Support,LATAM,Completed,4075.55,1910.08,2165.4700000000003,0.5313
TXN-003071,2023-01-07,Sales,EMEA,Pending,5831.59,1595.89,4235.7,0.7263
TXN-002764,2023-01-07,Sales,EMEA,Completed,8831.81,2078.16,6753.65,0.7647
TXN-008500,2023-01-07,Customer Support,North America,Completed,4574.79,2570.1,2004.69,0.4382
TXN-008839,2023-01-07,Marketing,North America,Completed,5082.9,1948.37,3134.5299999999997,0.6167
TXN-006802,2023-01-07,Marketing,North America,Completed,7246.59,2820.97,4425.620000000001,0.6107
TXN-003793,2023-01-07,Customer Support,North America,Completed,3792.67,3109.82,682.8499999999999,0.18
TXN-008382,2023-01-07,Marketing,North America,Completed,3085.49,1069.3,2016.1899999999998,0.6534
TXN-001922,2023-01-07,Marketing,APAC,Completed,6130.27,2724.94,3405.3300000000004,0.5555
TXN-011839,2023-01-07,Engineering,APAC,Completed,5427.95,3592.25,1835.6999999999998,0.3382
TXN-004699,2023-01-08,Engineering,APAC,Completed,4994.19,1988.97,3005.2199999999993,0.6017
TXN-004079,2023-01-08,Customer Support,APAC,Completed,5754.03,1684.09,4069.9399999999996,0.7073
TXN-005642,2023-01-08,Engineering,LATAM,Completed,5666.8,1378.6,4288.200000000001,0.7567
TXN-006654,2023-01-08,Engineering,APAC,Completed,6639.8,1852.12,4787.68,0.7211
TXN-009058,2023-01-08,Operations,LATAM,Completed,6313.74,1477.31,4836.43,0.766
TXN-008564,2023-01-08,Customer Support,EMEA,Completed,7289.0,1150.76,6138.24,0.8421
TXN-011195,2023-01-08,Marketing,LATAM,Completed,3038.4,2055.23,983.1700000000001,0.3236
TXN-003582,2023-01-08,Marketing,APAC,Pending,2850.85,0.0,2850.85,1.0
TXN-003051,2023-01-08,Operations,EMEA,Pending,1151.75,645.54,506.21000000000004,0.4395
TXN-002026,2023-01-08,Operations,North America,Pending,3045.64,3413.8,-368.1600000000003,-0.1209
TXN-002933,2023-01-08,Marketing,North America,Completed,6266.15,2678.6,3587.5499999999997,0.5725
TXN-006859,2023-01-08,Marketing,LATAM,Pending,3787.75,1886.86,1900.89,0.5019
TXN-004688,2023-01-08,Marketing,LATAM,Pending,5243.23,1342.86,3900.37,0.7439
TXN-001411,2023-01-08,Marketing,LATAM,Completed,7361.58,1808.28,5553.3,0.7544
TXN-011510,2023-01-09,Operations,APAC,Completed,4058.93,1474.88,2584.0499999999997,0.6366
TXN-003231,2023-01-09,Customer Support,LATAM,Completed,6431.31,2004.9,4426.41,0.6883
TXN-003632,2023-01-09,Customer Support,LATAM,Pending,6863.3,2047.2,4816.1,0.7017
TXN-007513,2023-01-09,Sales,LATAM,Completed,3774.58,2471.8,1302.7799999999997,0.3451
TXN-000389,2023-01-09,Engineering,North America,Completed,3716.86,1758.54,1958.3200000000002,0.5269
TXN-008473,2023-01-09,Engineering,APAC,Completed,5775.41,3403.71,2371.7,0.4107
TXN-009986,2023-01-09,Sales,EMEA,Completed,5244.69,2215.09,3029.5999999999995,0.5777
TXN-006999,2023-01-09,Sales,EMEA,Completed,3502.17,2937.78,564.3899999999999,0.1612
TXN-001889,2023-01-09,Sales,LATAM,Completed,7003.72,2900.43,4103.290000000001,0.5859
TXN-009544,2023-01-09,Operations,LATAM,Completed,4941.32,2528.23,2413.0899999999997,0.4883
TXN-002590,2023-01-09,Operations,EMEA,Pending,7420.29,2034.66,5385.63,0.7258
TXN-007500,2023-01-10,Marketing,APAC,Completed,7892.23,1437.89,6454.339999999999,0.8178
TXN-002042,2023-01-10,Engineering,LATAM,Completed,8308.81,2538.18,5770.629999999999,0.6945
TXN-007231,2023-01-10,Sales,North America,Pending,3385.05,1864.4,1520.65,0.4492
TXN-005511,2023-01-10,Operations,LATAM,Completed,5105.3,2842.42,2262.88,0.4432
TXN-004624,2023-01-10,Customer Support,EMEA,Completed,4991.02,2989.17,2001.8500000000004,0.4011
TXN-011056,2023-01-10,Sales,EMEA,Completed,3919.56,2127.11,1792.4499999999998,0.4573
TXN-002754,2023-01-10,Marketing,LATAM,Pending,3698.69,595.34,3103.35,0.839
TXN-005264,2023-01-10,Sales,North America,Pending,6002.95,1225.56,4777.389999999999,0.7958
TXN-003763,2023-01-10,Engineering,LATAM,Completed,6466.14,1085.01,5381.13,0.8322
TXN-011736,2023-01-10,Customer Support,North America,Pending,3351.62,1699.81,1651.81,0.4928
TXN-005474,2023-01-10,Sales,APAC,Pending,7273.19,3059.33,4213.86,0.5794
TXN-003708,2023-01-11,Operations,EMEA,Completed,4964.674999999999,1113.81,3850.8649999999993,0.7757
TXN-006185,2023-01-11,Marketing,North America,Pending,5119.49,1158.93,3960.5599999999995,0.7736
TXN-000783,2023-01-11,Sales,LATAM,Pending,4407.44,2441.73,1965.7099999999996,0.446
TXN-006964,2023-01-11,Operations,LATAM,Completed,2841.6,2089.93,751.6700000000001,0.2645
TXN-010820,2023-01-11,Operations,APAC,Completed,7059.08,1328.72,5730.36,0.8118
TXN-011003,2023-01-11,Sales,LATAM,Completed,6448.22,2134.13,4314.09,0.669
TXN-008817,2023-01-11,Marketing,North America,Completed,5857.84,3083.0,2774.84,0.4737
TXN-009541,2023-01-11,Customer Support,APAC,Completed,8746.17,2228.14,6518.030000000001,0.7452
TXN-000513,2023-01-11,Sales,APAC,Completed,2641.29,2726.21,-84.92000000000007,-0.0322
TXN-010935,2023-01-11,Marketing,LATAM,Completed,5980.32,2060.15,3920.1699999999996,0.6555
TXN-002860,2023-01-11,Sales,EMEA,Pending,5765.36,1679.73,4085.6299999999997,0.7087
TXN-000340,2023-01-12,Marketing,APAC,Completed,4020.19,1760.75,2259.44,0.562
TXN-008696,2023-01-12,Operations,EMEA,Completed,5964.74,2279.81,3684.93,0.6178
TXN-003611,2023-01-12,Operations,LATAM,Completed,6383.09,514.28,5868.81,0.9194
TXN-002267,2023-01-12,Sales,APAC,Completed,562.45,1722.38,-1159.93,-2.0623
TXN-010411,2023-01-12,Operations,APAC,Completed,7241.5,1437.69,5803.8099999999995,0.8015
TXN-010507,2023-01-12,Sales,North America,Completed,2353.55,2816.64,-463.0899999999997,-0.1968
TXN-010298,2023-01-12,Operations,North America,Completed,5434.67,1098.91,4335.76,0.7978
TXN-010688,2023-01-12,Customer Support,North America,Completed,6602.68,1882.51,4720.17,0.7149
TXN-002928,2023-01-12,Operations,EMEA,Completed,4727.32,2971.06,1756.2599999999998,0.3715
TXN-000904,2023-01-12,Marketing,APAC,Pending,4855.84,2129.14,2726.7000000000003,0.5615
TXN-004032,2023-01-12,Sales,LATAM,Completed,3914.29,1912.52,2001.77,0.5114
TXN-004630,2023-01-12,Operations,EMEA,Pending,5048.7,2474.69,2574.0099999999998,0.5098
TXN-008570,2023-01-12,Sales,North America,Completed,4394.38,2095.59,2298.79,0.5231
TXN-003821,2023-01-13,Operations,EMEA,Completed,7213.24,3058.34,4154.9,0.576
TXN-000284,2023-01-13,Engineering,EMEA,Completed,2142.78,890.97,1251.8100000000002,0.5842
TXN-007154,2023-01-13,Sales,LATAM,Pending,4399.07,2743.93,1655.1399999999999,0.3762
TXN-010804,2023-01-13,Customer Support,North America,Completed,4642.94,2678.79,1964.1499999999996,0.423
TXN-005629,2023-01-13,Operations,EMEA,Completed,5518.62,2468.51,3050.1099999999997,0.5527
TXN-003738,2023-01-13,Engineering,LATAM,Completed,6038.57,2970.67,3067.8999999999996,0.5081
TXN-001074,2023-01-13,Operations,LATAM,Completed,5498.06,2053.41,3444.6500000000005,0.6265
TXN-003794,2023-01-13,Engineering,APAC,Completed,5668.52,2293.62,3374.9000000000005,0.5954
TXN-004638,2023-01-13,Operations,North America,Completed,2482.67,2365.38,117.28999999999996,0.0472
TXN-000956,2023-01-14,Operations,LATAM,Completed,4524.89,1844.26,2680.63,0.5924
TXN-000522,2023-01-14,Sales,LATAM,Pending,5956.2,2969.13,2987.0699999999997,0.5015
TXN-005323,2023-01-14,Marketing,APAC,Completed,2709.17,740.33,1968.8400000000001,0.7267
TXN-008721,2023-01-14,Customer Support,North America,Completed,5782.91,1920.78,3862.13,0.6679
TXN-011023,2023-01-14,Engineering,EMEA,Completed,3875.54,3376.1,499.44000000000005,0.1289
TXN-003227,2023-01-14,Customer Support,North America,Completed,3392.39,2575.08,817.31,0.2409
TXN-004731,2023-01-14,Engineering,North America,Completed,2849.85,2512.31,337.53999999999996,0.1184
TXN-003038,2023-01-14,Customer Support,EMEA,Completed,7667.5,2257.9,5409.6,0.7055
TXN-006472,2023-01-14,Engineering,APAC,Completed,3403.75,1834.12,1569.63,0.4611
TXN-001789,2023-01-14,Engineering,LATAM,Pending,5567.43,1824.08,3743.3500000000004,0.6724
TXN-006470,2023-01-14,Customer Support,EMEA,Completed,7694.87,1881.15,5813.719999999999,0.7555
TXN-009940,2023-01-14,Marketing,North America,Completed,3329.4,868.26,2461.1400000000003,0.7392
TXN-010640,2023-01-14,Engineering,LATAM,Completed,5797.17,2224.1,3573.07,0.6163
TXN-005756,2023-01-14,Marketing,LATAM,Completed,6403.62,2387.56,4016.06,0.6272
TXN-000339,2023-01-14,Operations,LATAM,Completed,6175.0,2237.7,3937.3,0.6376
TXN-010331,2023-01-15,Customer Support,APAC,Completed,2869.44,2636.91,232.5300000000002,0.081
TXN-002945,2023-01-15,Marketing,North America,Completed,6716.3,1801.92,4914.38,0.7317
TXN-010348,2023-01-15,Sales,North America,Completed,3796.6,2184.37,1612.23,0.4247
TXN-000494,2023-01-15,Marketing,EMEA,Completed,4316.52,1264.39,3052.13,0.7071
TXN-008554,2023-01-15,Operations,North America,Completed,7010.25,2677.14,4333.110000000001,0.6181
TXN-004099,2023-01-15,Customer Support,North America,Completed,7108.45,0.0,7108.45,1.0
TXN-006071,2023-01-15,Marketing,North America,Completed,5541.85,2933.4,2608.4500000000003,0.4707
TXN-001245,2023-01-15,Sales,North America,Completed,5049.75,2882.81,2166.94,0.4291
TXN-005357,2023-01-15,Marketing,EMEA,Pending,6735.62,1793.86,4941.76,0.7337
TXN-002060,2023-01-15,Operations,North America,Completed,4284.5,980.18,3304.32,0.7712
TXN-003488,2023-01-15,Sales,EMEA,Completed,5825.12,1499.91,4325.21,0.7425
TXN-002441,2023-01-15,Marketing,North America,Pending,7130.84,3263.83,3867.01,0.5423
TXN-000799,2023-01-15,Engineering,EMEA,Pending,5527.78,541.4,4986.38,0.9021
TXN-011991,2023-01-15,Customer Support,LATAM,Pending,5397.78,1345.9,4051.8799999999997,0.7507
TXN-011116,2023-01-15,Customer Support,APAC,Pending,4486.36,999.27,3487.0899999999997,0.7773
TXN-008483,2023-01-15,Sales,North America,Completed,3166.83,1183.61,1983.22,0.6262
TXN-004360,2023-01-15,Sales,APAC,Completed,4160.12,2366.97,1793.15,0.431
TXN-007852,2023-01-15,Marketing,North America,Completed,4627.4,1666.33,2961.0699999999997,0.6399
TXN-007879,2023-01-15,Engineering,APAC,Completed,4078.22,2023.55,2054.67,0.5038
TXN-009872,2023-01-15,Engineering,EMEA,Completed,4939.73,731.0,4208.73,0.852
TXN-002224,2023-01-16,Engineering,North America,Completed,4957.63,1142.62,3815.01,0.7695
TXN-005454,2023-01-16,Marketing,LATAM,Completed,5236.95,1532.5,3704.45,0.7074
TXN-002606,2023-01-16,Sales,LATAM,Completed,6407.98,1276.85,5131.129999999999,0.8007
TXN-006410,2023-01-16,Marketing,APAC,Completed,5813.24,2296.09,3517.1499999999996,0.605
TXN-001035,2023-01-16,Marketing,North America,Completed,3744.7,3227.89,516.81,0.138
TXN-004037,2023-01-16,Operations,EMEA,Completed,4084.73,2871.9,1212.83,0.2969
TXN-006995,2023-01-16,Customer Support,North America,Pending,5417.08,2236.47,3180.61,0.5871
TXN-003219,2023-01-16,Operations,LATAM,Completed,4575.4,2546.26,2029.1399999999994,0.4435
TXN-007689,2023-01-16,Operations,North America,Completed,4670.88,866.46,3804.42,0.8145
TXN-001546,2023-01-16,Customer Support,EMEA,Completed,6082.18,3852.56,2229.6200000000003,0.3666
TXN-002317,2023-01-16,Customer Support,LATAM,Completed,5976.77,1211.46,4765.31,0.7973
TXN-000671,2023-01-16,Sales,APAC,Completed,5016.88,2415.77,2601.11,0.5185
TXN-011688,2023-01-16,Customer Support,EMEA,Completed,4524.63,3073.06,1451.5700000000002,0.3208
TXN-005596,2023-01-16,Marketing,LATAM,Completed,4602.82,2203.84,2398.9799999999996,0.5212
TXN-008626,2023-01-16,Sales,APAC,Completed,4594.72,3184.58,1410.1400000000003,0.3069
TXN-011937,2023-01-16,Customer Support,EMEA,Completed,5714.88,991.73,4723.15,0.8265
TXN-009704,2023-01-17,Marketing,APAC,Pending,8121.81,2629.68,5492.130000000001,0.6762
TXN-004065,2023-01-17,Marketing,North America,Pending,3726.11,2645.64,1080.4700000000003,0.29
TXN-004998,2023-01-17,Sales,LATAM,Completed,7258.03,2354.22,4903.8099999999995,0.6756
TXN-000790,2023-01-17,Customer Support,LATAM,Pending,6248.61,1916.5,4332.11,0.6933
TXN-001548,2023-01-17,Operations,APAC,Completed,6054.69,1764.93,4289.759999999999,0.7085
TXN-011588,2023-01-17,Marketing,LATAM,Completed,5517.65,1986.09,3531.5599999999995,0.64
TXN-003079,2023-01-17,Marketing,North America,Completed,6762.6,1659.64,5102.96,0.7546
TXN-009260,2023-01-17,Operations,North America,Pending,7764.65,3522.23,4242.42,0.5464
TXN-009328,2023-01-17,Operations,LATAM,Completed,5172.26,1660.37,3511.8900000000003,0.679
TXN-008547,2023-01-17,Customer Support,LATAM,Pending,6381.94,2090.09,4291.849999999999,0.6725
TXN-006199,2023-01-17,Sales,APAC,Completed,4911.43,1461.09,3450.34,0.7025
TXN-002552,2023-01-18,Engineering,APAC,Completed,5188.0,2899.65,2288.35,0.4411
TXN-008714,2023-01-18,Marketing,APAC,Completed,4512.84,2462.45,2050.3900000000003,0.4543
TXN-007232,2023-01-18,Engineering,EMEA,Completed,7539.63,1265.33,6274.3,0.8322
TXN-001380,2023-01-18,Customer Support,EMEA,Completed,5154.94,937.0,4217.94,0.8182
TXN-007434,2023-01-18,Sales,EMEA,Pending,5041.31,384.36,4656.950000000001,0.9238
TXN-003236,2023-01-18,Customer Support,LATAM,Completed,5052.74,2155.35,2897.39,0.5734
TXN-007905,2023-01-18,Customer Support,LATAM,Pending,7732.15,2329.61,5402.539999999999,0.6987
TXN-001765,2023-01-18,Marketing,North America,Pending,5753.02,3191.53,2561.4900000000002,0.4452
TXN-006019,2023-01-18,Marketing,LATAM,Completed,5160.19,1855.27,3304.9199999999996,0.6405
TXN-002006,2023-01-18,Marketing,LATAM,Completed,7707.64,1392.04,6315.6,0.8194
TXN-003769,2023-01-18,Customer Support,EMEA,Pending,4222.05,999.15,3222.9,0.7633
TXN-001875,2023-01-18,Engineering,EMEA,Completed,3231.4,1269.2,1962.2,0.6072
TXN-001278,2023-01-18,Engineering,LATAM,Completed,3900.5,2319.61,1580.8899999999999,0.4053
TXN-004251,2023-01-19,Marketing,EMEA,Completed,5359.75,2839.04,2520.71,0.4703
TXN-002438,2023-01-19,Marketing,LATAM,Pending,74.89,3181.1,-3106.21,-41.477
TXN-002268,2023-01-19,Sales,EMEA,Completed,4246.25,1977.32,2268.9300000000003,0.5343
TXN-009931,2023-01-19,Sales,EMEA,Completed,6208.15,3265.92,2942.2299999999996,0.4739
TXN-002522,2023-01-19,Marketing,North America,Completed,6845.69,953.7,5891.99,0.8607
TXN-011365,2023-01-19,Sales,APAC,Completed,3406.66,1385.42,2021.2399999999998,0.5933
TXN-008559,2023-01-19,Engineering,North America,Completed,6373.83,2476.96,3896.87,0.6114
TXN-003777,2023-01-19,Customer Support,North America,Completed,4476.26,1104.6,3371.6600000000003,0.7532
TXN-011788,2023-01-19,Engineering,APAC,Completed,2611.82,2963.14,-351.3199999999997,-0.1345
TXN-005209,2023-01-19,Customer Support,North America,Pending,5223.55,2305.33,2918.2200000000003,0.5587
TXN-005561,2023-01-19,Operations,North America,Completed,4379.77,1675.4,2704.3700000000003,0.6175
TXN-009480,2023-01-19,Engineering,APAC,Completed,5242.95,1294.01,3948.9399999999996,0.7532
TXN-009330,2023-01-19,Sales,EMEA,Completed,4808.13,2846.49,1961.6400000000003,0.408
TXN-005039,2023-01-20,Customer Support,EMEA,Completed,5217.61,3221.49,1996.12,0.3826
TXN-004589,2023-01-20,Sales,North America,Completed,3774.0,3383.06,390.94000000000005,0.1036
TXN-006816,2023-01-20,Operations,APAC,Completed,5627.09,1834.82,3792.2700000000004,0.6739
TXN-002318,2023-01-20,Sales,EMEA,Completed,2408.46,1431.52,976.94,0.4056
TXN-009625,2023-01-20,Engineering,APAC,Completed,6069.99,1083.95,4986.04,0.8214
TXN-003598,2023-01-20,Operations,North America,Completed,4827.59,1000.3,3827.29,0.7928
TXN-009309,2023-01-20,Engineering,LATAM,Completed,4013.4,1611.66,2401.74,0.5984
TXN-002886,2023-01-20,Marketing,LATAM,Completed,2835.05,2872.27,-37.2199999999998,-0.0131
TXN-000949,2023-01-20,Customer Support,EMEA,Completed,6518.4,1902.25,4616.15,0.7082
TXN-004472,2023-01-20,Engineering,LATAM,Completed,6800.63,2009.21,4791.42,0.7046
TXN-002002,2023-01-20,Engineering,EMEA,Completed,5810.62,1385.46,4425.16,0.7616
TXN-005368,2023-01-21,Engineering,APAC,Pending,1806.18,1863.63,-57.450000000000045,-0.0318
TXN-000534,2023-01-21,Engineering,North America,Completed,3626.16,2680.33,945.8299999999999,0.2608
TXN-003086,2023-01-21,Marketing,APAC,Completed,3668.74,2015.27,1653.4699999999998,0.4507
TXN-009387,2023-01-21,Engineering,EMEA,Completed,2056.25,1323.59,732.6600000000001,0.3563
TXN-006922,2023-01-21,Marketing,APAC,Pending,6050.36,2317.1,3733.2599999999998,0.617
TXN-007318,2023-01-21,Marketing,North America,Pending,2412.96,2756.56,-343.5999999999999,-0.1424
TXN-010480,2023-01-21,Operations,North America,Pending,4751.11,1013.39,3737.72,0.7867
TXN-008621,2023-01-21,Sales,APAC,Completed,6114.59,3017.11,3097.48,0.5066
TXN-009573,2023-01-21,Engineering,LATAM,Completed,1079.36,1959.03,-879.6700000000001,-0.815
TXN-010020,2023-01-21,Marketing,North America,Completed,4813.36,1168.01,3645.3499999999995,0.7573
TXN-001980,2023-01-21,Sales,APAC,Pending,4446.71,1327.5,3119.21,0.7015
TXN-010374,2023-01-21,Engineering,LATAM,Completed,4955.08,2279.36,2675.72,0.54
TXN-004391,2023-01-21,Operations,APAC,Completed,5197.21,1194.69,4002.52,0.7701
TXN-009841,2023-01-21,Operations,APAC,Completed,5318.61,3075.17,2243.4399999999996,0.4218
TXN-006884,2023-01-21,Engineering,APAC,Completed,5231.68,3156.01,2075.67,0.3968
TXN-010143,2023-01-21,Marketing,APAC,Completed,5700.23,1520.08,4180.15,0.7333
TXN-000443,2023-01-21,Engineering,EMEA,Completed,6942.44,892.6,6049.839999999999,0.8714
TXN-005602,2023-01-21,Marketing,EMEA,Completed,5553.3,2014.115,3539.1850000000004,0.6373
TXN-011198,2023-01-21,Engineering,North America,Completed,5235.55,2050.31,3185.2400000000002,0.6084
TXN-001633,2023-01-22,Customer Support,LATAM,Completed,5815.64,1836.68,3978.96,0.6842
TXN-011114,2023-01-22,Marketing,EMEA,Completed,6569.87,2976.91,3592.96,0.5469
TXN-011578,2023-01-22,Customer Support,APAC,Completed,5126.4,1438.06,3688.3399999999997,0.7195
TXN-005775,2023-01-22,Sales,EMEA,Completed,6074.38,1584.31,4490.07,0.7392
TXN-002557,2023-01-22,Marketing,North America,Completed,8113.58,1238.4,6875.18,0.8474
TXN-011276,2023-01-22,Customer Support,North America,Completed,5574.43,2163.3,3411.13,0.6119
TXN-008527,2023-01-22,Engineering,APAC,Pending,5762.42,2056.08,3706.34,0.6432
TXN-003430,2023-01-22,Marketing,APAC,Pending,6184.29,1998.88,4185.41,0.6768
TXN-004633,2023-01-22,Marketing,LATAM,Pending,6304.47,3503.28,2801.19,0.4443
TXN-010818,2023-01-22,Operations,LATAM,Completed,6190.07,2018.61,4171.46,0.6739
TXN-008115,2023-01-23,Engineering,EMEA,Completed,3647.0,2978.32,668.6799999999998,0.1834
TXN-002714,2023-01-23,Sales,APAC,Completed,7297.26,2997.1,4300.16,0.5893
TXN-007987,2023-01-23,Operations,EMEA,Pending,4522.17,3695.49,826.6800000000003,0.1828
TXN-006722,2023-01-23,Sales,APAC,Pending,5762.73,1833.58,3929.1499999999996,0.6818
TXN-011113,2023-01-23,Marketing,LATAM,Completed,5659.11,2104.06,3555.0499999999997,0.6282
TXN-011902,2023-01-23,Engineering,EMEA,Pending,3697.51,2197.0,1500.5100000000002,0.4058
TXN-008360,2023-01-23,Marketing,EMEA,Completed,6501.38,2569.65,3931.73,0.6048
TXN-009599,2023-01-23,Marketing,LATAM,Completed,5084.88,2812.52,2272.36,0.4469
TXN-002559,2023-01-23,Operations,APAC,Pending,5501.12,1439.52,4061.6,0.7383
TXN-003275,2023-01-23,Sales,EMEA,Completed,4506.2,2591.82,1914.3799999999997,0.4248
TXN-009837,2023-01-23,Sales,North America,Completed,3356.6,3129.57,227.02999999999975,0.0676
TXN-008076,2023-01-23,Marketing,North America,Completed,6293.89,1518.85,4775.040000000001,0.7587
TXN-006907,2023-01-23,Engineering,North America,Completed,6428.27,1927.05,4501.22,0.7002
TXN-003098,2023-01-23,Sales,EMEA,Pending,4658.51,1576.35,3082.1600000000003,0.6616
TXN-007591,2023-01-23,Engineering,LATAM,Pending,5040.03,2704.18,2335.85,0.4635
TXN-001566,2023-01-24,Engineering,North America,Completed,4592.21,3177.12,1415.0900000000001,0.3082
TXN-003761,2023-01-24,Sales,North America,Pending,5648.98,476.61,5172.37,0.9156
TXN-007210,2023-01-24,Marketing,EMEA,Pending,2457.72,1857.81,599.9099999999999,0.2441
TXN-007502,2023-01-24,Operations,LATAM,Pending,5581.48,1678.56,3902.9199999999996,0.6993
TXN-001969,2023-01-24,Engineering,APAC,Pending,6122.92,1983.36,4139.56,0.6761
TXN-004192,2023-01-24,Customer Support,EMEA,Completed,4034.94,3234.77,800.1700000000001,0.1983
TXN-001673,2023-01-24,Operations,EMEA,Completed,5710.42,1264.64,4445.78,0.7785
TXN-002040,2023-01-24,Engineering,LATAM,Completed,3941.59,1974.46,1967.13,0.4991
TXN-001171,2023-01-24,Marketing,North America,Completed,5432.98,2822.67,2610.3099999999995,0.4805
TXN-011734,2023-01-24,Operations,APAC,Completed,4472.18,1885.19,2586.9900000000002,0.5785
TXN-004111,2023-01-25,Marketing,North America,Completed,1015.22,1096.27,-81.04999999999995,-0.0798
TXN-000532,2023-01-25,Operations,North America,Pending,4573.72,3124.83,1448.8900000000003,0.3168
TXN-001330,2023-01-25,Engineering,LATAM,Completed,4524.0,1497.68,3026.3199999999997,0.6689
TXN-006766,2023-01-25,Customer Support,EMEA,Completed,4825.67,2680.45,2145.2200000000003,0.4445
TXN-006091,2023-01-25,Sales,North America,Completed,4327.67,1845.46,2482.21,0.5736
TXN-008911,2023-01-25,Customer Support,EMEA,Completed,5105.48,975.13,4130.349999999999,0.809
TXN-000045,2023-01-25,Customer Support,North America,Completed,5856.29,1606.8,4249.49,0.7256
TXN-007317,2023-01-25,Marketing,EMEA,Completed,5610.8,2404.39,3206.4100000000003,0.5715
TXN-010941,2023-01-26,Operations,North America,Completed,1140.86,1442.34,-301.48,-0.2643
TXN-000105,2023-01-26,Sales,LATAM,Completed,3474.42,2048.88,1425.54,0.4103
TXN-010880,2023-01-26,Marketing,APAC,Completed,4645.9,2051.88,2594.0199999999995,0.5583
TXN-007714,2023-01-26,Sales,North America,Pending,4975.45,3152.88,1822.5699999999997,0.3663
TXN-010833,2023-01-26,Customer Support,LATAM,Completed,4013.21,1856.93,2156.2799999999997,0.5373
TXN-000199,2023-01-26,Marketing,North America,Pending,6621.12,2313.1,4308.02,0.6506
TXN-008629,2023-01-26,Operations,LATAM,Completed,5120.42,2155.14,2965.28,0.5791
TXN-002416,2023-01-26,Sales,North America,Pending,5798.85,597.26,5201.59,0.897
TXN-003955,2023-01-26,Marketing,North America,Completed,5548.15,1765.91,3782.24,0.6817
TXN-003351,2023-01-26,Sales,North America,Completed,5681.03,493.81,5187.219999999999,0.9131
TXN-006093,2023-01-26,Operations,APAC,Completed,5025.13,851.88,4173.25,0.8305
TXN-009442,2023-01-26,Sales,LATAM,Completed,3653.34,2460.75,1192.5900000000001,0.3264
TXN-011513,2023-01-26,Operations,EMEA,Completed,3838.6,1353.61,2484.99,0.6474
TXN-004488,2023-01-26,Sales,LATAM,Completed,6009.12,2214.98,3794.14,0.6314
TXN-003345,2023-01-26,Operations,APAC,Pending,5256.83,2934.3,2322.5299999999997,0.4418
TXN-004268,2023-01-26,Sales,North America,Completed,6084.81,1864.55,4220.26,0.6936
TXN-007442,2023-01-26,Marketing,North America,Completed,5552.59,3193.23,2359.36,0.4249
TXN-002090,2023-01-26,Sales,EMEA,Completed,5991.35,1783.43,4207.92,0.7023
TXN-001211,2023-01-26,Engineering,EMEA,Completed,7037.99,1946.46,5091.53,0.7234
TXN-002172,2023-01-26,Engineering,North America,Pending,6948.51,828.68,6119.83,0.8807
TXN-006225,2023-01-26,Customer Support,EMEA,Pending,4917.85,2008.02,2909.8300000000004,0.5917
TXN-004749,2023-01-27,Customer Support,North America,Pending,8317.53,1960.84,6356.6900000000005,0.7643
TXN-009638,2023-01-27,Operations,North America,Completed,7073.24,1648.41,5424.83,0.767
TXN-007916,2023-01-27,Marketing,EMEA,Completed,4694.7,1534.52,3160.18,0.6731
TXN-008496,2023-01-27,Engineering,EMEA,Completed,6387.98,2860.92,3527.0599999999995,0.5521
TXN-000907,2023-01-27,Operations,LATAM,Completed,5626.06,2324.46,3301.6000000000004,0.5868
TXN-008606,2023-01-27,Sales,LATAM,Completed,6366.04,3667.98,2698.06,0.4238
TXN-011568,2023-01-27,Engineering,LATAM,Completed,2658.22,1769.43,888.7899999999997,0.3344
TXN-003701,2023-01-28,Sales,North America,Completed,2307.87,1096.53,1211.34,0.5249
TXN-003387,2023-01-28,Operations,EMEA,Completed,5145.96,3071.46,2074.5,0.4031
TXN-003346,2023-01-28,Engineering,LATAM,Completed,4291.31,1522.37,2768.9400000000005,0.6452
TXN-003202,2023-01-28,Customer Support,EMEA,Completed,5199.4,3130.45,2068.95,0.3979
TXN-011086,2023-01-28,Marketing,APAC,Completed,3876.67,1803.28,2073.3900000000003,0.5348
TXN-010224,2023-01-28,Operations,North America,Completed,5592.8,2434.31,3158.4900000000002,0.5647
TXN-009318,2023-01-28,Customer Support,LATAM,Completed,6769.24,1530.5,5238.74,0.7739
TXN-011160,2023-01-28,Sales,EMEA,Completed,6457.21,3158.52,3298.69,0.5109
TXN-007563,2023-01-28,Operations,APAC,Completed,5214.93,2414.55,2800.38,0.537
TXN-000254,2023-01-28,Marketing,LATAM,Completed,5103.43,2096.09,3007.34,0.5893
TXN-002130,2023-01-28,Customer Support,North America,Completed,2129.71,1411.8,717.9100000000001,0.3371
TXN-002405,2023-01-28,Marketing,LATAM,Completed,671.76,1569.42,-897.6600000000001,-1.3363
TXN-002923,2023-01-29,Engineering,LATAM,Completed,7459.1,2539.11,4919.99,0.6596
TXN-011045,2023-01-29,Customer Support,North America,Completed,6323.22,2081.27,4241.950000000001,0.6709
TXN-010174,2023-01-29,Engineering,APAC,Completed,5954.88,1158.62,4796.26,0.8054
TXN-000923,2023-01-29,Marketing,LATAM,Completed,4319.9,1808.86,2511.04,0.5813
TXN-007550,2023-01-29,Engineering,North America,Completed,4075.07,2538.98,1536.0900000000001,0.3769
TXN-006423,2023-01-29,Engineering,North America,Completed,6842.09,2235.48,4606.610000000001,0.6733
TXN-005314,2023-01-29,Sales,LATAM,Pending,8376.65,1089.78,7286.87,0.8699
TXN-004309,2023-01-29,Operations,North America,Completed,4239.51,771.01,3468.5,0.8181
TXN-001788,2023-01-29,Engineering,LATAM,Completed,7841.81,2164.01,5677.8,0.724
TXN-009426,2023-01-29,Engineering,North America,Completed,4427.64,2641.16,1786.4800000000005,0.4035
TXN-007358,2023-01-29,Sales,LATAM,Completed,4509.22,2305.14,2204.0800000000004,0.4888
TXN-002285,2023-01-29,Marketing,LATAM,Pending,3968.97,1883.95,2085.0199999999995,0.5253
TXN-009349,2023-01-29,Customer Support,EMEA,Completed,6743.75,2204.72,4539.030000000001,0.6731
TXN-010526,2023-01-29,Customer Support,LATAM,Completed,4705.94,3542.76,1163.1799999999994,0.2472
TXN-003852,2023-01-29,Customer Support,North America,Pending,2123.24,2013.78,109.45999999999981,0.0516
TXN-003667,2023-01-29,Customer Support,APAC,Completed,5360.89,1761.99,3598.9000000000005,0.6713
TXN-011557,2023-01-29,Sales,North America,Completed,6561.45,1026.1,5535.35,0.8436
TXN-005893,2023-01-30,Operations,APAC,Completed,4401.29,2142.36,2258.93,0.5132
TXN-000385,2023-01-30,Operations,North America,Completed,6459.13,2079.64,4379.49,0.678
TXN-001541,2023-01-30,Marketing,LATAM,Pending,7740.41,2814.87,4925.54,0.6363
TXN-009149,2023-01-30,Marketing,EMEA,Pending,6427.63,1960.26,4467.37,0.695
TXN-000155,2023-01-30,Operations,APAC,Completed,6382.37,1611.21,4771.16,0.7476
TXN-002242,2023-01-30,Customer Support,EMEA,Pending,3214.77,2802.06,412.71000000000004,0.1284
TXN-008406,2023-01-30,Sales,North America,Completed,6222.61,2523.99,3698.62,0.5944
TXN-004906,2023-01-30,Engineering,APAC,Completed,5719.78,849.64,4870.139999999999,0.8515
TXN-003726,2023-01-30,Customer Support,LATAM,Completed,6181.75,373.56,5808.19,0.9396
TXN-009110,2023-01-30,Sales,LATAM,Completed,6223.81,3583.98,2639.8300000000004,0.4242
TXN-010767,2023-01-30,Operations,LATAM,Completed,4617.23,1799.37,2817.8599999999997,0.6103
TXN-005318,2023-01-30,Engineering,EMEA,Pending,2276.08,2021.81,254.26999999999998,0.1117
TXN-008446,2023-01-30,Customer Support,North America,Completed,5074.77,2040.7,3034.0700000000006,0.5979
TXN-002726,2023-01-30,Sales,EMEA,Completed,5652.83,341.89,5310.94,0.9395
TXN-003836,2023-01-31,Sales,APAC,Completed,4761.78,2927.51,1834.2699999999995,0.3852
TXN-000056,2023-01-31,Sales,North America,Pending,4614.92,2505.13,2109.79,0.4572
TXN-007761,2023-01-31,Engineering,LATAM,Pending,5465.07,1025.99,4439.08,0.8123
TXN-007540,2023-01-31,Customer Support,APAC,Completed,4238.6,2130.29,2108.3100000000004,0.4974
TXN-005552,2023-01-31,Engineering,LATAM,Pending,4038.37,2008.44,2029.9299999999998,0.5027
TXN-002589,2023-01-31,Customer Support,APAC,Completed,4718.72,3249.46,1469.2600000000002,0.3114
TXN-001749,2023-01-31,Engineering,North America,Pending,7696.64,1749.44,5947.200000000001,0.7727
TXN-007755,2023-01-31,Operations,EMEA,Completed,7048.46,4252.06,2796.3999999999996,0.3967
TXN-010625,2023-01-31,Marketing,LATAM,Completed,4714.63,1541.45,3173.1800000000003,0.673
TXN-000337,2023-01-31,Customer Support,APAC,Completed,5422.99,3047.6,2375.39,0.438
TXN-010062,2023-02-01,Engineering,APAC,Completed,3194.28,1318.77,1875.5100000000002,0.5871
TXN-007041,2023-02-01,Sales,LATAM,Completed,5411.12,2010.17,3400.95,0.6285
TXN-004864,2023-02-01,Sales,North America,Completed,6582.54,1226.45,5356.09,0.8137
TXN-005253,2023-02-01,Customer Support,LATAM,Completed,5609.39,1540.22,4069.17,0.7254
TXN-002931,2023-02-01,Marketing,APAC,Completed,3566.69,1668.33,1898.3600000000001,0.5322
TXN-002467,2023-02-01,Sales,EMEA,Pending,7556.47,986.83,6569.64,0.8694
TXN-001925,2023-02-01,Sales,North America,Completed,5407.45,2081.45,3326.0,0.6151
TXN-009809,2023-02-01,Engineering,EMEA,Pending,2962.58,2812.75,149.82999999999993,0.0506
TXN-009497,2023-02-01,Engineering,APAC,Pending,5126.19,1328.57,3797.62,0.7408
TXN-006840,2023-02-01,Engineering,LATAM,Completed,3882.49,2261.7,1620.79,0.4175
TXN-003372,2023-02-01,Marketing,EMEA,Completed,4437.87,915.23,3522.64,0.7938
TXN-009970,2023-02-02,Marketing,APAC,Pending,3780.17,1610.84,2169.33,0.5739
TXN-011471,2023-02-02,Customer Support,EMEA,Pending,4437.31,3394.22,1043.0900000000006,0.2351
TXN-005030,2023-02-02,Sales,North America,Completed,6398.99,1844.08,4554.91,0.7118
TXN-011876,2023-02-02,Engineering,LATAM,Completed,4467.87,2243.91,2223.96,0.4978
TXN-003271,2023-02-02,Sales,North America,Completed,6076.58,2871.54,3205.04,0.5274
TXN-011102,2023-02-02,Sales,EMEA,Completed,2114.59,823.04,1291.5500000000002,0.6108
TXN-004058,2023-02-02,Sales,EMEA,Completed,4122.25,898.07,3224.18,0.7821
TXN-000846,2023-02-02,Marketing,North America,Completed,5507.48,1604.95,3902.5299999999997,0.7086
TXN-009411,2023-02-02,Engineering,North America,Pending,4567.67,1314.77,3252.9,0.7122
TXN-000375,2023-02-02,Marketing,EMEA,Pending,5150.53,2547.03,2603.4999999999995,0.5055
TXN-008081,2023-02-02,Sales,LATAM,Completed,4268.03,1348.05,2919.9799999999996,0.6842
TXN-005463,2023-02-02,Operations,North America,Completed,4131.42,1142.07,2989.3500000000004,0.7236
TXN-011503,2023-02-02,Engineering,APAC,Completed,7140.64,1879.72,5260.92,0.7368
TXN-009904,2023-02-02,Marketing,LATAM,Completed,4373.21,1643.19,2730.02,0.6243
TXN-007023,2023-02-02,Customer Support,EMEA,Completed,7531.31,1684.8,5846.51,0.7763
TXN-009565,2023-02-02,Operations,APAC,Completed,6357.83,1759.99,4597.84,0.7232
TXN-010978,2023-02-02,Operations,EMEA,Completed,2139.9,1828.24,311.6600000000001,0.1456
TXN-010314,2023-02-02,Engineering,LATAM,Completed,8227.53,1690.95,6536.580000000001,0.7945
TXN-006488,2023-02-03,Marketing,North America,Pending,3181.65,3206.1,-24.449999999999818,-0.0077
TXN-000638,2023-02-03,Engineering,LATAM,Completed,7309.69,1299.14,6010.549999999999,0.8223
TXN-011795,2023-02-03,Customer Support,North America,Completed,5227.59,2874.79,2352.8,0.4501
TXN-000781,2023-02-03,Sales,APAC,Pending,6367.66,2239.33,4128.33,0.6483
TXN-003471,2023-02-03,Operations,EMEA,Completed,5078.37,1897.88,3180.49,0.6263
TXN-010765,2023-02-03,Customer Support,LATAM,Completed,3014.38,1756.64,1257.74,0.4172
TXN-001951,2023-02-03,Sales,LATAM,Completed,3472.14,2119.69,1352.4499999999998,0.3895
TXN-001117,2023-02-03,Sales,APAC,Completed,6211.23,2315.07,3896.1599999999994,0.6273
TXN-005424,2023-02-03,Engineering,APAC,Completed,5961.93,366.93,5595.0,0.9385
TXN-003897,2023-02-03,Customer Support,EMEA,Completed,5949.58,2640.9,3308.68,0.5561
TXN-009192,2023-02-03,Sales,APAC,Completed,5474.85,2817.89,2656.9600000000005,0.4853
TXN-002741,2023-02-03,Marketing,APAC,Completed,6664.71,2316.55,4348.16,0.6524
TXN-002197,2023-02-03,Customer Support,North America,Completed,6185.58,839.81,5345.77,0.8642
TXN-005010,2023-02-03,Marketing,North America,Completed,4449.0,2015.67,2433.33,0.5469
TXN-001499,2023-02-04,Operations,LATAM,Completed,6606.22,2141.73,4464.49,0.6758
TXN-010605,2023-02-04,Engineering,LATAM,Pending,4617.16,1765.76,2851.3999999999996,0.6176
TXN-010075,2023-02-04,Marketing,LATAM,Completed,4979.81,2940.49,2039.3200000000006,0.4095
TXN-000184,2023-02-04,Sales,EMEA,Completed,4782.44,1740.81,3041.6299999999997,0.636
TXN-006784,2023-02-04,Marketing,LATAM,Completed,5611.2,2478.72,3132.48,0.5583
TXN-009966,2023-02-04,Engineering,EMEA,Pending,7283.45,3270.21,4013.24,0.551
TXN-009739,2023-02-04,Sales,LATAM,Pending,1878.06,1968.91,-90.85000000000014,-0.0484
TXN-010456,2023-02-04,Engineering,EMEA,Completed,2608.3,2503.59,104.71000000000004,0.0401
TXN-002826,2023-02-04,Marketing,EMEA,Completed,5470.34,2201.49,3268.8500000000004,0.5976
TXN-002855,2023-02-04,Sales,LATAM,Completed,5054.66,650.82,4403.84,0.8712
TXN-003055,2023-02-04,Engineering,LATAM,Pending,5906.07,1749.35,4156.719999999999,0.7038
TXN-006228,2023-02-04,Sales,LATAM,Pending,4786.26,3828.05,958.21,0.2002
TXN-011653,2023-02-04,Marketing,EMEA,Completed,5471.2,2557.62,2913.58,0.5325
TXN-011460,2023-02-04,Engineering,APAC,Completed,4484.84,709.98,3774.86,0.8417
TXN-008066,2023-02-05,Engineering,North America,Completed,3292.61,0.0,3292.61,1.0
TXN-003975,2023-02-05,Engineering,LATAM,Completed,4586.77,1021.39,3565.3800000000006,0.7773
TXN-009504,2023-02-05,Sales,LATAM,Completed,4057.18,1336.95,2720.2299999999996,0.6705
TXN-003737,2023-02-05,Marketing,EMEA,Pending,4585.74,2667.51,1918.2299999999996,0.4183
TXN-005665,2023-02-05,Operations,EMEA,Completed,5769.95,59.2,5710.75,0.9897
TXN-009099,2023-02-05,Customer Support,APAC,Completed,5181.24,1949.47,3231.7699999999995,0.6237
TXN-007763,2023-02-05,Marketing,APAC,Pending,6279.3,0.0,6279.3,1.0
TXN-000305,2023-02-05,Sales,APAC,Pending,5901.46,1833.57,4067.8900000000003,0.6893
TXN-007206,2023-02-05,Operations,North America,Completed,6260.56,4187.85,2072.71,0.3311
TXN-001883,2023-02-05,Sales,EMEA,Completed,5287.58,2375.8,2911.7799999999997,0.5507
TXN-008855,2023-02-05,Marketing,LATAM,Completed,3300.28,4664.29,-1364.0099999999998,-0.4133
TXN-001481,2023-02-05,Customer Support,North America,Pending,4205.74,1782.61,2423.13,0.5761
TXN-000483,2023-02-05,Operations,APAC,Pending,3588.21,1369.19,2219.02,0.6184
TXN-007678,2023-02-05,Operations,North America,Pending,5557.98,2026.44,3531.5399999999995,0.6354
TXN-007164,2023-02-05,Customer Support,APAC,Pending,6063.36,2320.11,3743.2499999999995,0.6174
TXN-006457,2023-02-05,Sales,APAC,Pending,4015.17,4146.76,-131.59000000000015,-0.0328
TXN-005805,2023-02-06,Sales,EMEA,Pending,7509.45,2727.71,4781.74,0.6368
TXN-004110,2023-02-06,Operations,APAC,Completed,7053.01,1085.38,5967.63,0.8461
TXN-002501,2023-02-06,Sales,North America,Completed,7714.42,1483.67,6230.75,0.8077
TXN-009053,2023-02-06,Sales,LATAM,Completed,5655.58,3046.48,2609.1,0.4613
TXN-009282,2023-02-06,Marketing,LATAM,Completed,4823.05,551.01,4272.04,0.8858
TXN-006086,2023-02-06,Operations,North America,Completed,4827.59,2293.83,2533.76,0.5248
TXN-001726,2023-02-06,Marketing,APAC,Pending,3813.46,2842.23,971.23,0.2547
TXN-006970,2023-02-06,Customer Support,APAC,Completed,4014.48,1599.06,2415.42,0.6017
TXN-008448,2023-02-06,Sales,APAC,Pending,6712.29,2415.68,4296.610000000001,0.6401
TXN-001836,2023-02-06,Sales,EMEA,Completed,5422.97,2453.84,2969.13,0.5475
TXN-006492,2023-02-06,Marketing,LATAM,Completed,5224.9,1715.42,3509.4799999999996,0.6717
TXN-005927,2023-02-06,Engineering,APAC,Completed,5695.72,1767.37,3928.3500000000004,0.6897
TXN-011355,2023-02-06,Engineering,LATAM,Completed,2922.51,1916.14,1006.3700000000001,0.3444
TXN-008264,2023-02-06,Engineering,LATAM,Completed,6258.15,2611.05,3647.0999999999995,0.5828
TXN-011096,2023-02-06,Marketing,EMEA,Completed,6493.49,2657.53,3835.9599999999996,0.5907
TXN-010384,2023-02-06,Engineering,North America,Pending,6147.23,1949.85,4197.379999999999,0.6828
TXN-001203,2023-02-06,Engineering,North America,Pending,5733.91,2850.4,2883.5099999999998,0.5029
TXN-001621,2023-02-06,Customer Support,North America,Completed,4732.13,2423.97,2308.1600000000003,0.4878
TXN-000669,2023-02-06,Sales,North America,Completed,7744.59,2890.82,4853.77,0.6267
TXN-003700,2023-02-06,Customer Support,North America,Completed,4920.41,1563.89,3356.5199999999995,0.6822
TXN-003390,2023-02-06,Engineering,APAC,Completed,5561.61,2170.03,3391.5799999999995,0.6098
TXN-004973,2023-02-06,Engineering,APAC,Completed,6997.23,684.99,6312.24,0.9021
TXN-007495,2023-02-06,Engineering,North America,Completed,4929.5650000000005,3988.79,940.7750000000005,0.1908
TXN-001485,2023-02-07,Engineering,North America,Completed,5691.14,3162.93,2528.2100000000005,0.4442
TXN-005090,2023-02-07,Customer Support,LATAM,Completed,7985.54,2805.43,5180.110000000001,0.6487
TXN-011461,2023-02-07,Engineering,APAC,Completed,3859.56,1771.69,2087.87,0.541
TXN-006268,2023-02-07,Engineering,North America,Completed,4929.5650000000005,3726.8,1202.7650000000003,0.244
TXN-000299,2023-02-07,Operations,LATAM,Pending,8518.63,1755.47,6763.159999999999,0.7939
TXN-010541,2023-02-07,Operations,LATAM,Completed,7124.86,1179.22,5945.639999999999,0.8345
TXN-005761,2023-02-07,Customer Support,APAC,Pending,4276.24,2243.83,2032.4099999999999,0.4753
TXN-003186,2023-02-07,Customer Support,LATAM,Completed,4929.59,2157.69,2771.9,0.5623
TXN-002967,2023-02-07,Marketing,LATAM,Completed,2047.33,1766.82,280.51,0.137
TXN-003951,2023-02-07,Operations,LATAM,Pending,5578.57,4203.32,1375.25,0.2465
TXN-003243,2023-02-07,Customer Support,EMEA,Completed,5834.29,1497.26,4337.03,0.7434
TXN-004805,2023-02-07,Marketing,LATAM,Completed,4217.03,1351.95,2865.08,0.6794
TXN-002057,2023-02-07,Marketing,LATAM,Completed,3892.18,1771.66,2120.5199999999995,0.5448
TXN-008209,2023-02-07,Engineering,EMEA,Completed,5090.27,2356.94,2733.3300000000004,0.537
TXN-005590,2023-02-07,Operations,EMEA,Completed,2885.99,1106.19,1779.7999999999997,0.6167
TXN-004673,2023-02-07,Sales,EMEA,Pending,6262.36,1924.51,4337.849999999999,0.6927
TXN-004502,2023-02-08,Marketing,North America,Pending,5537.8,2647.78,2890.02,0.5219
TXN-010737,2023-02-08,Operations,North America,Completed,7305.51,1473.81,5831.700000000001,0.7983
TXN-010100,2023-02-08,Customer Support,LATAM,Completed,5939.37,320.52,5618.85,0.946
TXN-007291,2023-02-08,Operations,EMEA,Pending,4344.56,2021.15,2323.4100000000003,0.5348
TXN-011720,2023-02-08,Marketing,APAC,Completed,4017.98,2733.68,1284.3000000000002,0.3196
TXN-006292,2023-02-08,Engineering,North America,Completed,4181.32,2433.15,1748.1699999999996,0.4181
TXN-007847,2023-02-08,Engineering,APAC,Pending,5269.55,2054.29,3215.26,0.6102
TXN-001009,2023-02-08,Engineering,LATAM,Completed,4296.21,1989.23,2306.98,0.537
TXN-005062,2023-02-08,Engineering,North America,Pending,3104.38,1934.09,1170.2900000000002,0.377
TXN-005898,2023-02-08,Sales,LATAM,Pending,4839.21,1674.71,3164.5,0.6539
TXN-001934,2023-02-08,Marketing,APAC,Pending,4274.96,1080.87,3194.09,0.7472
TXN-006331,2023-02-08,Sales,LATAM,Pending,4791.02,2716.49,2074.5300000000007,0.433
TXN-007859,2023-02-09,Marketing,LATAM,Completed,5672.29,2545.64,3126.65,0.5512
TXN-003983,2023-02-09,Operations,APAC,Completed,4363.34,2753.68,1609.6600000000003,0.3689
TXN-009728,2023-02-09,Engineering,EMEA,Pending,7062.73,4145.13,2917.5999999999995,0.4131
TXN-005040,2023-02-09,Engineering,APAC,Completed,5396.79,2410.59,2986.2,0.5533
TXN-007068,2023-02-09,Customer Support,LATAM,Completed,5541.08,2140.91,3400.17,0.6136
TXN-011607,2023-02-09,Operations,North America,Completed,3099.27,367.62,2731.65,0.8814
TXN-001739,2023-02-09,Sales,North America,Completed,6169.42,1553.48,4615.9400000000005,0.7482
TXN-001680,2023-02-09,Operations,North America,Completed,4165.78,1610.95,2554.83,0.6133
TXN-005367,2023-02-10,Engineering,North America,Completed,3801.63,115.9,3685.73,0.9695
TXN-008974,2023-02-10,Operations,EMEA,Completed,2563.58,1606.51,957.0699999999999,0.3733
TXN-004732,2023-02-10,Customer Support,APAC,Completed,3999.05,2239.03,1760.02,0.4401
TXN-007890,2023-02-10,Engineering,APAC,Pending,3957.31,1902.68,2054.63,0.5192
TXN-004739,2023-02-10,Marketing,EMEA,Completed,3594.13,3076.6,517.5300000000002,0.144
TXN-001151,2023-02-10,Sales,EMEA,Completed,7760.32,749.44,7010.879999999999,0.9034
TXN-000018,2023-02-10,Operations,North America,Completed,5267.73,1716.48,3551.2499999999995,0.6742
TXN-004329,2023-02-10,Engineering,LATAM,Completed,4436.53,1584.42,2852.1099999999997,0.6429
TXN-005006,2023-02-10,Engineering,LATAM,Pending,4542.06,1901.98,2640.0800000000004,0.5813
TXN-008897,2023-02-10,Sales,North America,Completed,6102.63,116.28,5986.35,0.9809
TXN-009924,2023-02-10,Customer Support,North America,Completed,2867.1,1390.99,1476.11,0.5148
TXN-010291,2023-02-10,Sales,APAC,Completed,4111.97,1963.0,2148.9700000000003,0.5226
TXN-009381,2023-02-10,Operations,EMEA,Pending,6506.26,1671.2,4835.06,0.7431
TXN-000935,2023-02-10,Sales,APAC,Pending,5061.62,1933.61,3128.01,0.618
TXN-009562,2023-02-10,Marketing,LATAM,Completed,3984.19,1992.62,1991.5700000000002,0.4999
TXN-011590,2023-02-10,Sales,North America,Pending,4894.645,1778.86,3115.7850000000008,0.6366
TXN-010734,2023-02-11,Customer Support,APAC,Pending,2660.3,2106.03,554.27,0.2083
TXN-002280,2023-02-11,Marketing,LATAM,Completed,6429.18,2828.81,3600.3700000000003,0.56
TXN-000662,2023-02-11,Operations,EMEA,Pending,3677.01,2537.18,1139.8300000000004,0.31
TXN-008812,2023-02-11,Engineering,North America,Completed,5108.01,643.79,4464.22,0.874
TXN-009755,2023-02-11,Engineering,EMEA,Completed,4046.33,358.97,3687.3599999999997,0.9113
TXN-006256,2023-02-11,Customer Support,North America,Pending,4974.27,2699.14,2275.1300000000006,0.4574
TXN-005248,2023-02-11,Marketing,EMEA,Pending,7927.36,2177.51,5749.849999999999,0.7253
TXN-011641,2023-02-11,Engineering,LATAM,Completed,5016.86,1370.21,3646.6499999999996,0.7269
TXN-001261,2023-02-11,Operations,LATAM,Pending,4487.11,191.23,4295.88,0.9574
TXN-003252,2023-02-11,Marketing,EMEA,Completed,4563.68,1208.87,3354.8100000000004,0.7351
TXN-010915,2023-02-11,Marketing,North America,Pending,2588.55,1631.34,957.2100000000003,0.3698
TXN-007925,2023-02-11,Engineering,EMEA,Pending,2901.18,2334.69,566.4899999999998,0.1953
TXN-001134,2023-02-11,Marketing,EMEA,Pending,6970.58,3009.05,3961.5299999999997,0.5683
TXN-006487,2023-02-11,Customer Support,LATAM,Pending,7601.05,1470.3,6130.75,0.8066
TXN-003584,2023-02-11,Sales,North America,Completed,3207.67,2999.4,208.26999999999998,0.0649
TXN-010414,2023-02-11,Engineering,APAC,Completed,7561.19,2014.9,5546.289999999999,0.7335
TXN-005533,2023-02-11,Sales,EMEA,Pending,6033.15,2706.39,3326.7599999999998,0.5514
TXN-004657,2023-02-11,Sales,APAC,Completed,3656.75,1123.19,2533.56,0.6928
TXN-005408,2023-02-12,Marketing,APAC,Completed,6950.18,1957.47,4992.71,0.7184
TXN-004798,2023-02-12,Operations,LATAM,Completed,5637.98,2780.81,2857.1699999999996,0.5068
TXN-000863,2023-02-12,Sales,APAC,Pending,4952.9,1057.17,3895.7299999999996,0.7866
TXN-000496,2023-02-12,Operations,EMEA,Completed,967.36,2928.81,-1961.4499999999998,-2.0276
TXN-007452,2023-02-12,Operations,APAC,Completed,4968.88,995.63,3973.25,0.7996
TXN-009238,2023-02-12,Operations,APAC,Completed,3565.36,4035.56,-470.1999999999998,-0.1319
TXN-007734,2023-02-12,Sales,North America,Completed,3533.09,2269.2,1263.8900000000003,0.3577
TXN-001662,2023-02-12,Customer Support,EMEA,Completed,5924.54,2428.97,3495.57,0.59
TXN-007760,2023-02-12,Customer Support,EMEA,Pending,6267.46,2416.74,3850.7200000000003,0.6144
TXN-006818,2023-02-13,Customer Support,North America,Pending,3810.71,1970.92,1839.79,0.4828
TXN-009827,2023-02-13,Marketing,North America,Pending,5452.53,2017.68,3434.8499999999995,0.63
TXN-001094,2023-02-13,Marketing,EMEA,Completed,4110.25,2194.77,1915.48,0.466
TXN-005169,2023-02-13,Engineering,EMEA,Pending,4596.01,2022.37,2573.6400000000003,0.56
TXN-001249,2023-02-13,Operations,APAC,Completed,5272.99,1838.07,3434.92,0.6514
TXN-009415,2023-02-13,Customer Support,North America,Pending,5155.7,1117.53,4038.17,0.7832
TXN-007673,2023-02-13,Marketing,EMEA,Pending,5188.15,2014.115,3174.035,0.6118
TXN-006518,2023-02-13,Customer Support,North America,Completed,6040.24,1093.4,4946.84,0.819
TXN-002419,2023-02-13,Marketing,LATAM,Completed,4393.35,837.35,3556.0000000000005,0.8094
TXN-005851,2023-02-13,Engineering,EMEA,Completed,8244.62,2827.23,5417.390000000001,0.6571
TXN-011048,2023-02-13,Engineering,EMEA,Completed,7599.88,2031.06,5568.82,0.7328
TXN-002861,2023-02-13,Marketing,APAC,Completed,5009.5,1258.24,3751.26,0.7488
TXN-004957,2023-02-14,Engineering,APAC,Completed,5911.96,2821.58,3090.38,0.5227
TXN-003061,2023-02-14,Engineering,APAC,Completed,5126.19,2081.74,3044.45,0.5939
TXN-006345,2023-02-14,Sales,APAC,Pending,3590.39,2071.89,1518.5,0.4229
TXN-004683,2023-02-14,Customer Support,LATAM,Pending,7250.01,1762.96,5487.05,0.7568
TXN-003005,2023-02-14,Customer Support,EMEA,Completed,1454.73,1519.48,-64.75,-0.0445
TXN-010692,2023-02-14,Sales,LATAM,Completed,5379.12,2930.14,2448.98,0.4553
TXN-005999,2023-02-14,Customer Support,APAC,Pending,4716.2,1592.15,3124.0499999999997,0.6624
TXN-004211,2023-02-14,Sales,APAC,Completed,3558.34,2001.3,1557.0400000000002,0.4376
TXN-000104,2023-02-14,Engineering,EMEA,Completed,5010.14,2900.69,2109.4500000000003,0.421
TXN-004976,2023-02-14,Customer Support,North America,Completed,3493.19,14.9,3478.29,0.9957
TXN-003400,2023-02-14,Customer Support,North America,Completed,5048.52,2683.12,2365.4000000000005,0.4685
TXN-005495,2023-02-14,Operations,APAC,Completed,3952.74,2667.12,1285.62,0.3252
TXN-005363,2023-02-14,Marketing,North America,Completed,5168.44,3060.58,2107.8599999999997,0.4078
TXN-000403,2023-02-14,Operations,APAC,Completed,4821.82,2268.13,2553.6899999999996,0.5296
TXN-001963,2023-02-14,Operations,APAC,Completed,7517.93,2256.77,5261.16,0.6998
TXN-010427,2023-02-15,Sales,EMEA,Pending,5871.88,3175.08,2696.8,0.4593
TXN-010102,2023-02-15,Engineering,EMEA,Completed,5010.14,1314.18,3695.96,0.7377
TXN-002667,2023-02-15,Engineering,LATAM,Completed,4687.07,1935.26,2751.8099999999995,0.5871
TXN-008624,2023-02-15,Sales,LATAM,Completed,8792.34,1200.18,7592.16,0.8635
TXN-005882,2023-02-15,Sales,LATAM,Completed,3592.54,193.92,3398.62,0.946
TXN-007312,2023-02-15,Marketing,APAC,Completed,3888.61,2389.74,1498.8700000000003,0.3855
TXN-010418,2023-02-15,Engineering,LATAM,Completed,4706.8,2450.28,2256.52,0.4794
TXN-002142,2023-02-15,Customer Support,APAC,Pending,5464.83,2495.99,2968.84,0.5433
TXN-003569,2023-02-15,Sales,North America,Completed,3324.82,2003.67,1321.15,0.3974
TXN-001576,2023-02-15,Marketing,APAC,Completed,5751.81,1173.51,4578.3,0.796
TXN-010123,2023-02-15,Operations,North America,Completed,6694.36,646.63,6047.73,0.9034
TXN-009453,2023-02-15,Operations,North America,Completed,5112.91,1921.95,3190.96,0.6241
TXN-003085,2023-02-15,Operations,EMEA,Pending,5368.5,3046.58,2321.92,0.4325
TXN-008036,2023-02-15,Customer Support,EMEA,Completed,5594.57,1983.24,3611.33,0.6455
TXN-007991,2023-02-15,Customer Support,LATAM,Completed,5175.77,1733.47,3442.3,0.6651
TXN-002361,2023-02-15,Sales,North America,Completed,5257.08,1545.98,3711.1,0.7059
TXN-000937,2023-02-15,Sales,North America,Completed,6587.78,2584.64,4003.14,0.6077
TXN-005027,2023-02-15,Engineering,APAC,Completed,5335.34,1758.44,3576.9,0.6704
TXN-004591,2023-02-15,Marketing,North America,Completed,4600.12,2235.34,2364.7799999999997,0.5141
TXN-001609,2023-02-15,Marketing,North America,Completed,3605.52,2023.44,1582.08,0.4388
TXN-001531,2023-02-15,Engineering,LATAM,Completed,5419.53,1950.45,3469.08,0.6401
TXN-001490,2023-02-15,Customer Support,APAC,Completed,3633.59,846.09,2787.5,0.7671
TXN-007642,2023-02-15,Operations,North America,Completed,5584.01,2165.22,3418.7900000000004,0.6122
TXN-005599,2023-02-15,Marketing,North America,Completed,5656.63,389.7,5266.93,0.9311
TXN-002568,2023-02-16,Marketing,EMEA,Completed,5922.13,1099.58,4822.55,0.8143
TXN-000896,2023-02-16,Marketing,North America,Completed,7833.77,1374.55,6459.22,0.8245
TXN-008204,2023-02-16,Operations,North America,Pending,4827.59,3037.59,1790.0,0.3708
TXN-008884,2023-02-16,Engineering,LATAM,Completed,6481.31,1627.9,4853.41,0.7488
TXN-001794,2023-02-16,Operations,EMEA,Completed,7401.45,3897.64,3503.81,0.4734
TXN-011605,2023-02-16,Customer Support,LATAM,Pending,4663.53,2383.01,2280.5199999999995,0.489
TXN-009302,2023-02-16,Sales,EMEA,Completed,1951.36,1851.95,99.40999999999985,0.0509
TXN-002182,2023-02-16,Engineering,North America,Pending,4929.5650000000005,3956.2,973.3650000000007,0.1975
TXN-005941,2023-02-16,Operations,LATAM,Completed,5795.61,1116.6,4679.01,0.8073
TXN-000477,2023-02-16,Engineering,LATAM,Pending,5296.66,887.86,4408.8,0.8324
TXN-005956,2023-02-16,Engineering,EMEA,Completed,5307.56,1303.64,4003.92,0.7544
TXN-008015,2023-02-16,Engineering,EMEA,Completed,5521.28,3035.0,2486.2799999999997,0.4503
TXN-006315,2023-02-16,Customer Support,APAC,Completed,6712.23,2403.51,4308.719999999999,0.6419
TXN-003067,2023-02-16,Engineering,North America,Pending,3807.88,1139.25,2668.63,0.7008
TXN-011771,2023-02-16,Operations,LATAM,Completed,6387.57,1236.1,5151.469999999999,0.8065
TXN-001536,2023-02-16,Customer Support,APAC,Completed,3167.49,1376.63,1790.8599999999997,0.5654
TXN-005401,2023-02-16,Customer Support,APAC,Completed,4551.11,3536.49,1014.6199999999999,0.2229
TXN-002315,2023-02-16,Customer Support,APAC,Completed,8618.96,1800.41,6818.549999999999,0.7911
TXN-008139,2023-02-17,Sales,APAC,Completed,5263.82,908.84,4354.98,0.8273
TXN-009486,2023-02-17,Operations,APAC,Completed,4348.16,1544.23,2803.93,0.6449
TXN-002924,2023-02-17,Sales,LATAM,Completed,3913.04,2651.99,1261.0500000000002,0.3223
TXN-000308,2023-02-17,Engineering,EMEA,Pending,5097.77,2048.26,3049.51,0.5982
TXN-003711,2023-02-17,Sales,North America,Pending,1110.45,1824.54,-714.0899999999999,-0.6431
TXN-005047,2023-02-17,Marketing,North America,Pending,6366.52,2779.09,3587.4300000000003,0.5635
TXN-002316,2023-02-17,Sales,APAC,Completed,3263.39,1893.35,1370.04,0.4198
TXN-007912,2023-02-17,Marketing,APAC,Completed,6388.24,1533.23,4855.01,0.76
TXN-001280,2023-02-17,Sales,North America,Completed,6216.67,1052.97,5163.7,0.8306
TXN-009100,2023-02-18,Customer Support,LATAM,Completed,4614.45,133.39,4481.0599999999995,0.9711
TXN-004250,2023-02-18,Operations,North America,Pending,4415.81,725.31,3690.5000000000005,0.8357
TXN-004191,2023-02-18,Engineering,EMEA,Pending,3701.14,1913.0,1788.1399999999999,0.4831
TXN-005301,2023-02-18,Engineering,APAC,Completed,5181.96,2664.16,2517.8,0.4859
TXN-008727,2023-02-18,Engineering,North America,Pending,4783.44,2824.96,1958.4799999999996,0.4094
TXN-000465,2023-02-18,Sales,North America,Completed,5986.71,2652.04,3334.67,0.557
TXN-010918,2023-02-18,Operations,EMEA,Completed,5127.52,2493.28,2634.2400000000002,0.5137
TXN-007917,2023-02-18,Engineering,EMEA,Completed,7162.0,1903.89,5258.11,0.7342
TXN-007189,2023-02-18,Sales,EMEA,Completed,4958.09,1156.19,3801.9,0.7668
TXN-000367,2023-02-18,Operations,North America,Pending,3757.37,3081.77,675.5999999999999,0.1798
TXN-009118,2023-02-19,Sales,APAC,Pending,3250.87,2688.26,562.6099999999997,0.1731
TXN-005782,2023-02-19,Customer Support,LATAM,Pending,5465.21,2665.96,2799.25,0.5122
TXN-001450,2023-02-19,Customer Support,LATAM,Completed,2200.52,1119.73,1080.79,0.4912
TXN-011721,2023-02-19,Marketing,North America,Pending,5805.48,1079.07,4726.41,0.8141
TXN-004419,2023-02-19,Customer Support,APAC,Pending,3741.8,2353.85,1387.9500000000003,0.3709
TXN-002429,2023-02-19,Customer Support,North America,Completed,6473.29,1917.02,4556.27,0.7039
TXN-011005,2023-02-19,Marketing,EMEA,Completed,6514.13,1774.53,4739.6,0.7276
TXN-005076,2023-02-19,Customer Support,LATAM,Completed,3282.2,3264.41,17.789999999999964,0.0054
TXN-002322,2023-02-19,Sales,EMEA,Completed,3737.94,1851.37,1886.5700000000002,0.5047
TXN-010168,2023-02-19,Customer Support,APAC,Completed,5065.22,2936.75,2128.4700000000003,0.4202
TXN-003487,2023-02-19,Sales,APAC,Completed,2518.32,2483.71,34.61000000000013,0.0137
TXN-002307,2023-02-19,Operations,APAC,Completed,5907.61,2500.35,3407.2599999999998,0.5768
TXN-006961,2023-02-19,Operations,LATAM,Completed,4576.16,0.0,4576.16,1.0
TXN-006098,2023-02-19,Sales,APAC,Completed,5251.05,1960.47,3290.58,0.6267
TXN-006118,2023-02-20,Sales,North America,Pending,5233.01,2165.93,3067.0800000000004,0.5861
TXN-006478,2023-02-20,Operations,EMEA,Pending,2683.74,1714.15,969.5899999999997,0.3613
TXN-011919,2023-02-20,Operations,EMEA,Completed,5737.62,363.76,5373.86,0.9366
TXN-008893,2023-02-20,Sales,APAC,Completed,3552.67,1084.13,2468.54,0.6948
TXN-007325,2023-02-20,Marketing,EMEA,Completed,4110.25,1297.14,2813.1099999999997,0.6844
TXN-000450,2023-02-20,Sales,APAC,Completed,4916.3,1939.24,2977.0600000000004,0.6055
TXN-008716,2023-02-20,Operations,APAC,Completed,5628.44,1196.36,4432.08,0.7874
TXN-005073,2023-02-20,Customer Support,EMEA,Pending,4729.05,1521.66,3207.3900000000003,0.6782
TXN-010742,2023-02-20,Operations,APAC,Pending,7253.64,1840.39,5413.25,0.7463
TXN-011648,2023-02-20,Marketing,EMEA,Completed,5488.72,1256.61,4232.110000000001,0.7711
TXN-009992,2023-02-20,Sales,North America,Completed,6418.34,1738.42,4679.92,0.7291
TXN-002628,2023-02-20,Customer Support,North America,Completed,6556.36,2753.02,3803.3399999999997,0.5801
TXN-010311,2023-02-21,Sales,APAC,Completed,2753.3,3563.31,-810.0099999999998,-0.2942
TXN-010932,2023-02-21,Marketing,LATAM,Completed,6109.51,3619.34,2490.17,0.4076
TXN-011545,2023-02-21,Sales,North America,Completed,4301.72,3063.14,1238.5800000000004,0.2879
TXN-005328,2023-02-21,Engineering,APAC,Completed,3861.83,2502.14,1359.69,0.3521
TXN-011026,2023-02-21,Sales,North America,Completed,4656.02,722.81,3933.2100000000005,0.8448
TXN-003090,2023-02-21,Engineering,EMEA,Pending,4964.21,2299.53,2664.68,0.5368
TXN-002233,2023-02-21,Marketing,LATAM,Completed,7347.03,2900.55,4446.48,0.6052
TXN-004793,2023-02-21,Operations,LATAM,Pending,5239.43,1849.74,3389.6900000000005,0.647
TXN-007015,2023-02-21,Operations,North America,Completed,6167.95,1066.73,5101.219999999999,0.8271
TXN-007171,2023-02-21,Operations,EMEA,Completed,2500.65,2060.47,440.1800000000003,0.176
TXN-003480,2023-02-21,Customer Support,North America,Completed,3834.39,917.55,2916.84,0.7607
TXN-002237,2023-02-21,Engineering,EMEA,Completed,5632.88,1780.39,3852.49,0.6839
TXN-003604,2023-02-21,Operations,North America,Completed,3406.88,2163.69,1243.19,0.3649
TXN-002980,2023-02-21,Marketing,APAC,Pending,3426.08,1755.42,1670.6599999999999,0.4876
TXN-000154,2023-02-21,Sales,LATAM,Completed,7047.74,2528.45,4519.29,0.6412
TXN-003865,2023-02-21,Engineering,EMEA,Pending,9286.06,1746.44,7539.619999999999,0.8119
TXN-008556,2023-02-21,Engineering,North America,Completed,5160.4,2253.11,2907.2899999999995,0.5634
TXN-000712,2023-02-21,Marketing,North America,Pending,5060.29,1606.77,3453.52,0.6825
TXN-008112,2023-02-21,Marketing,APAC,Completed,5702.45,1706.86,3995.59,0.7007
TXN-007881,2023-02-21,Customer Support,APAC,Completed,5886.52,1480.34,4406.18,0.7485
TXN-000015,2023-02-22,Operations,EMEA,Pending,6685.64,1919.66,4765.9800000000005,0.7129
TXN-006921,2023-02-22,Customer Support,EMEA,Completed,6641.77,1786.09,4855.68,0.7311
TXN-000004,2023-02-22,Engineering,LATAM,Pending,3664.95,864.24,2800.71,0.7642
TXN-005055,2023-02-22,Sales,LATAM,Completed,4922.88,772.89,4149.99,0.843
TXN-005559,2023-02-22,Engineering,APAC,Pending,4413.97,1294.86,3119.1100000000006,0.7066
TXN-005493,2023-02-22,Sales,APAC,Pending,2509.3,1044.21,1465.0900000000001,0.5839
TXN-006142,2023-02-22,Operations,LATAM,Completed,4127.59,1991.8,2135.79,0.5174
TXN-009414,2023-02-22,Marketing,EMEA,Pending,5938.08,1524.85,4413.23,0.7432
TXN-003615,2023-02-22,Engineering,North America,Completed,4684.38,2668.75,2015.63,0.4303
TXN-001260,2023-02-22,Sales,EMEA,Completed,5057.09,2245.59,2811.5,0.556
TXN-003549,2023-02-22,Operations,APAC,Completed,8275.6,2697.64,5577.960000000001,0.674
TXN-010197,2023-02-22,Customer Support,EMEA,Completed,5193.85,1627.61,3566.2400000000007,0.6866
TXN-007342,2023-02-22,Operations,LATAM,Completed,4434.7,2981.72,1452.98,0.3276
TXN-002499,2023-02-22,Marketing,LATAM,Pending,4862.14,2104.95,2757.1900000000005,0.5671
TXN-010816,2023-02-22,Sales,APAC,Completed,4609.19,1053.84,3555.3499999999995,0.7714
TXN-004399,2023-02-22,Marketing,North America,Completed,5365.77,1298.61,4067.1600000000008,0.758
TXN-003360,2023-02-23,Marketing,North America,Pending,3224.22,2087.32,1136.8999999999996,0.3526
TXN-006692,2023-02-23,Customer Support,EMEA,Completed,6225.09,2508.83,3716.26,0.597
TXN-007034,2023-02-23,Customer Support,LATAM,Completed,2286.13,1920.74,365.3900000000001,0.1598
TXN-000195,2023-02-23,Customer Support,EMEA,Completed,5447.51,1617.71,3829.8,0.703
TXN-004263,2023-02-23,Customer Support,North America,Completed,4269.33,2412.37,1856.96,0.435
TXN-011762,2023-02-23,Operations,APAC,Pending,6600.43,434.0,6166.43,0.9342
TXN-000365,2023-02-23,Operations,APAC,Completed,3153.43,1639.67,1513.7599999999998,0.48
TXN-001766,2023-02-23,Engineering,EMEA,Completed,8729.29,1949.9,6779.390000000001,0.7766
TXN-005517,2023-02-23,Customer Support,LATAM,Pending,1485.01,2485.81,-1000.8,-0.6739
TXN-008095,2023-02-23,Engineering,LATAM,Completed,5965.28,1808.24,4157.04,0.6969
TXN-004950,2023-02-23,Marketing,EMEA,Completed,5462.77,2014.115,3448.6550000000007,0.6313
TXN-010860,2023-02-24,Engineering,EMEA,Completed,2640.12,1282.38,1357.7399999999998,0.5143
TXN-011625,2023-02-24,Sales,North America,Completed,3174.5,2721.54,452.96000000000004,0.1427
TXN-009291,2023-02-24,Operations,EMEA,Completed,6053.19,3076.49,2976.7,0.4918
TXN-003550,2023-02-24,Customer Support,North America,Completed,4445.51,1855.4,2590.11,0.5826
TXN-002417,2023-02-24,Operations,North America,Completed,4323.99,2077.5,2246.49,0.5195
TXN-005827,2023-02-24,Operations,EMEA,Pending,6008.31,1936.75,4071.5600000000004,0.6777
TXN-006651,2023-02-24,Marketing,EMEA,Pending,6257.36,1888.14,4369.219999999999,0.6983
TXN-011172,2023-02-24,Marketing,APAC,Completed,4978.18,1935.54,3042.6400000000003,0.6112
TXN-010041,2023-02-24,Sales,North America,Completed,4918.07,2265.12,2652.95,0.5394
TXN-006863,2023-02-24,Operations,North America,Pending,5168.04,2730.51,2437.5299999999997,0.4717
TXN-011774,2023-02-25,Customer Support,North America,Completed,3961.0,1996.29,1964.71,0.496
TXN-001626,2023-02-25,Engineering,LATAM,Completed,4023.92,2148.79,1875.13,0.466
TXN-006658,2023-02-25,Sales,North America,Pending,3877.92,1190.81,2687.11,0.6929
TXN-007556,2023-02-25,Engineering,APAC,Completed,5636.75,227.91,5408.84,0.9596
TXN-005903,2023-02-25,Engineering,LATAM,Completed,5849.68,3284.06,2565.6200000000003,0.4386
TXN-006603,2023-02-25,Customer Support,North America,Pending,4954.76,2597.95,2356.8100000000004,0.4757
TXN-008891,2023-02-25,Sales,EMEA,Completed,6162.2,1593.01,4569.19,0.7415
TXN-008456,2023-02-25,Customer Support,LATAM,Completed,3961.75,1624.16,2337.59,0.59
TXN-005693,2023-02-25,Engineering,North America,Completed,7305.85,2203.93,5101.92,0.6983
TXN-000032,2023-02-25,Sales,LATAM,Completed,5736.14,1248.69,4487.450000000001,0.7823
TXN-003114,2023-02-25,Sales,North America,Completed,3540.94,2319.56,1221.38,0.3449
TXN-006706,2023-02-26,Sales,North America,Completed,3543.46,1760.4,1783.06,0.5032
TXN-001027,2023-02-26,Marketing,APAC,Completed,4971.94,1697.57,3274.37,0.6586
TXN-005434,2023-02-26,Customer Support,APAC,Pending,4847.549999999999,2081.95,2765.5999999999995,0.5705
TXN-009798,2023-02-26,Sales,LATAM,Completed,6128.64,2699.57,3429.07,0.5595
TXN-003518,2023-02-26,Operations,APAC,Completed,4968.99,1892.16,3076.83,0.6192
TXN-005366,2023-02-26,Customer Support,APAC,Completed,3114.86,3907.3,-792.44,-0.2544
TXN-006981,2023-02-26,Engineering,EMEA,Completed,4538.86,2995.84,1543.0199999999995,0.34
TXN-008506,2023-02-26,Marketing,North America,Completed,3641.92,2173.32,1468.6,0.4032
TXN-006097,2023-02-26,Sales,EMEA,Completed,5877.48,2403.66,3473.8199999999997,0.591
TXN-002354,2023-02-26,Marketing,LATAM,Completed,4125.6,3017.61,1107.9900000000002,0.2686
TXN-009293,2023-02-26,Sales,LATAM,Completed,5475.55,1190.23,4285.32,0.7826
TXN-005373,2023-02-26,Engineering,APAC,Completed,5753.18,3344.13,2409.05,0.4187
TXN-001861,2023-02-26,Operations,APAC,Completed,3236.45,1423.78,1812.6699999999998,0.5601
TXN-009978,2023-02-27,Customer Support,EMEA,Pending,5945.72,1049.55,4896.17,0.8235
TXN-009508,2023-02-27,Marketing,LATAM,Completed,5344.5,2675.36,2669.14,0.4994
TXN-000554,2023-02-27,Customer Support,LATAM,Completed,6796.57,2321.67,4474.9,0.6584
TXN-001732,2023-02-27,Sales,APAC,Completed,6802.14,1391.65,5410.49,0.7954
TXN-007583,2023-02-27,Sales,LATAM,Completed,4228.1,2499.78,1728.3200000000002,0.4088
TXN-008992,2023-02-27,Marketing,LATAM,Completed,4659.57,1185.05,3474.5199999999995,0.7457
TXN-007515,2023-02-27,Sales,APAC,Completed,5253.03,3720.67,1532.3599999999997,0.2917
TXN-008577,2023-02-27,Customer Support,EMEA,Completed,3486.07,1187.36,2298.71,0.6594
TXN-008659,2023-02-27,Marketing,North America,Completed,3529.67,790.07,2739.6,0.7762
TXN-011431,2023-02-27,Marketing,APAC,Completed,6741.28,1073.18,5668.099999999999,0.8408
TXN-001355,2023-02-27,Customer Support,APAC,Completed,5136.03,1254.32,3881.71,0.7558
TXN-005905,2023-02-27,Customer Support,APAC,Pending,4609.77,3950.09,659.6800000000003,0.1431
TXN-002055,2023-02-28,Customer Support,EMEA,Completed,4201.32,2780.75,1420.5699999999997,0.3381
TXN-007865,2023-02-28,Sales,EMEA,Completed,6246.42,2294.86,3951.56,0.6326
TXN-004769,2023-02-28,Engineering,LATAM,Pending,3863.28,948.49,2914.79,0.7545
TXN-002643,2023-02-28,Customer Support,EMEA,Completed,6543.53,2296.08,4247.45,0.6491
TXN-009571,2023-02-28,Sales,North America,Pending,4453.47,2314.25,2139.2200000000003,0.4803
TXN-007093,2023-02-28,Operations,North America,Pending,4055.48,2133.48,1922.0,0.4739
TXN-001761,2023-02-28,Customer Support,LATAM,Completed,6108.1,1977.01,4131.09,0.6763
TXN-005684,2023-02-28,Sales,LATAM,Completed,3793.59,1367.77,2425.82,0.6395
TXN-004061,2023-02-28,Sales,EMEA,Completed,3621.32,1793.6,1827.7200000000003,0.5047
TXN-004137,2023-02-28,Engineering,LATAM,Completed,8094.67,1008.22,7086.45,0.8754
TXN-002236,2023-02-28,Customer Support,North America,Completed,5790.54,2135.66,3654.88,0.6312
TXN-001361,2023-02-28,Sales,North America,Pending,7221.19,1430.35,5790.84,0.8019
TXN-008431,2023-02-28,Sales,North America,Completed,4695.04,3296.33,1398.71,0.2979
TXN-002319,2023-03-01,Sales,North America,Pending,4908.86,1868.78,3040.08,0.6193
TXN-007651,2023-03-01,Customer Support,North America,Completed,4921.955,3223.9,1698.0549999999998,0.345
TXN-003826,2023-03-01,Engineering,North America,Pending,4772.24,2988.33,1783.9099999999999,0.3738
TXN-004812,2023-03-01,Operations,LATAM,Completed,5630.63,2280.91,3349.7200000000003,0.5949
TXN-002126,2023-03-01,Sales,EMEA,Pending,3923.04,1513.24,2409.8,0.6143
TXN-001100,2023-03-01,Sales,EMEA,Completed,5249.7,1970.44,3279.2599999999998,0.6247
TXN-001235,2023-03-01,Operations,EMEA,Completed,7055.36,2347.11,4708.25,0.6673
TXN-008313,2023-03-01,Engineering,North America,Completed,5406.54,2632.5,2774.04,0.5131
TXN-000936,2023-03-01,Sales,EMEA,Completed,3896.17,1578.15,2318.02,0.5949
TXN-000196,2023-03-01,Marketing,LATAM,Completed,5642.94,1674.26,3968.6799999999994,0.7033
TXN-005020,2023-03-01,Customer Support,LATAM,Pending,3227.95,4138.73,-910.7799999999997,-0.2822
TXN-000701,2023-03-01,Customer Support,APAC,Completed,5902.45,2621.02,3281.43,0.5559
TXN-009156,2023-03-01,Sales,EMEA,Completed,4317.18,1643.85,2673.3300000000004,0.6192
TXN-010274,2023-03-01,Sales,EMEA,Completed,6662.7,2368.02,4294.68,0.6446
TXN-000304,2023-03-01,Sales,North America,Completed,5353.51,2718.72,2634.7900000000004,0.4922
TXN-011377,2023-03-01,Sales,APAC,Completed,3212.7,3015.67,197.02999999999975,0.0613
TXN-007517,2023-03-02,Sales,EMEA,Completed,3931.52,3571.46,360.05999999999995,0.0916
TXN-009989,2023-03-02,Engineering,LATAM,Completed,4318.5,1999.33,2319.17,0.537
TXN-008093,2023-03-02,Customer Support,APAC,Completed,4729.76,2309.44,2420.32,0.5117
TXN-007668,2023-03-02,Marketing,LATAM,Completed,5033.64,2275.58,2758.0600000000004,0.5479
TXN-009491,2023-03-02,Operations,EMEA,Pending,7612.39,0.0,7612.39,1.0
TXN-007378,2023-03-02,Sales,APAC,Completed,6161.71,1834.01,4327.7,0.7024
TXN-010683,2023-03-02,Engineering,LATAM,Completed,5583.84,1425.54,4158.3,0.7447
TXN-009729,2023-03-02,Operations,LATAM,Pending,5328.56,1136.8,4191.76,0.7867
TXN-000001,2023-03-02,Engineering,APAC,Completed,3705.64,1864.72,1840.9199999999998,0.4968
TXN-006930,2023-03-02,Marketing,North America,Completed,6257.97,1100.13,5157.84,0.8242
TXN-003812,2023-03-02,Marketing,APAC,Completed,6855.91,988.63,5867.28,0.8558
TXN-004230,2023-03-02,Marketing,EMEA,Completed,3964.33,1246.03,2718.3,0.6857
TXN-003541,2023-03-02,Customer Support,EMEA,Completed,7023.97,2318.77,4705.200000000001,0.6699
TXN-006096,2023-03-02,Engineering,APAC,Pending,3819.52,2706.06,1113.46,0.2915
TXN-005507,2023-03-02,Operations,EMEA,Completed,6087.3,1351.0,4736.3,0.7781
TXN-004746,2023-03-02,Engineering,LATAM,Completed,5652.36,2638.0,3014.3599999999997,0.5333
TXN-008238,2023-03-03,Sales,LATAM,Completed,866.3,2738.76,-1872.4600000000003,-2.1614
TXN-006384,2023-03-03,Engineering,LATAM,Pending,6200.74,1847.97,4352.7699999999995,0.702
TXN-006053,2023-03-03,Sales,EMEA,Pending,5094.97,959.74,4135.2300000000005,0.8116
TXN-006967,2023-03-03,Sales,LATAM,Completed,3343.94,3215.88,128.05999999999995,0.0383
TXN-000129,2023-03-03,Customer Support,APAC,Completed,4416.13,2515.93,1900.2000000000003,0.4303
TXN-002086,2023-03-03,Customer Support,APAC,Pending,5161.82,1956.74,3205.08,0.6209
TXN-006301,2023-03-03,Marketing,North America,Completed,6773.47,1496.11,5277.360000000001,0.7791
TXN-000474,2023-03-03,Customer Support,APAC,Completed,4847.549999999999,1858.14,2989.409999999999,0.6167
TXN-005618,2023-03-03,Operations,LATAM,Completed,4055.3,1619.19,2436.11,0.6007
TXN-011168,2023-03-03,Operations,APAC,Completed,5145.72,788.72,4357.0,0.8467
TXN-002308,2023-03-03,Customer Support,EMEA,Completed,4708.64,1704.18,3004.46,0.6381
TXN-001328,2023-03-04,Marketing,APAC,Completed,4971.94,1932.14,3039.7999999999993,0.6114
TXN-002170,2023-03-04,Customer Support,LATAM,Completed,4606.1,3006.28,1599.8200000000002,0.3473
TXN-006493,2023-03-04,Sales,North America,Completed,4361.05,1681.57,2679.4800000000005,0.6144
TXN-001162,2023-03-04,Operations,APAC,Completed,7805.55,2952.07,4853.48,0.6218
TXN-010623,2023-03-04,Customer Support,North America,Pending,4468.29,1564.47,2903.8199999999997,0.6499
TXN-001507,2023-03-04,Sales,LATAM,Pending,5186.08,3849.54,1336.54,0.2577
TXN-001998,2023-03-04,Engineering,North America,Pending,7345.46,3836.23,3509.23,0.4777
TXN-011560,2023-03-04,Marketing,EMEA,Completed,1420.76,2429.12,-1008.3599999999999,-0.7097
TXN-006584,2023-03-04,Engineering,APAC,Pending,6945.97,1283.53,5662.4400000000005,0.8152
TXN-006563,2023-03-04,Marketing,EMEA,Completed,5730.68,3220.95,2509.7300000000005,0.4379
TXN-003125,2023-03-04,Customer Support,APAC,Completed,5329.48,2666.91,2662.5699999999997,0.4996
TXN-004655,2023-03-04,Customer Support,LATAM,Completed,5242.26,1966.67,3275.59,0.6248
TXN-009771,2023-03-05,Sales,APAC,Completed,6579.65,3517.44,3062.2099999999996,0.4654
TXN-001533,2023-03-05,Operations,APAC,Completed,2642.71,1794.57,848.1400000000001,0.3209
TXN-000471,2023-03-05,Marketing,North America,Completed,5710.6,2870.18,2840.4200000000005,0.4974
TXN-006334,2023-03-05,Engineering,EMEA,Completed,4153.33,1917.93,2235.3999999999996,0.5382
TXN-007000,2023-03-05,Engineering,North America,Pending,4929.5650000000005,1831.52,3098.0450000000005,0.6285
TXN-005549,2023-03-05,Marketing,LATAM,Completed,4402.65,1808.77,2593.8799999999997,0.5892
TXN-000428,2023-03-05,Marketing,APAC,Completed,3937.34,1841.43,2095.91,0.5323
TXN-008595,2023-03-05,Marketing,APAC,Completed,5416.03,2224.03,3191.9999999999995,0.5894
TXN-006111,2023-03-05,Operations,North America,Pending,4364.48,3351.79,1012.6899999999996,0.232
TXN-000764,2023-03-05,Sales,APAC,Completed,5380.46,943.82,4436.64,0.8246
TXN-001165,2023-03-05,Customer Support,APAC,Completed,6034.93,2031.54,4003.3900000000003,0.6634
TXN-010835,2023-03-05,Customer Support,North America,Completed,4564.08,1606.48,2957.6,0.648
TXN-003299,2023-03-05,Engineering,LATAM,Pending,1992.8,2011.18,-18.38000000000011,-0.0092
TXN-007106,2023-03-05,Engineering,APAC,Completed,5154.61,2983.09,2171.5199999999995,0.4213
TXN-004463,2023-03-05,Engineering,APAC,Completed,5350.6,591.07,4759.530000000001,0.8895
TXN-000357,2023-03-05,Marketing,EMEA,Completed,5252.75,3373.44,1879.31,0.3578
TXN-001453,2023-03-06,Operations,North America,Completed,7988.88,1658.6,6330.280000000001,0.7924
TXN-004646,2023-03-06,Engineering,APAC,Completed,5689.9,2591.92,3097.9799999999996,0.5445
TXN-006460,2023-03-06,Engineering,APAC,Pending,4573.57,1257.43,3316.1399999999994,0.7251
TXN-000300,2023-03-06,Sales,LATAM,Pending,7493.11,2585.37,4907.74,0.655
TXN-010276,2023-03-06,Sales,APAC,Completed,5324.49,2212.15,3112.3399999999997,0.5845
TXN-003056,2023-03-06,Engineering,LATAM,Completed,6808.28,2975.47,3832.81,0.563
TXN-007883,2023-03-06,Engineering,EMEA,Completed,6713.72,2263.71,4450.01,0.6628
TXN-002718,2023-03-06,Sales,North America,Pending,5883.36,2131.6,3751.7599999999998,0.6377
TXN-009530,2023-03-06,Marketing,APAC,Completed,5235.53,701.19,4534.34,0.8661
TXN-006376,2023-03-06,Operations,EMEA,Pending,5321.38,1983.45,3337.9300000000003,0.6273
TXN-007498,2023-03-06,Sales,EMEA,Completed,5615.26,1530.81,4084.4500000000003,0.7274
TXN-005154,2023-03-06,Operations,LATAM,Pending,4073.38,638.23,3435.15,0.8433
TXN-003544,2023-03-06,Marketing,EMEA,Completed,6120.3,640.22,5480.08,0.8954
TXN-005742,2023-03-07,Engineering,North America,Completed,7612.4,1841.05,5771.349999999999,0.7582
TXN-010771,2023-03-07,Customer Support,EMEA,Completed,6143.43,2745.71,3397.7200000000003,0.5531
TXN-001014,2023-03-07,Customer Support,North America,Completed,6047.97,739.45,5308.52,0.8777
TXN-002884,2023-03-07,Operations,APAC,Completed,3811.36,1913.35,1898.0100000000002,0.498
TXN-005961,2023-03-07,Operations,EMEA,Completed,9233.32,2253.61,6979.709999999999,0.7559
TXN-005816,2023-03-07,Marketing,EMEA,Pending,4148.63,2683.85,1464.7800000000002,0.3531
TXN-006172,2023-03-07,Sales,North America,Pending,3366.44,3015.3,351.1399999999999,0.1043
TXN-005557,2023-03-07,Customer Support,LATAM,Completed,4766.9,3254.39,1512.5099999999998,0.3173
TXN-010095,2023-03-07,Operations,APAC,Pending,7772.79,2533.74,5239.05,0.674
TXN-002200,2023-03-07,Operations,EMEA,Completed,4792.42,2502.25,2290.17,0.4779
TXN-011787,2023-03-07,Engineering,EMEA,Completed,2524.89,1219.32,1305.57,0.5171
TXN-011731,2023-03-07,Sales,North America,Pending,4091.16,446.15,3645.0099999999998,0.8909
TXN-000940,2023-03-07,Operations,LATAM,Completed,6377.83,2000.4,4377.43,0.6864
TXN-009542,2023-03-07,Marketing,APAC,Completed,4614.27,2562.35,2051.9200000000005,0.4447
TXN-005660,2023-03-07,Sales,LATAM,Completed,4559.23,2273.29,2285.9399999999996,0.5014
TXN-006686,2023-03-08,Engineering,APAC,Completed,5126.19,2487.66,2638.5299999999997,0.5147
TXN-001369,2023-03-08,Marketing,APAC,Pending,4006.56,2458.69,1547.87,0.3863
TXN-006309,2023-03-08,Marketing,North America,Completed,5995.74,1291.57,4704.17,0.7846
TXN-002448,2023-03-08,Operations,APAC,Completed,6847.65,1614.95,5232.7,0.7642
TXN-002253,2023-03-08,Operations,North America,Completed,4407.76,3637.21,770.5500000000002,0.1748
TXN-002111,2023-03-08,Customer Support,LATAM,Completed,4279.78,2695.57,1584.2099999999996,0.3702
TXN-002070,2023-03-08,Engineering,North America,Pending,4750.3,2359.22,2391.0800000000004,0.5034
TXN-011606,2023-03-08,Sales,APAC,Pending,5490.87,3171.96,2318.91,0.4223
TXN-008237,2023-03-08,Operations,EMEA,Completed,6314.52,1636.23,4678.290000000001,0.7409
TXN-009378,2023-03-09,Operations,EMEA,Pending,3989.41,3229.96,759.4499999999998,0.1904
TXN-003453,2023-03-09,Engineering,APAC,Completed,4719.09,1202.85,3516.2400000000002,0.7451
TXN-005439,2023-03-09,Customer Support,North America,Completed,5599.83,1120.42,4479.41,0.7999
TXN-006207,2023-03-09,Sales,North America,Completed,2052.63,2584.27,-531.6399999999999,-0.259
TXN-007472,2023-03-09,Sales,EMEA,Completed,5315.27,875.59,4439.68,0.8353
TXN-008663,2023-03-09,Marketing,APAC,Completed,4364.04,1827.08,2536.96,0.5813
TXN-008031,2023-03-09,Operations,LATAM,Completed,4783.85,1377.33,3406.5200000000004,0.7121
TXN-008828,2023-03-09,Sales,LATAM,Completed,4425.61,2453.66,1971.9499999999998,0.4456
TXN-003792,2023-03-09,Operations,LATAM,Pending,5647.42,1454.18,4193.24,0.7425
TXN-000467,2023-03-09,Customer Support,APAC,Pending,3937.22,2245.26,1691.9599999999996,0.4297
TXN-007313,2023-03-10,Operations,LATAM,Pending,4622.78,2403.4,2219.3799999999997,0.4801
TXN-000303,2023-03-10,Engineering,APAC,Completed,3313.32,682.08,2631.2400000000002,0.7941
TXN-000327,2023-03-10,Operations,EMEA,Completed,6092.28,1977.6,4114.68,0.6754
TXN-000038,2023-03-10,Sales,LATAM,Completed,4403.49,858.3,3545.1899999999996,0.8051
TXN-004465,2023-03-10,Sales,EMEA,Pending,5136.58,1819.34,3317.24,0.6458
TXN-000880,2023-03-10,Customer Support,APAC,Completed,1188.97,3104.47,-1915.4999999999998,-1.6111
TXN-008786,2023-03-10,Sales,LATAM,Completed,6561.7,2950.01,3611.6899999999996,0.5504
TXN-009554,2023-03-10,Customer Support,LATAM,Pending,5904.93,3723.69,2181.2400000000002,0.3694
TXN-003420,2023-03-10,Marketing,LATAM,Pending,4857.59,2178.44,2679.15,0.5515
TXN-002839,2023-03-10,Marketing,North America,Completed,2837.07,2026.33,810.7400000000002,0.2858
TXN-011196,2023-03-10,Sales,EMEA,Completed,3162.53,2257.06,905.4700000000003,0.2863
TXN-002028,2023-03-11,Engineering,APAC,Pending,5512.25,1852.19,3660.06,0.664
TXN-002981,2023-03-11,Marketing,North America,Pending,5311.84,2613.98,2697.86,0.5079
TXN-001910,2023-03-11,Marketing,EMEA,Pending,2872.02,1435.22,1436.8,0.5003
TXN-006636,2023-03-11,Marketing,LATAM,Completed,3505.11,1248.5,2256.61,0.6438
TXN-010824,2023-03-11,Operations,EMEA,Completed,1278.55,2045.3,-766.75,-0.5997
TXN-008957,2023-03-11,Operations,EMEA,Pending,4244.97,1822.76,2422.21,0.5706
TXN-006212,2023-03-11,Customer Support,North America,Completed,4921.955,405.1,4516.855,0.9177
TXN-008305,2023-03-11,Engineering,APAC,Pending,6153.85,2578.48,3575.3700000000003,0.581
TXN-009237,2023-03-11,Customer Support,EMEA,Completed,5927.41,2531.32,3396.0899999999997,0.5729
TXN-002394,2023-03-11,Engineering,APAC,Completed,3725.68,1576.5,2149.18,0.5769
TXN-004679,2023-03-11,Marketing,North America,Completed,3997.33,1767.36,2229.9700000000003,0.5579
TXN-004848,2023-03-12,Customer Support,EMEA,Completed,4583.42,3439.3,1144.12,0.2496
TXN-009556,2023-03-12,Marketing,APAC,Pending,9165.97,3421.99,5743.98,0.6267
TXN-010025,2023-03-12,Customer Support,APAC,Completed,4777.35,1728.72,3048.63,0.6381
TXN-011180,2023-03-12,Sales,APAC,Completed,2264.74,1203.79,1060.9499999999998,0.4685
TXN-002024,2023-03-12,Operations,EMEA,Pending,3439.3,935.82,2503.48,0.7279
TXN-011678,2023-03-12,Operations,North America,Pending,6270.08,1518.99,4751.09,0.7577
TXN-002605,2023-03-12,Marketing,North America,Pending,3627.5,1482.46,2145.04,0.5913
TXN-008711,2023-03-12,Sales,North America,Completed,4157.74,2276.34,1881.3999999999996,0.4525
TXN-009875,2023-03-12,Engineering,EMEA,Completed,6742.1,1837.23,4904.870000000001,0.7275
TXN-008477,2023-03-12,Customer Support,LATAM,Completed,5432.77,1352.94,4079.8300000000004,0.751
TXN-000678,2023-03-12,Sales,EMEA,Completed,6074.7,1387.81,4686.889999999999,0.7715
TXN-000037,2023-03-13,Customer Support,LATAM,Completed,3146.9,827.37,2319.53,0.7371
TXN-008848,2023-03-13,Customer Support,EMEA,Completed,2954.25,1002.19,1952.06,0.6608
TXN-006293,2023-03-13,Customer Support,APAC,Completed,3836.48,2061.18,1775.3000000000002,0.4627
TXN-000753,2023-03-13,Marketing,APAC,Pending,3876.99,1126.65,2750.3399999999997,0.7094
TXN-007483,2023-03-13,Marketing,North America,Completed,7149.1,2729.71,4419.39,0.6182
TXN-010646,2023-03-13,Marketing,EMEA,Completed,3920.74,2737.56,1183.1799999999998,0.3018
TXN-010712,2023-03-13,Sales,North America,Pending,4764.2,2271.27,2492.93,0.5233
TXN-000537,2023-03-13,Customer Support,APAC,Pending,2509.74,3703.17,-1193.4300000000003,-0.4755
TXN-006813,2023-03-13,Operations,North America,Completed,3502.44,2011.34,1491.1000000000001,0.4257
TXN-008900,2023-03-13,Marketing,LATAM,Completed,5505.7,1657.05,3848.6499999999996,0.699
TXN-001120,2023-03-13,Customer Support,North America,Completed,2807.24,665.46,2141.7799999999997,0.7629
TXN-009280,2023-03-13,Marketing,North America,Completed,3249.51,1235.27,2014.2400000000002,0.6199
TXN-001479,2023-03-14,Operations,LATAM,Completed,4120.47,1952.48,2167.9900000000002,0.5262
TXN-003641,2023-03-14,Sales,LATAM,Pending,7490.7,1579.83,5910.87,0.7891
TXN-008110,2023-03-14,Customer Support,APAC,Completed,2107.37,2304.01,-196.64000000000033,-0.0933
TXN-007381,2023-03-14,Operations,North America,Completed,3001.27,1190.2,1811.07,0.6034
TXN-010473,2023-03-14,Sales,EMEA,Pending,4195.44,1972.61,2222.83,0.5298
TXN-008458,2023-03-14,Operations,EMEA,Completed,4147.83,78.26,4069.5699999999997,0.9811
TXN-011687,2023-03-14,Customer Support,North America,Completed,6404.62,1295.22,5109.4,0.7978
TXN-001269,2023-03-14,Customer Support,APAC,Completed,2960.8,305.38,2655.42,0.8969
TXN-005818,2023-03-14,Customer Support,EMEA,Pending,8021.98,3266.96,4755.0199999999995,0.5927
TXN-000283,2023-03-14,Engineering,EMEA,Completed,5270.1,1488.11,3781.9900000000007,0.7176
TXN-000063,2023-03-14,Marketing,APAC,Completed,8942.02,999.21,7942.81,0.8883
TXN-009074,2023-03-14,Sales,North America,Completed,4577.7,2709.59,1868.1099999999997,0.4081
TXN-006409,2023-03-14,Engineering,LATAM,Pending,5140.63,833.71,4306.92,0.8378
TXN-008195,2023-03-14,Operations,North America,Completed,2903.52,2264.38,639.1399999999999,0.2201
TXN-005514,2023-03-14,Engineering,LATAM,Completed,4490.44,2224.18,2266.2599999999998,0.5047
TXN-000264,2023-03-15,Engineering,APAC,Completed,4046.17,627.46,3418.71,0.8449
TXN-001406,2023-03-15,Marketing,LATAM,Pending,5284.35,2774.9,2509.4500000000003,0.4749
TXN-008785,2023-03-15,Customer Support,EMEA,Pending,4869.57,2479.34,2390.2299999999996,0.4909
TXN-006352,2023-03-15,Marketing,LATAM,Pending,6299.53,2219.89,4079.64,0.6476
TXN-009112,2023-03-15,Marketing,APAC,Completed,2849.69,2267.93,581.7600000000002,0.2041
TXN-009737,2023-03-15,Engineering,North America,Completed,5120.01,1935.29,3184.7200000000003,0.622
TXN-010079,2023-03-15,Customer Support,EMEA,Completed,5911.61,957.17,4954.44,0.8381
TXN-001679,2023-03-15,Customer Support,EMEA,Completed,8135.0,1326.7,6808.3,0.8369
TXN-001146,2023-03-15,Customer Support,LATAM,Completed,6974.33,35.92,6938.41,0.9948
TXN-003887,2023-03-15,Marketing,APAC,Pending,4049.96,918.48,3131.48,0.7732
TXN-000078,2023-03-15,Operations,LATAM,Completed,5205.74,1437.63,3768.1099999999997,0.7238
TXN-010294,2023-03-15,Operations,North America,Completed,4827.59,2665.44,2162.15,0.4479
TXN-011397,2023-03-15,Engineering,EMEA,Pending,2223.39,1763.84,459.54999999999995,0.2067
TXN-007307,2023-03-16,Customer Support,APAC,Completed,2992.21,2065.8,926.4099999999999,0.3096
TXN-005595,2023-03-16,Sales,EMEA,Completed,6169.08,3003.18,3165.9,0.5132
TXN-000376,2023-03-16,Operations,North America,Completed,5716.18,984.83,4731.35,0.8277
TXN-011050,2023-03-16,Sales,LATAM,Completed,5793.65,2255.18,3538.47,0.6107
TXN-007320,2023-03-16,Sales,APAC,Completed,3951.0,2863.23,1087.77,0.2753
TXN-007257,2023-03-16,Operations,APAC,Completed,5492.31,2829.79,2662.5200000000004,0.4848
TXN-004107,2023-03-16,Sales,APAC,Completed,3626.86,2061.65,1565.21,0.4316
TXN-009817,2023-03-16,Marketing,APAC,Completed,4725.17,1680.63,3044.54,0.6443
TXN-009829,2023-03-16,Sales,LATAM,Completed,4100.96,708.38,3392.58,0.8273
TXN-004012,2023-03-16,Operations,EMEA,Pending,2940.88,2494.36,446.52,0.1518
TXN-001181,2023-03-16,Sales,APAC,Completed,2147.42,1875.4,272.02,0.1267
TXN-002190,2023-03-16,Sales,APAC,Completed,5442.9,894.86,4548.04,0.8356
TXN-008532,2023-03-16,Marketing,LATAM,Completed,5986.04,2039.36,3946.6800000000003,0.6593
TXN-009674,2023-03-16,Operations,North America,Pending,3064.7,1862.79,1201.9099999999999,0.3922
TXN-011654,2023-03-16,Sales,APAC,Completed,3999.13,2260.87,1738.2600000000002,0.4347
TXN-005091,2023-03-16,Operations,North America,Completed,5667.57,529.94,5137.629999999999,0.9065
TXN-001086,2023-03-16,Operations,EMEA,Completed,4798.39,3197.67,1600.7200000000003,0.3336
TXN-004182,2023-03-16,Engineering,EMEA,Pending,941.86,2200.14,-1258.2799999999997,-1.336
TXN-007535,2023-03-16,Engineering,EMEA,Completed,5838.88,1569.17,4269.71,0.7313
TXN-011652,2023-03-17,Engineering,North America,Completed,4601.6,2802.19,1799.4100000000003,0.391
TXN-004911,2023-03-17,Sales,LATAM,Completed,5402.17,2271.31,3130.86,0.5796
TXN-011443,2023-03-17,Customer Support,North America,Completed,5036.2,571.01,4465.19,0.8866
TXN-011821,2023-03-17,Sales,North America,Completed,2633.96,2096.57,537.3899999999999,0.204
TXN-005792,2023-03-17,Operations,APAC,Completed,1690.02,2466.69,-776.6700000000001,-0.4596
TXN-010557,2023-03-17,Marketing,North America,Completed,4368.1,2196.01,2172.09,0.4973
TXN-000779,2023-03-17,Customer Support,North America,Completed,3955.32,1744.81,2210.51,0.5589
TXN-000642,2023-03-17,Customer Support,EMEA,Pending,3847.04,2300.62,1546.42,0.402
TXN-011411,2023-03-17,Sales,APAC,Completed,3067.66,1476.09,1591.57,0.5188
TXN-002436,2023-03-17,Marketing,EMEA,Completed,2874.62,1698.97,1175.6499999999999,0.409
TXN-011210,2023-03-17,Marketing,APAC,Completed,5362.09,2128.64,3233.4500000000003,0.603
TXN-000064,2023-03-18,Marketing,LATAM,Completed,6074.48,3309.9,2764.5799999999995,0.4551
TXN-010993,2023-03-18,Sales,APAC,Completed,6986.54,2357.82,4628.719999999999,0.6625
TXN-008617,2023-03-18,Marketing,APAC,Completed,6313.28,2835.78,3477.4999999999995,0.5508
TXN-002823,2023-03-18,Marketing,North America,Pending,4761.63,1558.85,3202.78,0.6726
TXN-001597,2023-03-18,Customer Support,EMEA,Pending,1204.54,2200.94,-996.4000000000001,-0.8272
TXN-011767,2023-03-18,Customer Support,EMEA,Completed,4702.76,2836.67,1866.0900000000001,0.3968
TXN-004364,2023-03-18,Customer Support,North America,Completed,4470.27,3111.62,1358.6500000000005,0.3039
TXN-003929,2023-03-18,Engineering,EMEA,Completed,7037.0,3023.06,4013.94,0.5704
TXN-002894,2023-03-18,Sales,EMEA,Completed,4478.95,2443.11,2035.8399999999997,0.4545
TXN-007149,2023-03-18,Marketing,LATAM,Pending,4838.48,1656.37,3182.1099999999997,0.6577
TXN-009885,2023-03-18,Sales,EMEA,Pending,5968.49,3505.34,2463.1499999999996,0.4127
TXN-009289,2023-03-18,Operations,EMEA,Completed,6258.18,2288.52,3969.6600000000003,0.6343
TXN-011254,2023-03-19,Operations,APAC,Completed,4407.05,3391.84,1015.21,0.2304
TXN-006475,2023-03-19,Marketing,EMEA,Completed,6289.36,1640.96,4648.4,0.7391
TXN-011068,2023-03-19,Sales,LATAM,Completed,2943.16,2469.46,473.6999999999998,0.1609
TXN-010004,2023-03-19,Customer Support,North America,Completed,6838.77,309.63,6529.14,0.9547
TXN-011881,2023-03-19,Marketing,EMEA,Completed,7164.44,1928.97,5235.469999999999,0.7308
TXN-004697,2023-03-19,Engineering,LATAM,Pending,6101.28,2361.14,3740.14,0.613
TXN-008061,2023-03-20,Operations,APAC,Completed,5990.16,2427.41,3562.75,0.5948
TXN-008289,2023-03-20,Operations,APAC,Completed,4143.27,1933.15,2210.1200000000003,0.5334
TXN-000180,2023-03-20,Operations,EMEA,Completed,3561.92,2552.81,1009.1100000000001,0.2833
TXN-006113,2023-03-20,Operations,APAC,Completed,6331.78,1613.82,4717.96,0.7451
TXN-004686,2023-03-20,Engineering,LATAM,Completed,5194.54,2558.36,2636.18,0.5075
TXN-003917,2023-03-20,Engineering,APAC,Completed,2777.82,2165.54,612.2800000000002,0.2204
TXN-005072,2023-03-20,Marketing,APAC,Completed,3565.23,1228.53,2336.7,0.6554
TXN-001306,2023-03-20,Sales,North America,Pending,5425.51,2298.65,3126.86,0.5763
TXN-010855,2023-03-20,Marketing,APAC,Completed,3208.89,2053.4,1155.4899999999998,0.3601
TXN-003599,2023-03-20,Operations,EMEA,Completed,5838.33,3189.97,2648.36,0.4536
TXN-011083,2023-03-20,Customer Support,EMEA,Completed,6855.12,1773.39,5081.73,0.7413
TXN-005736,2023-03-20,Engineering,LATAM,Completed,3812.78,862.17,2950.61,0.7739
TXN-007599,2023-03-20,Operations,North America,Completed,4794.64,1934.0,2860.6400000000003,0.5966
TXN-000026,2023-03-21,Operations,LATAM,Pending,5439.15,1958.23,3480.9199999999996,0.64
TXN-004142,2023-03-21,Engineering,APAC,Completed,2863.24,2347.95,515.29,0.18
TXN-009902,2023-03-21,Sales,North America,Completed,5975.44,2936.86,3038.5799999999995,0.5085
TXN-003136,2023-03-21,Customer Support,APAC,Completed,4739.44,3289.68,1449.7599999999998,0.3059
TXN-005809,2023-03-21,Engineering,LATAM,Completed,4738.94,3134.6,1604.3399999999997,0.3385
TXN-000092,2023-03-21,Engineering,APAC,Pending,3338.65,3196.26,142.38999999999987,0.0426
TXN-010531,2023-03-21,Customer Support,LATAM,Completed,4266.94,1504.81,2762.1299999999997,0.6473
TXN-003908,2023-03-21,Marketing,EMEA,Completed,6393.19,3218.73,3174.4599999999996,0.4965
TXN-007968,2023-03-21,Sales,LATAM,Pending,6446.12,2147.93,4298.1900000000005,0.6668
TXN-006724,2023-03-21,Operations,EMEA,Completed,4419.92,2590.47,1829.4500000000003,0.4139
TXN-005774,2023-03-21,Sales,APAC,Completed,3849.27,1863.25,1986.02,0.5159
TXN-008868,2023-03-21,Customer Support,LATAM,Completed,6670.59,1438.09,5232.5,0.7844
TXN-005390,2023-03-22,Sales,North America,Pending,8143.16,2617.22,5525.9400000000005,0.6786
TXN-010357,2023-03-22,Sales,LATAM,Completed,4559.15,2430.22,2128.93,0.467
TXN-008704,2023-03-22,Marketing,APAC,Pending,1481.07,1031.64,449.42999999999984,0.3034
TXN-006700,2023-03-22,Sales,EMEA,Completed,4631.4,2129.38,2502.0199999999995,0.5402
TXN-007235,2023-03-22,Customer Support,APAC,Completed,4152.79,2856.01,1296.7799999999997,0.3123
TXN-006233,2023-03-22,Customer Support,LATAM,Completed,6194.59,2454.9,3739.69,0.6037
TXN-005768,2023-03-22,Sales,EMEA,Completed,1999.81,1925.27,74.53999999999996,0.0373
TXN-009160,2023-03-22,Marketing,EMEA,Completed,5777.5,1552.07,4225.43,0.7314
TXN-003033,2023-03-22,Sales,APAC,Completed,4321.97,2047.94,2274.03,0.5262
TXN-005958,2023-03-22,Sales,APAC,Completed,3987.27,1869.28,2117.99,0.5312
TXN-005437,2023-03-22,Sales,LATAM,Completed,5388.57,1312.18,4076.3899999999994,0.7565
TXN-002734,2023-03-23,Marketing,APAC,Completed,928.14,2091.54,-1163.4,-1.2535
TXN-001194,2023-03-23,Customer Support,EMEA,Completed,5240.19,2637.67,2602.5199999999995,0.4966
TXN-010691,2023-03-23,Engineering,APAC,Pending,5366.99,1017.94,4349.049999999999,0.8103
TXN-002406,2023-03-23,Sales,APAC,Completed,5089.66,1599.09,3490.5699999999997,0.6858
TXN-008179,2023-03-23,Customer Support,APAC,Completed,2240.66,2024.6,216.05999999999995,0.0964
TXN-010441,2023-03-23,Sales,North America,Completed,4433.66,1717.23,2716.43,0.6127
TXN-005227,2023-03-23,Operations,EMEA,Pending,3129.76,1129.24,2000.5200000000002,0.6392
TXN-004181,2023-03-23,Engineering,LATAM,Pending,2101.35,1252.11,849.24,0.4041
TXN-001853,2023-03-23,Sales,EMEA,Completed,4823.79,1682.69,3141.1,0.6512
TXN-002246,2023-03-23,Customer Support,EMEA,Pending,6205.39,2653.57,3551.82,0.5724
TXN-011744,2023-03-23,Marketing,LATAM,Completed,4741.13,2054.48,2686.65,0.5667
TXN-008000,2023-03-23,Operations,North America,Completed,5943.28,1670.29,4272.99,0.719
TXN-001849,2023-03-23,Marketing,North America,Completed,2778.81,2548.18,230.6300000000001,0.083
TXN-001647,2023-03-23,Engineering,APAC,Completed,4796.9,2547.1,2249.7999999999997,0.469
TXN-010761,2023-03-24,Sales,North America,Completed,1942.79,1735.89,206.89999999999986,0.1065
TXN-008627,2023-03-24,Operations,APAC,Completed,6174.5,2532.9,3641.6,0.5898
TXN-000806,2023-03-24,Marketing,EMEA,Completed,3277.51,2310.72,966.7900000000004,0.295
TXN-004166,2023-03-24,Operations,North America,Pending,4180.02,2102.11,2077.9100000000003,0.4971
TXN-002335,2023-03-24,Sales,LATAM,Completed,5897.75,2238.49,3659.26,0.6205
TXN-002081,2023-03-24,Operations,North America,Completed,6965.28,1640.39,5324.889999999999,0.7645
TXN-011977,2023-03-24,Marketing,EMEA,Completed,3634.85,1400.69,2234.16,0.6146
TXN-007435,2023-03-24,Sales,APAC,Completed,2088.2,1616.25,471.9499999999998,0.226
TXN-002840,2023-03-24,Customer Support,LATAM,Completed,8695.21,2159.58,6535.629999999999,0.7516
TXN-008525,2023-03-24,Operations,LATAM,Completed,4820.28,2112.48,2707.7999999999997,0.5618
TXN-004838,2023-03-24,Engineering,EMEA,Completed,6847.69,1338.0,5509.69,0.8046
TXN-000002,2023-03-24,Sales,LATAM,Completed,2666.16,1189.61,1476.55,0.5538
TXN-008519,2023-03-24,Marketing,EMEA,Completed,5515.7,921.93,4593.7699999999995,0.8329
TXN-007936,2023-03-25,Engineering,North America,Completed,2789.3,1437.03,1352.2700000000002,0.4848
TXN-010195,2023-03-25,Customer Support,LATAM,Completed,4933.6,680.09,4253.51,0.8622
TXN-003698,2023-03-25,Engineering,LATAM,Completed,6159.01,2043.23,4115.780000000001,0.6683
TXN-007869,2023-03-25,Sales,LATAM,Completed,7300.07,2311.34,4988.73,0.6834
TXN-003630,2023-03-25,Operations,LATAM,Completed,5594.45,1544.07,4050.38,0.724
TXN-009579,2023-03-25,Operations,EMEA,Completed,4454.23,1522.26,2931.9699999999993,0.6582
TXN-005416,2023-03-25,Customer Support,LATAM,Completed,5020.67,1876.06,3144.61,0.6263
TXN-000581,2023-03-25,Customer Support,EMEA,Completed,5125.64,3381.98,1743.6600000000003,0.3402
TXN-003994,2023-03-25,Engineering,North America,Pending,6100.22,1464.44,4635.780000000001,0.7599
TXN-009847,2023-03-25,Sales,EMEA,Completed,1595.78,1510.26,85.51999999999998,0.0536
TXN-005358,2023-03-25,Sales,APAC,Completed,5197.79,2179.13,3018.66,0.5808
TXN-005381,2023-03-25,Customer Support,EMEA,Pending,1823.99,557.15,1266.8400000000001,0.6945
TXN-008160,2023-03-25,Engineering,APAC,Completed,1278.3,2459.57,-1181.2700000000002,-0.9241
TXN-010933,2023-03-25,Customer Support,EMEA,Completed,7061.71,1347.29,5714.42,0.8092
TXN-005530,2023-03-25,Marketing,EMEA,Completed,5373.27,1663.96,3709.3100000000004,0.6903
TXN-002345,2023-03-26,Customer Support,EMEA,Completed,4161.37,2006.13,2155.24,0.5179
TXN-002203,2023-03-26,Sales,EMEA,Completed,4992.08,1322.73,3669.35,0.735
TXN-011399,2023-03-26,Engineering,North America,Pending,3316.89,1479.12,1837.77,0.5541
TXN-000090,2023-03-26,Marketing,APAC,Pending,4347.5,1979.45,2368.05,0.5447
TXN-005171,2023-03-26,Customer Support,North America,Completed,2500.14,1880.43,619.7099999999998,0.2479
TXN-009746,2023-03-26,Engineering,North America,Completed,5979.98,2088.39,3891.5899999999997,0.6508
TXN-011381,2023-03-26,Sales,North America,Completed,6084.94,2923.45,3161.49,0.5196
TXN-006004,2023-03-26,Marketing,North America,Completed,4354.4,1494.94,2859.4599999999996,0.6567
TXN-000824,2023-03-26,Sales,EMEA,Completed,3601.68,1977.32,1624.36,0.451
TXN-002178,2023-03-26,Marketing,North America,Completed,6661.68,733.81,5927.870000000001,0.8898
TXN-006929,2023-03-26,Customer Support,APAC,Completed,4461.64,2816.63,1645.0100000000002,0.3687
TXN-006058,2023-03-26,Operations,EMEA,Completed,7424.76,1972.53,5452.2300000000005,0.7343
TXN-005433,2023-03-26,Customer Support,LATAM,Pending,5591.51,2801.85,2789.6600000000003,0.4989
TXN-008241,2023-03-27,Engineering,EMEA,Pending,5713.04,2173.53,3539.5099999999998,0.6195
TXN-011782,2023-03-27,Customer Support,North America,Completed,4185.77,3418.12,767.6500000000005,0.1834
TXN-011705,2023-03-27,Engineering,LATAM,Pending,4518.27,944.14,3574.1300000000006,0.791
TXN-009060,2023-03-27,Customer Support,LATAM,Completed,2781.35,2721.47,59.88000000000011,0.0215
TXN-011261,2023-03-27,Customer Support,EMEA,Completed,5318.02,1163.87,4154.150000000001,0.7811
TXN-001285,2023-03-27,Engineering,EMEA,Completed,5010.14,980.47,4029.67,0.8043
TXN-007608,2023-03-27,Sales,North America,Pending,4894.645,2003.67,2890.9750000000004,0.5906
TXN-000894,2023-03-27,Engineering,EMEA,Completed,6764.64,1821.39,4943.25,0.7307
TXN-010184,2023-03-27,Marketing,APAC,Completed,6215.27,1658.67,4556.6,0.7331
TXN-010115,2023-03-27,Operations,LATAM,Completed,5965.95,2349.44,3616.5099999999998,0.6062
TXN-008072,2023-03-27,Marketing,EMEA,Completed,5378.2,3132.44,2245.7599999999998,0.4176
TXN-001528,2023-03-28,Marketing,North America,Completed,4774.29,2163.13,2611.16,0.5469
TXN-008201,2023-03-28,Sales,EMEA,Completed,3076.12,894.59,2181.5299999999997,0.7092
TXN-011000,2023-03-28,Sales,LATAM,Pending,5955.03,1360.91,4594.12,0.7715
TXN-008086,2023-03-28,Sales,North America,Completed,3994.92,2860.26,1134.6599999999999,0.284
TXN-010134,2023-03-28,Operations,LATAM,Pending,3040.25,945.67,2094.58,0.6889
TXN-010724,2023-03-28,Operations,LATAM,Completed,6905.94,1050.57,5855.37,0.8479
TXN-000752,2023-03-28,Operations,EMEA,Completed,5476.5,2343.87,3132.63,0.572
TXN-011567,2023-03-28,Marketing,LATAM,Pending,6720.02,1297.07,5422.950000000001,0.807
TXN-010188,2023-03-28,Marketing,North America,Pending,7397.88,849.97,6547.91,0.8851
TXN-008100,2023-03-28,Operations,LATAM,Pending,5467.94,1088.74,4379.2,0.8009
TXN-004094,2023-03-28,Sales,LATAM,Completed,8650.67,3057.74,5592.93,0.6465
TXN-006196,2023-03-29,Marketing,APAC,Completed,5057.24,2370.01,2687.2299999999996,0.5314
TXN-001335,2023-03-29,Marketing,EMEA,Completed,8019.01,1736.01,6283.0,0.7835
TXN-007791,2023-03-29,Operations,EMEA,Pending,4971.9,1953.52,3018.3799999999997,0.6071
TXN-007790,2023-03-29,Marketing,LATAM,Pending,7458.43,1939.61,5518.820000000001,0.7399
TXN-005491,2023-03-29,Customer Support,LATAM,Completed,2045.09,1844.77,200.31999999999994,0.098
TXN-005137,2023-03-29,Operations,LATAM,Completed,3991.04,2782.54,1208.5,0.3028
TXN-009448,2023-03-29,Customer Support,EMEA,Pending,5668.64,1478.82,4189.820000000001,0.7391
TXN-001498,2023-03-29,Engineering,North America,Pending,7310.87,2202.0,5108.87,0.6988
TXN-004873,2023-03-30,Operations,LATAM,Pending,4301.92,2016.9,2285.02,0.5312
TXN-010616,2023-03-30,Marketing,North America,Completed,4503.37,3287.56,1215.81,0.27
TXN-009587,2023-03-30,Sales,APAC,Pending,4865.88,2075.8,2790.08,0.5734
TXN-001745,2023-03-30,Operations,North America,Pending,3093.71,1873.08,1220.63,0.3946
TXN-009066,2023-03-30,Engineering,North America,Completed,4356.16,1913.95,2442.21,0.5606
TXN-002683,2023-03-30,Engineering,APAC,Pending,2695.38,0.0,2695.38,1.0
TXN-009010,2023-03-30,Engineering,APAC,Completed,1712.69,1579.21,133.48000000000002,0.0779
TXN-000457,2023-03-30,Engineering,APAC,Completed,3915.39,1900.68,2014.7099999999998,0.5146
TXN-007713,2023-03-30,Operations,North America,Pending,5143.56,2484.23,2659.3300000000004,0.517
TXN-001142,2023-03-30,Engineering,LATAM,Completed,3817.73,2372.48,1445.25,0.3786
TXN-004729,2023-03-30,Engineering,EMEA,Completed,4120.3,2608.79,1511.5100000000002,0.3668
TXN-000226,2023-03-30,Sales,APAC,Pending,4725.1,417.35,4307.75,0.9117
TXN-010391,2023-03-31,Marketing,North America,Completed,7611.64,2129.71,5481.93,0.7202
TXN-006473,2023-03-31,Sales,North America,Completed,3708.13,683.9,3024.23,0.8156
TXN-002503,2023-03-31,Sales,EMEA,Completed,5019.89,2290.55,2729.34,0.5437
TXN-008550,2023-03-31,Marketing,North America,Completed,6436.05,994.17,5441.88,0.8455
TXN-007030,2023-03-31,Marketing,North America,Pending,4551.92,1860.14,2691.7799999999997,0.5914
TXN-001189,2023-03-31,Sales,North America,Completed,7404.79,2282.6,5122.1900000000005,0.6917
TXN-003451,2023-03-31,Customer Support,APAC,Completed,2332.83,2329.28,3.549999999999727,0.0015
TXN-009759,2023-03-31,Engineering,APAC,Completed,6973.04,1926.91,5046.13,0.7237
TXN-011250,2023-03-31,Customer Support,APAC,Completed,6607.73,1831.11,4776.62,0.7229
TXN-001736,2023-03-31,Marketing,EMEA,Completed,3230.24,1646.7,1583.5399999999997,0.4902
TXN-002564,2023-03-31,Operations,LATAM,Pending,5015.33,1939.74,3075.59,0.6132
TXN-006115,2023-03-31,Engineering,North America,Completed,6798.0,1982.96,4815.04,0.7083
TXN-004815,2023-03-31,Marketing,APAC,Completed,4963.42,3548.85,1414.5700000000002,0.285
TXN-009090,2023-03-31,Sales,North America,Completed,4433.01,1760.85,2672.1600000000003,0.6028
TXN-001613,2023-03-31,Marketing,EMEA,Completed,4408.85,1641.44,2767.4100000000003,0.6277
TXN-001444,2023-03-31,Operations,APAC,Completed,5222.48,1256.67,3965.8099999999995,0.7594
TXN-008122,2023-04-01,Marketing,LATAM,Completed,3514.08,3478.72,35.36000000000013,0.0101
TXN-003870,2023-04-01,Operations,APAC,Completed,4640.66,904.27,3736.39,0.8051
TXN-004627,2023-04-01,Customer Support,LATAM,Completed,4249.47,3132.92,1116.5500000000002,0.2628
TXN-007828,2023-04-01,Customer Support,LATAM,Completed,3872.59,2041.44,1831.15,0.4728
TXN-006815,2023-04-01,Marketing,EMEA,Completed,4756.88,2811.09,1945.79,0.409
TXN-008475,2023-04-01,Customer Support,EMEA,Completed,7663.88,2681.35,4982.530000000001,0.6501
TXN-007732,2023-04-01,Customer Support,APAC,Pending,4706.88,1075.45,3631.4300000000003,0.7715
TXN-009631,2023-04-01,Customer Support,EMEA,Completed,6353.8,0.0,6353.8,1.0
TXN-010723,2023-04-01,Engineering,EMEA,Completed,3121.29,1455.98,1665.31,0.5335
TXN-004244,2023-04-01,Engineering,North America,Completed,4598.44,1777.9,2820.5399999999995,0.6134
TXN-002287,2023-04-01,Operations,APAC,Pending,6351.26,1522.02,4829.24,0.7604
TXN-008843,2023-04-01,Operations,EMEA,Completed,5022.25,2076.17,2946.08,0.5866
TXN-009346,2023-04-02,Operations,APAC,Completed,5741.41,3389.24,2352.17,0.4097
TXN-001310,2023-04-02,Sales,LATAM,Pending,7708.13,3691.65,4016.48,0.5211
TXN-005308,2023-04-02,Customer Support,EMEA,Pending,2854.25,541.7,2312.55,0.8102
TXN-005529,2023-04-02,Engineering,APAC,Completed,6499.0,3576.95,2922.05,0.4496
TXN-005579,2023-04-02,Marketing,LATAM,Completed,4455.03,1984.32,2470.71,0.5546
TXN-010287,2023-04-02,Customer Support,North America,Completed,7550.5,3023.78,4526.719999999999,0.5995
TXN-002079,2023-04-02,Customer Support,APAC,Completed,5852.39,2063.99,3788.4000000000005,0.6473
TXN-006701,2023-04-02,Operations,North America,Completed,3938.45,1783.5,2154.95,0.5472
TXN-006712,2023-04-02,Marketing,APAC,Completed,5953.37,2397.52,3555.85,0.5973
TXN-011334,2023-04-02,Customer Support,APAC,Completed,5728.92,1254.74,4474.18,0.781
TXN-005064,2023-04-02,Operations,North America,Completed,4823.14,2570.45,2252.6900000000005,0.4671
TXN-006491,2023-04-02,Engineering,EMEA,Completed,5790.0,3599.97,2190.03,0.3782
TXN-007294,2023-04-03,Customer Support,North America,Completed,6048.76,1008.84,5039.92,0.8332
TXN-007833,2023-04-03,Engineering,LATAM,Completed,6315.18,1428.69,4886.49,0.7738
TXN-010754,2023-04-03,Customer Support,LATAM,Completed,2378.67,818.07,1560.6,0.6561
TXN-010488,2023-04-03,Sales,LATAM,Completed,5298.88,1415.42,3883.46,0.7329
TXN-002830,2023-04-03,Engineering,APAC,Pending,4538.78,2914.99,1623.79,0.3578
TXN-011506,2023-04-03,Engineering,APAC,Completed,6877.42,2388.58,4488.84,0.6527
TXN-001110,2023-04-03,Marketing,EMEA,Completed,5121.37,2538.3,2583.0699999999997,0.5044
TXN-005755,2023-04-03,Operations,North America,Completed,3978.14,1502.79,2475.35,0.6222
TXN-004123,2023-04-03,Customer Support,APAC,Completed,4832.68,1909.66,2923.0200000000004,0.6048
TXN-008575,2023-04-03,Engineering,APAC,Completed,5042.67,2001.21,3041.46,0.6031
TXN-009161,2023-04-03,Operations,EMEA,Completed,5561.16,2544.05,3017.1099999999997,0.5425
TXN-000957,2023-04-03,Customer Support,LATAM,Pending,4449.58,2233.36,2216.22,0.4981
TXN-009399,2023-04-03,Engineering,EMEA,Completed,4943.55,2190.87,2752.6800000000003,0.5568
TXN-004715,2023-04-03,Sales,APAC,Completed,4018.83,752.81,3266.02,0.8127
TXN-000944,2023-04-04,Engineering,North America,Completed,4585.22,2575.34,2009.88,0.4383
TXN-002461,2023-04-04,Customer Support,North America,Completed,6060.6,2030.78,4029.8200000000006,0.6649
TXN-004431,2023-04-04,Marketing,LATAM,Pending,3268.88,2198.37,1070.5100000000002,0.3275
TXN-004543,2023-04-04,Customer Support,APAC,Completed,3792.05,2041.82,1750.2300000000002,0.4616
TXN-000869,2023-04-04,Operations,North America,Completed,3232.21,2002.96,1229.25,0.3803
TXN-011169,2023-04-04,Engineering,LATAM,Completed,7945.78,1589.6,6356.18,0.7999
TXN-011375,2023-04-04,Marketing,EMEA,Completed,3890.79,2367.11,1523.6799999999998,0.3916
TXN-005019,2023-04-04,Engineering,North America,Completed,6346.39,1977.58,4368.81,0.6884
TXN-003141,2023-04-04,Engineering,LATAM,Pending,4009.35,1821.52,2187.83,0.5457
TXN-003880,2023-04-04,Marketing,EMEA,Completed,4543.29,437.68,4105.61,0.9037
TXN-007490,2023-04-04,Engineering,LATAM,Completed,4604.76,1622.3,2982.46,0.6477
TXN-003261,2023-04-04,Customer Support,North America,Completed,3466.63,2854.16,612.4700000000003,0.1767
TXN-000676,2023-04-04,Customer Support,EMEA,Pending,3245.78,1721.63,1524.15,0.4696
TXN-011924,2023-04-04,Sales,LATAM,Completed,4415.07,1976.06,2439.0099999999998,0.5524
TXN-011997,2023-04-04,Marketing,North America,Completed,4378.67,2105.51,2273.16,0.5191
TXN-006939,2023-04-04,Customer Support,EMEA,Pending,5472.87,2231.62,3241.25,0.5922
TXN-008826,2023-04-05,Operations,APAC,Completed,4251.97,3730.14,521.8300000000004,0.1227
TXN-008520,2023-04-05,Engineering,North America,Completed,2842.16,1274.65,1567.5099999999998,0.5515
TXN-006855,2023-04-05,Sales,North America,Completed,3930.42,2880.39,1050.0300000000002,0.2672
TXN-008224,2023-04-05,Customer Support,APAC,Pending,3849.96,2137.35,1712.6100000000001,0.4448
TXN-005886,2023-04-05,Sales,APAC,Completed,5106.53,1947.71,3158.8199999999997,0.6186
TXN-003006,2023-04-05,Customer Support,North America,Pending,6960.79,2790.71,4170.08,0.5991
TXN-002284,2023-04-05,Engineering,APAC,Pending,6006.53,2956.93,3049.6,0.5077
TXN-010228,2023-04-05,Sales,EMEA,Completed,4995.21,3344.38,1650.83,0.3305
TXN-007215,2023-04-05,Customer Support,APAC,Completed,4804.49,1728.9,3075.5899999999997,0.6401
TXN-006167,2023-04-06,Customer Support,APAC,Completed,5065.34,1422.48,3642.86,0.7192
TXN-004043,2023-04-06,Operations,EMEA,Completed,6204.09,2252.56,3951.53,0.6369
TXN-004748,2023-04-06,Engineering,North America,Pending,4259.67,2649.08,1610.5900000000001,0.3781
TXN-008257,2023-04-06,Operations,North America,Pending,4608.99,2444.25,2164.74,0.4697
TXN-006523,2023-04-06,Operations,North America,Pending,3087.6,2371.57,716.0299999999997,0.2319
TXN-002279,2023-04-06,Engineering,North America,Completed,5935.66,2272.96,3662.7,0.6171
TXN-003531,2023-04-06,Customer Support,North America,Completed,4303.36,2935.0,1368.3599999999997,0.318
TXN-000192,2023-04-06,Marketing,LATAM,Completed,5292.9,851.45,4441.45,0.8391
TXN-006287,2023-04-06,Operations,North America,Completed,4441.22,3097.82,1343.4,0.3025
TXN-003892,2023-04-06,Customer Support,APAC,Completed,4847.549999999999,1876.06,2971.4899999999993,0.613
TXN-001631,2023-04-06,Engineering,EMEA,Completed,4379.27,1832.69,2546.5800000000004,0.5815
TXN-011139,2023-04-06,Operations,APAC,Completed,5438.37,2138.58,3299.79,0.6068
TXN-009702,2023-04-06,Engineering,EMEA,Completed,5568.14,2580.7,2987.4400000000005,0.5365
TXN-002851,2023-04-06,Sales,APAC,Completed,2887.51,1304.96,1582.5500000000002,0.5481
TXN-011223,2023-04-07,Marketing,LATAM,Completed,4458.74,1591.03,2867.71,0.6432
TXN-009076,2023-04-07,Sales,North America,Pending,7098.45,1498.32,5600.13,0.7889
TXN-004597,2023-04-07,Customer Support,LATAM,Pending,6573.26,1526.27,5046.99,0.7678
TXN-000640,2023-04-07,Operations,North America,Completed,2279.87,2784.18,-504.30999999999995,-0.2212
TXN-003847,2023-04-07,Engineering,EMEA,Completed,5532.77,2122.23,3410.5400000000004,0.6164
TXN-004745,2023-04-07,Customer Support,North America,Pending,3189.32,3077.0,112.32000000000016,0.0352
TXN-005364,2023-04-07,Operations,EMEA,Completed,5250.1,2373.39,2876.7100000000005,0.5479
TXN-003654,2023-04-07,Operations,APAC,Completed,5689.97,1629.12,4060.8500000000004,0.7137
TXN-001281,2023-04-07,Sales,LATAM,Completed,5042.51,1096.04,3946.4700000000003,0.7826
TXN-010591,2023-04-07,Customer Support,LATAM,Pending,4639.56,2599.44,2040.1200000000003,0.4397
TXN-008619,2023-04-07,Customer Support,North America,Completed,5154.39,1744.98,3409.4100000000003,0.6615
TXN-008363,2023-04-07,Customer Support,LATAM,Completed,5124.66,1411.39,3713.2699999999995,0.7246
TXN-002128,2023-04-07,Sales,LATAM,Completed,6561.17,2673.34,3887.83,0.5926
TXN-007995,2023-04-07,Operations,LATAM,Completed,7413.46,3462.54,3950.92,0.5329
TXN-005234,2023-04-07,Marketing,LATAM,Completed,4780.31,1692.79,3087.5200000000004,0.6459
TXN-007240,2023-04-07,Customer Support,EMEA,Completed,6599.38,1308.46,5290.92,0.8017
TXN-006120,2023-04-08,Sales,North America,Completed,3297.34,0.15,3297.19,1.0
TXN-008082,2023-04-08,Operations,APAC,Completed,4089.62,499.84,3589.7799999999997,0.8778
TXN-005307,2023-04-08,Operations,EMEA,Pending,3685.54,1246.7,2438.84,0.6617
TXN-002968,2023-04-08,Engineering,LATAM,Completed,3221.31,1959.74,1261.57,0.3916
TXN-008494,2023-04-08,Sales,APAC,Pending,8750.87,1124.45,7626.420000000001,0.8715
TXN-005578,2023-04-08,Sales,APAC,Completed,4006.25,2145.87,1860.38,0.4644
TXN-011581,2023-04-08,Operations,APAC,Completed,5348.47,3466.82,1881.65,0.3518
TXN-010180,2023-04-08,Customer Support,APAC,Pending,3367.33,1872.03,1495.3,0.4441
TXN-002519,2023-04-08,Customer Support,LATAM,Completed,5055.36,812.39,4242.969999999999,0.8393
TXN-005636,2023-04-08,Marketing,EMEA,Completed,5925.79,1106.87,4818.92,0.8132
TXN-003949,2023-04-08,Marketing,APAC,Completed,3689.12,3161.33,527.79,0.1431
TXN-001509,2023-04-08,Customer Support,North America,Completed,4307.72,1861.09,2446.63,0.568
TXN-005056,2023-04-08,Engineering,LATAM,Completed,3764.75,1747.59,2017.16,0.5358
TXN-005110,2023-04-08,Engineering,LATAM,Completed,7296.59,1621.13,5675.46,0.7778
TXN-007340,2023-04-08,Operations,APAC,Completed,6310.88,1921.59,4389.29,0.6955
TXN-007729,2023-04-08,Sales,North America,Completed,4022.99,2607.86,1415.1299999999997,0.3518
TXN-010375,2023-04-08,Operations,EMEA,Pending,4964.674999999999,2464.85,2499.8249999999994,0.5035
TXN-004480,2023-04-08,Operations,LATAM,Completed,5278.7,1585.12,3693.58,0.6997
TXN-001332,2023-04-08,Engineering,LATAM,Completed,5354.49,904.29,4450.2,0.8311
TXN-004916,2023-04-08,Marketing,APAC,Completed,4259.95,1005.86,3254.0899999999997,0.7639
TXN-008024,2023-04-08,Marketing,LATAM,Completed,5628.76,1978.36,3650.4000000000005,0.6485
TXN-000952,2023-04-08,Sales,EMEA,Pending,5823.09,1163.82,4659.27,0.8001
TXN-004039,2023-04-08,Engineering,LATAM,Completed,3664.58,3033.51,631.0699999999997,0.1722
TXN-003521,2023-04-08,Sales,EMEA,Completed,5468.98,1008.42,4460.5599999999995,0.8156
TXN-006135,2023-04-08,Engineering,APAC,Completed,5126.19,1205.83,3920.3599999999997,0.7648
TXN-008781,2023-04-08,Marketing,EMEA,Completed,5649.39,1968.83,3680.5600000000004,0.6515
TXN-002185,2023-04-08,Engineering,North America,Completed,4504.16,2235.52,2268.64,0.5037
TXN-011424,2023-04-08,Operations,APAC,Completed,4410.06,3703.21,706.8500000000004,0.1603
TXN-011511,2023-04-08,Engineering,LATAM,Pending,6004.97,917.85,5087.12,0.8472
TXN-001774,2023-04-08,Engineering,LATAM,Completed,4246.21,3017.15,1229.06,0.2894
TXN-001266,2023-04-08,Marketing,LATAM,Pending,5961.54,2691.54,3270.0,0.5485
TXN-000313,2023-04-09,Customer Support,North America,Completed,4622.12,2651.67,1970.4499999999998,0.4263
TXN-006183,2023-04-09,Customer Support,EMEA,Completed,8647.72,1642.79,7004.929999999999,0.81
TXN-004558,2023-04-09,Operations,EMEA,Completed,5047.21,2459.68,2587.53,0.5127
TXN-003247,2023-04-09,Engineering,APAC,Completed,2314.3,723.21,1591.0900000000001,0.6875
TXN-005625,2023-04-09,Engineering,LATAM,Completed,5317.94,1916.37,3401.5699999999997,0.6396
TXN-004670,2023-04-09,Operations,LATAM,Pending,7074.15,2671.75,4402.4,0.6223
TXN-009119,2023-04-09,Engineering,North America,Pending,4960.59,1757.25,3203.34,0.6458
TXN-004924,2023-04-09,Customer Support,LATAM,Completed,3855.9,1010.23,2845.67,0.738
TXN-000074,2023-04-09,Engineering,North America,Completed,4402.98,1891.09,2511.8899999999994,0.5705
TXN-001231,2023-04-09,Customer Support,LATAM,Completed,4111.88,1993.29,2118.59,0.5152
TXN-007740,2023-04-09,Sales,APAC,Completed,3549.55,1909.11,1640.4400000000003,0.4622
TXN-003070,2023-04-09,Sales,EMEA,Completed,6302.08,726.16,5575.92,0.8848
TXN-010084,2023-04-09,Marketing,LATAM,Completed,5457.3,2663.34,2793.96,0.512
TXN-011049,2023-04-10,Marketing,APAC,Completed,6883.7,759.89,6123.8099999999995,0.8896
TXN-003290,2023-04-10,Sales,EMEA,Pending,5620.75,2066.39,3554.36,0.6324
TXN-005304,2023-04-10,Sales,EMEA,Completed,5986.78,1089.88,4896.9,0.818
TXN-001831,2023-04-10,Engineering,APAC,Pending,3860.14,2830.91,1029.23,0.2666
TXN-009723,2023-04-10,Sales,North America,Completed,4638.95,2003.67,2635.2799999999997,0.5681
TXN-004347,2023-04-10,Operations,LATAM,Completed,4589.85,997.87,3591.9800000000005,0.7826
TXN-007431,2023-04-10,Customer Support,APAC,Completed,5887.56,1864.88,4022.6800000000003,0.6833
TXN-006050,2023-04-10,Customer Support,APAC,Completed,5949.91,2580.85,3369.06,0.5662
TXN-003173,2023-04-10,Sales,APAC,Completed,2115.09,3636.27,-1521.1799999999998,-0.7192
TXN-003200,2023-04-11,Customer Support,LATAM,Completed,5989.94,3275.87,2714.0699999999997,0.4531
TXN-001139,2023-04-11,Marketing,North America,Completed,2587.12,1164.89,1422.2299999999998,0.5497
TXN-003445,2023-04-11,Sales,North America,Pending,6225.38,648.59,5576.79,0.8958
TXN-006951,2023-04-11,Engineering,North America,Completed,4492.99,1838.49,2654.5,0.5908
TXN-006048,2023-04-11,Sales,APAC,Completed,4460.1,2407.51,2052.59,0.4602
TXN-001901,2023-04-11,Customer Support,APAC,Completed,5128.31,2442.86,2685.4500000000003,0.5237
TXN-005074,2023-04-11,Engineering,LATAM,Completed,6183.47,1638.98,4544.49,0.7349
TXN-007952,2023-04-11,Marketing,North America,Completed,4055.1,1937.07,2118.0299999999997,0.5223
TXN-008579,2023-04-11,Sales,EMEA,Completed,7719.27,1991.81,5727.460000000001,0.742
TXN-003415,2023-04-11,Engineering,EMEA,Completed,3924.27,0.0,3924.27,1.0
TXN-004992,2023-04-11,Sales,APAC,Pending,5433.48,2431.81,3001.6699999999996,0.5524
TXN-010468,2023-04-11,Engineering,EMEA,Completed,5424.27,2513.61,2910.6600000000003,0.5366
TXN-006586,2023-04-11,Engineering,North America,Completed,4763.2,2188.74,2574.46,0.5405
TXN-000606,2023-04-11,Marketing,EMEA,Completed,5093.1,2820.47,2272.6300000000006,0.4462
TXN-002759,2023-04-12,Customer Support,EMEA,Completed,5630.98,1973.56,3657.4199999999996,0.6495
TXN-009285,2023-04-12,Operations,APAC,Pending,4860.9,2586.09,2274.8099999999995,0.468
TXN-009767,2023-04-12,Sales,APAC,Completed,2009.9,2237.23,-227.32999999999993,-0.1131
TXN-006547,2023-04-12,Marketing,LATAM,Completed,5043.57,0.0,5043.57,1.0
TXN-009984,2023-04-12,Operations,LATAM,Completed,6048.84,3121.97,2926.8700000000003,0.4839
TXN-006514,2023-04-12,Customer Support,APAC,Completed,5809.61,2811.37,2998.24,0.5161
TXN-000589,2023-04-12,Operations,North America,Pending,4408.19,867.27,3540.9199999999996,0.8033
TXN-008487,2023-04-12,Engineering,LATAM,Completed,4393.34,2209.25,2184.09,0.4971
TXN-008275,2023-04-12,Sales,North America,Completed,3680.09,2331.29,1348.8000000000002,0.3665
TXN-005490,2023-04-12,Customer Support,APAC,Completed,7535.6,2205.98,5329.620000000001,0.7073
TXN-003718,2023-04-12,Marketing,LATAM,Completed,6015.72,1427.26,4588.46,0.7627
TXN-004772,2023-04-12,Sales,APAC,Completed,3084.49,3003.44,81.04999999999973,0.0263
TXN-002621,2023-04-12,Operations,LATAM,Completed,2434.7,146.37,2288.33,0.9399
TXN-005310,2023-04-13,Operations,APAC,Completed,8453.25,2236.32,6216.93,0.7354
TXN-005481,2023-04-13,Operations,LATAM,Completed,6240.72,2917.4,3323.32,0.5325
TXN-002929,2023-04-13,Customer Support,EMEA,Pending,7823.22,2403.43,5419.790000000001,0.6928
TXN-009043,2023-04-13,Marketing,North America,Completed,5991.75,3084.16,2907.59,0.4853
TXN-009423,2023-04-13,Customer Support,North America,Completed,1663.49,2003.75,-340.26,-0.2045
TXN-004547,2023-04-13,Customer Support,APAC,Completed,3772.23,2571.71,1200.52,0.3183
TXN-008416,2023-04-13,Operations,LATAM,Completed,6797.66,2396.82,4400.84,0.6474
TXN-004316,2023-04-13,Engineering,LATAM,Completed,6248.95,2480.2,3768.75,0.6031
TXN-001813,2023-04-13,Engineering,APAC,Completed,5892.45,1573.25,4319.2,0.733
TXN-010879,2023-04-13,Engineering,EMEA,Completed,6404.27,2494.11,3910.1600000000003,0.6106
TXN-009019,2023-04-13,Customer Support,North America,Completed,3747.94,2829.48,918.46,0.2451
TXN-003293,2023-04-13,Sales,APAC,Completed,5261.84,1905.76,3356.08,0.6378
TXN-011238,2023-04-13,Sales,North America,Completed,4777.82,3325.23,1452.5899999999997,0.304
TXN-005870,2023-04-13,Sales,EMEA,Completed,3880.54,1082.14,2798.3999999999996,0.7211
TXN-003026,2023-04-13,Operations,APAC,Completed,5529.9,2806.97,2722.93,0.4924
TXN-000540,2023-04-14,Operations,APAC,Completed,5414.63,2166.19,3248.44,0.5999
TXN-011779,2023-04-14,Sales,APAC,Pending,5223.69,1013.06,4210.629999999999,0.8061
TXN-008373,2023-04-14,Sales,LATAM,Completed,3239.64,2510.84,728.7999999999997,0.225
TXN-003240,2023-04-14,Marketing,LATAM,Completed,6880.12,1128.14,5751.98,0.836
TXN-010176,2023-04-14,Operations,North America,Pending,3567.97,1596.22,1971.7499999999998,0.5526
TXN-007618,2023-04-14,Marketing,North America,Pending,4298.48,1467.32,2831.16,0.6586
TXN-009976,2023-04-14,Marketing,APAC,Pending,7085.43,2147.29,4938.14,0.6969
TXN-002192,2023-04-14,Marketing,APAC,Completed,3674.39,2199.02,1475.37,0.4015
TXN-003155,2023-04-14,Engineering,EMEA,Completed,2791.72,2430.34,361.37999999999965,0.1294
TXN-001583,2023-04-14,Customer Support,APAC,Completed,5191.04,2228.92,2962.12,0.5706
TXN-005630,2023-04-14,Sales,APAC,Pending,3154.85,1545.59,1609.26,0.5101
TXN-001052,2023-04-14,Marketing,LATAM,Completed,5431.71,1377.37,4054.34,0.7464
TXN-008684,2023-04-14,Operations,APAC,Completed,4023.21,2427.93,1595.2800000000002,0.3965
TXN-000877,2023-04-14,Sales,LATAM,Completed,2873.76,1225.96,1647.8000000000002,0.5734
TXN-007741,2023-04-15,Sales,LATAM,Completed,6836.17,2247.16,4589.01,0.6713
TXN-007487,2023-04-15,Engineering,APAC,Completed,5999.97,1778.52,4221.450000000001,0.7036
TXN-008648,2023-04-15,Engineering,North America,Completed,6211.05,1912.85,4298.200000000001,0.692
TXN-005405,2023-04-15,Operations,EMEA,Completed,4259.81,2323.76,1936.0500000000002,0.4545
TXN-009784,2023-04-15,Operations,LATAM,Completed,3080.54,1595.74,1484.8,0.482
TXN-008981,2023-04-15,Customer Support,APAC,Pending,4849.82,660.74,4189.08,0.8638
TXN-000571,2023-04-15,Customer Support,North America,Completed,3156.24,3364.23,-207.99000000000024,-0.0659
TXN-009125,2023-04-15,Engineering,North America,Completed,5730.95,2985.93,2745.02,0.479
TXN-010322,2023-04-15,Engineering,APAC,Completed,3544.67,1277.28,2267.3900000000003,0.6397
TXN-002943,2023-04-15,Sales,APAC,Pending,3334.72,1185.52,2149.2,0.6445
TXN-001272,2023-04-15,Marketing,EMEA,Completed,7320.77,2117.14,5203.630000000001,0.7108
TXN-001175,2023-04-15,Operations,LATAM,Completed,3942.51,2568.35,1374.1600000000003,0.3485
TXN-008794,2023-04-15,Marketing,LATAM,Completed,6552.94,1716.43,4836.509999999999,0.7381
TXN-009807,2023-04-16,Sales,LATAM,Completed,4804.74,985.95,3818.79,0.7948
TXN-009101,2023-04-16,Customer Support,APAC,Completed,5912.07,2935.97,2976.1,0.5034
TXN-011893,2023-04-16,Sales,LATAM,Pending,4574.27,2467.74,2106.5300000000007,0.4605
TXN-003494,2023-04-16,Engineering,North America,Completed,5892.58,906.43,4986.15,0.8462
TXN-009549,2023-04-16,Operations,North America,Completed,6548.01,2411.91,4136.1,0.6317
TXN-006024,2023-04-16,Marketing,North America,Completed,5087.1,2241.1,2846.0000000000005,0.5595
TXN-011702,2023-04-16,Sales,North America,Completed,4194.48,1202.53,2991.95,0.7133
TXN-006829,2023-04-16,Marketing,APAC,Completed,3170.45,2062.48,1107.9699999999998,0.3495
TXN-008857,2023-04-16,Customer Support,APAC,Completed,3898.29,1014.43,2883.86,0.7398
TXN-002701,2023-04-16,Sales,EMEA,Completed,6855.27,2703.66,4151.610000000001,0.6056
TXN-003283,2023-04-16,Marketing,LATAM,Completed,8035.77,2890.98,5144.790000000001,0.6402
TXN-000616,2023-04-16,Engineering,APAC,Pending,4188.78,2507.71,1681.0699999999997,0.4013
TXN-008276,2023-04-16,Operations,North America,Pending,3740.77,1638.82,2101.95,0.5619
TXN-010674,2023-04-16,Marketing,APAC,Completed,5260.54,2149.43,3111.11,0.5914
TXN-003725,2023-04-16,Marketing,EMEA,Pending,4958.76,1800.06,3158.7000000000003,0.637
TXN-007460,2023-04-16,Operations,North America,Pending,4935.53,3159.54,1775.9899999999998,0.3598
TXN-009536,2023-04-16,Operations,APAC,Completed,7670.09,1356.54,6313.55,0.8231
TXN-007830,2023-04-16,Marketing,APAC,Completed,5607.86,3083.65,2524.2099999999996,0.4501
TXN-000518,2023-04-16,Operations,EMEA,Completed,6029.64,489.59,5540.05,0.9188
TXN-004482,2023-04-17,Marketing,North America,Completed,3092.29,2581.89,510.4000000000001,0.1651
TXN-009087,2023-04-17,Sales,EMEA,Pending,3028.81,2726.53,302.27999999999975,0.0998
TXN-009191,2023-04-17,Operations,EMEA,Completed,4254.34,3396.15,858.19,0.2017
TXN-005469,2023-04-17,Customer Support,LATAM,Completed,5488.83,1316.43,4172.4,0.7602
TXN-002376,2023-04-17,Sales,North America,Pending,5404.93,2177.73,3227.2000000000003,0.5971
TXN-008104,2023-04-17,Operations,APAC,Completed,7002.68,2983.39,4019.2900000000004,0.574
TXN-002885,2023-04-17,Operations,EMEA,Completed,4890.0,2080.61,2809.39,0.5745
TXN-007057,2023-04-17,Operations,APAC,Completed,4721.76,1094.97,3626.79,0.7681
TXN-006191,2023-04-17,Sales,APAC,Completed,5499.59,2760.01,2739.58,0.4981
TXN-003152,2023-04-17,Operations,LATAM,Completed,6350.79,1316.99,5033.8,0.7926
TXN-006652,2023-04-17,Marketing,APAC,Completed,5203.38,2090.89,3112.4900000000002,0.5982
TXN-009272,2023-04-17,Engineering,EMEA,Completed,5729.64,816.34,4913.3,0.8575
TXN-001617,2023-04-17,Customer Support,EMEA,Completed,6388.91,2570.83,3818.08,0.5976
TXN-004515,2023-04-17,Engineering,APAC,Completed,5487.39,2554.14,2933.2500000000005,0.5345
TXN-005877,2023-04-18,Sales,APAC,Completed,5181.93,3860.89,1321.0400000000004,0.2549
TXN-002239,2023-04-18,Engineering,North America,Completed,4583.6,2312.99,2270.6100000000006,0.4954
TXN-003528,2023-04-18,Sales,North America,Completed,6389.33,2016.14,4373.19,0.6845
TXN-004511,2023-04-18,Operations,LATAM,Completed,4914.21,1740.68,3173.5299999999997,0.6458
TXN-001037,2023-04-18,Customer Support,APAC,Completed,4847.549999999999,1860.31,2987.2399999999993,0.6162
TXN-006925,2023-04-18,Sales,North America,Completed,4999.71,2905.87,2093.84,0.4188
TXN-003553,2023-04-18,Engineering,North America,Completed,4661.95,1417.39,3244.5599999999995,0.696
TXN-007579,2023-04-18,Marketing,APAC,Completed,3578.98,1333.86,2245.12,0.6273
TXN-004726,2023-04-18,Engineering,APAC,Pending,4444.09,1257.32,3186.7700000000004,0.7171
TXN-006205,2023-04-18,Customer Support,LATAM,Pending,4929.59,887.12,4042.4700000000003,0.82
TXN-004711,2023-04-18,Operations,APAC,Completed,6465.87,1537.6,4928.27,0.7622
TXN-005656,2023-04-18,Marketing,EMEA,Completed,7127.45,2394.61,4732.84,0.664
TXN-004010,2023-04-18,Sales,EMEA,Completed,5476.85,2928.9,2547.9500000000003,0.4652
TXN-009168,2023-04-18,Sales,EMEA,Pending,3534.91,2253.84,1281.0699999999997,0.3624
TXN-004682,2023-04-19,Marketing,LATAM,Completed,3340.09,3238.06,102.0300000000002,0.0305
TXN-001682,2023-04-19,Customer Support,APAC,Completed,4887.87,1517.5,3370.37,0.6895
TXN-000617,2023-04-19,Engineering,LATAM,Completed,6534.09,2725.11,3808.98,0.5829
TXN-006594,2023-04-19,Customer Support,EMEA,Completed,3417.73,1832.61,1585.1200000000001,0.4638
TXN-005758,2023-04-19,Operations,LATAM,Pending,6453.66,2784.56,3669.1,0.5685
TXN-005964,2023-04-19,Marketing,North America,Completed,3699.93,2735.49,964.44,0.2607
TXN-008229,2023-04-19,Customer Support,LATAM,Completed,6227.78,930.01,5297.7699999999995,0.8507
TXN-010329,2023-04-19,Operations,EMEA,Pending,1585.76,1577.11,8.650000000000091,0.0055
TXN-006704,2023-04-19,Marketing,EMEA,Completed,3810.45,3723.19,87.25999999999976,0.0229
TXN-010326,2023-04-19,Operations,LATAM,Completed,4734.87,2998.08,1736.79,0.3668
TXN-000006,2023-04-19,Marketing,EMEA,Completed,4732.88,1977.08,2755.8,0.5823
TXN-002951,2023-04-20,Sales,EMEA,Completed,5473.0,1203.37,4269.63,0.7801
TXN-009908,2023-04-20,Engineering,LATAM,Completed,6707.71,3249.0,3458.71,0.5156
TXN-004764,2023-04-20,Marketing,APAC,Completed,5044.63,1960.09,3084.54,0.6115
TXN-008776,2023-04-20,Marketing,APAC,Completed,5505.63,2507.82,2997.81,0.5445
TXN-008666,2023-04-20,Marketing,EMEA,Completed,1980.14,1684.45,295.69000000000005,0.1493
TXN-011478,2023-04-20,Engineering,EMEA,Completed,5010.14,1843.86,3166.2800000000007,0.632
TXN-001844,2023-04-20,Marketing,LATAM,Completed,5942.69,1271.69,4671.0,0.786
TXN-003377,2023-04-20,Sales,LATAM,Completed,4352.05,1472.2,2879.8500000000004,0.6617
TXN-003475,2023-04-20,Operations,APAC,Pending,1823.59,2950.09,-1126.5000000000002,-0.6177
TXN-010091,2023-04-20,Marketing,North America,Pending,3407.69,1384.29,2023.4,0.5938
TXN-009945,2023-04-20,Customer Support,LATAM,Completed,7752.17,2402.45,5349.72,0.6901
TXN-001240,2023-04-20,Marketing,APAC,Completed,4547.65,888.51,3659.1399999999994,0.8046
TXN-000346,2023-04-20,Sales,EMEA,Completed,3027.05,1615.33,1411.7200000000003,0.4664
TXN-006231,2023-04-20,Operations,LATAM,Pending,5089.11,2444.49,2644.62,0.5197
TXN-010205,2023-04-20,Operations,North America,Completed,7116.52,1864.68,5251.84,0.738
TXN-006674,2023-04-21,Engineering,LATAM,Completed,5911.91,1756.28,4155.63,0.7029
TXN-004118,2023-04-21,Customer Support,North America,Completed,2558.75,1968.37,590.3800000000001,0.2307
TXN-003134,2023-04-21,Customer Support,North America,Completed,3480.22,3199.52,280.6999999999998,0.0807
TXN-010189,2023-04-21,Sales,APAC,Completed,6729.4,2712.79,4016.6099999999997,0.5969
TXN-009232,2023-04-21,Sales,North America,Completed,5719.62,1757.95,3961.67,0.6926
TXN-009017,2023-04-21,Operations,North America,Completed,6846.74,1430.14,5416.599999999999,0.7911
TXN-009762,2023-04-21,Customer Support,EMEA,Completed,3852.06,1643.24,2208.8199999999997,0.5734
TXN-003506,2023-04-21,Marketing,EMEA,Completed,2978.95,2889.21,89.73999999999978,0.0301
TXN-007898,2023-04-21,Sales,APAC,Completed,6742.22,1277.33,5464.89,0.8105
TXN-002476,2023-04-21,Customer Support,APAC,Completed,6462.12,2884.3,3577.8199999999997,0.5537
TXN-003094,2023-04-21,Engineering,LATAM,Completed,5734.3,1841.79,3892.51,0.6788
TXN-009189,2023-04-21,Customer Support,APAC,Completed,5764.97,3273.39,2491.5800000000004,0.4322
TXN-009115,2023-04-22,Sales,EMEA,Completed,4891.19,3534.79,1356.3999999999996,0.2773
TXN-003853,2023-04-22,Operations,EMEA,Completed,4208.59,2557.63,1650.96,0.3923
TXN-010797,2023-04-22,Customer Support,LATAM,Pending,5251.91,1893.6,3358.31,0.6394
TXN-011437,2023-04-22,Marketing,North America,Completed,4093.16,2187.58,1905.58,0.4656
TXN-003181,2023-04-22,Sales,EMEA,Completed,3865.36,1417.92,2447.44,0.6332
TXN-008534,2023-04-22,Operations,EMEA,Pending,3867.43,1873.48,1993.9499999999998,0.5156
TXN-003522,2023-04-22,Customer Support,APAC,Completed,4144.56,1938.02,2206.5400000000004,0.5324
TXN-008715,2023-04-22,Customer Support,LATAM,Completed,7952.5,2432.19,5520.3099999999995,0.6942
TXN-004991,2023-04-22,Operations,LATAM,Completed,5367.64,1411.37,3956.2700000000004,0.7371
TXN-004041,2023-04-22,Operations,APAC,Completed,6204.8,1147.7,5057.1,0.815
TXN-008075,2023-04-22,Engineering,EMEA,Pending,6016.93,1587.83,4429.1,0.7361
TXN-008009,2023-04-22,Sales,EMEA,Completed,2175.26,1777.01,398.2500000000002,0.1831
TXN-010036,2023-04-22,Operations,LATAM,Completed,4866.63,1614.64,3251.99,0.6682
TXN-002686,2023-04-22,Sales,APAC,Completed,4626.99,515.39,4111.599999999999,0.8886
TXN-006937,2023-04-22,Sales,LATAM,Completed,4050.87,2869.76,1181.1099999999997,0.2916
TXN-006950,2023-04-22,Marketing,EMEA,Completed,3772.47,631.56,3140.91,0.8326
TXN-011235,2023-04-22,Engineering,LATAM,Completed,4877.48,2373.67,2503.8099999999995,0.5133
TXN-011856,2023-04-22,Customer Support,APAC,Completed,3458.87,3168.7,290.1700000000001,0.0839
TXN-000776,2023-04-22,Engineering,EMEA,Completed,3848.97,2226.54,1622.4299999999998,0.4215
TXN-002220,2023-04-23,Sales,EMEA,Pending,3224.92,1606.13,1618.79,0.502
TXN-005244,2023-04-23,Marketing,North America,Completed,5247.74,1620.85,3626.89,0.6911
TXN-008507,2023-04-23,Customer Support,North America,Completed,4449.8,1723.28,2726.5200000000004,0.6127
TXN-009492,2023-04-23,Operations,North America,Pending,5543.46,2735.98,2807.48,0.5064
TXN-005644,2023-04-23,Marketing,APAC,Pending,4971.94,1490.06,3481.8799999999997,0.7003
TXN-003371,2023-04-23,Customer Support,EMEA,Completed,4883.08,1966.76,2916.3199999999997,0.5972
TXN-000117,2023-04-23,Sales,LATAM,Completed,4913.65,1772.33,3141.3199999999997,0.6393
TXN-007506,2023-04-23,Operations,EMEA,Completed,6622.44,780.81,5841.629999999999,0.8821
TXN-008939,2023-04-23,Customer Support,APAC,Completed,4847.549999999999,2073.92,2773.629999999999,0.5722
TXN-010278,2023-04-23,Operations,EMEA,Completed,2566.06,768.51,1797.55,0.7005
TXN-002365,2023-04-23,Operations,APAC,Completed,3617.52,1402.69,2214.83,0.6123
TXN-002670,2023-04-23,Marketing,APAC,Completed,2199.56,2642.54,-442.98,-0.2014
TXN-004702,2023-04-23,Operations,EMEA,Pending,2714.71,2892.94,-178.23000000000002,-0.0657
TXN-007264,2023-04-23,Marketing,EMEA,Pending,4835.21,2085.94,2749.27,0.5686
TXN-005962,2023-04-24,Marketing,North America,Completed,3779.82,1076.57,2703.25,0.7152
TXN-004295,2023-04-24,Sales,APAC,Completed,7218.88,2125.05,5093.83,0.7056
TXN-006002,2023-04-24,Marketing,EMEA,Completed,4339.81,705.95,3633.8600000000006,0.8373
TXN-000445,2023-04-24,Marketing,EMEA,Completed,5414.08,1969.47,3444.6099999999997,0.6362
TXN-003798,2023-04-24,Engineering,EMEA,Completed,5281.76,1537.92,3743.84,0.7088
TXN-008903,2023-04-24,Sales,APAC,Completed,3227.59,3439.76,-212.17000000000007,-0.0657
TXN-009777,2023-04-24,Engineering,APAC,Pending,7003.53,728.81,6274.719999999999,0.8959
TXN-009601,2023-04-24,Operations,APAC,Pending,4450.68,2173.5,2277.1800000000003,0.5116
TXN-007575,2023-04-24,Sales,EMEA,Completed,2593.11,3006.15,-413.03999999999996,-0.1593
TXN-007658,2023-04-24,Marketing,EMEA,Completed,4160.05,2505.53,1654.52,0.3977
TXN-008643,2023-04-24,Operations,APAC,Completed,4800.02,1693.28,3106.7400000000007,0.6472
TXN-003158,2023-04-24,Marketing,APAC,Pending,4951.24,3103.88,1847.3599999999997,0.3731
TXN-005811,2023-04-24,Marketing,North America,Completed,5680.01,1816.61,3863.4000000000005,0.6802
TXN-009402,2023-04-24,Customer Support,APAC,Pending,6161.06,2509.65,3651.4100000000003,0.5927
TXN-000057,2023-04-25,Engineering,EMEA,Pending,2953.04,1690.67,1262.37,0.4275
TXN-001283,2023-04-25,Sales,LATAM,Completed,744.67,2233.05,-1488.38,-1.9987
TXN-002041,2023-04-25,Operations,LATAM,Pending,5101.08,2594.53,2506.5499999999997,0.4914
TXN-000947,2023-04-25,Marketing,North America,Pending,2462.6,1726.47,736.1299999999999,0.2989
TXN-006369,2023-04-25,Operations,EMEA,Completed,3134.33,2206.99,927.3400000000001,0.2959
TXN-007193,2023-04-25,Engineering,APAC,Completed,4075.96,1111.99,2963.9700000000003,0.7272
TXN-007334,2023-04-25,Engineering,LATAM,Pending,6558.65,2672.24,3886.41,0.5926
TXN-009534,2023-04-25,Customer Support,APAC,Pending,3192.74,2608.35,584.3899999999999,0.183
TXN-011750,2023-04-25,Engineering,EMEA,Pending,4753.38,2936.59,1816.79,0.3822
TXN-001292,2023-04-25,Customer Support,EMEA,Completed,5203.93,764.22,4439.71,0.8531
TXN-007982,2023-04-25,Marketing,LATAM,Pending,3781.89,2060.53,1721.3599999999997,0.4552
TXN-007688,2023-04-25,Customer Support,North America,Completed,5623.13,2240.36,3382.77,0.6016
TXN-006533,2023-04-25,Customer Support,LATAM,Pending,4496.06,3120.77,1375.2900000000004,0.3059
TXN-010545,2023-04-25,Operations,North America,Completed,5060.61,1780.94,3279.6699999999996,0.6481
TXN-002604,2023-04-25,Engineering,LATAM,Completed,5036.61,1873.56,3163.0499999999997,0.628
TXN-004001,2023-04-25,Marketing,EMEA,Completed,4507.0,3101.24,1405.7600000000002,0.3119
TXN-011292,2023-04-25,Engineering,LATAM,Completed,5376.51,1372.69,4003.82,0.7447
TXN-004919,2023-04-25,Customer Support,North America,Pending,3718.68,2571.77,1146.9099999999999,0.3084
TXN-011106,2023-04-25,Sales,APAC,Completed,4860.58,3004.76,1855.8199999999997,0.3818
TXN-006139,2023-04-25,Sales,North America,Completed,4894.645,3024.36,1870.2850000000003,0.3821
TXN-009038,2023-04-26,Sales,North America,Pending,3047.63,2689.26,358.3699999999999,0.1176
TXN-006117,2023-04-26,Sales,LATAM,Completed,2208.55,2420.17,-211.6199999999999,-0.0958
TXN-004758,2023-04-26,Marketing,LATAM,Pending,5311.75,709.82,4601.93,0.8664
TXN-004248,2023-04-26,Customer Support,LATAM,Pending,6123.88,2350.81,3773.07,0.6161
TXN-006989,2023-04-26,Sales,APAC,Completed,5869.84,3454.65,2415.19,0.4115
TXN-011746,2023-04-26,Operations,EMEA,Completed,3608.0,2972.91,635.0900000000001,0.176
TXN-011971,2023-04-26,Sales,EMEA,Pending,3029.32,592.47,2436.8500000000004,0.8044
TXN-010964,2023-04-26,Engineering,EMEA,Completed,6724.59,2864.26,3860.33,0.5741
TXN-000811,2023-04-26,Customer Support,LATAM,Completed,4003.69,1478.69,2525.0,0.6307
TXN-011896,2023-04-26,Engineering,North America,Completed,4817.17,1255.86,3561.3100000000004,0.7393
TXN-000350,2023-04-26,Customer Support,North America,Completed,5732.38,2233.19,3499.19,0.6104
TXN-011141,2023-04-26,Customer Support,EMEA,Pending,3095.66,2109.65,986.0099999999998,0.3185
TXN-011295,2023-04-26,Sales,North America,Completed,4007.08,2737.23,1269.85,0.3169
TXN-001722,2023-04-26,Engineering,APAC,Completed,4222.21,1158.35,3063.86,0.7257
TXN-006593,2023-04-26,Customer Support,LATAM,Completed,4709.57,1253.25,3456.3199999999997,0.7339
TXN-005953,2023-04-27,Marketing,North America,Completed,6170.76,2718.11,3452.65,0.5595
TXN-011847,2023-04-27,Operations,EMEA,Pending,4993.67,1053.49,3940.1800000000003,0.789
TXN-002491,2023-04-27,Sales,LATAM,Pending,3792.4,1605.06,2187.34,0.5768
TXN-010901,2023-04-27,Marketing,EMEA,Completed,1028.11,1092.33,-64.22000000000003,-0.0625
TXN-011322,2023-04-27,Operations,EMEA,Completed,5599.78,1248.35,4351.43,0.7771
TXN-000572,2023-04-27,Operations,LATAM,Completed,6400.88,1642.7,4758.18,0.7434
TXN-008001,2023-04-27,Sales,EMEA,Completed,6689.43,3245.64,3443.7900000000004,0.5148
TXN-007804,2023-04-27,Engineering,EMEA,Completed,4082.98,1939.245,2143.735,0.525
TXN-004186,2023-04-27,Customer Support,LATAM,Completed,6704.11,1198.31,5505.799999999999,0.8213
TXN-004689,2023-04-27,Marketing,North America,Completed,4326.5,1368.72,2957.7799999999997,0.6836
TXN-004479,2023-04-27,Engineering,EMEA,Completed,6284.07,515.7,5768.37,0.9179
TXN-004900,2023-04-27,Marketing,North America,Completed,6164.14,2781.98,3382.1600000000003,0.5487
TXN-007810,2023-04-27,Operations,North America,Completed,5768.49,2314.12,3454.37,0.5988
TXN-002312,2023-04-27,Engineering,EMEA,Completed,5117.92,1607.35,3510.57,0.6859
TXN-001204,2023-04-27,Operations,North America,Completed,6517.13,2389.43,4127.700000000001,0.6334
TXN-007829,2023-04-27,Sales,APAC,Pending,2590.22,3228.61,-638.3900000000003,-0.2465
TXN-011220,2023-04-28,Sales,LATAM,Completed,6054.95,2886.57,3168.3799999999997,0.5233
TXN-011454,2023-04-28,Customer Support,LATAM,Completed,1909.07,3174.02,-1264.95,-0.6626
TXN-000218,2023-04-28,Marketing,APAC,Completed,7553.62,2637.04,4916.58,0.6509
TXN-009176,2023-04-28,Marketing,EMEA,Completed,5898.98,2503.73,3395.2499999999995,0.5756
TXN-006634,2023-04-28,Sales,North America,Completed,4976.24,1976.09,3000.1499999999996,0.6029
TXN-007548,2023-04-28,Customer Support,LATAM,Completed,2812.9,1196.53,1616.3700000000001,0.5746
TXN-011577,2023-04-28,Sales,LATAM,Completed,3879.05,3574.94,304.1100000000001,0.0784
TXN-011780,2023-04-28,Engineering,North America,Completed,3257.64,2206.82,1050.8199999999997,0.3226
TXN-010054,2023-04-28,Sales,EMEA,Completed,4868.9,1257.24,3611.66,0.7418
TXN-010695,2023-04-28,Operations,North America,Pending,6627.94,2345.03,4282.91,0.6462
TXN-006572,2023-04-28,Engineering,North America,Completed,3781.01,3165.5,615.5100000000002,0.1628
TXN-000309,2023-04-28,Customer Support,LATAM,Pending,5539.94,1808.3,3731.6399999999994,0.6736
TXN-002102,2023-04-28,Marketing,LATAM,Completed,4855.96,2056.12,2799.84,0.5766
TXN-008482,2023-04-28,Engineering,EMEA,Pending,3990.99,2406.82,1584.1699999999996,0.3969
TXN-007025,2023-04-29,Marketing,LATAM,Pending,3244.63,2588.49,656.1400000000003,0.2022
TXN-002018,2023-04-29,Sales,LATAM,Completed,5913.91,927.73,4986.18,0.8431
TXN-006824,2023-04-29,Marketing,APAC,Completed,2421.47,198.51,2222.96,0.918
TXN-009474,2023-04-29,Marketing,APAC,Completed,4516.39,2357.21,2159.1800000000003,0.4781
TXN-009429,2023-04-29,Sales,EMEA,Completed,1921.04,3380.84,-1459.8000000000002,-0.7599
TXN-008758,2023-04-29,Customer Support,LATAM,Completed,5385.4,1471.55,3913.8499999999995,0.7268
TXN-005500,2023-04-29,Customer Support,North America,Completed,7226.02,2809.0,4417.02,0.6113
TXN-011470,2023-04-29,Engineering,EMEA,Completed,4400.94,2249.23,2151.7099999999996,0.4889
TXN-011155,2023-04-29,Marketing,APAC,Pending,4563.64,1098.61,3465.0300000000007,0.7593
TXN-001007,2023-04-29,Sales,LATAM,Completed,4845.23,2638.61,2206.6199999999994,0.4554
TXN-006761,2023-04-30,Customer Support,North America,Completed,5100.24,3659.48,1440.7599999999998,0.2825
TXN-007122,2023-04-30,Marketing,EMEA,Completed,6411.76,1084.14,5327.62,0.8309
TXN-008049,2023-04-30,Engineering,APAC,Pending,3866.88,2479.35,1387.5300000000002,0.3588
TXN-010227,2023-04-30,Engineering,EMEA,Completed,4252.63,1725.29,2527.34,0.5943
TXN-002411,2023-04-30,Customer Support,EMEA,Completed,2165.58,2441.32,-275.74000000000024,-0.1273
TXN-002469,2023-04-30,Marketing,North America,Completed,4510.98,2152.24,2358.74,0.5229
TXN-009151,2023-04-30,Sales,LATAM,Completed,3512.05,3179.43,332.62000000000035,0.0947
TXN-000417,2023-04-30,Engineering,APAC,Completed,5831.46,2549.5,3281.96,0.5628
TXN-003289,2023-04-30,Engineering,APAC,Completed,3257.29,2444.14,813.1500000000001,0.2496
TXN-002563,2023-04-30,Sales,LATAM,Pending,8663.03,2657.53,6005.5,0.6932
TXN-008181,2023-04-30,Customer Support,EMEA,Completed,5390.7,1389.72,4000.9799999999996,0.7422
TXN-006957,2023-04-30,Operations,North America,Pending,4286.76,3018.14,1268.6200000000003,0.2959
TXN-002662,2023-05-01,Sales,North America,Pending,3696.9,1645.33,2051.57,0.5549
TXN-006446,2023-05-01,Engineering,APAC,Completed,6800.6,2004.72,4795.88,0.7052
TXN-000453,2023-05-01,Engineering,EMEA,Completed,7366.65,2357.18,5009.469999999999,0.68
TXN-008614,2023-05-01,Operations,LATAM,Pending,2325.37,1502.26,823.1099999999999,0.354
TXN-002801,2023-05-01,Operations,North America,Pending,5849.17,709.87,5139.3,0.8786
TXN-006997,2023-05-01,Marketing,North America,Completed,4044.11,1075.76,2968.3500000000004,0.734
TXN-008622,2023-05-01,Customer Support,North America,Completed,5157.9,2788.87,2369.0299999999997,0.4593
TXN-006866,2023-05-01,Marketing,EMEA,Completed,3311.73,3264.27,47.460000000000036,0.0143
TXN-011884,2023-05-01,Marketing,EMEA,Pending,8956.17,2561.95,6394.22,0.7139
TXN-003561,2023-05-01,Marketing,APAC,Completed,4005.94,3153.22,852.7200000000003,0.2129
TXN-009901,2023-05-01,Customer Support,LATAM,Completed,3684.95,1869.51,1815.4399999999998,0.4927
TXN-001129,2023-05-01,Operations,EMEA,Pending,5896.97,2645.88,3251.09,0.5513
TXN-007569,2023-05-01,Marketing,LATAM,Completed,4893.04,3028.28,1864.7599999999998,0.3811
TXN-003699,2023-05-01,Customer Support,EMEA,Completed,4850.74,1223.12,3627.62,0.7478
TXN-000990,2023-05-01,Operations,North America,Pending,5028.42,1763.32,3265.1000000000004,0.6493
TXN-011906,2023-05-01,Engineering,LATAM,Completed,6775.19,2736.84,4038.3499999999995,0.596
TXN-007336,2023-05-01,Sales,North America,Completed,2955.99,1605.76,1350.2299999999998,0.4568
TXN-007928,2023-05-01,Operations,North America,Completed,7029.83,1502.56,5527.27,0.7863
TXN-010521,2023-05-01,Operations,EMEA,Completed,6361.64,3023.91,3337.7300000000005,0.5247
TXN-002983,2023-05-01,Engineering,EMEA,Completed,6091.0,1873.29,4217.71,0.6924
TXN-003353,2023-05-01,Engineering,EMEA,Completed,5045.42,2867.29,2178.13,0.4317
TXN-006397,2023-05-02,Customer Support,APAC,Completed,5512.74,11223.802188667265,-5711.062188667265,-1.036
TXN-003328,2023-05-02,Customer Support,LATAM,Pending,4135.03,3294.51,840.5199999999995,0.2033
TXN-002959,2023-05-02,Sales,North America,Completed,8452.33,1901.16,6551.17,0.7751
TXN-002296,2023-05-02,Sales,EMEA,Completed,2057.38,2037.53,19.850000000000136,0.0096
TXN-003253,2023-05-02,Engineering,APAC,Completed,5352.56,11953.762353430757,-6601.202353430756,-1.2333
TXN-001039,2023-05-02,Sales,North America,Completed,4788.13,2996.55,1791.58,0.3742
TXN-008975,2023-05-02,Engineering,North America,Completed,2221.18,216.76,2004.4199999999998,0.9024
TXN-001326,2023-05-02,Customer Support,APAC,Completed,5145.12,11891.902591853386,-6746.782591853386,-1.3113
TXN-002379,2023-05-03,Sales,EMEA,Pending,1352.87,833.97,518.8999999999999,0.3836
TXN-010511,2023-05-03,Engineering,LATAM,Pending,3971.19,2462.47,1508.7200000000003,0.3799
TXN-003383,2023-05-03,Operations,LATAM,Completed,6882.35,1697.89,5184.46,0.7533
TXN-003566,2023-05-03,Marketing,North America,Completed,3220.55,2504.17,716.3800000000001,0.2224
TXN-003571,2023-05-03,Customer Support,APAC,Completed,5326.83,8915.33218776932,-3588.50218776932,-0.6737
TXN-004082,2023-05-03,Operations,North America,Completed,8086.53,2960.64,5125.889999999999,0.6339
TXN-000088,2023-05-03,Marketing,EMEA,Completed,3858.01,2208.88,1649.13,0.4275
TXN-008516,2023-05-03,Customer Support,APAC,Completed,4267.58,6278.953026984543,-2011.3730269845428,-0.4713
TXN-001458,2023-05-03,Engineering,North America,Completed,6472.55,1394.47,5078.08,0.7846
TXN-001512,2023-05-03,Customer Support,LATAM,Pending,4036.68,1548.56,2488.12,0.6164
TXN-001886,2023-05-03,Engineering,LATAM,Completed,2906.0,956.46,1949.54,0.6709
TXN-008169,2023-05-03,Sales,North America,Completed,3110.89,2328.85,782.04,0.2514
TXN-008672,2023-05-04,Customer Support,EMEA,Pending,3405.11,1636.53,1768.5800000000002,0.5194
TXN-003885,2023-05-04,Customer Support,APAC,Completed,4143.28,8476.060478892716,-4332.780478892716,-1.0457
TXN-004713,2023-05-04,Operations,North America,Pending,2913.8,3075.72,-161.91999999999962,-0.0556
TXN-000968,2023-05-04,Sales,LATAM,Completed,6471.9,2117.79,4354.11,0.6728
TXN-003802,2023-05-04,Marketing,APAC,Completed,2235.91,7161.428209244788,-4925.5182092447885,-2.2029
TXN-003795,2023-05-04,Operations,North America,Completed,4085.88,2677.74,1408.1400000000003,0.3446
TXN-007492,2023-05-04,Engineering,APAC,Pending,4611.95,8771.204934554245,-4159.254934554246,-0.9018
TXN-007501,2023-05-04,Engineering,LATAM,Completed,5513.52,2052.96,3460.5600000000004,0.6276
TXN-006631,2023-05-04,Customer Support,EMEA,Pending,5621.2,2696.85,2924.35,0.5202
TXN-004354,2023-05-04,Operations,LATAM,Completed,603.68,2210.95,-1607.27,-2.6625
TXN-000336,2023-05-04,Sales,APAC,Completed,6023.72,11909.764036328208,-5886.044036328208,-0.9771
TXN-001271,2023-05-04,Operations,EMEA,Pending,2027.16,2374.11,-346.95000000000005,-0.1712
TXN-011434,2023-05-04,Operations,North America,Completed,2072.63,2118.27,-45.63999999999987,-0.022
TXN-000791,2023-05-04,Customer Support,LATAM,Completed,8360.92,2594.49,5766.43,0.6897
TXN-002286,2023-05-04,Marketing,EMEA,Pending,4305.46,1096.53,3208.9300000000003,0.7453
TXN-003454,2023-05-04,Sales,APAC,Completed,5804.99,8679.650989604683,-2874.660989604683,-0.4952
TXN-011604,2023-05-04,Sales,LATAM,Pending,4914.38,1705.37,3209.01,0.653
TXN-002103,2023-05-05,Sales,LATAM,Completed,4531.47,1391.18,3140.29,0.693
TXN-001838,2023-05-05,Engineering,LATAM,Completed,4825.06,1542.49,3282.5700000000006,0.6803
TXN-005765,2023-05-05,Marketing,North America,Pending,7108.48,1338.71,5769.7699999999995,0.8117
TXN-009167,2023-05-05,Engineering,North America,Pending,4331.25,2575.21,1756.04,0.4054
TXN-008966,2023-05-05,Customer Support,North America,Pending,1758.32,2993.05,-1234.7300000000002,-0.7022
TXN-004981,2023-05-05,Sales,LATAM,Pending,1828.87,2504.91,-676.04,-0.3696
TXN-000112,2023-05-05,Engineering,LATAM,Pending,5002.995000000001,3259.92,1743.0750000000007,0.3484
TXN-006506,2023-05-05,Sales,LATAM,Pending,4137.3,2361.47,1775.8300000000004,0.4292
TXN-003721,2023-05-05,Engineering,North America,Completed,5704.55,1141.95,4562.6,0.7998
TXN-009207,2023-05-05,Operations,EMEA,Completed,7939.85,1351.52,6588.33,0.8298
TXN-002573,2023-05-06,Marketing,APAC,Pending,4408.6,6025.747392731402,-1617.1473927314019,-0.3668
TXN-010461,2023-05-06,Sales,APAC,Completed,5434.16,6636.968269382396,-1202.8082693823962,-0.2213
TXN-008873,2023-05-06,Operations,EMEA,Pending,6387.48,1920.97,4466.509999999999,0.6993
TXN-003930,2023-05-06,Marketing,EMEA,Completed,2497.14,2526.01,-28.870000000000346,-0.0116
TXN-004505,2023-05-06,Engineering,EMEA,Pending,4795.07,2656.64,2138.43,0.446
TXN-004409,2023-05-06,Marketing,North America,Pending,5530.78,2013.15,3517.6299999999997,0.636
TXN-006635,2023-05-06,Customer Support,APAC,Completed,5716.87,8898.257096195905,-3181.3870961959046,-0.5565
TXN-010938,2023-05-06,Engineering,EMEA,Pending,4773.32,3328.0,1445.3199999999997,0.3028
TXN-008148,2023-05-06,Marketing,EMEA,Completed,5624.54,1292.96,4331.58,0.7701
TXN-003356,2023-05-06,Engineering,LATAM,Completed,4951.11,1119.54,3831.5699999999997,0.7739
TXN-003250,2023-05-06,Operations,North America,Completed,4460.44,1796.86,2663.58,0.5972
TXN-010406,2023-05-06,Sales,LATAM,Pending,6227.05,3038.26,3188.79,0.5121
TXN-001421,2023-05-07,Operations,LATAM,Pending,5830.83,2168.75,3662.08,0.6281
TXN-005168,2023-05-07,Sales,EMEA,Pending,6091.83,887.67,5204.16,0.8543
TXN-004098,2023-05-07,Marketing,LATAM,Completed,4005.02,840.76,3164.26,0.7901
TXN-010810,2023-05-07,Engineering,LATAM,Completed,4531.68,3264.38,1267.3000000000002,0.2797
TXN-005631,2023-05-07,Marketing,North America,Completed,2527.27,1026.38,1500.8899999999999,0.5939
TXN-009610,2023-05-07,Operations,EMEA,Pending,4693.26,2588.1,2105.1600000000003,0.4485
TXN-011834,2023-05-07,Engineering,APAC,Completed,5160.32,3428.1241963731263,1732.1958036268734,0.3357
TXN-008831,2023-05-07,Customer Support,APAC,Pending,3023.9,5915.545650405611,-2891.645650405611,-0.9563
TXN-010200,2023-05-07,Engineering,North America,Completed,6811.49,1352.53,5458.96,0.8014
TXN-002797,2023-05-08,Operations,APAC,Completed,3270.7,7408.642583296732,-4137.942583296732,-1.2652
TXN-011533,2023-05-08,Marketing,North America,Completed,6446.64,2811.94,3634.7000000000003,0.5638
TXN-006461,2023-05-08,Engineering,North America,Completed,3189.0,1156.22,2032.78,0.6374
TXN-002404,2023-05-08,Engineering,EMEA,Pending,5531.69,1379.56,4152.129999999999,0.7506
TXN-011311,2023-05-08,Operations,EMEA,Pending,5800.47,1434.03,4366.4400000000005,0.7528
TXN-008521,2023-05-08,Engineering,LATAM,Completed,5878.63,2823.04,3055.59,0.5198
TXN-010661,2023-05-08,Customer Support,APAC,Completed,4014.43,5030.074838044767,-1015.6448380447669,-0.253
TXN-008924,2023-05-08,Marketing,EMEA,Completed,6002.27,1555.84,4446.43,0.7408
TXN-007669,2023-05-08,Operations,North America,Pending,6015.69,2327.33,3688.3599999999997,0.6131
TXN-000769,2023-05-08,Sales,APAC,Completed,5878.57,9304.464537837146,-3425.8945378371463,-0.5828
TXN-000292,2023-05-09,Sales,APAC,Completed,6310.11,10566.074154704469,-4255.964154704469,-0.6745
TXN-001277,2023-05-09,Engineering,EMEA,Completed,2792.78,1568.65,1224.13,0.4383
TXN-002982,2023-05-09,Operations,North America,Pending,3798.52,1037.98,2760.54,0.7267
TXN-006852,2023-05-09,Operations,LATAM,Pending,4843.98,2203.36,2640.6199999999994,0.5451
TXN-011627,2023-05-09,Engineering,LATAM,Pending,4466.44,1170.46,3295.9799999999996,0.7379
TXN-005282,2023-05-09,Operations,North America,Completed,5244.51,1203.37,4041.1400000000003,0.7705
TXN-002953,2023-05-09,Operations,APAC,Completed,3487.26,4747.175020419437,-1259.9150204194366,-0.3613
TXN-000431,2023-05-09,Engineering,APAC,Pending,4721.71,9482.03051205016,-4760.32051205016,-1.0082
TXN-007914,2023-05-09,Operations,LATAM,Completed,3341.56,2453.71,887.8499999999999,0.2657
TXN-008533,2023-05-09,Sales,LATAM,Completed,6868.72,2153.31,4715.41,0.6865
TXN-001754,2023-05-09,Operations,EMEA,Completed,6798.24,2278.52,4519.719999999999,0.6648
TXN-011539,2023-05-09,Engineering,LATAM,Completed,7336.34,2830.82,4505.52,0.6141
TXN-009720,2023-05-09,Marketing,North America,Pending,4907.25,1737.52,3169.73,0.6459
TXN-006882,2023-05-09,Engineering,EMEA,Completed,3218.26,3141.92,76.34000000000015,0.0237
TXN-004966,2023-05-09,Engineering,North America,Pending,2254.41,2196.32,58.08999999999969,0.0258
TXN-005917,2023-05-09,Sales,North America,Completed,4894.645,1423.09,3471.5550000000003,0.7093
TXN-008233,2023-05-09,Sales,LATAM,Pending,3808.62,1846.72,1961.8999999999999,0.5151
TXN-000802,2023-05-09,Engineering,LATAM,Pending,6653.05,1407.4,5245.65,0.7885
TXN-009352,2023-05-10,Sales,North America,Completed,7067.69,1498.2,5569.49,0.788
TXN-006778,2023-05-10,Operations,APAC,Completed,6552.72,11067.879641931078,-4515.159641931078,-0.6891
TXN-008220,2023-05-10,Marketing,EMEA,Completed,6657.71,2115.63,4542.08,0.6822
TXN-008705,2023-05-10,Sales,APAC,Completed,4913.38,8523.054426095865,-3609.674426095865,-0.7347
TXN-006367,2023-05-10,Sales,APAC,Completed,3971.89,13348.490282893454,-9376.600282893454,-2.3607
TXN-003267,2023-05-10,Engineering,LATAM,Completed,5422.97,2133.89,3289.0800000000004,0.6065
TXN-003301,2023-05-10,Operations,North America,Completed,2711.21,2964.26,-253.05000000000018,-0.0933
TXN-008818,2023-05-10,Customer Support,EMEA,Pending,4770.83,848.57,3922.2599999999998,0.8221
TXN-006042,2023-05-11,Engineering,APAC,Pending,7311.59,8449.511707126154,-1137.9217071261537,-0.1556
TXN-001221,2023-05-11,Sales,EMEA,Completed,4551.82,2923.54,1628.2799999999997,0.3577
TXN-007886,2023-05-11,Engineering,North America,Pending,3936.46,2804.39,1132.0700000000002,0.2876
TXN-001133,2023-05-11,Customer Support,EMEA,Pending,4901.14,3542.94,1358.2000000000003,0.2771
TXN-003947,2023-05-11,Marketing,EMEA,Completed,4187.41,1764.81,2422.6,0.5785
TXN-010603,2023-05-11,Operations,EMEA,Completed,3728.74,2025.68,1703.0599999999997,0.4567
TXN-005101,2023-05-11,Engineering,LATAM,Completed,6735.34,767.79,5967.55,0.886
TXN-005003,2023-05-11,Customer Support,APAC,Completed,4017.14,4911.185768427239,-894.0457684272392,-0.2226
TXN-000860,2023-05-11,Customer Support,APAC,Pending,6210.62,6907.473667466497,-696.8536674664974,-0.1122
TXN-004486,2023-05-12,Engineering,LATAM,Completed,7429.85,3928.45,3501.4000000000005,0.4713
TXN-001248,2023-05-12,Operations,EMEA,Pending,3244.29,2893.51,350.77999999999975,0.1081
TXN-004712,2023-05-12,Sales,EMEA,Completed,5790.22,2533.08,3257.1400000000003,0.5625
TXN-008094,2023-05-12,Sales,APAC,Pending,2362.54,8783.150009580384,-6420.610009580384,-2.7177
TXN-007018,2023-05-12,Sales,LATAM,Pending,8103.14,2080.94,6022.200000000001,0.7432
TXN-009928,2023-05-12,Engineering,LATAM,Completed,2553.15,2603.4,-50.25,-0.0197
TXN-005860,2023-05-12,Sales,APAC,Completed,5404.26,9493.039452669862,-4088.7794526698617,-0.7566
TXN-011307,2023-05-12,Sales,APAC,Pending,4554.06,7502.4432508217415,-2948.383250821741,-0.6474
TXN-002138,2023-05-12,Operations,LATAM,Pending,5102.08,1747.85,3354.23,0.6574
TXN-002420,2023-05-13,Sales,North America,Completed,6755.44,2111.1,4644.34,0.6875
TXN-009372,2023-05-13,Sales,North America,Completed,5297.17,1849.75,3447.42,0.6508
TXN-003689,2023-05-13,Operations,EMEA,Pending,6449.96,2503.88,3946.08,0.6118
TXN-004444,2023-05-13,Engineering,North America,Completed,5893.72,3164.96,2728.76,0.463
TXN-001595,2023-05-13,Sales,LATAM,Pending,4538.84,1185.12,3353.7200000000003,0.7389
TXN-009538,2023-05-13,Marketing,EMEA,Completed,5387.54,1694.94,3692.6,0.6854
TXN-010502,2023-05-13,Sales,EMEA,Pending,6362.7,2735.09,3627.6099999999997,0.5701
TXN-007503,2023-05-13,Engineering,APAC,Completed,3662.52,8339.08529254282,-4676.56529254282,-1.2769
TXN-008161,2023-05-13,Sales,EMEA,Completed,5962.25,714.14,5248.11,0.8802
TXN-010370,2023-05-13,Sales,APAC,Pending,4855.97,6543.205047233644,-1687.2350472336439,-0.3475
TXN-011313,2023-05-13,Engineering,APAC,Completed,3878.49,6382.63927384153,-2504.14927384153,-0.6457
TXN-007137,2023-05-13,Marketing,APAC,Completed,3295.59,7756.098229589972,-4460.508229589972,-1.3535
TXN-000634,2023-05-13,Engineering,APAC,Completed,1717.97,6120.072295524017,-4402.102295524017,-2.5624
TXN-007477,2023-05-13,Customer Support,APAC,Completed,4405.85,7304.769109558457,-2898.9191095584565,-0.658
TXN-010561,2023-05-13,Operations,LATAM,Completed,4618.55,2100.59,2517.96,0.5452
TXN-009578,2023-05-13,Customer Support,North America,Completed,5053.66,2001.4,3052.2599999999998,0.604
TXN-001137,2023-05-14,Sales,EMEA,Completed,4625.16,277.87,4347.29,0.9399
TXN-003199,2023-05-14,Customer Support,APAC,Completed,4998.17,6387.769290388806,-1389.5992903888064,-0.278
TXN-010446,2023-05-14,Engineering,North America,Pending,4777.31,2696.01,2081.3,0.4357
TXN-003009,2023-05-14,Sales,APAC,Pending,2960.61,5001.8784697228775,-2041.2684697228774,-0.6895
TXN-005077,2023-05-14,Marketing,EMEA,Completed,4707.62,763.07,3944.5499999999997,0.8379
TXN-004451,2023-05-14,Operations,LATAM,Completed,4052.04,2423.27,1628.77,0.402
TXN-008007,2023-05-14,Marketing,EMEA,Pending,5267.78,2104.54,3163.24,0.6005
TXN-003444,2023-05-14,Operations,LATAM,Completed,3345.28,1219.36,2125.92,0.6355
TXN-001743,2023-05-14,Customer Support,EMEA,Completed,5339.86,1190.38,4149.48,0.7771
TXN-004096,2023-05-14,Engineering,North America,Pending,4272.8,4698.79,-425.9899999999998,-0.0997
TXN-007768,2023-05-14,Operations,EMEA,Completed,7481.97,2124.58,5357.39,0.716
TXN-008186,2023-05-14,Sales,LATAM,Completed,4676.07,3109.38,1566.6899999999996,0.335
TXN-001082,2023-05-14,Sales,LATAM,Completed,3028.47,658.13,2370.3399999999997,0.7827
TXN-005372,2023-05-15,Engineering,North America,Completed,6138.96,924.66,5214.3,0.8494
TXN-008191,2023-05-15,Operations,North America,Completed,1768.22,1392.89,375.3299999999999,0.2123
TXN-005997,2023-05-15,Marketing,North America,Pending,3795.73,2137.93,1657.8000000000002,0.4368
TXN-011207,2023-05-15,Marketing,APAC,Pending,6850.73,8453.555807761964,-1602.8258077619648,-0.234
TXN-001288,2023-05-15,Sales,APAC,Completed,3393.95,8215.852559279425,-4821.902559279425,-1.4207
TXN-007765,2023-05-15,Marketing,APAC,Completed,3982.6,13088.581926290222,-9105.981926290222,-2.2864
TXN-007214,2023-05-15,Operations,North America,Pending,5375.75,1953.3,3422.45,0.6366
TXN-007784,2023-05-15,Marketing,APAC,Completed,6164.01,5249.916642052485,914.093357947515,0.1483
TXN-006972,2023-05-15,Sales,LATAM,Completed,4280.47,147.28,4133.1900000000005,0.9656
TXN-010657,2023-05-15,Sales,EMEA,Completed,4739.41,1540.77,3198.64,0.6749
TXN-011262,2023-05-15,Sales,LATAM,Pending,4727.29,1952.83,2774.46,0.5869
TXN-004854,2023-05-15,Sales,APAC,Completed,5730.39,1262.3210790162148,4468.068920983786,0.7797
TXN-008749,2023-05-15,Sales,LATAM,Completed,1064.22,1647.27,-583.05,-0.5479
TXN-008468,2023-05-15,Marketing,LATAM,Completed,3294.98,2600.81,694.1700000000001,0.2107
TXN-008670,2023-05-15,Engineering,LATAM,Pending,5664.14,2693.19,2970.9500000000003,0.5245
TXN-010678,2023-05-15,Customer Support,EMEA,Pending,4179.44,733.77,3445.6699999999996,0.8244
TXN-005315,2023-05-15,Marketing,North America,Pending,4955.05,2509.81,2445.2400000000002,0.4935
TXN-003960,2023-05-16,Engineering,APAC,Completed,3354.81,9863.78612299526,-6508.97612299526,-1.9402
TXN-001945,2023-05-16,Engineering,LATAM,Pending,7863.97,3238.03,4625.9400000000005,0.5882
TXN-011494,2023-05-16,Marketing,APAC,Completed,3577.62,9368.608467366226,-5790.988467366226,-1.6187
TXN-010339,2023-05-16,Operations,APAC,Completed,5059.18,6886.054912247214,-1826.8749122472136,-0.3611
TXN-007523,2023-05-16,Marketing,LATAM,Completed,5939.4,2957.0,2982.3999999999996,0.5021
TXN-000725,2023-05-16,Engineering,LATAM,Completed,4585.36,2805.87,1779.4899999999998,0.3881
TXN-011197,2023-05-16,Engineering,North America,Completed,4021.04,2470.47,1550.5700000000002,0.3856
TXN-005876,2023-05-16,Engineering,LATAM,Completed,7433.64,2415.31,5018.33,0.6751
TXN-003365,2023-05-16,Customer Support,APAC,Completed,3991.22,7238.940138097791,-3247.720138097791,-0.8137
TXN-009673,2023-05-16,Operations,EMEA,Completed,4339.61,2384.04,1955.5699999999997,0.4506
TXN-001504,2023-05-16,Sales,North America,Pending,6197.47,2218.37,3979.1000000000004,0.6421
TXN-003378,2023-05-17,Marketing,APAC,Pending,5275.43,11704.151475298335,-6428.721475298335,-1.2186
TXN-006336,2023-05-17,Operations,EMEA,Completed,3614.89,955.75,2659.14,0.7356
TXN-000688,2023-05-17,Customer Support,North America,Completed,2749.4,1549.68,1199.72,0.4364
TXN-001238,2023-05-17,Sales,APAC,Completed,5479.52,9147.905419704584,-3668.385419704584,-0.6695
TXN-003752,2023-05-17,Sales,North America,Completed,6483.84,2652.44,3831.4,0.5909
TXN-011763,2023-05-17,Marketing,EMEA,Completed,5517.1,233.17,5283.93,0.9577
TXN-006609,2023-05-17,Marketing,APAC,Completed,4624.0,10412.473221296248,-5788.473221296248,-1.2518
TXN-011870,2023-05-17,Customer Support,North America,Completed,5680.46,489.74,5190.72,0.9138
TXN-009454,2023-05-17,Marketing,North America,Pending,4889.52,2158.9,2730.6200000000003,0.5585
TXN-004783,2023-05-17,Operations,APAC,Completed,4142.94,10766.556699187066,-6623.616699187066,-1.5988
TXN-007836,2023-05-17,Sales,LATAM,Completed,4783.46,2698.06,2085.4,0.436
TXN-009392,2023-05-17,Operations,APAC,Completed,4725.02,8126.507891529055,-3401.4878915290547,-0.7199
TXN-009481,2023-05-17,Customer Support,North America,Pending,4485.03,2259.99,2225.04,0.4961
TXN-008023,2023-05-17,Sales,LATAM,Completed,1942.23,2926.88,-984.6500000000001,-0.507
TXN-009431,2023-05-18,Sales,APAC,Completed,6187.22,12690.537576673112,-6503.317576673112,-1.0511
TXN-011269,2023-05-18,Sales,APAC,Completed,9871.44,3648.2655633909044,6223.174436609096,0.6304
TXN-002415,2023-05-18,Operations,North America,Pending,4768.36,2500.87,2267.49,0.4755
TXN-000358,2023-05-18,Marketing,EMEA,Completed,5107.07,1747.77,3359.2999999999997,0.6578
TXN-005546,2023-05-18,Engineering,APAC,Completed,5402.22,10107.443186302742,-4705.223186302742,-0.871
TXN-000123,2023-05-18,Operations,APAC,Completed,4452.53,12942.657295014786,-8490.127295014787,-1.9068
TXN-007470,2023-05-18,Marketing,APAC,Completed,5895.47,5184.724241988197,710.7457580118034,0.1206
TXN-010216,2023-05-18,Sales,EMEA,Pending,2230.3,970.62,1259.6800000000003,0.5648
TXN-008206,2023-05-18,Engineering,North America,Completed,4607.67,3368.91,1238.7600000000002,0.2688
TXN-008596,2023-05-18,Customer Support,LATAM,Pending,6953.87,1854.79,5099.08,0.7333
TXN-004356,2023-05-18,Marketing,LATAM,Completed,4216.47,1053.3,3163.17,0.7502
TXN-001005,2023-05-18,Operations,LATAM,Completed,5531.4,2882.1,2649.2999999999997,0.479
TXN-000674,2023-05-18,Customer Support,LATAM,Completed,3124.13,1848.6,1275.5300000000002,0.4083
TXN-008449,2023-05-18,Operations,EMEA,Pending,5302.34,1235.0,4067.34,0.7671
TXN-007175,2023-05-18,Sales,EMEA,Completed,4872.47,2650.57,2221.9,0.456
TXN-006962,2023-05-18,Operations,North America,Completed,4232.8,428.55,3804.25,0.8988
TXN-004962,2023-05-19,Operations,EMEA,Completed,6810.2,2164.96,4645.24,0.6821
TXN-002149,2023-05-19,Engineering,LATAM,Completed,5303.97,634.37,4669.6,0.8804
TXN-000440,2023-05-19,Sales,LATAM,Pending,6007.73,2164.22,3843.5099999999998,0.6398
TXN-011591,2023-05-19,Engineering,EMEA,Completed,4714.09,600.59,4113.5,0.8726
TXN-003636,2023-05-19,Sales,APAC,Pending,5010.69,8492.424108317236,-3481.734108317237,-0.6949
TXN-008113,2023-05-19,Customer Support,EMEA,Pending,4157.46,1731.02,2426.44,0.5836
TXN-010251,2023-05-19,Engineering,APAC,Pending,5536.18,9884.605752194424,-4348.425752194424,-0.7855
TXN-001918,2023-05-19,Marketing,LATAM,Completed,6586.06,1679.2,4906.860000000001,0.745
TXN-011575,2023-05-19,Customer Support,EMEA,Completed,7957.09,4551.94,3405.1500000000005,0.4279
TXN-006956,2023-05-19,Marketing,LATAM,Completed,5349.86,2802.39,2547.47,0.4762
TXN-000652,2023-05-19,Sales,LATAM,Pending,6071.39,4140.11,1931.2800000000007,0.3181
TXN-002037,2023-05-19,Engineering,North America,Completed,4089.38,1880.04,2209.34,0.5403
TXN-001113,2023-05-19,Marketing,North America,Pending,7310.07,1408.63,5901.44,0.8073
TXN-002425,2023-05-19,Operations,APAC,Pending,1217.13,8270.897262377932,-7053.767262377932,-5.7954
TXN-008665,2023-05-19,Engineering,EMEA,Completed,2125.1,290.95,1834.1499999999999,0.8631
TXN-007388,2023-05-19,Marketing,EMEA,Pending,5630.51,1947.18,3683.33,0.6542
TXN-009397,2023-05-19,Marketing,EMEA,Pending,5734.24,2183.17,3551.0699999999997,0.6193
TXN-009478,2023-05-19,Sales,EMEA,Completed,2947.05,1450.34,1496.7100000000003,0.5079
TXN-011403,2023-05-19,Customer Support,EMEA,Pending,7233.51,2680.16,4553.35,0.6295
TXN-009653,2023-05-20,Customer Support,EMEA,Completed,5129.06,2022.89,3106.17,0.6056
TXN-004114,2023-05-20,Customer Support,North America,Pending,4381.0,3359.88,1021.1199999999999,0.2331
TXN-003357,2023-05-20,Customer Support,EMEA,Completed,4996.82,1780.92,3215.8999999999996,0.6436
TXN-003122,2023-05-20,Operations,LATAM,Pending,6059.48,1743.26,4316.219999999999,0.7123
TXN-005462,2023-05-20,Sales,APAC,Completed,7315.67,7723.970096761047,-408.3000967610469,-0.0558
TXN-006486,2023-05-20,Customer Support,APAC,Completed,5400.9,5859.93926666324,-459.0392666632406,-0.085
TXN-003710,2023-05-20,Sales,LATAM,Pending,3353.45,1369.24,1984.2099999999998,0.5917
TXN-009343,2023-05-20,Customer Support,APAC,Completed,6835.21,6805.58479866987,29.62520133013004,0.0043
TXN-005121,2023-05-20,Operations,LATAM,Completed,3932.58,2000.4,1932.1799999999998,0.4913
TXN-011610,2023-05-20,Customer Support,LATAM,Completed,4618.86,2011.84,2607.0199999999995,0.5644
TXN-010372,2023-05-20,Engineering,EMEA,Completed,2695.16,1666.18,1028.9799999999998,0.3818
TXN-010689,2023-05-20,Engineering,EMEA,Completed,4948.6,2183.31,2765.2900000000004,0.5588
TXN-002050,2023-05-20,Sales,LATAM,Completed,5069.4,1256.71,3812.6899999999996,0.7521
TXN-003555,2023-05-20,Marketing,APAC,Pending,6467.59,12898.771314041009,-6431.181314041009,-0.9944
TXN-000900,2023-05-20,Sales,North America,Pending,2467.77,2609.05,-141.2800000000002,-0.0573
TXN-008304,2023-05-20,Customer Support,North America,Completed,5190.0,1632.09,3557.91,0.6855
TXN-002355,2023-05-20,Sales,LATAM,Completed,6231.63,3435.94,2795.69,0.4486
TXN-004538,2023-05-20,Marketing,LATAM,Pending,6342.36,1948.88,4393.48,0.6927
TXN-009221,2023-05-20,Marketing,LATAM,Pending,5917.17,1669.05,4248.12,0.7179
TXN-002634,2023-05-20,Customer Support,EMEA,Completed,5757.89,3085.17,2672.7200000000003,0.4642
TXN-004425,2023-05-20,Operations,EMEA,Completed,4883.25,3650.57,1232.6799999999998,0.2524
TXN-011245,2023-05-20,Sales,North America,Pending,477.86,1892.2,-1414.3400000000001,-2.9597
TXN-010708,2023-05-20,Marketing,EMEA,Completed,6998.14,2457.62,4540.52,0.6488
TXN-005007,2023-05-21,Engineering,APAC,Completed,6025.28,6989.029696955308,-963.7496969553085,-0.16
TXN-011241,2023-05-21,Sales,APAC,Completed,2995.36,9927.742825643054,-6932.382825643053,-2.3144
TXN-000524,2023-05-21,Customer Support,LATAM,Completed,6048.64,2562.82,3485.82,0.5763
TXN-011500,2023-05-21,Engineering,LATAM,Completed,8628.31,3637.05,4991.259999999999,0.5785
TXN-010831,2023-05-21,Customer Support,EMEA,Completed,5221.72,1505.49,3716.2300000000005,0.7117
TXN-010518,2023-05-21,Engineering,APAC,Completed,7176.96,2339.9241169542356,4837.035883045764,0.674
TXN-006616,2023-05-21,Marketing,LATAM,Completed,6693.8,1286.84,5406.96,0.8078
TXN-007146,2023-05-21,Marketing,North America,Completed,3364.41,2909.61,454.7999999999997,0.1352
TXN-010481,2023-05-21,Operations,LATAM,Pending,6251.62,2368.62,3883.0,0.6211
TXN-001905,2023-05-21,Operations,APAC,Completed,3801.23,9270.501581571603,-5469.271581571604,-1.4388
TXN-007096,2023-05-21,Customer Support,EMEA,Completed,7161.09,2963.84,4197.25,0.5861
TXN-011950,2023-05-21,Customer Support,LATAM,Completed,6570.91,1735.92,4834.99,0.7358
TXN-001933,2023-05-21,Customer Support,APAC,Completed,5588.96,7418.6779441337385,-1829.7179441337385,-0.3274
TXN-008214,2023-05-21,Customer Support,EMEA,Completed,6190.65,2580.0,3610.6499999999996,0.5832
TXN-002114,2023-05-21,Sales,EMEA,Completed,5012.110000000001,3877.64,1134.4700000000007,0.2263
TXN-003758,2023-05-21,Customer Support,APAC,Completed,6716.05,4020.5849395191185,2695.4650604808817,0.4013
TXN-001370,2023-05-22,Customer Support,North America,Completed,4525.28,1816.11,2709.17,0.5987
TXN-007139,2023-05-22,Engineering,LATAM,Completed,4484.51,1778.92,2705.59,0.6033
TXN-004544,2023-05-22,Marketing,LATAM,Pending,5603.81,1474.45,4129.360000000001,0.7369
TXN-000268,2023-05-22,Sales,North America,Completed,3997.19,2434.94,1562.25,0.3908
TXN-006904,2023-05-22,Marketing,LATAM,Completed,3650.23,1349.85,2300.38,0.6302
TXN-010998,2023-05-22,Engineering,APAC,Completed,7653.56,5129.979101899748,2523.580898100253,0.3297
TXN-006202,2023-05-22,Operations,EMEA,Completed,4964.674999999999,1930.04,3034.6349999999993,0.6112
TXN-004371,2023-05-22,Sales,North America,Completed,3241.26,1565.54,1675.7200000000003,0.517
TXN-007298,2023-05-22,Marketing,LATAM,Completed,4538.96,1232.76,3306.2,0.7284
TXN-003145,2023-05-22,Marketing,APAC,Completed,3927.78,4637.422622608737,-709.6426226087365,-0.1807
TXN-004408,2023-05-23,Sales,LATAM,Completed,3223.6,3397.67,-174.07000000000016,-0.054
TXN-001451,2023-05-23,Engineering,North America,Completed,4513.54,997.97,3515.5699999999997,0.7789
TXN-008219,2023-05-23,Operations,APAC,Completed,6258.94,6396.231945422999,-137.29194542299956,-0.0219
TXN-009173,2023-05-23,Marketing,APAC,Completed,5136.05,6077.272230461706,-941.2222304617062,-0.1833
TXN-005902,2023-05-23,Marketing,LATAM,Pending,3220.03,1666.49,1553.5400000000002,0.4825
TXN-010478,2023-05-23,Operations,EMEA,Pending,5833.01,947.8,4885.21,0.8375
TXN-007377,2023-05-23,Marketing,APAC,Completed,3648.37,3212.1392661199293,436.2307338800706,0.1196
TXN-011725,2023-05-23,Operations,LATAM,Completed,3333.73,3614.39,-280.65999999999985,-0.0842
TXN-008252,2023-05-23,Customer Support,APAC,Completed,4386.48,13340.47697237435,-8953.99697237435,-2.0413
TXN-009912,2023-05-23,Marketing,North America,Completed,5721.35,2733.87,2987.4800000000005,0.5222
TXN-003151,2023-05-23,Operations,EMEA,Pending,1929.83,2088.92,-159.09000000000015,-0.0824
TXN-009463,2023-05-23,Customer Support,North America,Completed,4800.93,1374.31,3426.6200000000003,0.7137
TXN-010260,2023-05-24,Marketing,EMEA,Completed,5833.08,1012.12,4820.96,0.8265
TXN-011738,2023-05-24,Sales,EMEA,Pending,4035.42,1262.03,2773.3900000000003,0.6873
TXN-004898,2023-05-24,Customer Support,APAC,Completed,2725.0,4181.749838931351,-1456.7498389313514,-0.5346
TXN-010658,2023-05-24,Operations,LATAM,Completed,3875.55,2383.05,1492.5,0.3851
TXN-010125,2023-05-24,Customer Support,APAC,Completed,3277.16,6408.776146469258,-3131.6161464692577,-0.9556
TXN-002562,2023-05-25,Customer Support,APAC,Completed,4143.16,3958.5379510604594,184.6220489395405,0.0446
TXN-010613,2023-05-25,Marketing,APAC,Completed,5289.63,12508.815165695518,-7219.185165695518,-1.3648
TXN-000853,2023-05-25,Marketing,LATAM,Pending,6270.63,2373.18,3897.4500000000003,0.6215
TXN-008436,2023-05-25,Operations,APAC,Pending,2559.63,3069.3226010738654,-509.69260107386526,-0.1991
TXN-001222,2023-05-25,Marketing,North America,Completed,4378.15,1571.71,2806.4399999999996,0.641
TXN-011152,2023-05-25,Sales,APAC,Completed,2927.7,4253.532625216958,-1325.8326252169581,-0.4529
TXN-005024,2023-05-25,Engineering,North America,Completed,6176.88,2556.23,3620.65,0.5862
TXN-003776,2023-05-25,Operations,North America,Completed,4023.09,1267.07,2756.0200000000004,0.6851
TXN-001729,2023-05-25,Sales,APAC,Completed,4767.74,3982.652773370282,785.0872266297179,0.1647
TXN-009242,2023-05-26,Marketing,EMEA,Completed,4682.11,2073.46,2608.6499999999996,0.5572
TXN-006164,2023-05-26,Operations,North America,Completed,2311.48,1929.06,382.4200000000001,0.1654
TXN-001001,2023-05-26,Marketing,LATAM,Completed,6098.36,2563.88,3534.4799999999996,0.5796
TXN-003137,2023-05-26,Customer Support,APAC,Completed,3132.04,2991.9604537258933,140.07954627410663,0.0447
TXN-001415,2023-05-26,Customer Support,North America,Pending,6999.39,3639.04,3360.3500000000004,0.4801
TXN-004198,2023-05-26,Engineering,North America,Pending,5413.11,2112.97,3300.14,0.6097
TXN-011283,2023-05-26,Sales,North America,Completed,3561.39,1973.44,1587.9499999999998,0.4459
TXN-010983,2023-05-26,Customer Support,APAC,Completed,2279.9,9357.899089756584,-7077.999089756584,-3.1045
TXN-001994,2023-05-26,Operations,EMEA,Completed,4956.75,2822.46,2134.29,0.4306
TXN-009408,2023-05-26,Engineering,LATAM,Pending,4829.24,2026.52,2802.72,0.5804
TXN-010181,2023-05-26,Engineering,EMEA,Pending,3762.92,1447.74,2315.1800000000003,0.6153
TXN-009234,2023-05-26,Customer Support,North America,Completed,7068.76,1923.68,5145.08,0.7279
TXN-008726,2023-05-26,Marketing,North America,Completed,4397.0,1230.37,3166.63,0.7202
TXN-005666,2023-05-26,Engineering,EMEA,Completed,4012.64,315.73,3696.91,0.9213
TXN-001790,2023-05-26,Engineering,North America,Completed,5087.1,2770.9,2316.2000000000003,0.4553
TXN-002995,2023-05-27,Sales,North America,Completed,5123.86,2105.79,3018.0699999999997,0.589
TXN-001366,2023-05-27,Operations,APAC,Pending,5894.64,3842.4198392859857,2052.2201607140146,0.3482
TXN-003895,2023-05-27,Engineering,North America,Completed,6455.45,44.86,6410.59,0.9931
TXN-003877,2023-05-27,Marketing,EMEA,Completed,4743.47,1572.39,3171.08,0.6685
TXN-009162,2023-05-27,Marketing,LATAM,Pending,5659.55,2636.68,3022.8700000000003,0.5341
TXN-003412,2023-05-27,Customer Support,North America,Pending,6524.59,938.98,5585.610000000001,0.8561
TXN-010759,2023-05-27,Sales,EMEA,Completed,5901.86,3557.59,2344.2699999999995,0.3972
TXN-003266,2023-05-27,Customer Support,North America,Pending,6696.24,1637.72,5058.5199999999995,0.7554
TXN-010508,2023-05-27,Operations,APAC,Completed,3258.86,14805.677099953642,-11546.817099953641,-3.5432
TXN-008381,2023-05-27,Engineering,EMEA,Completed,4764.65,2091.71,2672.9399999999996,0.561
TXN-000623,2023-05-27,Sales,LATAM,Completed,6608.04,1445.15,5162.889999999999,0.7813
TXN-011504,2023-05-27,Customer Support,LATAM,Pending,6005.66,1696.81,4308.85,0.7175
TXN-011815,2023-05-27,Operations,EMEA,Completed,5644.09,2503.36,3140.73,0.5565
TXN-005930,2023-05-28,Engineering,LATAM,Completed,6779.32,1399.25,5380.07,0.7936
TXN-009780,2023-05-28,Operations,North America,Completed,1618.15,2123.47,-505.3199999999997,-0.3123
TXN-004067,2023-05-28,Operations,LATAM,Completed,6427.87,3125.85,3302.02,0.5137
TXN-011890,2023-05-28,Sales,APAC,Completed,5352.79,12495.859065510427,-7143.069065510427,-1.3345
TXN-008999,2023-05-28,Sales,EMEA,Pending,5988.9,2338.03,3650.8699999999994,0.6096
TXN-010736,2023-05-28,Sales,EMEA,Completed,4980.71,2811.95,2168.76,0.4354
TXN-002206,2023-05-28,Customer Support,EMEA,Completed,4545.66,1631.61,2914.05,0.6411
TXN-006567,2023-05-28,Sales,EMEA,Completed,4814.64,1727.15,3087.4900000000002,0.6413
TXN-008479,2023-05-29,Marketing,EMEA,Completed,3528.56,3360.14,168.42000000000007,0.0477
TXN-005522,2023-05-29,Operations,North America,Completed,6856.85,1667.59,5189.26,0.7568
TXN-004317,2023-05-29,Customer Support,North America,Completed,5548.06,1712.17,3835.8900000000003,0.6914
TXN-006440,2023-05-29,Engineering,North America,Completed,7146.55,3248.91,3897.6400000000003,0.5454
TXN-002681,2023-05-29,Customer Support,EMEA,Completed,3867.83,1221.24,2646.59,0.6843
TXN-009662,2023-05-29,Operations,EMEA,Completed,5130.4,1636.77,3493.6299999999997,0.681
TXN-001885,2023-05-29,Operations,APAC,Pending,3821.95,1946.6353301218278,1875.314669878172,0.4907
TXN-006306,2023-05-29,Sales,APAC,Completed,3909.68,9173.817620074768,-5264.137620074767,-1.3464
TXN-003609,2023-05-29,Engineering,EMEA,Completed,4408.28,3099.34,1308.9399999999996,0.2969
TXN-007128,2023-05-29,Operations,EMEA,Completed,6558.88,1915.33,4643.55,0.708
TXN-011911,2023-05-29,Customer Support,LATAM,Completed,6965.29,1152.92,5812.37,0.8345
TXN-004437,2023-05-29,Sales,North America,Completed,5396.69,2144.15,3252.5399999999995,0.6027
TXN-004695,2023-05-29,Engineering,EMEA,Completed,3581.93,40.09,3541.8399999999997,0.9888
TXN-006222,2023-05-29,Engineering,APAC,Completed,7475.8,7004.9439818647415,470.85601813525864,0.063
TXN-005808,2023-05-30,Sales,LATAM,Completed,6685.46,1912.33,4773.13,0.714
TXN-011940,2023-05-30,Sales,APAC,Completed,6218.7,6487.636108867529,-268.9361088675296,-0.0432
TXN-008103,2023-05-30,Operations,North America,Completed,1848.61,1455.3,393.30999999999995,0.2128
TXN-001382,2023-05-30,Customer Support,North America,Completed,4087.19,2368.26,1718.9299999999998,0.4206
TXN-002403,2023-05-30,Customer Support,LATAM,Completed,3723.76,1773.14,1950.6200000000001,0.5238
TXN-006525,2023-05-31,Engineering,LATAM,Completed,5504.72,2454.05,3050.67,0.5542
TXN-004519,2023-05-31,Customer Support,EMEA,Completed,4582.33,2866.26,1716.0699999999997,0.3745
TXN-003786,2023-05-31,Marketing,North America,Completed,4818.88,2230.2,2588.6800000000003,0.5372
TXN-003931,2023-05-31,Marketing,APAC,Completed,3276.7,2815.3680592955748,461.33194070442505,0.1408
TXN-003477,2023-05-31,Operations,North America,Pending,4860.89,931.17,3929.7200000000003,0.8084
TXN-006825,2023-05-31,Customer Support,North America,Completed,8614.13,1764.1,6850.029999999999,0.7952
TXN-004575,2023-05-31,Customer Support,EMEA,Completed,4228.6,2644.61,1583.9900000000002,0.3746
TXN-008948,2023-05-31,Engineering,EMEA,Completed,4852.14,1278.24,3573.9000000000005,0.7366
TXN-011367,2023-05-31,Operations,LATAM,Pending,6966.42,1645.86,5320.56,0.7637
TXN-007788,2023-05-31,Marketing,North America,Completed,5941.91,1421.12,4520.79,0.7608
TXN-009356,2023-05-31,Marketing,North America,Completed,4738.12,1654.17,3083.95,0.6509
TXN-000649,2023-05-31,Marketing,EMEA,Completed,7356.8,896.42,6460.38,0.8782
TXN-005042,2023-05-31,Sales,EMEA,Completed,5028.57,1739.56,3289.0099999999998,0.6541
TXN-008163,2023-05-31,Customer Support,LATAM,Completed,2034.73,1697.5,337.23,0.1657
TXN-002646,2023-05-31,Operations,EMEA,Completed,5353.8,1159.14,4194.66,0.7835
TXN-010279,2023-05-31,Operations,APAC,Completed,4269.14,10696.159391822985,-6427.019391822984,-1.5055
TXN-011268,2023-05-31,Customer Support,North America,Completed,8261.73,2405.25,5856.48,0.7089
TXN-001798,2023-06-01,Operations,LATAM,Completed,7446.16,2538.47,4907.6900000000005,0.6591
TXN-003785,2023-06-01,Marketing,LATAM,Pending,6022.42,2211.36,3811.06,0.6328
TXN-011722,2023-06-01,Sales,North America,Completed,3116.65,1040.97,2075.6800000000003,0.666
TXN-004899,2023-06-01,Operations,North America,Completed,6720.48,2439.03,4281.449999999999,0.6371
TXN-008634,2023-06-01,Operations,APAC,Completed,5818.61,2478.284782225658,3340.3252177743416,0.5741
TXN-007904,2023-06-01,Engineering,EMEA,Completed,6604.61,1658.33,4946.28,0.7489
TXN-003759,2023-06-01,Marketing,EMEA,Completed,5093.1,2080.82,3012.28,0.5914
TXN-010190,2023-06-01,Marketing,LATAM,Completed,7861.91,2238.58,5623.33,0.7153
TXN-002098,2023-06-01,Sales,APAC,Completed,5796.4,9366.024736404459,-3569.6247364044593,-0.6158
TXN-004649,2023-06-01,Sales,EMEA,Completed,2737.72,2521.53,216.1899999999996,0.079
TXN-000381,2023-06-01,Sales,EMEA,Completed,6454.85,2491.82,3963.03,0.614
TXN-010039,2023-06-01,Operations,LATAM,Completed,3256.54,2745.44,511.0999999999999,0.1569
TXN-008930,2023-06-01,Sales,EMEA,Pending,3561.08,1040.13,2520.95,0.7079
TXN-005929,2023-06-01,Sales,North America,Completed,4697.34,1165.52,3531.82,0.7519
TXN-006380,2023-06-01,Marketing,APAC,Completed,5749.11,11379.762180779708,-5630.652180779708,-0.9794
TXN-005897,2023-06-02,Sales,EMEA,Pending,5099.74,1660.21,3439.5299999999997,0.6745
TXN-002136,2023-06-02,Marketing,LATAM,Completed,4187.34,2326.03,1861.31,0.4445
TXN-002428,2023-06-02,Operations,EMEA,Completed,3289.44,1970.21,1319.23,0.4011
TXN-011663,2023-06-02,Marketing,North America,Completed,5951.29,1991.74,3959.55,0.6653
TXN-004334,2023-06-02,Operations,EMEA,Completed,4078.39,1031.79,3046.6,0.747
TXN-001721,2023-06-02,Operations,APAC,Completed,2283.16,662.6708236287844,1620.4891763712153,0.7098
TXN-004625,2023-06-02,Operations,EMEA,Pending,8333.9,2319.61,6014.289999999999,0.7217
TXN-010790,2023-06-02,Operations,APAC,Completed,6144.43,6247.236793294449,-102.80679329444865,-0.0167
TXN-001270,2023-06-02,Marketing,North America,Completed,5394.2,1977.08,3417.12,0.6335
TXN-008908,2023-06-03,Customer Support,North America,Completed,4859.19,2019.19,2839.9999999999995,0.5845
TXN-011459,2023-06-03,Operations,APAC,Pending,4628.69,3130.4334551260877,1498.256544873912,0.3237
TXN-010492,2023-06-03,Operations,APAC,Completed,4508.3,6669.957645865244,-2161.6576458652435,-0.4795
TXN-011660,2023-06-03,Customer Support,APAC,Pending,6029.94,9008.23416626415,-2978.2941662641506,-0.4939
TXN-009483,2023-06-03,Marketing,North America,Completed,3814.69,2918.29,896.4000000000001,0.235
TXN-006078,2023-06-03,Customer Support,LATAM,Completed,3773.24,1194.52,2578.72,0.6834
TXN-007555,2023-06-03,Customer Support,North America,Completed,4299.98,1751.01,2548.9699999999993,0.5928
TXN-003617,2023-06-03,Marketing,North America,Pending,6530.42,2679.73,3850.69,0.5897
TXN-000234,2023-06-03,Marketing,LATAM,Completed,3237.96,3478.13,-240.17000000000007,-0.0742
TXN-008294,2023-06-03,Operations,APAC,Pending,2742.25,2839.969671496745,-97.71967149674492,-0.0356
TXN-006585,2023-06-03,Customer Support,EMEA,Completed,6606.13,2137.28,4468.85,0.6765
TXN-009650,2023-06-03,Operations,APAC,Completed,6561.92,5983.059663797864,578.8603362021358,0.0882
TXN-008421,2023-06-03,Operations,LATAM,Completed,4150.15,775.78,3374.37,0.8131
TXN-010438,2023-06-03,Sales,EMEA,Completed,6264.81,197.51,6067.3,0.9685
TXN-009109,2023-06-03,Marketing,EMEA,Completed,5438.43,2532.38,2906.05,0.5344
TXN-005053,2023-06-03,Customer Support,LATAM,Completed,5896.02,1501.25,4394.77,0.7454
TXN-010976,2023-06-03,Engineering,North America,Completed,4929.5650000000005,1968.22,2961.3450000000003,0.6007
TXN-002910,2023-06-04,Sales,EMEA,Completed,5019.6,1238.13,3781.4700000000003,0.7533
TXN-011600,2023-06-04,Operations,North America,Completed,6352.09,1332.83,5019.26,0.7902
TXN-007111,2023-06-04,Sales,APAC,Pending,4674.71,2302.9655305880938,2371.7444694119063,0.5074
TXN-006850,2023-06-04,Sales,LATAM,Completed,6097.74,2106.46,3991.2799999999997,0.6546
TXN-007026,2023-06-04,Customer Support,APAC,Completed,5429.16,8350.655913806384,-2921.495913806384,-0.5381
TXN-000657,2023-06-04,Operations,EMEA,Completed,5017.19,2500.2,2516.99,0.5017
TXN-009981,2023-06-04,Customer Support,EMEA,Completed,2113.72,2563.77,-450.0500000000002,-0.2129
TXN-003971,2023-06-04,Sales,LATAM,Pending,4133.4,2248.37,1885.0299999999997,0.456
TXN-005082,2023-06-04,Operations,APAC,Completed,6396.07,6484.752814895703,-88.6828148957029,-0.0139
TXN-004790,2023-06-04,Operations,EMEA,Completed,1919.66,2538.53,-618.8700000000001,-0.3224
TXN-008250,2023-06-04,Engineering,EMEA,Pending,5791.59,1997.25,3794.34,0.6551
TXN-006363,2023-06-05,Customer Support,EMEA,Pending,6511.94,1791.06,4720.879999999999,0.725
TXN-010475,2023-06-05,Operations,APAC,Completed,3000.89,10754.723960289699,-7753.8339602896995,-2.5838
TXN-009910,2023-06-05,Sales,APAC,Completed,5338.7,4766.609170697074,572.0908293029261,0.1072
TXN-006630,2023-06-05,Engineering,North America,Completed,3967.69,3081.57,886.1199999999999,0.2233
TXN-004180,2023-06-05,Sales,North America,Completed,7710.17,3201.83,4508.34,0.5847
TXN-003687,2023-06-05,Engineering,LATAM,Completed,2720.4,2937.55,-217.1500000000001,-0.0798
TXN-011755,2023-06-05,Customer Support,EMEA,Completed,4462.36,2128.16,2334.2,0.5231
TXN-006072,2023-06-05,Marketing,APAC,Pending,3521.47,8600.716136453895,-5079.246136453896,-1.4424
TXN-003341,2023-06-05,Marketing,LATAM,Completed,5666.19,2779.29,2886.8999999999996,0.5095
TXN-005817,2023-06-05,Customer Support,EMEA,Completed,6420.19,1479.39,4940.799999999999,0.7696
TXN-011415,2023-06-05,Engineering,EMEA,Completed,6819.17,2163.92,4655.25,0.6827
TXN-010883,2023-06-05,Customer Support,APAC,Completed,2841.04,8336.688788462341,-5495.648788462341,-1.9344
TXN-010898,2023-06-05,Operations,LATAM,Pending,5061.55,2221.93,2839.6200000000003,0.561
TXN-008106,2023-06-05,Operations,North America,Completed,7251.42,1305.58,5945.84,0.82
TXN-001065,2023-06-05,Operations,North America,Pending,4385.32,2595.79,1789.5299999999997,0.4081
TXN-007980,2023-06-05,Customer Support,APAC,Completed,5133.37,6493.178024553637,-1359.8080245536376,-0.2649
TXN-007772,2023-06-05,Marketing,North America,Completed,4536.9,1470.44,3066.4599999999996,0.6759
TXN-000659,2023-06-05,Marketing,EMEA,Completed,4228.67,1870.88,2357.79,0.5576
TXN-007735,2023-06-06,Operations,EMEA,Completed,6344.59,912.75,5431.84,0.8561
TXN-005515,2023-06-06,Engineering,APAC,Completed,6112.74,6889.874340625477,-777.1343406254773,-0.1271
TXN-001198,2023-06-06,Engineering,North America,Completed,8278.97,2099.44,6179.529999999999,0.7464
TXN-010988,2023-06-06,Marketing,APAC,Completed,3692.93,10499.046931203564,-6806.116931203564,-1.843
TXN-009555,2023-06-06,Marketing,APAC,Pending,7382.85,6426.78737244911,956.0626275508903,0.1295
TXN-010259,2023-06-06,Marketing,EMEA,Pending,6901.63,2009.71,4891.92,0.7088
TXN-000016,2023-06-06,Operations,North America,Completed,2414.19,1380.89,1033.3,0.428
TXN-007401,2023-06-06,Marketing,North America,Pending,4333.8,971.91,3361.8900000000003,0.7757
TXN-009412,2023-06-06,Engineering,APAC,Pending,5590.58,5891.468273472045,-300.8882734720455,-0.0538
TXN-006219,2023-06-06,Engineering,North America,Completed,5864.17,1834.82,4029.3500000000004,0.6871
TXN-001111,2023-06-06,Sales,APAC,Completed,3002.53,7282.826119071568,-4280.296119071569,-1.4256
TXN-000605,2023-06-06,Engineering,LATAM,Completed,4504.39,2082.07,2422.32,0.5378
TXN-003978,2023-06-06,Marketing,APAC,Completed,6048.02,3440.3313890330674,2607.688610966933,0.4312
TXN-001486,2023-06-06,Operations,EMEA,Pending,6301.01,2388.24,3912.7700000000004,0.621
TXN-005256,2023-06-07,Operations,APAC,Completed,5414.21,7781.673421573837,-2367.463421573837,-0.4373
TXN-006310,2023-06-07,Sales,APAC,Completed,7580.54,13513.212493050149,-5932.672493050149,-0.7826
TXN-006441,2023-06-07,Marketing,APAC,Completed,3589.19,6735.898953454682,-3146.7089534546817,-0.8767
TXN-004979,2023-06-07,Customer Support,APAC,Completed,8287.62,5681.175040409988,2606.4449595900132,0.3145
TXN-010301,2023-06-07,Engineering,North America,Pending,3882.38,2471.95,1410.4300000000003,0.3633
TXN-010064,2023-06-07,Customer Support,EMEA,Completed,3472.53,1621.67,1850.8600000000001,0.533
TXN-005045,2023-06-07,Operations,APAC,Completed,4357.25,3128.598631689471,1228.651368310529,0.282
TXN-008311,2023-06-07,Marketing,LATAM,Pending,5533.91,2038.49,3495.42,0.6316
TXN-002936,2023-06-07,Engineering,North America,Completed,5637.25,2145.82,3491.43,0.6193
TXN-008800,2023-06-07,Marketing,EMEA,Completed,7026.56,1773.8,5252.76,0.7476
TXN-005217,2023-06-07,Engineering,LATAM,Pending,9470.48,1342.67,8127.8099999999995,0.8582
TXN-009201,2023-06-07,Customer Support,APAC,Completed,5675.29,4938.183884708888,737.1061152911116,0.1299
TXN-010920,2023-06-07,Customer Support,APAC,Completed,7394.33,10330.692519549892,-2936.3625195498917,-0.3971
TXN-004508,2023-06-07,Customer Support,LATAM,Completed,3544.94,3176.9,368.03999999999996,0.1038
TXN-001857,2023-06-07,Engineering,APAC,Completed,5722.1,4151.2318572814975,1570.868142718503,0.2745
TXN-005700,2023-06-07,Customer Support,EMEA,Pending,1729.55,1724.58,4.970000000000027,0.0029
TXN-005703,2023-06-07,Customer Support,LATAM,Completed,2803.72,2123.73,679.9899999999998,0.2425
TXN-009528,2023-06-07,Customer Support,EMEA,Completed,2040.96,1226.94,814.02,0.3988
TXN-007671,2023-06-08,Sales,EMEA,Completed,6565.73,2370.21,4195.5199999999995,0.639
TXN-007428,2023-06-08,Marketing,North America,Completed,5759.48,0.0,5759.48,1.0
TXN-000298,2023-06-08,Sales,North America,Completed,4465.77,2612.28,1853.4900000000002,0.415
TXN-004970,2023-06-08,Operations,LATAM,Completed,7359.61,3040.76,4318.849999999999,0.5868
TXN-005156,2023-06-08,Operations,APAC,Completed,4986.81,6851.979619852898,-1865.169619852898,-0.374
TXN-001900,2023-06-08,Customer Support,EMEA,Completed,4225.28,1299.9,2925.3799999999997,0.6924
TXN-011158,2023-06-08,Operations,EMEA,Completed,6392.82,1487.53,4905.29,0.7673
TXN-011972,2023-06-08,Engineering,APAC,Completed,6547.24,16694.87122289648,-10147.63122289648,-1.5499
TXN-007372,2023-06-08,Customer Support,North America,Completed,2678.05,1661.12,1016.9300000000003,0.3797
TXN-000027,2023-06-08,Customer Support,LATAM,Completed,5102.05,2004.9,3097.15,0.607
TXN-001742,2023-06-09,Engineering,APAC,Completed,5684.6,3617.747581741051,2066.8524182589495,0.3636
TXN-007545,2023-06-09,Customer Support,LATAM,Completed,6195.45,1841.59,4353.86,0.7028
TXN-007310,2023-06-09,Customer Support,North America,Completed,5109.07,2456.63,2652.4399999999996,0.5192
TXN-001635,2023-06-09,Sales,APAC,Completed,5412.99,10251.720221022848,-4838.730221022848,-0.8939
TXN-008281,2023-06-09,Engineering,North America,Completed,7301.29,2433.93,4867.360000000001,0.6666
TXN-002693,2023-06-09,Engineering,North America,Pending,5808.06,2055.2,3752.8600000000006,0.6461
TXN-001828,2023-06-09,Marketing,LATAM,Completed,6906.63,2060.07,4846.5599999999995,0.7017
TXN-005159,2023-06-09,Operations,North America,Completed,6144.9,1581.79,4563.11,0.7426
TXN-000780,2023-06-09,Sales,LATAM,Completed,5380.26,1440.05,3940.21,0.7323
TXN-008324,2023-06-09,Sales,North America,Completed,2865.11,2787.19,77.92000000000007,0.0272
TXN-003918,2023-06-09,Sales,LATAM,Completed,5158.74,2221.98,2936.7599999999998,0.5693
TXN-008853,2023-06-09,Sales,North America,Pending,5356.55,1682.01,3674.54,0.686
TXN-010442,2023-06-10,Engineering,North America,Completed,4581.23,3315.4,1265.8299999999995,0.2763
TXN-000369,2023-06-10,Operations,EMEA,Completed,8662.3,1452.08,7210.219999999999,0.8324
TXN-010962,2023-06-10,Engineering,North America,Completed,4691.06,1003.91,3687.1500000000005,0.786
TXN-000490,2023-06-10,Customer Support,EMEA,Completed,4684.85,1732.65,2952.2000000000003,0.6302
TXN-008027,2023-06-10,Marketing,LATAM,Pending,4683.99,2036.18,2647.8099999999995,0.5653
TXN-006451,2023-06-10,Marketing,APAC,Completed,5223.62,7869.969618788996,-2646.349618788996,-0.5066
TXN-004521,2023-06-10,Customer Support,North America,Completed,4088.72,1242.72,2846.0,0.6961
TXN-003614,2023-06-10,Customer Support,North America,Completed,4490.1,1834.93,2655.17,0.5913
TXN-002140,2023-06-10,Operations,North America,Pending,5666.07,567.67,5098.4,0.8998
TXN-009214,2023-06-10,Engineering,North America,Completed,4246.68,1304.58,2942.1000000000004,0.6928
TXN-002027,2023-06-10,Customer Support,EMEA,Completed,5118.59,2421.39,2697.2000000000003,0.5269
TXN-004301,2023-06-10,Operations,APAC,Completed,4412.39,10746.37364138428,-6333.9836413842795,-1.4355
TXN-003334,2023-06-10,Operations,APAC,Completed,2950.41,9877.753248339304,-6927.343248339304,-2.3479
TXN-008211,2023-06-11,Customer Support,North America,Completed,5904.01,2413.66,3490.3500000000004,0.5912
TXN-007568,2023-06-11,Marketing,LATAM,Completed,3805.28,2467.8,1337.48,0.3515
TXN-011640,2023-06-11,Customer Support,EMEA,Pending,6252.96,2626.22,3626.7400000000002,0.58
TXN-006588,2023-06-11,Engineering,LATAM,Completed,5785.09,801.21,4983.88,0.8615
TXN-001476,2023-06-11,Engineering,APAC,Completed,3376.92,10852.83084608432,-7475.91084608432,-2.2138
TXN-010549,2023-06-11,Sales,EMEA,Completed,3542.35,1648.78,1893.57,0.5346
TXN-006875,2023-06-11,Sales,EMEA,Completed,28.53,2164.22,-2135.6899999999996,-74.8577
TXN-003315,2023-06-11,Marketing,EMEA,Completed,2178.98,1194.6,984.3800000000001,0.4518
TXN-009564,2023-06-11,Marketing,APAC,Pending,4347.34,9372.952131012094,-5025.612131012094,-1.156
TXN-000751,2023-06-11,Sales,APAC,Completed,5847.47,8995.914637475436,-3148.444637475436,-0.5384
TXN-010965,2023-06-11,Engineering,North America,Completed,5936.63,473.75,5462.88,0.9202
TXN-009935,2023-06-11,Engineering,LATAM,Completed,4777.97,2501.99,2275.9800000000005,0.4763
TXN-002899,2023-06-12,Operations,LATAM,Completed,7843.07,2737.56,5105.51,0.651
TXN-008921,2023-06-12,Operations,EMEA,Completed,5347.74,1731.11,3616.63,0.6763
TXN-011093,2023-06-12,Sales,APAC,Completed,5219.71,7131.471908238797,-1911.7619082387973,-0.3663
TXN-011034,2023-06-12,Engineering,LATAM,Completed,3329.48,252.65,3076.83,0.9241
TXN-000399,2023-06-12,Engineering,APAC,Completed,5855.21,10821.863519919376,-4966.653519919376,-0.8482
TXN-002498,2023-06-12,Sales,LATAM,Completed,3025.44,1130.78,1894.66,0.6262
TXN-011164,2023-06-12,Marketing,APAC,Completed,5347.01,7823.125453090878,-2476.115453090878,-0.4631
TXN-005822,2023-06-12,Engineering,North America,Completed,7793.68,1822.87,5970.81,0.7661
TXN-001554,2023-06-12,Sales,North America,Completed,6417.49,2571.18,3846.31,0.5993
TXN-002430,2023-06-12,Engineering,LATAM,Completed,4852.42,1745.61,3106.8100000000004,0.6403
TXN-003659,2023-06-12,Operations,North America,Completed,3870.87,1597.26,2273.6099999999997,0.5874
TXN-000086,2023-06-12,Sales,LATAM,Completed,5968.22,1554.62,4413.6,0.7395
TXN-008457,2023-06-12,Marketing,North America,Completed,4312.32,1866.35,2445.97,0.5672
TXN-010464,2023-06-12,Marketing,North America,Pending,3883.31,2376.56,1506.75,0.388
TXN-011224,2023-06-12,Engineering,APAC,Completed,4352.7,10897.540625335761,-6544.840625335762,-1.5036
TXN-002595,2023-06-12,Engineering,APAC,Completed,6760.19,9613.613564218977,-2853.423564218977,-0.4221
TXN-006374,2023-06-13,Operations,North America,Pending,4813.56,3149.84,1663.7200000000003,0.3456
TXN-006012,2023-06-13,Engineering,APAC,Completed,8017.09,11105.062900554767,-3087.972900554767,-0.3852
TXN-000563,2023-06-13,Sales,EMEA,Completed,7341.47,1321.14,6020.33,0.82
TXN-008362,2023-06-13,Operations,EMEA,Completed,4993.22,1935.82,3057.4000000000005,0.6123
TXN-004202,2023-06-13,Operations,North America,Completed,655.98,878.2,-222.22000000000003,-0.3388
TXN-004977,2023-06-13,Marketing,APAC,Completed,5756.34,8967.493596896004,-3211.1535968960034,-0.5578
TXN-011491,2023-06-13,Customer Support,APAC,Completed,5807.28,6599.298220867363,-792.0182208673632,-0.1364
TXN-002063,2023-06-13,Operations,APAC,Completed,5333.88,7739.73460016545,-2405.8546001654495,-0.4511
TXN-003728,2023-06-13,Engineering,EMEA,Completed,5230.39,1732.16,3498.2300000000005,0.6688
TXN-004775,2023-06-13,Operations,LATAM,Completed,2600.26,2604.04,-3.7799999999997453,-0.0015
TXN-003310,2023-06-13,Marketing,North America,Completed,5064.12,2083.16,2980.96,0.5886
TXN-010015,2023-06-13,Operations,EMEA,Pending,3221.44,3074.62,146.82000000000016,0.0456
TXN-009371,2023-06-13,Customer Support,EMEA,Completed,3507.09,977.49,2529.6000000000004,0.7213
TXN-011697,2023-06-14,Marketing,North America,Pending,6397.77,2213.97,4183.800000000001,0.6539
TXN-007353,2023-06-14,Sales,APAC,Pending,4306.45,8142.796630201062,-3836.346630201062,-0.8908
TXN-002952,2023-06-14,Marketing,LATAM,Completed,6888.39,944.2,5944.1900000000005,0.8629
TXN-006040,2023-06-14,Marketing,EMEA,Pending,5741.03,2987.96,2753.0699999999997,0.4795
TXN-005865,2023-06-14,Sales,LATAM,Completed,7751.57,2052.87,5698.7,0.7352
TXN-002497,2023-06-14,Operations,LATAM,Completed,5329.47,2339.76,2989.71,0.561
TXN-005070,2023-06-14,Engineering,APAC,Pending,7616.33,5132.824950495316,2483.5050495046835,0.3261
TXN-000333,2023-06-14,Operations,EMEA,Completed,7919.92,1783.12,6136.8,0.7749
TXN-006914,2023-06-14,Sales,LATAM,Pending,4365.64,2588.44,1777.2000000000003,0.4071
TXN-005278,2023-06-14,Customer Support,LATAM,Completed,2444.68,2094.87,349.80999999999995,0.1431
TXN-001053,2023-06-14,Customer Support,EMEA,Completed,4157.42,2961.64,1195.7800000000002,0.2876
TXN-006383,2023-06-15,Engineering,North America,Pending,4724.78,1643.51,3081.2699999999995,0.6522
TXN-005036,2023-06-15,Sales,EMEA,Pending,3550.23,517.56,3032.67,0.8542
TXN-000121,2023-06-15,Sales,EMEA,Pending,5089.62,1641.18,3448.4399999999996,0.6775
TXN-001228,2023-06-15,Marketing,North America,Completed,7980.15,2091.23,5888.92,0.7379
TXN-010515,2023-06-15,Sales,EMEA,Completed,4294.31,2327.84,1966.4700000000003,0.4579
TXN-003050,2023-06-15,Customer Support,North America,Completed,7254.54,1389.53,5865.01,0.8085
TXN-009545,2023-06-15,Sales,APAC,Completed,4505.72,1440.75,3064.9700000000003,0.6802
TXN-005849,2023-06-15,Engineering,North America,Completed,5081.28,2314.09,2767.1899999999996,0.5446
TXN-009324,2023-06-15,Operations,LATAM,Completed,4382.02,1627.07,2754.9500000000007,0.6287
TXN-008682,2023-06-15,Customer Support,EMEA,Completed,4634.88,1742.2,2892.6800000000003,0.6241
TXN-000386,2023-06-15,Customer Support,EMEA,Pending,3549.29,3066.4,482.8899999999999,0.1361
TXN-008989,2023-06-15,Marketing,North America,Completed,5634.93,1916.93,3718.0,0.6598
TXN-009179,2023-06-15,Operations,North America,Completed,4712.55,632.89,4079.6600000000003,0.8657
TXN-007021,2023-06-15,Customer Support,North America,Completed,4134.53,1621.73,2512.7999999999997,0.6078
TXN-011340,2023-06-15,Customer Support,LATAM,Pending,5455.47,1653.04,3802.4300000000003,0.697
TXN-010397,2023-06-16,Engineering,North America,Pending,4963.27,2126.22,2837.0500000000006,0.5716
TXN-010846,2023-06-16,Sales,North America,Completed,8594.57,3078.32,5516.25,0.6418
TXN-001648,2023-06-16,Marketing,EMEA,Completed,5617.79,1806.86,3810.9300000000003,0.6784
TXN-000306,2023-06-16,Engineering,North America,Pending,4709.6,1126.1,3583.5000000000005,0.7609
TXN-002999,2023-06-16,Customer Support,LATAM,Pending,6554.17,2449.73,4104.4400000000005,0.6262
TXN-011973,2023-06-16,Sales,North America,Completed,4255.0,2649.43,1605.5700000000002,0.3773
TXN-006467,2023-06-16,Marketing,APAC,Completed,3541.62,3489.34,52.279999999999745,0.0148
TXN-007616,2023-06-16,Engineering,LATAM,Completed,6639.23,2009.77,4629.459999999999,0.6973
TXN-007366,2023-06-16,Marketing,APAC,Completed,4334.61,2083.39,2251.22,0.5194
TXN-005338,2023-06-16,Customer Support,LATAM,Pending,5934.34,3654.77,2279.57,0.3841
TXN-005641,2023-06-16,Engineering,LATAM,Completed,5287.35,749.48,4537.870000000001,0.8583
TXN-000910,2023-06-16,Customer Support,LATAM,Pending,4929.59,2349.78,2579.81,0.5233
TXN-007910,2023-06-16,Sales,EMEA,Completed,3984.21,896.2,3088.01,0.7751
TXN-011985,2023-06-17,Sales,North America,Pending,4726.5,2353.11,2373.39,0.5021
TXN-000777,2023-06-17,Customer Support,EMEA,Completed,4937.87,2527.62,2410.25,0.4881
TXN-007588,2023-06-17,Sales,APAC,Completed,4335.01,1806.08,2528.9300000000003,0.5834
TXN-001978,2023-06-17,Marketing,APAC,Completed,4071.35,923.11,3148.24,0.7733
TXN-011317,2023-06-17,Sales,North America,Completed,5540.46,2629.85,2910.61,0.5253
TXN-004725,2023-06-17,Operations,APAC,Completed,6213.43,1938.37,4275.06,0.688
TXN-010297,2023-06-17,Operations,APAC,Completed,4238.27,3023.81,1214.4600000000005,0.2865
TXN-003187,2023-06-18,Marketing,APAC,Completed,5105.56,1621.33,3484.2300000000005,0.6824
TXN-002979,2023-06-18,Operations,EMEA,Pending,5756.81,2947.64,2809.1700000000005,0.488
TXN-010018,2023-06-18,Engineering,LATAM,Completed,3477.65,2088.16,1389.4900000000002,0.3995
TXN-007576,2023-06-18,Customer Support,APAC,Completed,4011.57,2048.78,1962.79,0.4893
TXN-007874,2023-06-18,Operations,North America,Completed,4827.59,975.57,3852.02,0.7979
TXN-009899,2023-06-18,Operations,North America,Completed,5679.45,2634.95,3044.5,0.5361
TXN-008894,2023-06-18,Marketing,APAC,Pending,7633.9,2155.92,5477.98,0.7176
TXN-007062,2023-06-18,Operations,North America,Completed,4868.97,1965.23,2903.7400000000002,0.5964
TXN-000789,2023-06-18,Customer Support,EMEA,Completed,4933.72,1269.57,3664.1500000000005,0.7427
TXN-001299,2023-06-18,Customer Support,North America,Completed,3602.0,2101.34,1500.6599999999999,0.4166
TXN-011265,2023-06-18,Engineering,North America,Completed,3570.5,966.38,2604.12,0.7293
TXN-004668,2023-06-18,Marketing,LATAM,Pending,3323.69,3565.04,-241.3499999999999,-0.0726
TXN-005480,2023-06-18,Marketing,APAC,Completed,7406.31,1667.97,5738.34,0.7748
TXN-001500,2023-06-18,Customer Support,APAC,Completed,3818.63,0.0,3818.63,1.0
TXN-005099,2023-06-18,Customer Support,North America,Pending,5069.03,2081.0,2988.0299999999997,0.5895
TXN-007113,2023-06-18,Engineering,APAC,Completed,5035.74,1488.22,3547.5199999999995,0.7045
TXN-004236,2023-06-19,Marketing,North America,Completed,5996.52,1761.79,4234.7300000000005,0.7062
TXN-002494,2023-06-19,Customer Support,APAC,Completed,8229.09,1735.54,6493.55,0.7891
TXN-000733,2023-06-19,Engineering,APAC,Completed,5361.57,1787.99,3573.58,0.6665
TXN-006130,2023-06-19,Operations,APAC,Completed,3049.28,522.21,2527.07,0.8287
TXN-006797,2023-06-19,Marketing,LATAM,Pending,2728.47,1674.47,1053.9999999999998,0.3863
TXN-002657,2023-06-19,Sales,North America,Completed,7030.11,1874.88,5155.23,0.7333
TXN-011342,2023-06-19,Marketing,EMEA,Pending,4771.74,1654.9,3116.8399999999997,0.6532
TXN-007793,2023-06-19,Marketing,North America,Completed,5375.68,2845.98,2529.7000000000003,0.4706
TXN-005852,2023-06-19,Customer Support,LATAM,Completed,3418.91,2250.59,1168.3199999999997,0.3417
TXN-003770,2023-06-19,Marketing,North America,Completed,5284.03,3149.84,2134.1899999999996,0.4039
TXN-010056,2023-06-19,Customer Support,APAC,Completed,5895.73,2186.9,3708.8299999999995,0.6291
TXN-001767,2023-06-19,Engineering,LATAM,Completed,4310.12,957.03,3353.09,0.778
TXN-008481,2023-06-19,Marketing,LATAM,Completed,5036.38,983.02,4053.36,0.8048
TXN-004584,2023-06-19,Sales,APAC,Pending,6474.44,2576.82,3897.6199999999994,0.602
TXN-009639,2023-06-19,Engineering,LATAM,Completed,5863.53,4015.68,1847.85,0.3151
TXN-009881,2023-06-20,Customer Support,APAC,Pending,4400.46,2364.26,2036.1999999999998,0.4627
TXN-011584,2023-06-20,Marketing,North America,Completed,3170.99,2801.47,369.52,0.1165
TXN-003284,2023-06-20,Customer Support,North America,Completed,7517.13,2681.26,4835.87,0.6433
TXN-000583,2023-06-20,Engineering,North America,Completed,4379.2,666.97,3712.2299999999996,0.8477
TXN-002065,2023-06-20,Sales,EMEA,Completed,5542.29,1715.86,3826.4300000000003,0.6904
TXN-004417,2023-06-20,Engineering,EMEA,Completed,6735.73,743.3,5992.429999999999,0.8896
TXN-010321,2023-06-20,Operations,North America,Pending,4116.51,1483.79,2632.7200000000003,0.6396
TXN-001511,2023-06-20,Engineering,EMEA,Completed,4050.69,1894.15,2156.54,0.5324
TXN-006836,2023-06-20,Marketing,APAC,Pending,5684.5,2180.17,3504.33,0.6165
TXN-000420,2023-06-20,Engineering,LATAM,Completed,4151.82,2696.46,1455.3599999999997,0.3505
TXN-002574,2023-06-20,Engineering,APAC,Pending,6056.85,289.18,5767.67,0.9523
TXN-009646,2023-06-20,Marketing,APAC,Completed,6338.2,1813.48,4524.719999999999,0.7139
TXN-000619,2023-06-20,Marketing,APAC,Pending,5087.68,2110.39,2977.2900000000004,0.5852
TXN-007549,2023-06-21,Sales,APAC,Pending,4370.01,3385.32,984.69,0.2253
TXN-004797,2023-06-21,Engineering,LATAM,Completed,6790.31,1771.61,5018.700000000001,0.7391
TXN-004759,2023-06-21,Operations,North America,Completed,6414.61,2116.21,4298.4,0.6701
TXN-003720,2023-06-21,Customer Support,EMEA,Completed,6392.25,2268.11,4124.139999999999,0.6452
TXN-001665,2023-06-21,Customer Support,LATAM,Pending,3456.85,1217.83,2239.02,0.6477
TXN-008433,2023-06-21,Operations,LATAM,Completed,5085.21,2449.77,2635.44,0.5183
TXN-005832,2023-06-21,Customer Support,APAC,Completed,4731.53,2541.81,2189.72,0.4628
TXN-004359,2023-06-21,Customer Support,APAC,Pending,2275.56,2409.97,-134.40999999999985,-0.0591
TXN-002541,2023-06-21,Operations,LATAM,Completed,5314.03,2370.35,2943.68,0.5539
TXN-001124,2023-06-21,Marketing,LATAM,Completed,4864.73,3358.88,1505.8499999999995,0.3095
TXN-000618,2023-06-21,Marketing,North America,Completed,4324.17,3194.04,1130.13,0.2614
TXN-009518,2023-06-21,Engineering,North America,Completed,7810.98,1483.24,6327.74,0.8101
TXN-009657,2023-06-21,Engineering,APAC,Completed,6739.57,1922.06,4817.51,0.7148
TXN-008184,2023-06-22,Marketing,LATAM,Pending,3113.29,1727.39,1385.8999999999999,0.4452
TXN-000396,2023-06-22,Operations,EMEA,Completed,5617.98,3052.67,2565.3099999999995,0.4566
TXN-009581,2023-06-22,Operations,EMEA,Completed,7069.71,2856.95,4212.76,0.5959
TXN-008065,2023-06-22,Sales,LATAM,Completed,4131.59,840.27,3291.32,0.7966
TXN-005370,2023-06-22,Operations,LATAM,Completed,6261.25,2859.44,3401.81,0.5433
TXN-011384,2023-06-22,Engineering,APAC,Completed,3407.41,2869.66,537.75,0.1578
TXN-003782,2023-06-22,Customer Support,EMEA,Completed,5842.9,2760.67,3082.2299999999996,0.5275
TXN-001403,2023-06-22,Customer Support,North America,Completed,2142.58,1179.0,963.5799999999999,0.4497
TXN-010697,2023-06-22,Customer Support,APAC,Pending,5435.03,3410.05,2024.9799999999996,0.3726
TXN-002266,2023-06-22,Sales,APAC,Completed,3830.82,1486.9,2343.92,0.6119
TXN-007696,2023-06-22,Sales,LATAM,Completed,7132.0,1679.65,5452.35,0.7645
TXN-011711,2023-06-22,Customer Support,APAC,Completed,4847.549999999999,2511.34,2336.209999999999,0.4819
TXN-004050,2023-06-22,Sales,North America,Completed,3367.12,1509.58,1857.54,0.5517
TXN-006387,2023-06-23,Engineering,APAC,Completed,4992.12,2056.28,2935.8399999999997,0.5881
TXN-007789,2023-06-23,Operations,EMEA,Completed,7148.99,2507.19,4641.799999999999,0.6493
TXN-002613,2023-06-23,Operations,North America,Completed,4344.99,4211.66,133.32999999999993,0.0307
TXN-011389,2023-06-23,Customer Support,North America,Completed,6361.96,2179.52,4182.4400000000005,0.6574
TXN-005270,2023-06-23,Operations,APAC,Completed,4638.48,1997.82,2640.66,0.5693
TXN-010170,2023-06-23,Sales,LATAM,Completed,4505.71,1705.28,2800.4300000000003,0.6215
TXN-008321,2023-06-23,Engineering,EMEA,Completed,5952.11,1698.77,4253.34,0.7146
TXN-008349,2023-06-23,Engineering,LATAM,Pending,2595.99,2579.34,16.649999999999636,0.0064
TXN-003039,2023-06-23,Engineering,LATAM,Completed,4625.39,3575.1,1050.2900000000004,0.2271
TXN-006526,2023-06-23,Engineering,North America,Pending,6884.42,1773.16,5111.26,0.7424
TXN-004331,2023-06-23,Operations,North America,Completed,4155.02,1547.68,2607.34,0.6275
TXN-006561,2023-06-23,Operations,APAC,Completed,4446.15,1533.65,2912.4999999999995,0.6551
TXN-003846,2023-06-23,Customer Support,North America,Pending,5039.49,2481.27,2558.22,0.5076
TXN-008285,2023-06-23,Customer Support,APAC,Completed,3699.77,2490.25,1209.52,0.3269
TXN-003359,2023-06-23,Operations,EMEA,Completed,3315.91,2676.06,639.8499999999999,0.193
TXN-003589,2023-06-23,Engineering,EMEA,Completed,5406.31,3952.65,1453.6600000000003,0.2689
TXN-009317,2023-06-23,Operations,APAC,Completed,3106.66,1258.99,1847.6699999999998,0.5947
TXN-001997,2023-06-24,Marketing,North America,Completed,5320.4,2913.37,2407.0299999999997,0.4524
TXN-008958,2023-06-24,Engineering,North America,Completed,6893.04,900.51,5992.53,0.8694
TXN-008973,2023-06-24,Sales,EMEA,Pending,3918.84,2687.07,1231.77,0.3143
TXN-001907,2023-06-24,Sales,LATAM,Pending,3971.27,2536.39,1434.88,0.3613
TXN-000020,2023-06-24,Customer Support,LATAM,Completed,4897.41,840.09,4057.3199999999997,0.8285
TXN-010876,2023-06-24,Sales,North America,Completed,7130.46,2532.5,4597.96,0.6448
TXN-010415,2023-06-24,Sales,LATAM,Pending,2921.22,823.2,2098.0199999999995,0.7182
TXN-004151,2023-06-24,Operations,North America,Completed,4574.5,2662.89,1911.6100000000001,0.4179
TXN-006606,2023-06-24,Marketing,APAC,Completed,5688.85,2147.19,3541.6600000000003,0.6226
TXN-009626,2023-06-24,Sales,EMEA,Completed,5795.01,2400.08,3394.9300000000003,0.5858
TXN-005200,2023-06-24,Customer Support,LATAM,Pending,3327.22,1041.64,2285.58,0.6869
TXN-011007,2023-06-24,Sales,LATAM,Pending,3658.87,2526.94,1131.9299999999998,0.3094
TXN-010757,2023-06-24,Engineering,LATAM,Completed,5240.62,1669.62,3571.0,0.6814
TXN-011825,2023-06-24,Engineering,EMEA,Completed,7397.79,2653.92,4743.87,0.6413
TXN-001006,2023-06-24,Customer Support,LATAM,Completed,5380.39,2608.01,2772.38,0.5153
TXN-000558,2023-06-24,Customer Support,APAC,Completed,4266.5,2500.28,1766.2199999999998,0.414
TXN-000441,2023-06-25,Marketing,North America,Completed,3530.46,2933.9,596.56,0.169
TXN-009823,2023-06-25,Engineering,APAC,Pending,5137.02,3184.58,1952.4400000000005,0.3801
TXN-007867,2023-06-25,Engineering,North America,Completed,6118.38,716.91,5401.47,0.8828
TXN-004672,2023-06-25,Customer Support,EMEA,Completed,3494.63,2397.64,1096.9900000000002,0.3139
TXN-007581,2023-06-25,Sales,LATAM,Completed,4905.96,1543.48,3362.48,0.6854
TXN-003384,2023-06-25,Customer Support,North America,Completed,5658.18,1714.17,3944.01,0.697
TXN-010021,2023-06-25,Operations,APAC,Completed,6039.79,1616.36,4423.43,0.7324
TXN-010113,2023-06-25,Marketing,LATAM,Completed,3287.53,1620.36,1667.1700000000003,0.5071
TXN-005783,2023-06-25,Engineering,LATAM,Completed,2028.31,2901.38,-873.0700000000002,-0.4304
TXN-005598,2023-06-25,Engineering,EMEA,Pending,5671.52,2222.31,3449.2100000000005,0.6082
TXN-004410,2023-06-25,Sales,LATAM,Completed,2814.53,1566.14,1248.39,0.4436
TXN-005615,2023-06-25,Customer Support,EMEA,Completed,5018.91,487.64,4531.2699999999995,0.9028
TXN-002570,2023-06-25,Customer Support,APAC,Completed,4983.07,1134.37,3848.7,0.7724
TXN-010109,2023-06-25,Operations,LATAM,Pending,3023.17,1544.62,1478.5500000000002,0.4891
TXN-008748,2023-06-25,Engineering,APAC,Pending,6175.65,3266.49,2909.16,0.4711
TXN-008030,2023-06-25,Operations,LATAM,Pending,6076.85,731.23,5345.620000000001,0.8797
TXN-006565,2023-06-25,Engineering,LATAM,Completed,4388.72,1506.7,2882.0200000000004,0.6567
TXN-011157,2023-06-26,Operations,LATAM,Pending,3767.65,1648.73,2118.92,0.5624
TXN-007266,2023-06-26,Marketing,LATAM,Pending,3748.77,93.03,3655.74,0.9752
TXN-008142,2023-06-26,Operations,North America,Completed,3299.05,2119.59,1179.46,0.3575
TXN-000468,2023-06-26,Customer Support,North America,Completed,4302.81,1771.46,2531.3500000000004,0.5883
TXN-011817,2023-06-26,Operations,North America,Completed,1844.76,2422.6,-577.8399999999999,-0.3132
TXN-008068,2023-06-26,Engineering,APAC,Completed,6289.47,3910.92,2378.55,0.3782
TXN-008259,2023-06-26,Sales,North America,Completed,4992.65,2003.67,2988.9799999999996,0.5987
TXN-011236,2023-06-26,Marketing,North America,Pending,5810.26,1898.9,3911.36,0.6732
TXN-005331,2023-06-26,Customer Support,APAC,Pending,4349.47,713.05,3636.42,0.8361
TXN-001952,2023-06-26,Marketing,EMEA,Completed,5127.22,3163.16,1964.0600000000004,0.3831
TXN-011520,2023-06-27,Operations,LATAM,Completed,4491.67,1484.24,3007.4300000000003,0.6696
TXN-001514,2023-06-27,Engineering,North America,Pending,3624.57,1870.16,1754.41,0.484
TXN-006838,2023-06-27,Marketing,EMEA,Pending,7799.72,1047.33,6752.39,0.8657
TXN-000266,2023-06-27,Sales,LATAM,Pending,4627.87,3132.2,1495.67,0.3232
TXN-001708,2023-06-27,Sales,EMEA,Completed,5831.85,2186.74,3645.1100000000006,0.625
TXN-003601,2023-06-27,Operations,LATAM,Pending,4936.38,533.08,4403.3,0.892
TXN-006899,2023-06-27,Engineering,APAC,Completed,6002.08,540.9,5461.18,0.9099
TXN-000319,2023-06-27,Operations,North America,Completed,5471.93,3526.99,1944.9400000000005,0.3554
TXN-011409,2023-06-27,Customer Support,APAC,Completed,2928.74,2200.1,728.6399999999999,0.2488
TXN-008247,2023-06-27,Sales,EMEA,Completed,5548.33,3374.1,2174.23,0.3919
TXN-007856,2023-06-27,Operations,EMEA,Completed,5311.05,3141.52,2169.53,0.4085
TXN-000080,2023-06-27,Customer Support,North America,Completed,5462.19,1996.29,3465.8999999999996,0.6345
TXN-001321,2023-06-28,Marketing,North America,Completed,5097.27,1168.15,3929.1200000000003,0.7708
TXN-009699,2023-06-28,Customer Support,North America,Completed,7957.5,2836.29,5121.21,0.6436
TXN-007004,2023-06-28,Marketing,APAC,Completed,3886.5,1046.55,2839.95,0.7307
TXN-006800,2023-06-28,Marketing,EMEA,Completed,4381.98,983.84,3398.1399999999994,0.7755
TXN-006632,2023-06-28,Customer Support,APAC,Completed,5217.81,2108.41,3109.4000000000005,0.5959
TXN-011008,2023-06-28,Engineering,LATAM,Completed,1683.67,3582.53,-1898.8600000000001,-1.1278
TXN-005753,2023-06-28,Marketing,LATAM,Completed,5352.82,2613.77,2739.0499999999997,0.5117
TXN-011119,2023-06-28,Operations,LATAM,Completed,7634.85,1451.93,6182.92,0.8098
TXN-008474,2023-06-28,Marketing,LATAM,Completed,6583.26,3367.45,3215.8100000000004,0.4885
TXN-007580,2023-06-28,Operations,APAC,Completed,5505.82,2535.89,2969.93,0.5394
TXN-002666,2023-06-29,Sales,EMEA,Completed,3283.3,1314.19,1969.1100000000001,0.5997
TXN-011935,2023-06-29,Marketing,EMEA,Pending,4189.88,2221.82,1968.06,0.4697
TXN-011925,2023-06-29,Operations,EMEA,Completed,5502.82,1591.23,3911.5899999999997,0.7108
TXN-009213,2023-06-29,Engineering,LATAM,Completed,5573.55,2681.15,2892.4,0.519
TXN-000324,2023-06-29,Customer Support,APAC,Completed,4419.38,4033.04,386.34000000000015,0.0874
TXN-011712,2023-06-29,Marketing,North America,Pending,7836.22,2822.41,5013.81,0.6398
TXN-011515,2023-06-29,Operations,LATAM,Completed,4897.47,679.67,4217.8,0.8612
TXN-008293,2023-06-29,Engineering,EMEA,Completed,6571.08,3154.2,3416.88,0.52
TXN-008492,2023-06-29,Operations,North America,Completed,5974.3,1972.19,4002.11,0.6699
TXN-004116,2023-06-29,Sales,EMEA,Completed,4564.19,1467.75,3096.4399999999996,0.6784
TXN-003190,2023-06-29,Engineering,North America,Pending,3893.67,3073.42,820.25,0.2107
TXN-001026,2023-06-29,Operations,APAC,Completed,6108.27,2441.94,3666.3300000000004,0.6002
TXN-003189,2023-06-29,Sales,North America,Completed,2444.07,3003.04,-558.9699999999998,-0.2287
TXN-005650,2023-06-29,Customer Support,APAC,Completed,6752.56,3105.23,3647.3300000000004,0.5401
TXN-006792,2023-06-29,Marketing,LATAM,Completed,3384.55,1614.52,1770.0300000000002,0.523
TXN-002263,2023-06-29,Marketing,EMEA,Completed,7703.78,3444.07,4259.709999999999,0.5529
TXN-002922,2023-06-29,Operations,EMEA,Completed,3803.44,785.49,3017.95,0.7935
TXN-002244,2023-06-29,Engineering,APAC,Completed,5618.9,1886.33,3732.5699999999997,0.6643
TXN-000639,2023-06-30,Operations,LATAM,Completed,5016.785,1130.24,3886.545,0.7747
TXN-002793,2023-06-30,Engineering,North America,Completed,5559.53,2024.13,3535.3999999999996,0.6359
TXN-009103,2023-06-30,Engineering,APAC,Completed,7722.65,2090.82,5631.83,0.7293
TXN-004540,2023-06-30,Marketing,EMEA,Completed,4471.59,2366.8,2104.79,0.4707
TXN-004185,2023-06-30,Operations,North America,Pending,4689.74,1743.4,2946.3399999999997,0.6283
TXN-007641,2023-06-30,Sales,APAC,Completed,5872.83,1656.57,4216.26,0.7179
TXN-005111,2023-06-30,Engineering,APAC,Completed,6745.37,1505.49,5239.88,0.7768
TXN-006354,2023-06-30,Operations,APAC,Completed,5734.52,2298.74,3435.7800000000007,0.5991
TXN-011785,2023-06-30,Marketing,APAC,Completed,5037.7,2924.05,2113.6499999999996,0.4196
TXN-011892,2023-06-30,Marketing,APAC,Completed,3273.58,3420.31,-146.73000000000002,-0.0448
TXN-006908,2023-06-30,Marketing,North America,Pending,4042.86,2602.02,1440.8400000000001,0.3564
TXN-003054,2023-06-30,Marketing,North America,Pending,4178.8,1039.09,3139.71,0.7513
TXN-003142,2023-06-30,Customer Support,LATAM,Completed,5741.47,1812.61,3928.8600000000006,0.6843
TXN-008763,2023-07-01,Marketing,APAC,Pending,4065.66,1633.11,2432.55,0.5983
TXN-007891,2023-07-01,Sales,EMEA,Completed,8244.66,0.0,8244.66,1.0
TXN-006557,2023-07-01,Marketing,APAC,Completed,5903.1,3759.57,2143.53,0.3631
TXN-006891,2023-07-01,Operations,EMEA,Completed,4181.82,1983.24,2198.58,0.5257
TXN-002597,2023-07-01,Sales,EMEA,Completed,6634.25,1511.55,5122.7,0.7722
TXN-008676,2023-07-01,Sales,LATAM,Completed,5649.91,1781.55,3868.3599999999997,0.6847
TXN-002254,2023-07-01,Operations,North America,Pending,4678.78,1425.59,3253.1899999999996,0.6953
TXN-010977,2023-07-01,Operations,LATAM,Completed,2325.01,1750.1,574.9100000000003,0.2473
TXN-006317,2023-07-01,Sales,APAC,Completed,5959.0,2727.06,3231.94,0.5424
TXN-007343,2023-07-01,Sales,EMEA,Completed,1914.07,3184.95,-1270.8799999999999,-0.664
TXN-008239,2023-07-01,Customer Support,EMEA,Completed,5928.99,3280.77,2648.22,0.4467
TXN-006122,2023-07-01,Sales,EMEA,Completed,6378.44,1579.55,4798.889999999999,0.7524
TXN-008907,2023-07-01,Engineering,LATAM,Pending,4178.17,1449.17,2729.0,0.6532
TXN-001149,2023-07-02,Engineering,EMEA,Completed,5773.34,1604.52,4168.82,0.7221
TXN-010995,2023-07-02,Engineering,North America,Completed,5192.7,2192.68,3000.02,0.5777
TXN-000222,2023-07-02,Engineering,EMEA,Completed,5903.75,1078.64,4825.11,0.8173
TXN-008316,2023-07-02,Marketing,EMEA,Completed,2873.35,2381.77,491.5799999999999,0.1711
TXN-002516,2023-07-02,Operations,North America,Completed,4608.58,1841.78,2766.8,0.6004
TXN-009843,2023-07-02,Sales,North America,Pending,5522.3,973.86,4548.4400000000005,0.8236
TXN-007862,2023-07-02,Engineering,EMEA,Pending,3800.19,1316.34,2483.8500000000004,0.6536
TXN-011095,2023-07-02,Marketing,North America,Completed,4685.71,2443.43,2242.28,0.4785
TXN-010323,2023-07-02,Operations,LATAM,Completed,2564.34,1330.77,1233.5700000000002,0.481
TXN-005242,2023-07-02,Sales,APAC,Pending,6038.71,3435.88,2602.83,0.431
TXN-007872,2023-07-02,Operations,LATAM,Completed,5675.25,3329.4,2345.85,0.4133
TXN-000393,2023-07-02,Marketing,EMEA,Pending,2458.05,358.17,2099.88,0.8543
TXN-001174,2023-07-02,Marketing,North America,Completed,5792.09,2362.09,3430.0,0.5922
TXN-008822,2023-07-02,Customer Support,APAC,Completed,6352.29,2609.77,3742.52,0.5892
TXN-008539,2023-07-02,Operations,EMEA,Pending,6799.7,169.87,6629.83,0.975
TXN-011580,2023-07-02,Marketing,EMEA,Pending,3815.2,1560.21,2254.99,0.5911
TXN-001709,2023-07-02,Marketing,LATAM,Completed,2980.72,1322.51,1658.2099999999998,0.5563
TXN-010462,2023-07-02,Customer Support,APAC,Pending,3018.32,1747.75,1270.5700000000002,0.421
TXN-002772,2023-07-03,Operations,APAC,Pending,2895.77,2171.4,724.3699999999999,0.2501
TXN-008690,2023-07-03,Marketing,North America,Pending,6665.95,2763.64,3902.31,0.5854
TXN-003256,2023-07-03,Customer Support,APAC,Completed,4914.05,263.31,4650.74,0.9464
TXN-006159,2023-07-03,Marketing,EMEA,Completed,6936.18,1297.57,5638.610000000001,0.8129
TXN-009804,2023-07-03,Customer Support,APAC,Completed,3735.96,1616.92,2119.04,0.5672
TXN-009822,2023-07-03,Marketing,EMEA,Completed,6467.77,2737.76,3730.01,0.5767
TXN-010621,2023-07-03,Customer Support,APAC,Completed,3597.0,1489.53,2107.4700000000003,0.5859
TXN-005945,2023-07-03,Customer Support,LATAM,Completed,3473.48,1881.22,1592.26,0.4584
TXN-006833,2023-07-03,Customer Support,North America,Completed,3243.17,2635.81,607.3600000000001,0.1873
TXN-003354,2023-07-03,Engineering,North America,Completed,7160.72,1313.06,5847.66,0.8166
TXN-005460,2023-07-03,Marketing,LATAM,Pending,5575.89,1881.29,3694.6000000000004,0.6626
TXN-011440,2023-07-03,Sales,APAC,Completed,4966.65,3187.04,1779.6099999999997,0.3583
TXN-003497,2023-07-03,Marketing,EMEA,Pending,1641.44,1927.89,-286.45000000000005,-0.1745
TXN-007465,2023-07-04,Marketing,EMEA,Pending,4944.83,3433.46,1511.37,0.3056
TXN-003546,2023-07-04,Sales,North America,Completed,6079.54,2505.67,3573.87,0.5879
TXN-009223,2023-07-04,Sales,EMEA,Completed,4981.54,3070.29,1911.25,0.3837
TXN-005236,2023-07-04,Sales,APAC,Completed,7264.39,2303.31,4961.08,0.6829
TXN-009672,2023-07-04,Marketing,APAC,Pending,5318.93,1467.64,3851.29,0.7241
TXN-003091,2023-07-04,Operations,LATAM,Completed,3967.79,2790.41,1177.38,0.2967
TXN-005395,2023-07-04,Marketing,APAC,Pending,6873.17,3352.44,3520.73,0.5122
TXN-008347,2023-07-04,Operations,APAC,Pending,4577.8,1135.3,3442.5,0.752
TXN-002682,2023-07-05,Customer Support,EMEA,Completed,5639.19,1668.0,3971.1899999999996,0.7042
TXN-009177,2023-07-05,Operations,LATAM,Pending,5885.28,2255.09,3630.1899999999996,0.6168
TXN-001206,2023-07-05,Sales,North America,Completed,6222.13,931.18,5290.95,0.8503
TXN-000732,2023-07-05,Marketing,APAC,Pending,4276.51,1496.22,2780.29,0.6501
TXN-003715,2023-07-05,Customer Support,North America,Completed,2492.9,3387.59,-894.69,-0.3589
TXN-002255,2023-07-05,Sales,EMEA,Completed,6898.9,2800.73,4098.17,0.594
TXN-001474,2023-07-05,Engineering,APAC,Pending,5338.56,1363.87,3974.6900000000005,0.7445
TXN-007684,2023-07-05,Engineering,APAC,Completed,6131.92,675.9,5456.02,0.8898
TXN-008751,2023-07-05,Engineering,North America,Pending,3127.4,1321.75,1805.65,0.5774
TXN-005620,2023-07-06,Operations,EMEA,Completed,5913.86,1435.69,4478.17,0.7572
TXN-000075,2023-07-06,Engineering,North America,Pending,4881.49,1727.67,3153.8199999999997,0.6461
TXN-005489,2023-07-06,Marketing,North America,Completed,5174.23,1256.07,3918.16,0.7572
TXN-008025,2023-07-06,Sales,APAC,Completed,3725.24,2725.67,999.5699999999997,0.2683
TXN-008162,2023-07-06,Marketing,North America,Completed,3222.64,1781.79,1440.85,0.4471
TXN-006666,2023-07-06,Sales,APAC,Completed,2328.89,2349.99,-21.09999999999991,-0.0091
TXN-000187,2023-07-06,Engineering,APAC,Completed,3507.29,2534.39,972.9000000000001,0.2774
TXN-008490,2023-07-06,Customer Support,North America,Pending,4897.39,2677.13,2220.26,0.4534
TXN-011751,2023-07-06,Customer Support,North America,Completed,3601.01,1552.92,2048.09,0.5688
TXN-000977,2023-07-06,Sales,North America,Completed,3845.73,1114.99,2730.74,0.7101
TXN-005195,2023-07-06,Marketing,EMEA,Completed,5093.1,3184.08,1909.0200000000004,0.3748
TXN-009078,2023-07-06,Sales,LATAM,Completed,5406.64,3167.08,2239.5600000000004,0.4142
TXN-005715,2023-07-06,Operations,LATAM,Completed,5542.65,1273.45,4269.2,0.7702
TXN-010668,2023-07-06,Operations,LATAM,Completed,5306.18,2251.93,3054.2500000000005,0.5756
TXN-006061,2023-07-06,Operations,APAC,Completed,5609.61,1391.27,4218.34,0.752
TXN-002520,2023-07-06,Operations,LATAM,Pending,2771.96,1598.1,1173.8600000000001,0.4235
TXN-004984,2023-07-06,Sales,EMEA,Completed,2681.01,1833.18,847.8300000000002,0.3162
TXN-006259,2023-07-07,Operations,APAC,Completed,6245.73,1999.79,4245.94,0.6798
TXN-009199,2023-07-07,Operations,APAC,Pending,7659.86,2002.17,5657.69,0.7386
TXN-007359,2023-07-07,Marketing,APAC,Completed,5771.67,3527.59,2244.08,0.3888
TXN-011270,2023-07-07,Sales,LATAM,Completed,4572.62,2070.5,2502.12,0.5472
TXN-008213,2023-07-07,Engineering,EMEA,Pending,4947.94,3265.54,1682.3999999999996,0.34
TXN-005673,2023-07-07,Engineering,North America,Pending,6389.39,1550.51,4838.88,0.7573
TXN-011757,2023-07-07,Sales,LATAM,Completed,4899.3,1118.61,3780.6900000000005,0.7717
TXN-003646,2023-07-07,Engineering,LATAM,Completed,6226.25,3832.52,2393.73,0.3845
TXN-000109,2023-07-07,Operations,North America,Pending,4321.43,1849.94,2471.4900000000002,0.5719
TXN-005051,2023-07-07,Operations,North America,Completed,4116.31,1832.26,2284.05,0.5549
TXN-011781,2023-07-07,Marketing,LATAM,Completed,5750.62,1243.76,4506.86,0.7837
TXN-005862,2023-07-07,Engineering,APAC,Completed,4684.85,1791.68,2893.17,0.6176
TXN-008964,2023-07-07,Marketing,EMEA,Completed,5427.94,2894.7,2533.24,0.4667
TXN-001425,2023-07-07,Sales,LATAM,Completed,6238.24,2949.83,3288.41,0.5271
TXN-007141,2023-07-07,Sales,LATAM,Completed,5428.14,2017.07,3411.0700000000006,0.6284
TXN-003580,2023-07-08,Customer Support,North America,Pending,4299.7,1996.29,2303.41,0.5357
TXN-000852,2023-07-08,Sales,EMEA,Completed,4895.27,2161.41,2733.8600000000006,0.5585
TXN-000132,2023-07-08,Sales,APAC,Completed,7136.24,2948.45,4187.79,0.5868
TXN-000055,2023-07-08,Sales,EMEA,Completed,6936.0,1233.93,5702.07,0.8221
TXN-002847,2023-07-08,Sales,LATAM,Pending,6101.21,3031.88,3069.33,0.5031
TXN-011535,2023-07-08,Operations,North America,Completed,3483.33,1101.6,2381.73,0.6838
TXN-002047,2023-07-08,Engineering,EMEA,Completed,5168.9,1494.64,3674.2599999999993,0.7108
TXN-001645,2023-07-08,Operations,LATAM,Pending,2806.68,2000.4,806.2799999999997,0.2873
TXN-011075,2023-07-08,Marketing,LATAM,Completed,7630.09,1579.72,6050.37,0.793
TXN-007736,2023-07-08,Customer Support,EMEA,Completed,3227.26,1704.94,1522.3200000000002,0.4717
TXN-004754,2023-07-08,Marketing,APAC,Completed,1870.77,2091.58,-220.80999999999995,-0.118
TXN-002211,2023-07-08,Sales,LATAM,Completed,3101.76,1781.38,1320.38,0.4257
TXN-010194,2023-07-08,Customer Support,North America,Completed,3252.61,1841.91,1410.7,0.4337
TXN-002214,2023-07-09,Customer Support,North America,Completed,7131.41,825.28,6306.13,0.8843
TXN-005944,2023-07-09,Operations,APAC,Completed,6261.83,210.06,6051.7699999999995,0.9665
TXN-007637,2023-07-09,Engineering,EMEA,Pending,8112.59,1819.07,6293.52,0.7758
TXN-009678,2023-07-09,Engineering,APAC,Pending,5956.58,1280.57,4676.01,0.785
TXN-004135,2023-07-09,Marketing,APAC,Completed,6234.3,3342.39,2891.9100000000003,0.4639
TXN-007230,2023-07-09,Customer Support,EMEA,Completed,3286.86,576.82,2710.04,0.8245
TXN-001936,2023-07-09,Sales,North America,Pending,5032.89,1112.13,3920.76,0.779
TXN-007443,2023-07-09,Operations,North America,Completed,3099.65,847.21,2252.44,0.7267
TXN-004691,2023-07-09,Engineering,APAC,Completed,5609.51,791.99,4817.52,0.8588
TXN-004931,2023-07-09,Customer Support,LATAM,Completed,4929.59,2238.11,2691.48,0.546
TXN-008804,2023-07-09,Customer Support,North America,Pending,8210.92,1487.43,6723.49,0.8188
TXN-009521,2023-07-10,Marketing,EMEA,Completed,6760.66,3716.51,3044.1499999999996,0.4503
TXN-011300,2023-07-10,Operations,North America,Completed,6011.77,2525.03,3486.7400000000002,0.58
TXN-000871,2023-07-10,Marketing,APAC,Completed,5102.71,1463.69,3639.02,0.7132
TXN-004585,2023-07-10,Marketing,EMEA,Pending,6046.56,2364.31,3682.2500000000005,0.609
TXN-006796,2023-07-10,Engineering,North America,Completed,2516.54,2389.1,127.44000000000005,0.0506
TXN-002502,2023-07-10,Operations,EMEA,Completed,4597.21,2443.93,2153.28,0.4684
TXN-009182,2023-07-10,Customer Support,EMEA,Completed,5780.67,2741.92,3038.75,0.5257
TXN-001931,2023-07-10,Sales,North America,Completed,5835.28,1633.44,4201.84,0.7201
TXN-005662,2023-07-10,Marketing,EMEA,Completed,4027.88,2634.65,1393.23,0.3459
TXN-011863,2023-07-10,Sales,APAC,Completed,4303.69,2095.58,2208.1099999999997,0.5131
TXN-008971,2023-07-10,Customer Support,North America,Completed,4581.26,4254.92,326.34000000000015,0.0712
TXN-010318,2023-07-10,Marketing,APAC,Completed,4485.71,1569.44,2916.27,0.6501
TXN-008314,2023-07-10,Engineering,APAC,Completed,6712.86,2279.5,4433.36,0.6604
TXN-001695,2023-07-10,Sales,North America,Completed,3906.52,1679.02,2227.5,0.5702
TXN-005547,2023-07-10,Sales,EMEA,Completed,5606.89,1783.64,3823.25,0.6819
TXN-006545,2023-07-10,Sales,APAC,Completed,3052.4,3970.73,-918.3299999999999,-0.3009
TXN-008729,2023-07-10,Customer Support,EMEA,Completed,5572.74,1502.07,4070.67,0.7305
TXN-001002,2023-07-10,Operations,North America,Completed,4166.38,2807.56,1358.8200000000002,0.3261
TXN-004131,2023-07-10,Sales,APAC,Completed,5048.8,1980.98,3067.82,0.6076
TXN-003529,2023-07-10,Customer Support,North America,Completed,7027.94,1478.36,5549.58,0.7896
TXN-006663,2023-07-10,Operations,North America,Pending,7065.1,958.25,6106.85,0.8644
TXN-005802,2023-07-11,Engineering,LATAM,Completed,7590.15,2902.64,4687.51,0.6176
TXN-009531,2023-07-11,Operations,APAC,Pending,4727.85,3086.24,1641.6100000000006,0.3472
TXN-006290,2023-07-11,Engineering,EMEA,Completed,5812.28,1756.25,4056.0299999999997,0.6978
TXN-010679,2023-07-11,Operations,APAC,Completed,3311.93,1349.82,1962.11,0.5924
TXN-007634,2023-07-11,Sales,APAC,Pending,4777.24,3279.23,1498.0099999999998,0.3136
TXN-003749,2023-07-11,Marketing,EMEA,Completed,7513.05,2192.54,5320.51,0.7082
TXN-006864,2023-07-11,Operations,LATAM,Completed,6149.42,1927.33,4222.09,0.6866
TXN-000813,2023-07-11,Engineering,North America,Pending,4533.43,2131.12,2402.3100000000004,0.5299
TXN-011405,2023-07-11,Sales,EMEA,Completed,4024.73,2064.88,1959.85,0.487
TXN-005810,2023-07-11,Marketing,North America,Pending,4624.82,366.13,4258.69,0.9208
TXN-004654,2023-07-11,Engineering,APAC,Completed,6390.53,1333.12,5057.41,0.7914
TXN-006581,2023-07-12,Sales,North America,Completed,8181.79,2082.55,6099.24,0.7455
TXN-011965,2023-07-12,Sales,LATAM,Pending,5473.48,3117.79,2355.6899999999996,0.4304
TXN-005391,2023-07-12,Marketing,LATAM,Completed,4772.76,280.88,4491.88,0.9411
TXN-004237,2023-07-12,Engineering,LATAM,Completed,5233.11,2369.97,2863.14,0.5471
TXN-009942,2023-07-12,Marketing,EMEA,Completed,5139.96,2081.04,3058.92,0.5951
TXN-000433,2023-07-12,Operations,LATAM,Completed,5016.785,2105.99,2910.795,0.5802
TXN-003294,2023-07-12,Sales,EMEA,Completed,5437.93,1800.83,3637.1000000000004,0.6688
TXN-004369,2023-07-12,Engineering,EMEA,Completed,5066.98,3284.3,1782.6799999999994,0.3518
TXN-008026,2023-07-12,Marketing,LATAM,Pending,6253.75,2913.68,3340.07,0.5341
TXN-004306,2023-07-12,Marketing,North America,Completed,3575.98,2351.94,1224.04,0.3423
TXN-009490,2023-07-12,Sales,APAC,Completed,5657.88,2049.99,3607.8900000000003,0.6377
TXN-010066,2023-07-12,Engineering,APAC,Completed,4435.89,1095.04,3340.8500000000004,0.7531
TXN-002119,2023-07-12,Marketing,North America,Completed,4589.32,1822.18,2767.1399999999994,0.603
TXN-009432,2023-07-12,Sales,EMEA,Completed,6637.66,336.25,6301.41,0.9493
TXN-001895,2023-07-13,Engineering,APAC,Completed,6235.08,357.42,5877.66,0.9427
TXN-006258,2023-07-13,Sales,North America,Completed,6001.19,780.21,5220.98,0.87
TXN-011947,2023-07-13,Engineering,EMEA,Completed,4951.38,1677.57,3273.8100000000004,0.6612
TXN-005884,2023-07-13,Sales,APAC,Completed,6968.58,1202.54,5766.04,0.8274
TXN-000987,2023-07-13,Customer Support,LATAM,Completed,4786.88,1075.86,3711.0200000000004,0.7752
TXN-003619,2023-07-13,Marketing,North America,Completed,4760.16,2754.75,2005.4099999999999,0.4213
TXN-002292,2023-07-13,Sales,APAC,Completed,2794.88,2988.27,-193.38999999999987,-0.0692
TXN-000529,2023-07-13,Operations,North America,Completed,3452.8,2027.69,1425.1100000000001,0.4127
TXN-000636,2023-07-13,Customer Support,EMEA,Pending,5141.11,2456.42,2684.6899999999996,0.5222
TXN-003557,2023-07-13,Sales,LATAM,Completed,4610.86,1943.59,2667.2699999999995,0.5785
TXN-002504,2023-07-13,Engineering,LATAM,Pending,4563.67,2358.43,2205.2400000000002,0.4832
TXN-011704,2023-07-13,Operations,EMEA,Completed,4217.7,2643.2,1574.5,0.3733
TXN-009983,2023-07-13,Engineering,LATAM,Completed,4509.69,1145.06,3364.6299999999997,0.7461
TXN-005266,2023-07-13,Marketing,EMEA,Completed,4871.86,2789.92,2081.9399999999996,0.4273
TXN-000034,2023-07-13,Sales,APAC,Pending,6189.03,1544.54,4644.49,0.7504
TXN-000172,2023-07-14,Engineering,APAC,Pending,2786.5,2110.45,676.0500000000002,0.2426
TXN-000598,2023-07-14,Sales,APAC,Completed,4551.32,3541.0,1010.3199999999997,0.222
TXN-004212,2023-07-14,Operations,APAC,Completed,6118.35,1988.27,4130.08,0.675
TXN-000219,2023-07-14,Sales,North America,Completed,6955.64,2990.86,3964.78,0.57
TXN-008742,2023-07-14,Customer Support,LATAM,Completed,5783.9,2046.56,3737.3399999999997,0.6462
TXN-003540,2023-07-14,Marketing,EMEA,Completed,3150.89,2063.25,1087.6399999999999,0.3452
TXN-001582,2023-07-14,Customer Support,LATAM,Completed,4544.09,840.03,3704.0600000000004,0.8151
TXN-001034,2023-07-14,Engineering,EMEA,Pending,5348.08,1671.93,3676.1499999999996,0.6874
TXN-005880,2023-07-14,Sales,APAC,Completed,4246.77,1873.92,2372.8500000000004,0.5587
TXN-005937,2023-07-15,Sales,North America,Pending,2168.32,1871.61,296.71000000000026,0.1368
TXN-010572,2023-07-15,Operations,APAC,Completed,4211.4,2856.25,1355.1499999999996,0.3218
TXN-009377,2023-07-15,Customer Support,LATAM,Completed,4424.66,2082.34,2342.3199999999997,0.5294
TXN-004160,2023-07-15,Sales,LATAM,Completed,7341.62,0.0,7341.62,1.0
TXN-003209,2023-07-15,Engineering,North America,Pending,4229.99,2203.64,2026.35,0.479
TXN-008598,2023-07-15,Sales,North America,Completed,4456.99,1657.14,2799.8499999999995,0.6282
TXN-004557,2023-07-15,Operations,APAC,Completed,5793.95,1345.3,4448.65,0.7678
TXN-008164,2023-07-15,Sales,EMEA,Pending,6477.38,2472.91,4004.4700000000003,0.6182
TXN-010554,2023-07-15,Customer Support,EMEA,Completed,2674.87,2427.08,247.78999999999996,0.0926
TXN-002887,2023-07-15,Customer Support,LATAM,Completed,5850.83,2331.33,3519.5,0.6015
TXN-002746,2023-07-15,Sales,APAC,Pending,7815.87,3942.92,3872.95,0.4955
TXN-000094,2023-07-15,Sales,APAC,Completed,4865.91,1734.58,3131.33,0.6435
TXN-002107,2023-07-16,Operations,LATAM,Pending,2505.54,1963.36,542.1800000000001,0.2164
TXN-006390,2023-07-16,Marketing,LATAM,Completed,6115.39,2703.83,3411.5600000000004,0.5579
TXN-002544,2023-07-16,Customer Support,APAC,Pending,6315.43,2505.57,3809.86,0.6033
TXN-004078,2023-07-16,Sales,EMEA,Completed,5177.41,1576.2,3601.21,0.6956
TXN-010001,2023-07-16,Marketing,North America,Completed,3738.0,1365.38,2372.62,0.6347
TXN-006774,2023-07-16,Operations,LATAM,Completed,1881.82,2424.36,-542.5400000000002,-0.2883
TXN-001318,2023-07-16,Sales,North America,Completed,5496.92,1475.11,4021.8100000000004,0.7316
TXN-006477,2023-07-16,Operations,APAC,Completed,3861.12,1053.42,2807.7,0.7272
TXN-008816,2023-07-16,Sales,APAC,Completed,4113.28,3549.73,563.5499999999997,0.137
TXN-003000,2023-07-16,Customer Support,North America,Pending,7515.04,1999.82,5515.22,0.7339
TXN-007282,2023-07-16,Operations,APAC,Completed,4900.9,2938.72,1962.1799999999998,0.4004
TXN-002812,2023-07-16,Marketing,APAC,Completed,2222.34,1431.05,791.2900000000002,0.3561
TXN-008692,2023-07-16,Customer Support,North America,Pending,6711.99,2429.19,4282.799999999999,0.6381
TXN-009749,2023-07-16,Operations,APAC,Pending,3761.25,1386.03,2375.2200000000003,0.6315
TXN-010676,2023-07-16,Operations,LATAM,Completed,3016.57,689.6,2326.9700000000003,0.7714
TXN-011475,2023-07-16,Marketing,North America,Completed,5219.57,1836.89,3382.6799999999994,0.6481
TXN-006867,2023-07-17,Marketing,North America,Pending,3329.26,1548.51,1780.7500000000002,0.5349
TXN-007873,2023-07-17,Sales,APAC,Completed,3932.64,2925.48,1007.1599999999999,0.2561
TXN-010225,2023-07-17,Engineering,LATAM,Completed,4204.49,1052.55,3151.9399999999996,0.7497
TXN-006241,2023-07-17,Sales,APAC,Pending,4883.1,1771.51,3111.59,0.6372
TXN-000941,2023-07-17,Engineering,APAC,Completed,7304.52,2104.79,5199.7300000000005,0.7119
TXN-003565,2023-07-17,Engineering,North America,Pending,5306.31,3693.59,1612.7200000000003,0.3039
TXN-011287,2023-07-17,Customer Support,North America,Completed,4792.79,1141.27,3651.52,0.7619
TXN-005088,2023-07-17,Customer Support,EMEA,Completed,6438.35,1449.07,4989.280000000001,0.7749
TXN-003764,2023-07-17,Engineering,LATAM,Completed,6289.72,1611.86,4677.860000000001,0.7437
TXN-001118,2023-07-17,Operations,APAC,Completed,3748.61,2042.28,1706.3300000000002,0.4552
TXN-000580,2023-07-17,Sales,EMEA,Completed,5760.31,3080.52,2679.7900000000004,0.4652
TXN-011942,2023-07-17,Sales,EMEA,Completed,3864.27,1686.59,2177.6800000000003,0.5635
TXN-009869,2023-07-17,Customer Support,EMEA,Completed,5436.8,1328.91,4107.89,0.7556
TXN-001632,2023-07-18,Customer Support,APAC,Completed,6307.73,1971.24,4336.49,0.6875
TXN-001048,2023-07-18,Engineering,APAC,Completed,2784.52,2862.7,-78.17999999999984,-0.0281
TXN-003962,2023-07-18,Engineering,LATAM,Pending,3758.48,3853.55,-95.07000000000016,-0.0253
TXN-008681,2023-07-18,Marketing,EMEA,Pending,5582.66,2262.69,3319.97,0.5947
TXN-002386,2023-07-18,Customer Support,EMEA,Completed,6435.59,1726.58,4709.01,0.7317
TXN-009959,2023-07-18,Operations,North America,Pending,5610.91,7.28,5603.63,0.9987
TXN-007097,2023-07-18,Marketing,North America,Completed,3287.74,1337.68,1950.0599999999997,0.5931
TXN-002247,2023-07-18,Marketing,LATAM,Completed,5441.02,1600.61,3840.4100000000008,0.7058
TXN-000985,2023-07-18,Sales,EMEA,Completed,6690.9,1653.55,5037.349999999999,0.7529
TXN-000998,2023-07-18,Engineering,APAC,Completed,5116.16,1457.19,3658.97,0.7152
TXN-004062,2023-07-19,Customer Support,EMEA,Completed,6031.18,3603.15,2428.03,0.4026
TXN-008385,2023-07-19,Engineering,North America,Pending,5187.42,2704.97,2482.4500000000003,0.4786
TXN-009848,2023-07-19,Customer Support,North America,Completed,4252.0,2331.62,1920.38,0.4516
TXN-007854,2023-07-19,Sales,APAC,Pending,3971.23,2433.21,1538.02,0.3873
TXN-003530,2023-07-19,Marketing,EMEA,Completed,4246.85,2738.08,1508.7700000000004,0.3553
TXN-011406,2023-07-19,Operations,LATAM,Completed,5426.3,2793.32,2632.98,0.4852
TXN-009157,2023-07-19,Operations,North America,Completed,4884.45,1531.66,3352.79,0.6864
TXN-009212,2023-07-19,Sales,LATAM,Completed,5861.15,2898.16,2962.99,0.5055
TXN-006804,2023-07-19,Marketing,EMEA,Completed,805.58,2251.16,-1445.58,-1.7945
TXN-000525,2023-07-19,Customer Support,North America,Completed,5977.96,2207.82,3770.14,0.6307
TXN-000495,2023-07-19,Operations,EMEA,Completed,6116.29,2032.72,4083.5699999999997,0.6677
TXN-011452,2023-07-19,Sales,North America,Pending,3207.7,4516.1,-1308.4000000000005,-0.4079
TXN-002539,2023-07-19,Marketing,LATAM,Completed,3580.84,506.45,3074.3900000000003,0.8586
TXN-006350,2023-07-19,Sales,LATAM,Completed,4923.8,2170.62,2753.1800000000003,0.5592
TXN-011532,2023-07-19,Customer Support,APAC,Pending,3462.64,2074.49,1388.15,0.4009
TXN-002517,2023-07-19,Operations,LATAM,Completed,4014.48,1962.32,2052.16,0.5112
TXN-009227,2023-07-19,Operations,APAC,Completed,5740.5,2212.22,3528.28,0.6146
TXN-007355,2023-07-19,Customer Support,APAC,Completed,6593.96,2590.86,4003.1,0.6071
TXN-003175,2023-07-20,Engineering,LATAM,Completed,4521.22,1762.71,2758.51,0.6101
TXN-002757,2023-07-20,Sales,EMEA,Completed,5903.23,2535.11,3368.1199999999994,0.5706
TXN-010368,2023-07-20,Customer Support,North America,Completed,5154.38,2778.61,2375.77,0.4609
TXN-002106,2023-07-20,Engineering,APAC,Completed,6846.65,1537.71,5308.94,0.7754
TXN-010746,2023-07-20,Marketing,APAC,Completed,5323.86,2394.08,2929.7799999999997,0.5503
TXN-010866,2023-07-20,Marketing,APAC,Completed,3476.88,1711.65,1765.23,0.5077
TXN-005848,2023-07-20,Sales,EMEA,Completed,3245.49,2661.29,584.1999999999998,0.18
TXN-005743,2023-07-20,Operations,LATAM,Completed,3890.66,2846.21,1044.4499999999998,0.2685
TXN-006770,2023-07-20,Sales,North America,Completed,2394.89,1225.84,1169.05,0.4881
TXN-004086,2023-07-20,Marketing,APAC,Completed,5123.11,2904.41,2218.7,0.4331
TXN-010967,2023-07-20,Engineering,APAC,Completed,6314.78,1038.88,5275.9,0.8355
TXN-002688,2023-07-20,Customer Support,APAC,Completed,5396.98,1795.73,3601.2499999999995,0.6673
TXN-006920,2023-07-20,Marketing,North America,Completed,3896.95,1178.99,2717.96,0.6975
TXN-006941,2023-07-21,Customer Support,LATAM,Completed,4213.28,327.6,3885.68,0.9222
TXN-007367,2023-07-21,Customer Support,North America,Pending,4163.57,432.5,3731.0699999999997,0.8961
TXN-010914,2023-07-21,Customer Support,APAC,Pending,4385.63,377.31,4008.32,0.914
TXN-008240,2023-07-21,Operations,LATAM,Completed,3249.13,1040.77,2208.36,0.6797
TXN-007271,2023-07-21,Operations,North America,Completed,5445.63,2708.55,2737.08,0.5026
TXN-002970,2023-07-21,Marketing,LATAM,Pending,2767.83,1354.41,1413.4199999999998,0.5107
TXN-005531,2023-07-21,Sales,EMEA,Completed,6141.49,1898.71,4242.78,0.6908
TXN-008296,2023-07-21,Sales,North America,Completed,4442.28,1504.11,2938.17,0.6614
TXN-007209,2023-07-21,Customer Support,North America,Completed,4156.03,3139.69,1016.3399999999997,0.2445
TXN-011696,2023-07-21,Sales,APAC,Pending,5016.88,2664.33,2352.55,0.4689
TXN-011550,2023-07-21,Customer Support,EMEA,Completed,7230.77,2930.02,4300.75,0.5948
TXN-011809,2023-07-21,Operations,APAC,Completed,3834.79,1210.46,2624.33,0.6843
TXN-002848,2023-07-22,Sales,APAC,Completed,6265.86,2358.29,3907.5699999999997,0.6236
TXN-003169,2023-07-22,Marketing,EMEA,Completed,4986.22,2646.32,2339.9,0.4693
TXN-007213,2023-07-22,Customer Support,LATAM,Pending,5283.32,3997.53,1285.7899999999995,0.2434
TXN-011134,2023-07-22,Customer Support,North America,Pending,4812.8,1829.06,2983.7400000000002,0.62
TXN-000224,2023-07-22,Operations,LATAM,Completed,3522.59,2355.45,1167.1400000000003,0.3313
TXN-000625,2023-07-22,Sales,APAC,Pending,5016.88,2621.77,2395.11,0.4774
TXN-001908,2023-07-22,Customer Support,LATAM,Pending,6193.72,2290.07,3903.65,0.6303
TXN-008607,2023-07-22,Operations,North America,Completed,5853.42,1585.72,4267.7,0.7291
TXN-008383,2023-07-22,Customer Support,LATAM,Completed,5756.04,1388.9,4367.139999999999,0.7587
TXN-005415,2023-07-22,Sales,North America,Pending,4325.5,2736.16,1589.3400000000001,0.3674
TXN-001383,2023-07-22,Engineering,APAC,Completed,1701.89,1700.36,1.5300000000002,0.0009
TXN-002769,2023-07-22,Marketing,LATAM,Completed,7226.97,2335.55,4891.42,0.6768
TXN-004698,2023-07-22,Customer Support,North America,Completed,6069.97,1546.21,4523.76,0.7453
TXN-001993,2023-07-22,Marketing,APAC,Completed,5053.85,2409.89,2643.9600000000005,0.5232
TXN-005410,2023-07-23,Marketing,APAC,Completed,4105.52,2520.91,1584.6100000000006,0.386
TXN-008934,2023-07-23,Operations,LATAM,Completed,6298.07,2385.48,3912.5899999999997,0.6212
TXN-000279,2023-07-23,Marketing,APAC,Completed,2827.11,2407.04,420.07000000000016,0.1486
TXN-000210,2023-07-23,Engineering,APAC,Completed,2984.54,1266.22,1718.32,0.5757
TXN-003092,2023-07-23,Operations,North America,Pending,8218.21,1770.41,6447.799999999999,0.7846
TXN-006851,2023-07-23,Marketing,North America,Completed,6890.94,2033.35,4857.59,0.7049
TXN-010741,2023-07-23,Operations,LATAM,Completed,6452.57,1908.84,4543.73,0.7042
TXN-011994,2023-07-23,Operations,North America,Completed,5196.44,2620.19,2576.2499999999995,0.4958
TXN-004594,2023-07-23,Engineering,APAC,Pending,3513.47,1014.31,2499.16,0.7113
TXN-001579,2023-07-23,Customer Support,North America,Completed,4744.78,2609.58,2135.2,0.45
TXN-009819,2023-07-23,Engineering,EMEA,Completed,4848.73,1419.24,3429.49,0.7073
TXN-004643,2023-07-23,Customer Support,APAC,Completed,2828.67,3721.29,-892.6199999999999,-0.3156
TXN-006074,2023-07-23,Marketing,North America,Completed,4862.61,2737.76,2124.8499999999995,0.437
TXN-010985,2023-07-23,Sales,EMEA,Completed,4042.24,1364.22,2678.0199999999995,0.6625
TXN-003093,2023-07-24,Sales,APAC,Completed,5344.66,1948.39,3396.2699999999995,0.6355
TXN-005748,2023-07-24,Engineering,EMEA,Pending,4976.35,3364.19,1612.1600000000003,0.324
TXN-001263,2023-07-24,Customer Support,EMEA,Completed,3589.07,3148.28,440.78999999999996,0.1228
TXN-005152,2023-07-24,Sales,EMEA,Pending,5617.73,2128.74,3488.99,0.6211
TXN-002799,2023-07-24,Operations,APAC,Pending,6921.52,2319.77,4601.75,0.6648
TXN-003215,2023-07-24,Customer Support,North America,Completed,5915.59,1478.08,4437.51,0.7501
TXN-000289,2023-07-24,Sales,APAC,Completed,6492.37,2263.64,4228.73,0.6513
TXN-010909,2023-07-24,Customer Support,EMEA,Completed,4911.2,1188.17,3723.0299999999997,0.7581
TXN-010567,2023-07-24,Marketing,North America,Completed,4465.95,1666.76,2799.1899999999996,0.6268
TXN-005846,2023-07-24,Sales,LATAM,Completed,6548.34,2572.81,3975.53,0.6071
TXN-002046,2023-07-24,Engineering,APAC,Pending,6135.99,1457.73,4678.26,0.7624
TXN-007147,2023-07-24,Marketing,LATAM,Completed,1676.93,1319.57,357.3600000000001,0.2131
TXN-004523,2023-07-25,Operations,EMEA,Completed,6230.37,1877.01,4353.36,0.6987
TXN-007002,2023-07-25,Customer Support,APAC,Pending,4723.21,139.85,4583.36,0.9704
TXN-008182,2023-07-25,Operations,EMEA,Completed,2904.65,2487.33,417.32000000000016,0.1437
TXN-009785,2023-07-25,Customer Support,APAC,Completed,4903.59,1415.11,3488.4800000000005,0.7114
TXN-004982,2023-07-25,Marketing,EMEA,Completed,5370.26,1328.59,4041.67,0.7526
TXN-010264,2023-07-25,Marketing,North America,Pending,3099.49,547.2,2552.29,0.8235
TXN-005855,2023-07-25,Engineering,North America,Completed,5948.48,1187.83,4760.65,0.8003
TXN-002328,2023-07-25,Customer Support,EMEA,Completed,4159.82,698.9,3460.9199999999996,0.832
TXN-007967,2023-07-25,Marketing,APAC,Pending,2093.7,2953.7,-860.0,-0.4108
TXN-010366,2023-07-25,Customer Support,APAC,Completed,5662.62,3188.01,2474.6099999999997,0.437
TXN-007897,2023-07-25,Marketing,LATAM,Completed,4365.98,1991.44,2374.5399999999995,0.5439
TXN-000587,2023-07-25,Operations,LATAM,Completed,7501.05,1633.88,5867.17,0.7822
TXN-007488,2023-07-25,Engineering,EMEA,Completed,2418.92,1351.69,1067.23,0.4412
TXN-007402,2023-07-25,Sales,EMEA,Completed,4964.88,1438.25,3526.63,0.7103
TXN-004714,2023-07-26,Customer Support,LATAM,Completed,4035.67,2718.51,1317.1599999999999,0.3264
TXN-009404,2023-07-26,Customer Support,North America,Completed,4286.33,832.07,3454.2599999999998,0.8059
TXN-009913,2023-07-26,Sales,APAC,Pending,3154.74,1391.8,1762.9399999999998,0.5588
TXN-000377,2023-07-26,Marketing,North America,Completed,5427.07,1498.78,3928.29,0.7238
TXN-006224,2023-07-26,Customer Support,LATAM,Completed,4929.59,2125.66,2803.9300000000003,0.5688
TXN-008397,2023-07-26,Marketing,APAC,Completed,5410.61,1942.86,3467.75,0.6409
TXN-004888,2023-07-26,Operations,LATAM,Completed,3668.13,2180.03,1488.1,0.4057
TXN-008073,2023-07-26,Marketing,EMEA,Completed,2134.86,1462.58,672.2800000000002,0.3149
TXN-003213,2023-07-26,Sales,North America,Completed,6169.17,866.11,5303.06,0.8596
TXN-005018,2023-07-26,Operations,APAC,Completed,7185.87,2176.83,5009.04,0.6971
TXN-010103,2023-07-26,Sales,EMEA,Completed,5535.46,2365.44,3170.02,0.5727
TXN-011671,2023-07-26,Customer Support,North America,Pending,3262.96,2244.94,1018.02,0.312
TXN-009547,2023-07-27,Engineering,North America,Completed,5234.72,1204.48,4030.2400000000002,0.7699
TXN-004800,2023-07-27,Engineering,EMEA,Pending,5474.41,464.76,5009.65,0.9151
TXN-007667,2023-07-27,Customer Support,LATAM,Completed,4824.54,2934.86,1889.6799999999998,0.3917
TXN-008038,2023-07-27,Customer Support,APAC,Pending,4546.37,2063.99,2482.38,0.546
TXN-001839,2023-07-27,Operations,LATAM,Completed,7184.27,2593.02,4591.25,0.6391
TXN-008045,2023-07-27,Sales,APAC,Completed,7428.7,1696.8,5731.9,0.7716
TXN-011915,2023-07-27,Marketing,APAC,Completed,7452.9,1328.69,6124.209999999999,0.8217
TXN-007614,2023-07-27,Marketing,LATAM,Completed,4189.57,2592.53,1597.0399999999995,0.3812
TXN-007048,2023-07-27,Operations,APAC,Completed,3895.01,1554.34,2340.67,0.6009
TXN-003072,2023-07-27,Marketing,LATAM,Completed,5197.95,1294.75,3903.2,0.7509
TXN-007118,2023-07-27,Marketing,APAC,Completed,1797.94,2026.8,-228.8599999999999,-0.1273
TXN-007382,2023-07-27,Sales,APAC,Completed,4258.04,1202.43,3055.6099999999997,0.7176
TXN-000953,2023-07-27,Sales,North America,Completed,3679.24,1520.09,2159.1499999999996,0.5868
TXN-000961,2023-07-27,Customer Support,North America,Pending,1755.83,1976.62,-220.78999999999996,-0.1257
TXN-005939,2023-07-27,Engineering,APAC,Completed,5919.13,4216.96,1702.17,0.2876
TXN-004703,2023-07-28,Operations,LATAM,Completed,6686.32,2777.57,3908.7499999999995,0.5846
TXN-004167,2023-07-28,Engineering,LATAM,Completed,5288.04,2131.54,3156.5,0.5969
TXN-001705,2023-07-28,Operations,EMEA,Completed,4587.76,3099.6,1488.1600000000003,0.3244
TXN-007530,2023-07-28,Sales,EMEA,Completed,3420.15,975.84,2444.31,0.7147
TXN-011059,2023-07-28,Customer Support,EMEA,Completed,4195.18,2123.51,2071.67,0.4938
TXN-003153,2023-07-28,Operations,LATAM,Completed,2884.86,3054.38,-169.51999999999998,-0.0588
TXN-008895,2023-07-28,Operations,APAC,Completed,4614.29,3556.67,1057.62,0.2292
TXN-005682,2023-07-28,Operations,EMEA,Pending,6662.32,1979.95,4682.37,0.7028
TXN-003053,2023-07-28,Operations,North America,Completed,6380.11,1879.95,4500.16,0.7053
TXN-001136,2023-07-28,Customer Support,APAC,Completed,1162.07,2550.53,-1388.4600000000003,-1.1948
TXN-002512,2023-07-28,Engineering,LATAM,Completed,4403.57,1881.62,2521.95,0.5727
TXN-002930,2023-07-28,Engineering,EMEA,Completed,4263.73,1180.52,3083.2099999999996,0.7231
TXN-009694,2023-07-29,Engineering,LATAM,Completed,5235.06,2935.34,2299.7200000000003,0.4393
TXN-005674,2023-07-29,Customer Support,EMEA,Completed,5877.36,973.6,4903.759999999999,0.8343
TXN-004835,2023-07-29,Customer Support,North America,Completed,4828.25,1996.29,2831.96,0.5865
TXN-007826,2023-07-29,Customer Support,North America,Pending,4393.69,4174.33,219.35999999999967,0.0499
TXN-000023,2023-07-29,Operations,APAC,Pending,4056.69,0.0,4056.69,1.0
TXN-010453,2023-07-29,Marketing,LATAM,Completed,5808.48,3132.05,2676.4299999999994,0.4608
TXN-011453,2023-07-30,Marketing,North America,Completed,5939.28,2572.63,3366.6499999999996,0.5668
TXN-008166,2023-07-30,Operations,LATAM,Completed,5198.06,1685.41,3512.6500000000005,0.6758
TXN-005687,2023-07-30,Sales,LATAM,Completed,6940.2,898.65,6041.55,0.8705
TXN-008936,2023-07-30,Sales,EMEA,Pending,5165.75,2293.38,2872.37,0.556
TXN-004290,2023-07-30,Customer Support,North America,Pending,5435.46,2104.84,3330.62,0.6128
TXN-003834,2023-07-30,Marketing,North America,Completed,3238.41,1165.87,2072.54,0.64
TXN-003078,2023-07-30,Marketing,LATAM,Completed,5676.12,1213.16,4462.96,0.7863
TXN-006843,2023-07-30,Marketing,APAC,Pending,4258.07,1034.52,3223.5499999999997,0.757
TXN-007601,2023-07-30,Customer Support,APAC,Pending,4385.73,2661.38,1724.3499999999995,0.3932
TXN-010606,2023-07-30,Operations,LATAM,Completed,4202.23,1544.96,2657.2699999999995,0.6323
TXN-000423,2023-07-30,Engineering,North America,Completed,4713.22,1266.19,3447.03,0.7314
TXN-003712,2023-07-31,Sales,EMEA,Completed,4480.33,1817.97,2662.3599999999997,0.5942
TXN-008557,2023-07-31,Marketing,LATAM,Completed,5211.48,3260.33,1951.1499999999996,0.3744
TXN-007322,2023-07-31,Sales,APAC,Pending,2820.5,1391.93,1428.57,0.5065
TXN-001289,2023-07-31,Operations,LATAM,Completed,3974.97,2366.18,1608.79,0.4047
TXN-002950,2023-07-31,Sales,EMEA,Completed,3089.01,1824.35,1264.6600000000003,0.4094
TXN-003562,2023-07-31,Engineering,EMEA,Completed,7467.8,2796.26,4671.54,0.6256
TXN-008732,2023-07-31,Customer Support,LATAM,Completed,4530.17,3118.17,1412.0,0.3117
TXN-009083,2023-07-31,Marketing,North America,Completed,2283.98,1909.79,374.19000000000005,0.1638
TXN-008154,2023-07-31,Sales,APAC,Completed,5811.91,2567.83,3244.08,0.5582
TXN-005778,2023-07-31,Marketing,APAC,Completed,4775.21,3526.39,1248.8200000000002,0.2615
TXN-000231,2023-07-31,Marketing,North America,Completed,6408.48,1880.62,4527.86,0.7065
TXN-009577,2023-07-31,Customer Support,LATAM,Completed,4604.0,2205.4,2398.6,0.521
TXN-000406,2023-08-01,Customer Support,EMEA,Completed,3675.37,1900.92,1774.4499999999998,0.4828
TXN-010975,2023-08-01,Engineering,LATAM,Completed,7814.15,1837.72,5976.429999999999,0.7648
TXN-008909,2023-08-01,Sales,LATAM,Completed,7108.68,1652.51,5456.17,0.7675
TXN-003088,2023-08-01,Sales,North America,Completed,2335.48,468.56,1866.92,0.7994
TXN-005276,2023-08-01,Marketing,APAC,Completed,3467.17,2098.25,1368.92,0.3948
TXN-011799,2023-08-01,Customer Support,North America,Pending,5026.73,2553.71,2473.0199999999995,0.492
TXN-003664,2023-08-01,Customer Support,EMEA,Completed,4984.965,2817.64,2167.3250000000003,0.4348
TXN-009765,2023-08-01,Operations,EMEA,Pending,3682.05,1934.69,1747.3600000000001,0.4746
TXN-006499,2023-08-01,Engineering,LATAM,Completed,5156.27,360.42,4795.85,0.9301
TXN-000651,2023-08-01,Engineering,LATAM,Completed,4129.55,2888.04,1241.5100000000002,0.3006
TXN-007293,2023-08-01,Engineering,LATAM,Completed,5235.49,3010.66,2224.83,0.425
TXN-005836,2023-08-01,Operations,EMEA,Completed,2893.19,684.44,2208.75,0.7634
TXN-010132,2023-08-01,Sales,North America,Pending,7849.36,2752.47,5096.889999999999,0.6493
TXN-011877,2023-08-01,Marketing,EMEA,Pending,4722.72,1418.39,3304.33,0.6997
TXN-005888,2023-08-01,Marketing,North America,Completed,5223.17,3903.67,1319.5,0.2526
TXN-007710,2023-08-01,Customer Support,APAC,Completed,4232.76,2578.78,1653.98,0.3908
TXN-000808,2023-08-01,Sales,LATAM,Completed,5597.91,731.19,4866.719999999999,0.8694
TXN-006070,2023-08-02,Operations,North America,Completed,7306.66,2832.6,4474.0599999999995,0.6123
TXN-001368,2023-08-02,Engineering,North America,Completed,5155.43,1893.48,3261.9500000000003,0.6327
TXN-002401,2023-08-02,Engineering,EMEA,Completed,4038.97,2748.1,1290.87,0.3196
TXN-007497,2023-08-02,Sales,APAC,Completed,6727.37,1890.26,4837.11,0.719
TXN-002756,2023-08-02,Operations,LATAM,Pending,4985.09,1497.87,3487.2200000000003,0.6995
TXN-009163,2023-08-02,Engineering,EMEA,Completed,2148.56,2051.44,97.11999999999989,0.0452
TXN-002768,2023-08-02,Sales,LATAM,Completed,3657.92,1495.86,2162.0600000000004,0.5911
TXN-007221,2023-08-02,Operations,EMEA,Completed,5307.69,1339.86,3967.83,0.7476
TXN-002963,2023-08-02,Sales,EMEA,Completed,6971.19,1734.04,5237.15,0.7513
TXN-003923,2023-08-02,Engineering,APAC,Pending,5455.53,2104.83,3350.7,0.6142
TXN-009834,2023-08-02,Customer Support,LATAM,Completed,2313.54,2017.44,296.0999999999999,0.128
TXN-006449,2023-08-02,Customer Support,EMEA,Completed,2417.1,1248.52,1168.58,0.4835
TXN-009895,2023-08-02,Marketing,LATAM,Completed,6786.42,1682.37,5104.05,0.7521
TXN-000041,2023-08-02,Sales,North America,Completed,4354.81,1998.07,2356.7400000000007,0.5412
TXN-008016,2023-08-02,Operations,EMEA,Completed,4032.59,2671.5,1361.0900000000001,0.3375
TXN-002542,2023-08-02,Sales,North America,Completed,5119.21,1939.8,3179.41,0.6211
TXN-011854,2023-08-02,Customer Support,North America,Completed,2847.41,742.14,2105.27,0.7394
TXN-001693,2023-08-02,Sales,North America,Pending,4835.1,2060.47,2774.6300000000006,0.5739
TXN-000238,2023-08-03,Operations,North America,Completed,5242.78,3291.53,1951.2499999999995,0.3722
TXN-011592,2023-08-03,Sales,North America,Completed,4487.95,1753.02,2734.93,0.6094
TXN-001108,2023-08-03,Engineering,LATAM,Pending,4614.81,3289.86,1324.9500000000003,0.2871
TXN-001087,2023-08-03,Customer Support,North America,Completed,5747.16,2974.88,2772.2799999999997,0.4824
TXN-002843,2023-08-03,Operations,EMEA,Completed,5875.83,1073.74,4802.09,0.8173
TXN-000325,2023-08-03,Operations,EMEA,Completed,5305.05,2843.77,2461.28,0.464
TXN-008502,2023-08-03,Engineering,LATAM,Pending,6628.9,2019.64,4609.259999999999,0.6953
TXN-010433,2023-08-03,Customer Support,North America,Completed,8713.18,2714.26,5998.92,0.6885
TXN-008842,2023-08-03,Sales,North America,Completed,7391.01,2880.85,4510.16,0.6102
TXN-006073,2023-08-03,Marketing,North America,Pending,3899.01,1401.05,2497.96,0.6407
TXN-008926,2023-08-03,Operations,APAC,Completed,5059.18,2228.92,2830.26,0.5594
TXN-004846,2023-08-03,Marketing,EMEA,Completed,6452.59,2895.77,3556.82,0.5512
TXN-005295,2023-08-03,Customer Support,LATAM,Completed,4718.4,2218.55,2499.8499999999995,0.5298
TXN-010829,2023-08-03,Engineering,LATAM,Completed,4785.18,1694.71,3090.4700000000003,0.6458
TXN-004616,2023-08-03,Marketing,North America,Completed,4894.96,1736.77,3158.19,0.6452
TXN-006853,2023-08-03,Engineering,APAC,Completed,2804.55,2062.23,742.3200000000002,0.2647
TXN-009331,2023-08-04,Marketing,APAC,Completed,2546.33,2459.51,86.81999999999971,0.0341
TXN-006108,2023-08-04,Marketing,North America,Completed,6503.3,2152.43,4350.870000000001,0.669
TXN-010400,2023-08-04,Engineering,LATAM,Completed,6094.85,2282.48,3812.3700000000003,0.6255
TXN-003472,2023-08-04,Engineering,North America,Pending,5366.39,1669.96,3696.4300000000003,0.6888
TXN-002009,2023-08-04,Engineering,APAC,Completed,3812.73,2365.34,1447.3899999999999,0.3796
TXN-010128,2023-08-04,Sales,LATAM,Pending,6454.78,1876.13,4578.65,0.7093
TXN-010042,2023-08-04,Marketing,EMEA,Pending,7092.44,1943.31,5149.129999999999,0.726
TXN-007939,2023-08-04,Sales,EMEA,Completed,4666.35,1686.68,2979.67,0.6385
TXN-004477,2023-08-04,Customer Support,EMEA,Completed,3421.68,2928.32,493.3599999999997,0.1442
TXN-010801,2023-08-05,Operations,EMEA,Pending,5283.82,1328.78,3955.04,0.7485
TXN-003295,2023-08-05,Sales,APAC,Completed,7306.5,2273.89,5032.610000000001,0.6888
TXN-000046,2023-08-05,Operations,LATAM,Completed,3314.03,2535.46,778.5700000000002,0.2349
TXN-002269,2023-08-05,Customer Support,APAC,Pending,4591.86,1369.73,3222.1299999999997,0.7017
TXN-001032,2023-08-05,Customer Support,LATAM,Completed,6046.64,2246.88,3799.76,0.6284
TXN-005525,2023-08-05,Customer Support,APAC,Pending,8599.54,2054.73,6544.810000000001,0.7611
TXN-002129,2023-08-05,Operations,North America,Completed,3900.69,1097.23,2803.46,0.7187
TXN-001544,2023-08-05,Marketing,APAC,Pending,5146.17,2527.18,2618.9900000000002,0.5089
TXN-007416,2023-08-05,Operations,EMEA,Completed,4972.98,2784.09,2188.8899999999994,0.4402
TXN-008348,2023-08-05,Marketing,North America,Completed,6368.78,2307.73,4061.0499999999997,0.6376
TXN-009067,2023-08-05,Customer Support,North America,Completed,5476.74,2308.21,3168.5299999999997,0.5785
TXN-009047,2023-08-05,Customer Support,LATAM,Completed,4928.18,1908.79,3019.3900000000003,0.6127
TXN-010773,2023-08-05,Customer Support,EMEA,Completed,5077.6,2190.22,2887.3800000000006,0.5687
TXN-008246,2023-08-05,Marketing,North America,Pending,4796.27,2941.29,1854.9800000000005,0.3868
TXN-000756,2023-08-05,Operations,APAC,Completed,4251.46,1605.37,2646.09,0.6224
TXN-002690,2023-08-06,Marketing,EMEA,Pending,6053.82,1904.44,4149.379999999999,0.6854
TXN-006357,2023-08-06,Sales,EMEA,Completed,3385.66,2975.66,410.0,0.1211
TXN-010236,2023-08-06,Operations,APAC,Pending,5393.87,4005.85,1388.02,0.2573
TXN-007626,2023-08-06,Operations,North America,Completed,7484.95,1795.69,5689.26,0.7601
TXN-011242,2023-08-06,Customer Support,APAC,Completed,6562.25,2041.28,4520.97,0.6889
TXN-008633,2023-08-06,Operations,North America,Completed,3622.98,2510.61,1112.37,0.307
TXN-004367,2023-08-06,Customer Support,North America,Completed,4854.67,283.64,4571.03,0.9416
TXN-000030,2023-08-06,Sales,EMEA,Pending,3294.0,1751.65,1542.35,0.4682
TXN-001153,2023-08-06,Sales,APAC,Completed,5613.2,1973.72,3639.4799999999996,0.6484
TXN-007822,2023-08-06,Marketing,LATAM,Completed,5828.75,1952.59,3876.16,0.665
TXN-004350,2023-08-06,Marketing,EMEA,Completed,3063.16,1973.45,1089.7099999999998,0.3557
TXN-011862,2023-08-06,Marketing,APAC,Completed,4199.29,2170.3,2028.9899999999998,0.4832
TXN-009995,2023-08-06,Engineering,EMEA,Completed,2929.78,2049.23,880.5500000000002,0.3006
TXN-010537,2023-08-06,Operations,APAC,Completed,6538.18,4123.53,2414.6500000000005,0.3693
TXN-008997,2023-08-06,Customer Support,EMEA,Completed,6600.15,1860.28,4739.87,0.7181
TXN-005116,2023-08-06,Marketing,LATAM,Pending,3339.05,2524.28,814.77,0.244
TXN-005114,2023-08-06,Operations,EMEA,Completed,5391.82,1483.95,3907.87,0.7248
TXN-004675,2023-08-06,Engineering,LATAM,Pending,3564.7,2657.87,906.8299999999999,0.2544
TXN-007101,2023-08-06,Marketing,LATAM,Completed,3902.03,1148.72,2753.3100000000004,0.7056
TXN-007797,2023-08-07,Customer Support,North America,Completed,2921.32,2400.86,520.46,0.1782
TXN-011601,2023-08-07,Engineering,EMEA,Pending,4686.52,2355.67,2330.8500000000004,0.4974
TXN-000681,2023-08-07,Marketing,North America,Completed,4341.19,2367.98,1973.2099999999996,0.4545
TXN-010716,2023-08-07,Engineering,EMEA,Completed,5887.77,1666.58,4221.1900000000005,0.7169
TXN-007039,2023-08-07,Customer Support,North America,Pending,5777.49,2735.25,3042.24,0.5266
TXN-001989,2023-08-07,Engineering,EMEA,Completed,6443.47,3292.51,3150.96,0.489
TXN-003015,2023-08-07,Marketing,EMEA,Completed,5476.2,1498.81,3977.39,0.7263
TXN-009298,2023-08-07,Engineering,APAC,Pending,6237.03,1197.76,5039.2699999999995,0.808
TXN-003961,2023-08-07,Marketing,LATAM,Completed,4735.52,1580.51,3155.01,0.6662
TXN-009592,2023-08-07,Customer Support,North America,Pending,4770.17,1588.57,3181.6000000000004,0.667
TXN-005210,2023-08-07,Marketing,EMEA,Pending,5429.24,2324.53,3104.7099999999996,0.5718
TXN-006326,2023-08-07,Sales,North America,Completed,6127.61,1732.49,4395.12,0.7173
TXN-002773,2023-08-07,Operations,LATAM,Completed,6416.05,1867.15,4548.9,0.709
TXN-007708,2023-08-07,Marketing,EMEA,Completed,6564.2,3150.15,3414.0499999999997,0.5201
TXN-008846,2023-08-07,Customer Support,North America,Completed,5000.19,727.51,4272.679999999999,0.8545
TXN-006325,2023-08-07,Customer Support,LATAM,Completed,4385.17,2729.96,1655.21,0.3775
TXN-000135,2023-08-08,Engineering,APAC,Completed,5838.89,475.67,5363.22,0.9185
TXN-010333,2023-08-08,Marketing,North America,Completed,6312.32,2431.52,3880.7999999999997,0.6148
TXN-005093,2023-08-08,Marketing,EMEA,Completed,6525.95,1063.51,5462.44,0.837
TXN-005556,2023-08-08,Operations,APAC,Completed,3475.4,2059.44,1415.96,0.4074
TXN-007066,2023-08-08,Sales,LATAM,Completed,4787.0,2025.16,2761.84,0.5769
TXN-006413,2023-08-08,Customer Support,North America,Completed,5845.03,2874.88,2970.1499999999996,0.5081
TXN-003519,2023-08-08,Operations,North America,Completed,4766.46,3091.97,1674.4900000000002,0.3513
TXN-009051,2023-08-08,Engineering,North America,Completed,9050.22,2531.83,6518.389999999999,0.7202
TXN-002332,2023-08-08,Customer Support,North America,Pending,3270.3,2973.62,296.6800000000003,0.0907
TXN-002591,2023-08-08,Marketing,North America,Completed,5623.3,243.38,5379.92,0.9567
TXN-001308,2023-08-09,Sales,North America,Completed,3961.01,2166.46,1794.5500000000002,0.4531
TXN-010618,2023-08-09,Engineering,APAC,Completed,3976.28,1519.3,2456.9800000000005,0.6179
TXN-001674,2023-08-09,Sales,North America,Completed,4334.41,2529.63,1804.7799999999997,0.4164
TXN-000281,2023-08-09,Customer Support,LATAM,Completed,4904.7,2090.81,2813.89,0.5737
TXN-007385,2023-08-09,Sales,APAC,Completed,5387.35,2368.78,3018.57,0.5603
TXN-007973,2023-08-09,Engineering,EMEA,Completed,3094.12,3116.05,-21.93000000000029,-0.0071
TXN-009357,2023-08-09,Marketing,North America,Pending,8082.5,2190.77,5891.73,0.7289
TXN-001771,2023-08-09,Sales,North America,Completed,8431.79,1002.67,7429.120000000001,0.8811
TXN-006054,2023-08-09,Engineering,LATAM,Completed,5887.37,2513.03,3374.3399999999997,0.5731
TXN-006408,2023-08-09,Engineering,North America,Completed,8437.51,1314.13,7123.38,0.8443
TXN-011709,2023-08-09,Operations,APAC,Completed,5709.55,1523.94,4185.610000000001,0.7331
TXN-000677,2023-08-09,Marketing,EMEA,Completed,4113.94,2116.82,1997.1199999999994,0.4855
TXN-001440,2023-08-09,Engineering,North America,Completed,4893.99,2130.9,2763.0899999999997,0.5646
TXN-000085,2023-08-09,Customer Support,APAC,Completed,8196.29,3173.39,5022.9000000000015,0.6128
TXN-011175,2023-08-09,Sales,APAC,Completed,4429.9,2345.4,2084.4999999999995,0.4706
TXN-002020,2023-08-09,Engineering,EMEA,Completed,3556.85,2568.03,988.8199999999997,0.278
TXN-010126,2023-08-09,Operations,LATAM,Completed,3134.62,2284.1,850.52,0.2713
TXN-002342,2023-08-09,Operations,APAC,Completed,3203.12,2273.62,929.5,0.2902
TXN-000709,2023-08-09,Customer Support,EMEA,Completed,5486.16,1402.03,4084.13,0.7444
TXN-008511,2023-08-09,Sales,EMEA,Completed,4548.42,2592.78,1955.6399999999999,0.43
TXN-003660,2023-08-10,Operations,North America,Completed,5489.38,1724.69,3764.69,0.6858
TXN-011309,2023-08-10,Engineering,EMEA,Completed,6416.58,1747.3,4669.28,0.7277
TXN-011551,2023-08-10,Engineering,North America,Completed,4929.5650000000005,2513.39,2416.1750000000006,0.4901
TXN-002297,2023-08-10,Engineering,EMEA,Completed,5036.44,2113.99,2922.45,0.5803
TXN-010513,2023-08-10,Customer Support,APAC,Completed,7038.94,2003.64,5035.299999999999,0.7153
TXN-010252,2023-08-10,Engineering,LATAM,Completed,4062.65,3456.08,606.5700000000002,0.1493
TXN-003073,2023-08-10,Operations,EMEA,Completed,5361.71,2437.23,2924.48,0.5454
TXN-010770,2023-08-10,Engineering,LATAM,Completed,5092.93,3885.5,1207.4300000000003,0.2371
TXN-003364,2023-08-10,Sales,LATAM,Completed,6235.12,1934.33,4300.79,0.6898
TXN-009407,2023-08-10,Marketing,LATAM,Completed,5790.62,1473.31,4317.3099999999995,0.7456
TXN-001317,2023-08-10,Operations,EMEA,Pending,8316.23,2609.13,5707.099999999999,0.6863
TXN-008465,2023-08-10,Operations,EMEA,Completed,3395.44,2016.93,1378.51,0.406
TXN-011758,2023-08-10,Customer Support,APAC,Completed,6038.53,2764.85,3273.68,0.5421
TXN-004084,2023-08-11,Customer Support,EMEA,Pending,5196.13,2181.88,3014.25,0.5801
TXN-006245,2023-08-11,Sales,North America,Pending,4796.03,2227.16,2568.87,0.5356
TXN-005446,2023-08-11,Operations,APAC,Pending,5887.91,1567.44,4320.469999999999,0.7338
TXN-000868,2023-08-11,Sales,North America,Completed,5015.46,1301.14,3714.3199999999997,0.7406
TXN-006102,2023-08-11,Sales,APAC,Completed,4094.31,2269.69,1824.62,0.4456
TXN-011432,2023-08-11,Sales,APAC,Completed,6665.32,3240.81,3424.5099999999998,0.5138
TXN-002213,2023-08-11,Operations,APAC,Completed,5702.32,2290.83,3411.49,0.5983
TXN-006216,2023-08-11,Sales,APAC,Completed,5809.67,469.4,5340.27,0.9192
TXN-008202,2023-08-11,Sales,APAC,Pending,3985.9,2884.07,1101.83,0.2764
TXN-006889,2023-08-12,Customer Support,North America,Completed,6719.1,2393.03,4326.07,0.6438
TXN-011335,2023-08-12,Engineering,North America,Completed,5158.71,3719.91,1438.8000000000002,0.2789
TXN-009845,2023-08-12,Marketing,LATAM,Completed,3352.28,1499.65,1852.63,0.5526
TXN-010919,2023-08-12,Operations,North America,Pending,3203.06,3489.34,-286.2800000000002,-0.0894
TXN-002985,2023-08-12,Customer Support,APAC,Completed,5462.09,1951.32,3510.7700000000004,0.6428
TXN-009045,2023-08-12,Sales,LATAM,Completed,4334.16,3063.75,1270.4099999999999,0.2931
TXN-010709,2023-08-12,Marketing,North America,Completed,4495.03,1447.58,3047.45,0.678
TXN-005950,2023-08-12,Operations,LATAM,Completed,5712.03,1512.62,4199.41,0.7352
TXN-011565,2023-08-12,Operations,North America,Completed,6227.97,2298.86,3929.11,0.6309
TXN-009200,2023-08-12,Sales,EMEA,Pending,4742.56,1556.69,3185.8700000000003,0.6718
TXN-002329,2023-08-12,Operations,EMEA,Completed,3050.31,1176.27,1874.04,0.6144
TXN-009205,2023-08-13,Customer Support,EMEA,Completed,6949.29,2614.11,4335.18,0.6238
TXN-005100,2023-08-13,Engineering,North America,Completed,4390.44,2456.49,1933.9499999999998,0.4405
TXN-009025,2023-08-13,Sales,APAC,Pending,6275.66,1648.95,4626.71,0.7372
TXN-003596,2023-08-13,Engineering,North America,Completed,3841.54,515.64,3325.9,0.8658
TXN-010881,2023-08-13,Operations,North America,Completed,8588.38,1142.69,7445.689999999999,0.8669
TXN-010057,2023-08-13,Operations,North America,Completed,4792.98,3522.31,1270.6699999999996,0.2651
TXN-004401,2023-08-13,Operations,North America,Pending,3913.67,1598.38,2315.29,0.5916
TXN-006026,2023-08-13,Engineering,North America,Completed,6550.64,2400.47,4150.17,0.6336
TXN-002636,2023-08-13,Customer Support,EMEA,Completed,5102.58,1891.7,3210.88,0.6293
TXN-000964,2023-08-13,Sales,EMEA,Completed,3113.56,2769.82,343.7399999999998,0.1104
TXN-002645,2023-08-13,Operations,North America,Completed,6010.48,2883.71,3126.7699999999995,0.5202
TXN-002005,2023-08-13,Sales,North America,Completed,6687.63,1105.68,5581.95,0.8347
TXN-008267,2023-08-13,Operations,EMEA,Pending,6168.79,2245.8,3922.99,0.6359
TXN-011522,2023-08-13,Operations,LATAM,Completed,3179.85,1342.48,1837.37,0.5778
TXN-001659,2023-08-13,Sales,EMEA,Completed,5012.110000000001,4508.26,503.85000000000036,0.1005
TXN-008775,2023-08-13,Sales,EMEA,Pending,5402.3,1825.74,3576.5600000000004,0.662
TXN-007846,2023-08-13,Operations,LATAM,Completed,3945.34,2736.16,1209.1800000000003,0.3065
TXN-010642,2023-08-13,Customer Support,EMEA,Completed,6056.85,2286.58,3770.2700000000004,0.6225
TXN-001610,2023-08-13,Sales,North America,Completed,4706.79,1336.93,3369.8599999999997,0.716
TXN-009329,2023-08-13,Customer Support,APAC,Completed,6700.19,2069.81,4630.379999999999,0.6911
TXN-001871,2023-08-13,Sales,APAC,Completed,5271.15,1951.91,3319.24,0.6297
TXN-011553,2023-08-13,Operations,LATAM,Pending,7661.34,1233.94,6427.4,0.8389
TXN-010624,2023-08-14,Operations,EMEA,Pending,4743.89,2454.38,2289.51,0.4826
TXN-008620,2023-08-14,Marketing,EMEA,Pending,5093.1,2014.115,3078.9850000000006,0.6045
TXN-011469,2023-08-14,Operations,North America,Completed,4412.62,1725.4,2687.22,0.609
TXN-007841,2023-08-14,Operations,APAC,Completed,4724.52,1103.81,3620.7100000000005,0.7664
TXN-002225,2023-08-14,Engineering,APAC,Completed,7691.9,1998.24,5693.66,0.7402
TXN-010865,2023-08-14,Engineering,APAC,Completed,3418.27,2257.54,1160.73,0.3396
TXN-010744,2023-08-14,Engineering,LATAM,Pending,5781.85,3137.13,2644.7200000000003,0.4574
TXN-010571,2023-08-14,Marketing,North America,Completed,3040.88,2214.84,826.04,0.2716
TXN-004936,2023-08-14,Sales,North America,Completed,5034.47,1566.99,3467.4800000000005,0.6887
TXN-011777,2023-08-14,Engineering,EMEA,Completed,4074.75,1876.7,2198.05,0.5394
TXN-001167,2023-08-14,Operations,EMEA,Completed,7442.1,3289.63,4152.47,0.558
TXN-007507,2023-08-14,Customer Support,APAC,Completed,6063.32,2671.53,3391.7899999999995,0.5594
TXN-001573,2023-08-14,Engineering,EMEA,Completed,6404.98,1491.47,4913.509999999999,0.7671
TXN-005613,2023-08-14,Sales,LATAM,Pending,3698.42,2086.33,1612.0900000000001,0.4359
TXN-000068,2023-08-15,Customer Support,EMEA,Pending,4004.65,2374.62,1630.0300000000002,0.407
TXN-001258,2023-08-15,Sales,EMEA,Pending,5845.57,2599.51,3246.0599999999995,0.5553
TXN-008972,2023-08-15,Engineering,APAC,Completed,5378.22,2589.46,2788.76,0.5185
TXN-005948,2023-08-15,Customer Support,EMEA,Completed,2430.04,2376.64,53.40000000000009,0.022
TXN-004954,2023-08-15,Marketing,APAC,Completed,4627.52,1642.56,2984.9600000000005,0.645
TXN-000510,2023-08-15,Customer Support,EMEA,Completed,3930.12,1399.63,2530.49,0.6439
TXN-002900,2023-08-15,Sales,LATAM,Completed,3640.34,2680.21,960.1300000000001,0.2637
TXN-006971,2023-08-15,Engineering,EMEA,Pending,3246.69,849.37,2397.32,0.7384
TXN-008221,2023-08-15,Operations,EMEA,Pending,8475.75,1678.0,6797.75,0.802
TXN-001667,2023-08-15,Sales,APAC,Pending,2905.02,2009.58,895.44,0.3082
TXN-005269,2023-08-15,Marketing,EMEA,Completed,5183.47,1723.72,3459.75,0.6675
TXN-009633,2023-08-15,Operations,EMEA,Completed,4271.48,901.38,3370.0999999999995,0.789
TXN-003755,2023-08-15,Operations,APAC,Completed,4544.35,1445.4,3098.9500000000003,0.6819
TXN-010681,2023-08-15,Customer Support,APAC,Completed,5247.37,1857.44,3389.93,0.646
TXN-010566,2023-08-15,Sales,North America,Completed,4894.645,2649.25,2245.3950000000004,0.4587
TXN-008510,2023-08-15,Sales,EMEA,Completed,6039.85,2386.94,3652.9100000000003,0.6048
TXN-010273,2023-08-15,Marketing,APAC,Completed,4080.47,1658.26,2422.21,0.5936
TXN-005117,2023-08-15,Sales,APAC,Pending,6637.01,2238.57,4398.4400000000005,0.6627
TXN-010010,2023-08-15,Engineering,APAC,Completed,3187.08,1976.35,1210.73,0.3799
TXN-002575,2023-08-15,Engineering,EMEA,Completed,5564.12,1848.65,3715.47,0.6678
TXN-009883,2023-08-15,Sales,APAC,Completed,5376.42,2746.1,2630.32,0.4892
TXN-008326,2023-08-15,Operations,North America,Pending,4043.72,2042.91,2000.8099999999997,0.4948
TXN-007475,2023-08-15,Engineering,North America,Pending,4679.99,3293.28,1386.7099999999996,0.2963
TXN-003428,2023-08-15,Customer Support,North America,Completed,6975.79,1577.48,5398.3099999999995,0.7739
TXN-009586,2023-08-16,Operations,LATAM,Completed,4399.95,1619.77,2780.18,0.6319
TXN-006696,2023-08-16,Engineering,LATAM,Completed,5372.56,2259.02,3113.5400000000004,0.5795
TXN-009800,2023-08-16,Engineering,EMEA,Completed,3767.89,1552.13,2215.7599999999998,0.5881
TXN-001319,2023-08-16,Operations,LATAM,Completed,3984.29,2045.84,1938.45,0.4865
TXN-003484,2023-08-16,Operations,EMEA,Completed,5382.39,2689.97,2692.4200000000005,0.5002
TXN-000133,2023-08-16,Sales,EMEA,Pending,8373.6,1475.89,6897.71,0.8237
TXN-007117,2023-08-16,Customer Support,LATAM,Completed,4093.59,2025.06,2068.53,0.5053
TXN-011187,2023-08-16,Sales,APAC,Completed,5757.33,1675.36,4081.9700000000003,0.709
TXN-007903,2023-08-16,Customer Support,APAC,Completed,6225.03,844.92,5380.11,0.8643
TXN-010490,2023-08-16,Sales,LATAM,Completed,4282.08,1644.18,2637.8999999999996,0.616
TXN-009092,2023-08-16,Engineering,LATAM,Completed,5570.4,2941.86,2628.5399999999995,0.4719
TXN-011749,2023-08-16,Engineering,North America,Pending,5653.13,1022.63,4630.5,0.8191
TXN-009572,2023-08-16,Operations,LATAM,Completed,4776.03,478.38,4297.65,0.8998
TXN-004471,2023-08-16,Engineering,LATAM,Completed,2947.24,946.38,2000.8599999999997,0.6789
TXN-005763,2023-08-16,Marketing,LATAM,Pending,4777.73,2412.7,2365.0299999999997,0.495
TXN-004133,2023-08-16,Operations,North America,Completed,6332.1,2052.84,4279.26,0.6758
TXN-004681,2023-08-16,Customer Support,APAC,Completed,4538.3,843.56,3694.7400000000002,0.8141
TXN-008158,2023-08-16,Customer Support,APAC,Completed,5364.84,2197.67,3167.17,0.5904
TXN-001236,2023-08-17,Customer Support,EMEA,Completed,4596.6,3657.21,939.3900000000003,0.2044
TXN-000717,2023-08-17,Engineering,North America,Pending,3508.99,2123.13,1385.8599999999997,0.3949
TXN-005499,2023-08-17,Customer Support,LATAM,Completed,5541.85,2664.54,2877.3100000000004,0.5192
TXN-009658,2023-08-17,Customer Support,LATAM,Completed,5579.47,2219.33,3360.1400000000003,0.6022
TXN-003730,2023-08-17,Sales,EMEA,Completed,4590.59,1663.62,2926.9700000000003,0.6376
TXN-000297,2023-08-17,Engineering,EMEA,Pending,5800.6,1323.97,4476.63,0.7718
TXN-000648,2023-08-17,Engineering,LATAM,Completed,7171.97,1419.8,5752.17,0.802
TXN-000898,2023-08-17,Engineering,North America,Completed,3579.97,3538.35,41.61999999999989,0.0116
TXN-008832,2023-08-17,Marketing,APAC,Completed,5190.62,1343.45,3847.17,0.7412
TXN-005705,2023-08-17,Sales,APAC,Completed,3946.4,2376.43,1569.9700000000003,0.3978
TXN-008119,2023-08-17,Engineering,North America,Completed,5951.39,1807.53,4143.860000000001,0.6963
TXN-011955,2023-08-17,Customer Support,APAC,Pending,4811.12,1141.72,3669.3999999999996,0.7627
TXN-002717,2023-08-17,Customer Support,LATAM,Pending,6097.32,2623.14,3474.18,0.5698
TXN-009102,2023-08-17,Marketing,North America,Completed,4016.46,2214.01,1802.4499999999998,0.4488
TXN-006612,2023-08-17,Sales,North America,Pending,5710.76,1453.48,4257.280000000001,0.7455
TXN-009830,2023-08-17,Marketing,North America,Pending,2970.36,1885.48,1084.88,0.3652
TXN-009507,2023-08-17,Operations,LATAM,Completed,7976.0,1489.29,6486.71,0.8133
TXN-008080,2023-08-17,Engineering,North America,Pending,4217.52,431.66,3785.8600000000006,0.8977
TXN-010638,2023-08-17,Customer Support,APAC,Pending,3279.85,3733.81,-453.96000000000004,-0.1384
TXN-008636,2023-08-18,Operations,North America,Completed,6844.88,2089.9,4754.98,0.6947
TXN-011179,2023-08-18,Engineering,LATAM,Completed,7617.66,2355.65,5262.01,0.6908
TXN-004048,2023-08-18,Operations,EMEA,Completed,5500.94,1424.03,4076.91,0.7411
TXN-009380,2023-08-18,Engineering,LATAM,Pending,1896.87,2472.19,-575.3200000000002,-0.3033
TXN-001251,2023-08-18,Marketing,APAC,Completed,5399.09,1650.98,3748.11,0.6942
TXN-011446,2023-08-18,Engineering,APAC,Completed,5025.92,1756.01,3269.91,0.6506
TXN-001384,2023-08-18,Engineering,APAC,Pending,7099.33,1813.23,5286.1,0.7446
TXN-010839,2023-08-18,Marketing,EMEA,Completed,7029.66,2438.74,4590.92,0.6531
TXN-004750,2023-08-18,Sales,EMEA,Completed,5721.11,1680.48,4040.6299999999997,0.7063
TXN-003027,2023-08-18,Customer Support,North America,Pending,5562.38,1844.76,3717.62,0.6684
TXN-003241,2023-08-18,Sales,EMEA,Completed,6641.77,1794.64,4847.13,0.7298
TXN-003458,2023-08-18,Sales,EMEA,Completed,4384.17,1771.05,2613.12,0.596
TXN-004908,2023-08-18,Marketing,North America,Completed,5065.27,1497.05,3568.2200000000003,0.7044
TXN-011448,2023-08-18,Sales,EMEA,Completed,5234.59,2067.57,3167.02,0.605
TXN-002446,2023-08-18,Customer Support,LATAM,Pending,3274.37,1990.71,1283.6599999999999,0.392
TXN-000009,2023-08-18,Sales,APAC,Completed,3813.53,80.86,3732.67,0.9788
TXN-010980,2023-08-19,Sales,APAC,Completed,3548.75,2738.85,809.9000000000001,0.2282
TXN-011450,2023-08-19,Operations,EMEA,Completed,5246.98,679.28,4567.7,0.8705
TXN-005404,2023-08-19,Engineering,LATAM,Completed,5369.01,1865.36,3503.6500000000005,0.6526
TXN-006508,2023-08-19,Operations,APAC,Pending,6718.64,2096.03,4622.610000000001,0.688
TXN-008730,2023-08-19,Sales,LATAM,Completed,4700.49,2073.25,2627.24,0.5589
TXN-000533,2023-08-19,Sales,North America,Completed,3282.3,3214.76,67.53999999999996,0.0206
TXN-009501,2023-08-19,Customer Support,APAC,Completed,1890.72,1332.02,558.7,0.2955
TXN-000685,2023-08-19,Operations,LATAM,Pending,3146.64,699.02,2447.62,0.7779
TXN-008970,2023-08-19,Operations,EMEA,Completed,3943.4,312.59,3630.81,0.9207
TXN-005661,2023-08-19,Operations,APAC,Completed,5406.35,2089.07,3317.28,0.6136
TXN-009065,2023-08-19,Customer Support,North America,Completed,5436.69,2529.92,2906.7699999999995,0.5347
TXN-008760,2023-08-19,Marketing,EMEA,Completed,6771.57,2838.94,3932.6299999999997,0.5808
TXN-011208,2023-08-20,Sales,EMEA,Completed,7240.78,1949.89,5290.889999999999,0.7307
TXN-006462,2023-08-20,Operations,North America,Completed,4164.32,1520.25,2644.0699999999997,0.6349
TXN-000498,2023-08-20,Engineering,LATAM,Completed,2065.78,1812.24,253.5400000000002,0.1227
TXN-007481,2023-08-20,Marketing,EMEA,Pending,5155.26,1767.35,3387.9100000000003,0.6572
TXN-000124,2023-08-20,Marketing,EMEA,Pending,5558.0,1260.3,4297.7,0.7732
TXN-006897,2023-08-20,Sales,North America,Completed,6665.31,2203.72,4461.59,0.6694
TXN-007906,2023-08-20,Customer Support,LATAM,Pending,7747.5,2017.61,5729.89,0.7396
TXN-008723,2023-08-20,Marketing,APAC,Completed,4435.66,1754.11,2681.55,0.6045
TXN-009859,2023-08-20,Engineering,LATAM,Completed,4266.2,2421.44,1844.7599999999998,0.4324
TXN-010743,2023-08-20,Engineering,EMEA,Pending,5631.31,1260.87,4370.4400000000005,0.7761
TXN-010272,2023-08-20,Engineering,North America,Completed,4294.86,1944.69,2350.1699999999996,0.5472
TXN-009296,2023-08-20,Operations,LATAM,Pending,3296.79,2330.65,966.1399999999999,0.2931
TXN-005197,2023-08-20,Marketing,LATAM,Completed,5192.37,1591.48,3600.89,0.6935
TXN-005220,2023-08-20,Customer Support,EMEA,Completed,3576.67,1895.18,1681.49,0.4701
TXN-004872,2023-08-20,Engineering,LATAM,Completed,5232.61,2539.1,2693.5099999999998,0.5148
TXN-006764,2023-08-20,Sales,EMEA,Completed,4242.41,2382.63,1859.7799999999997,0.4384
TXN-011338,2023-08-21,Marketing,North America,Pending,5191.97,2023.61,3168.3600000000006,0.6102
TXN-002616,2023-08-21,Customer Support,LATAM,Completed,2155.67,2357.03,-201.36000000000013,-0.0934
TXN-003707,2023-08-21,Marketing,North America,Pending,2077.44,1540.46,536.98,0.2585
TXN-003080,2023-08-21,Sales,EMEA,Completed,6647.82,2494.36,4153.459999999999,0.6248
TXN-003172,2023-08-21,Engineering,APAC,Pending,4632.49,1400.51,3231.9799999999996,0.6977
TXN-011748,2023-08-21,Engineering,LATAM,Completed,6096.16,3920.5,2175.66,0.3569
TXN-007815,2023-08-21,Engineering,North America,Pending,3282.63,1160.38,2122.25,0.6465
TXN-009041,2023-08-21,Customer Support,LATAM,Pending,3193.77,1818.28,1375.49,0.4307
TXN-003320,2023-08-21,Operations,APAC,Completed,6234.59,3549.96,2684.63,0.4306
TXN-009789,2023-08-22,Operations,EMEA,Pending,4559.65,2115.5,2444.1499999999996,0.536
TXN-010972,2023-08-22,Engineering,LATAM,Completed,2705.42,863.01,1842.41,0.681
TXN-009386,2023-08-22,Operations,EMEA,Pending,5652.06,1717.31,3934.7500000000005,0.6962
TXN-011052,2023-08-22,Customer Support,EMEA,Completed,4412.26,827.44,3584.82,0.8125
TXN-004269,2023-08-22,Marketing,LATAM,Completed,6340.97,2380.04,3960.9300000000003,0.6247
TXN-007418,2023-08-22,Marketing,APAC,Completed,6118.72,2354.65,3764.07,0.6152
TXN-006711,2023-08-22,Customer Support,APAC,Completed,4969.75,2807.68,2162.07,0.435
TXN-010145,2023-08-22,Operations,North America,Completed,4143.66,1559.22,2584.4399999999996,0.6237
TXN-006485,2023-08-22,Engineering,LATAM,Completed,5546.31,2506.54,3039.7700000000004,0.5481
TXN-008052,2023-08-22,Marketing,North America,Completed,2048.75,803.01,1245.74,0.608
TXN-003884,2023-08-22,Engineering,North America,Completed,6084.18,1675.75,4408.43,0.7246
TXN-009360,2023-08-22,Sales,LATAM,Pending,4636.82,1923.04,2713.7799999999997,0.5853
TXN-003135,2023-08-22,Marketing,APAC,Completed,7039.94,2053.4,4986.539999999999,0.7083
TXN-000706,2023-08-22,Operations,EMEA,Pending,4944.41,2942.98,2001.4299999999998,0.4048
TXN-004434,2023-08-22,Marketing,EMEA,Pending,6609.08,1487.87,5121.21,0.7749
TXN-002828,2023-08-22,Operations,North America,Pending,3691.35,1913.49,1777.86,0.4816
TXN-009457,2023-08-22,Customer Support,LATAM,Completed,3516.14,2808.61,707.5299999999997,0.2012
TXN-000611,2023-08-22,Operations,North America,Completed,6669.72,3287.12,3382.6000000000004,0.5072
TXN-010221,2023-08-22,Operations,APAC,Completed,5864.1,1375.55,4488.55,0.7654
TXN-006619,2023-08-22,Engineering,North America,Pending,6948.42,4196.18,2752.24,0.3961
TXN-001454,2023-08-22,Marketing,North America,Completed,6320.33,2365.15,3955.18,0.6258
TXN-001751,2023-08-22,Operations,EMEA,Completed,1608.57,2365.63,-757.0600000000002,-0.4706
TXN-000610,2023-08-22,Marketing,LATAM,Completed,6054.53,1772.81,4281.719999999999,0.7072
TXN-005206,2023-08-22,Sales,EMEA,Completed,5639.1,2561.16,3077.9400000000005,0.5458
TXN-008071,2023-08-22,Operations,LATAM,Completed,4759.08,2008.82,2750.26,0.5779
TXN-009641,2023-08-23,Customer Support,LATAM,Completed,3328.92,1409.94,1918.98,0.5765
TXN-002615,2023-08-23,Engineering,EMEA,Completed,4410.32,2642.71,1767.6099999999997,0.4008
TXN-009256,2023-08-23,Engineering,EMEA,Pending,3051.74,833.35,2218.39,0.7269
TXN-007163,2023-08-23,Customer Support,North America,Completed,5702.13,2715.07,2987.06,0.5238
TXN-000301,2023-08-23,Operations,North America,Pending,3524.75,2152.48,1372.27,0.3893
TXN-003765,2023-08-23,Operations,North America,Pending,4655.48,1786.3,2869.1799999999994,0.6163
TXN-001562,2023-08-23,Marketing,LATAM,Pending,3292.4,1012.64,2279.76,0.6924
TXN-010172,2023-08-23,Operations,LATAM,Completed,4315.59,2292.65,2022.94,0.4688
TXN-003281,2023-08-23,Marketing,EMEA,Completed,5709.7,1521.74,4187.96,0.7335
TXN-010068,2023-08-23,Operations,EMEA,Completed,2962.76,2361.74,601.0200000000004,0.2029
TXN-008798,2023-08-23,Sales,EMEA,Pending,8138.45,1324.8,6813.65,0.8372
TXN-002954,2023-08-23,Marketing,EMEA,Pending,5212.1,3132.22,2079.8800000000006,0.399
TXN-004402,2023-08-23,Operations,LATAM,Completed,6791.76,2187.42,4604.34,0.6779
TXN-001105,2023-08-24,Operations,North America,Completed,5524.78,2778.41,2746.37,0.4971
TXN-007198,2023-08-24,Sales,North America,Pending,879.93,1647.1,-767.17,-0.8719
TXN-006789,2023-08-24,Customer Support,North America,Completed,5391.7,1426.1,3965.6,0.7355
TXN-009209,2023-08-24,Operations,APAC,Completed,5430.04,1309.66,4120.38,0.7588
TXN-006660,2023-08-24,Customer Support,EMEA,Completed,5007.54,1366.17,3641.37,0.7272
TXN-000658,2023-08-24,Customer Support,North America,Completed,3832.26,2119.71,1712.5500000000002,0.4469
TXN-000600,2023-08-24,Engineering,LATAM,Pending,5984.56,4135.66,1848.9000000000005,0.3089
TXN-000315,2023-08-24,Engineering,LATAM,Completed,5049.36,1375.92,3673.4399999999996,0.7275
TXN-001387,2023-08-25,Sales,APAC,Pending,2442.18,1870.75,571.4299999999998,0.234
TXN-007079,2023-08-25,Sales,APAC,Completed,5885.5,1964.56,3920.94,0.6662
TXN-000609,2023-08-25,Operations,EMEA,Completed,5210.1,2475.21,2734.8900000000003,0.5249
TXN-002882,2023-08-25,Engineering,LATAM,Completed,4939.38,2664.26,2275.12,0.4606
TXN-005670,2023-08-25,Operations,North America,Completed,1690.94,1417.76,273.18000000000006,0.1616
TXN-010290,2023-08-25,Marketing,LATAM,Pending,1200.52,2241.74,-1041.2199999999998,-0.8673
TXN-003919,2023-08-25,Sales,EMEA,Pending,5064.82,2383.1,2681.72,0.5295
TXN-006254,2023-08-25,Sales,APAC,Pending,5016.88,1457.59,3559.29,0.7095
TXN-003279,2023-08-25,Engineering,LATAM,Completed,5484.71,220.93,5263.78,0.9597
TXN-006570,2023-08-25,Sales,EMEA,Completed,4847.69,1779.93,3067.7599999999993,0.6328
TXN-005745,2023-08-26,Engineering,EMEA,Pending,4440.18,975.93,3464.2500000000005,0.7802
TXN-002521,2023-08-26,Marketing,North America,Completed,6448.48,1222.27,5226.209999999999,0.8105
TXN-003756,2023-08-26,Customer Support,EMEA,Completed,6052.16,1007.02,5045.139999999999,0.8336
TXN-005977,2023-08-26,Marketing,EMEA,Completed,6196.03,723.66,5472.37,0.8832
TXN-009757,2023-08-26,Marketing,LATAM,Completed,4091.87,409.12,3682.75,0.9
TXN-011275,2023-08-26,Customer Support,North America,Completed,6218.4,1586.93,4631.469999999999,0.7448
TXN-005823,2023-08-26,Sales,North America,Pending,5674.25,2822.98,2851.27,0.5025
TXN-011373,2023-08-26,Customer Support,APAC,Completed,6999.41,443.54,6555.87,0.9366
TXN-000596,2023-08-26,Engineering,LATAM,Pending,3555.14,2136.89,1418.25,0.3989
TXN-006105,2023-08-26,Operations,LATAM,Completed,6588.57,2006.51,4582.0599999999995,0.6955
TXN-000687,2023-08-27,Marketing,APAC,Pending,3940.93,1932.86,2008.07,0.5095
TXN-011904,2023-08-27,Marketing,APAC,Pending,5144.36,2211.25,2933.1099999999997,0.5702
TXN-007508,2023-08-27,Marketing,LATAM,Completed,5806.16,2631.91,3174.25,0.5467
TXN-006075,2023-08-27,Customer Support,LATAM,Completed,4992.97,476.77,4516.200000000001,0.9045
TXN-009137,2023-08-27,Operations,APAC,Completed,5059.18,3308.83,1750.3500000000004,0.346
TXN-005379,2023-08-27,Operations,EMEA,Pending,5658.1,909.31,4748.790000000001,0.8393
TXN-010946,2023-08-27,Customer Support,APAC,Completed,6959.15,1596.35,5362.799999999999,0.7706
TXN-006378,2023-08-27,Marketing,LATAM,Completed,3698.28,2162.57,1535.71,0.4152
TXN-005435,2023-08-27,Customer Support,APAC,Completed,4565.38,1346.93,3218.45,0.705
TXN-004980,2023-08-27,Customer Support,EMEA,Completed,7837.86,1442.97,6394.889999999999,0.8159
TXN-008782,2023-08-28,Operations,APAC,Pending,6179.69,2622.74,3556.95,0.5756
TXN-006826,2023-08-28,Sales,APAC,Completed,4558.87,2400.31,2158.56,0.4735
TXN-009955,2023-08-28,Marketing,EMEA,Pending,3432.46,1653.4,1779.06,0.5183
TXN-008979,2023-08-28,Customer Support,North America,Pending,5639.08,2462.17,3176.91,0.5634
TXN-001806,2023-08-28,Engineering,EMEA,Completed,3608.65,1759.37,1849.2800000000002,0.5125
TXN-007304,2023-08-28,Marketing,North America,Completed,5019.56,1472.78,3546.7800000000007,0.7066
TXN-005002,2023-08-28,Sales,North America,Pending,6371.32,2796.58,3574.74,0.5611
TXN-008270,2023-08-28,Operations,APAC,Completed,4806.66,935.55,3871.1099999999997,0.8054
TXN-004121,2023-08-28,Sales,North America,Completed,5285.53,2439.13,2846.3999999999996,0.5385
TXN-003048,2023-08-28,Engineering,North America,Completed,4473.02,2660.96,1812.0600000000004,0.4051
TXN-007360,2023-08-28,Marketing,APAC,Completed,4900.76,1889.41,3011.3500000000004,0.6145
TXN-004939,2023-08-28,Operations,EMEA,Completed,5663.6,2442.22,3221.3800000000006,0.5688
TXN-011002,2023-08-28,Engineering,LATAM,Pending,4501.56,1761.6,2739.9600000000005,0.6087
TXN-006729,2023-08-29,Customer Support,North America,Completed,2836.86,1425.74,1411.1200000000001,0.4974
TXN-004960,2023-08-29,Marketing,LATAM,Completed,6782.75,2503.6,4279.15,0.6309
TXN-000229,2023-08-29,Customer Support,EMEA,Completed,6767.44,1216.77,5550.67,0.8202
TXN-007653,2023-08-29,Customer Support,EMEA,Completed,3208.86,1446.52,1762.3400000000001,0.5492
TXN-007486,2023-08-29,Marketing,North America,Completed,6577.86,3424.91,3152.95,0.4793
TXN-008985,2023-08-29,Customer Support,North America,Completed,6975.04,3728.47,3246.57,0.4655
TXN-010949,2023-08-29,Engineering,North America,Completed,2750.87,2953.74,-202.8699999999999,-0.0737
TXN-004879,2023-08-29,Customer Support,North America,Pending,5454.57,3316.07,2138.4999999999995,0.3921
TXN-009444,2023-08-29,Sales,LATAM,Completed,4767.26,193.36,4573.900000000001,0.9594
TXN-011759,2023-08-29,Operations,EMEA,Completed,2394.52,2057.87,336.6500000000001,0.1406
TXN-005175,2023-08-29,Customer Support,EMEA,Completed,5286.06,488.43,4797.63,0.9076
TXN-004021,2023-08-29,Operations,North America,Pending,4308.79,1909.99,2398.8,0.5567
TXN-008646,2023-08-29,Engineering,APAC,Completed,5468.57,2146.66,3321.91,0.6075
TXN-004561,2023-08-30,Sales,EMEA,Completed,5814.5,1411.96,4402.54,0.7572
TXN-011222,2023-08-30,Marketing,North America,Pending,4853.16,3266.34,1586.8199999999997,0.327
TXN-005327,2023-08-30,Engineering,APAC,Completed,6059.56,788.06,5271.5,0.8699
TXN-007819,2023-08-30,Operations,APAC,Completed,6596.41,1500.01,5096.4,0.7726
TXN-010046,2023-08-30,Customer Support,LATAM,Completed,3652.2,293.15,3359.0499999999997,0.9197
TXN-004904,2023-08-30,Marketing,APAC,Completed,3724.87,2038.11,1686.76,0.4528
TXN-000829,2023-08-30,Operations,North America,Completed,199.81,712.4,-512.5899999999999,-2.5654
TXN-007265,2023-08-30,Customer Support,APAC,Completed,6441.62,1806.82,4634.8,0.7195
TXN-004153,2023-08-30,Sales,EMEA,Pending,5882.89,2107.84,3775.05,0.6417
TXN-010235,2023-08-30,Sales,LATAM,Completed,4995.7,1630.41,3365.29,0.6736
TXN-002525,2023-08-30,Engineering,EMEA,Pending,6555.25,3023.3,3531.95,0.5388
TXN-001078,2023-08-30,Engineering,APAC,Completed,5015.77,1303.18,3712.59,0.7402
TXN-005277,2023-08-30,Engineering,North America,Completed,2658.7,2805.86,-147.1600000000003,-0.0554
TXN-002593,2023-08-30,Marketing,EMEA,Completed,4377.84,756.43,3621.4100000000003,0.8272
TXN-001391,2023-08-31,Engineering,EMEA,Completed,6242.64,1513.17,4729.47,0.7576
TXN-010083,2023-08-31,Customer Support,APAC,Completed,5447.6,3648.82,1798.7800000000002,0.3302
TXN-005899,2023-08-31,Engineering,EMEA,Pending,6383.45,1001.75,5381.7,0.8431
TXN-001605,2023-08-31,Operations,LATAM,Completed,6369.51,2419.85,3949.6600000000003,0.6201
TXN-000017,2023-08-31,Operations,APAC,Pending,5831.56,2086.86,3744.7000000000003,0.6421
TXN-008632,2023-08-31,Marketing,North America,Completed,5525.85,1869.2,3656.6500000000005,0.6617
TXN-007547,2023-08-31,Marketing,EMEA,Completed,6599.91,1385.77,5214.139999999999,0.79
TXN-000361,2023-08-31,Customer Support,LATAM,Completed,6283.22,1934.55,4348.67,0.6921
TXN-010144,2023-09-01,Operations,EMEA,Completed,4285.2,1433.31,2851.89,0.6655
TXN-003751,2023-09-01,Marketing,APAC,Completed,3115.42,1126.85,1988.5700000000002,0.6383
TXN-007587,2023-09-01,Sales,North America,Completed,6158.56,1231.01,4927.55,0.8001
TXN-004741,2023-09-01,Engineering,EMEA,Pending,6702.28,1350.81,5351.469999999999,0.7985
TXN-001830,2023-09-01,Operations,APAC,Pending,4541.97,1853.48,2688.4900000000002,0.5919
TXN-001218,2023-09-01,Engineering,APAC,Completed,4292.71,1853.97,2438.74,0.5681
TXN-003909,2023-09-01,Operations,APAC,Completed,4291.35,2339.09,1952.2600000000002,0.4549
TXN-009202,2023-09-01,Sales,LATAM,Completed,5107.97,2759.87,2348.1000000000004,0.4597
TXN-002865,2023-09-01,Customer Support,North America,Pending,5187.08,1366.37,3820.71,0.7366
TXN-004193,2023-09-01,Sales,EMEA,Pending,2784.83,3021.6,-236.76999999999998,-0.085
TXN-011174,2023-09-01,Sales,North America,Completed,5547.01,2941.16,2605.8500000000004,0.4698
TXN-005663,2023-09-02,Operations,LATAM,Completed,1491.5,2828.69,-1337.19,-0.8965
TXN-002310,2023-09-02,Sales,EMEA,Completed,6077.37,2289.36,3788.0099999999998,0.6233
TXN-003483,2023-09-02,Engineering,North America,Completed,4466.34,947.41,3518.9300000000003,0.7879
TXN-009624,2023-09-02,Operations,LATAM,Completed,5648.16,2711.17,2936.99,0.52
TXN-004080,2023-09-02,Sales,APAC,Pending,4443.1,2316.9,2126.2000000000003,0.4785
TXN-011597,2023-09-02,Operations,North America,Completed,5792.85,570.17,5222.68,0.9016
TXN-011921,2023-09-02,Operations,North America,Completed,6904.2,3063.78,3840.4199999999996,0.5562
TXN-011929,2023-09-02,Engineering,EMEA,Pending,6295.43,1936.41,4359.02,0.6924
TXN-008743,2023-09-02,Marketing,LATAM,Completed,3446.36,1603.5,1842.8600000000001,0.5347
TXN-002804,2023-09-02,Engineering,LATAM,Completed,3511.42,3113.19,398.23,0.1134
TXN-005342,2023-09-02,Engineering,North America,Completed,2883.58,1855.03,1028.55,0.3567
TXN-009499,2023-09-02,Customer Support,EMEA,Completed,8573.45,2403.27,6170.18,0.7197
TXN-005309,2023-09-03,Engineering,APAC,Pending,4572.97,2409.86,2163.11,0.473
TXN-001657,2023-09-03,Customer Support,APAC,Pending,6999.87,2408.45,4591.42,0.6559
TXN-005228,2023-09-03,Sales,North America,Completed,1536.94,2375.59,-838.6500000000001,-0.5457
TXN-004312,2023-09-03,Customer Support,EMEA,Pending,3939.6,853.68,3085.92,0.7833
TXN-003648,2023-09-03,Marketing,APAC,Completed,4221.95,1326.09,2895.8599999999997,0.6859
TXN-009628,2023-09-03,Customer Support,North America,Pending,3308.82,1495.17,1813.65,0.5481
TXN-011349,2023-09-03,Marketing,LATAM,Pending,7325.99,2167.68,5158.3099999999995,0.7041
TXN-006119,2023-09-03,Marketing,EMEA,Completed,5735.41,4444.59,1290.8199999999997,0.2251
TXN-006192,2023-09-03,Operations,North America,Pending,3700.82,3069.97,630.8500000000004,0.1705
TXN-002303,2023-09-04,Sales,EMEA,Completed,4093.25,2512.42,1580.83,0.3862
TXN-006691,2023-09-04,Marketing,LATAM,Pending,4826.61,2510.3,2316.3099999999995,0.4799
TXN-000344,2023-09-04,Engineering,LATAM,Completed,6877.19,1880.76,4996.429999999999,0.7265
TXN-004539,2023-09-04,Engineering,EMEA,Completed,6245.06,1517.36,4727.700000000001,0.757
TXN-005374,2023-09-04,Customer Support,LATAM,Completed,4796.97,2375.74,2421.2300000000005,0.5047
TXN-010923,2023-09-04,Engineering,APAC,Pending,5448.78,2016.46,3432.3199999999997,0.6299
TXN-003904,2023-09-04,Marketing,North America,Completed,3716.34,2967.82,748.52,0.2014
TXN-006141,2023-09-04,Marketing,North America,Completed,5167.69,2334.34,2833.3499999999995,0.5483
TXN-004639,2023-09-04,Customer Support,APAC,Completed,5202.15,1771.3,3430.8499999999995,0.6595
TXN-006687,2023-09-04,Customer Support,APAC,Completed,2695.9,452.2,2243.7000000000003,0.8323
TXN-006289,2023-09-04,Customer Support,EMEA,Pending,3802.98,2220.11,1582.87,0.4162
TXN-007331,2023-09-05,Marketing,APAC,Completed,7994.78,2231.59,5763.19,0.7209
TXN-007722,2023-09-05,Engineering,APAC,Completed,6632.98,2313.59,4319.389999999999,0.6512
TXN-000388,2023-09-05,Operations,EMEA,Completed,3799.37,2247.57,1551.7999999999997,0.4084
TXN-001430,2023-09-05,Engineering,North America,Completed,8684.55,1731.09,6953.459999999999,0.8007
TXN-004441,2023-09-05,Operations,APAC,Completed,5059.18,2393.05,2666.13,0.527
TXN-006749,2023-09-05,Engineering,APAC,Completed,3004.1,1408.76,1595.34,0.5311
TXN-003965,2023-09-05,Marketing,North America,Pending,4478.04,0.0,4478.04,1.0
TXN-006510,2023-09-05,Marketing,LATAM,Completed,4192.31,2375.69,1816.6200000000003,0.4333
TXN-011874,2023-09-05,Engineering,EMEA,Completed,5661.97,1379.79,4282.18,0.7563
TXN-001344,2023-09-05,Marketing,LATAM,Completed,4779.87,2881.91,1897.96,0.3971
TXN-008865,2023-09-05,Engineering,APAC,Completed,4464.65,1676.42,2788.2299999999996,0.6245
TXN-008074,2023-09-05,Operations,LATAM,Completed,4328.62,2150.19,2178.43,0.5033
TXN-011098,2023-09-06,Sales,LATAM,Completed,5568.18,2752.89,2815.2900000000004,0.5056
TXN-003629,2023-09-06,Engineering,LATAM,Completed,6952.48,2030.83,4921.65,0.7079
TXN-007392,2023-09-06,Operations,EMEA,Completed,4629.54,1788.89,2840.6499999999996,0.6136
TXN-007406,2023-09-06,Marketing,LATAM,Completed,4407.82,3196.47,1211.35,0.2748
TXN-008613,2023-09-06,Engineering,North America,Completed,5733.16,1658.8,4074.3599999999997,0.7107
TXN-003396,2023-09-06,Engineering,North America,Completed,4086.21,2551.34,1534.87,0.3756
TXN-000564,2023-09-06,Marketing,APAC,Completed,5458.64,1204.19,4254.450000000001,0.7794
TXN-006239,2023-09-06,Operations,LATAM,Completed,3877.43,2379.8,1497.6299999999997,0.3862
TXN-005946,2023-09-06,Sales,EMEA,Completed,6627.47,2295.69,4331.780000000001,0.6536
TXN-005611,2023-09-06,Marketing,LATAM,Completed,3975.62,3247.04,728.5799999999999,0.1833
TXN-002092,2023-09-06,Operations,North America,Pending,4006.83,3523.86,482.9699999999998,0.1205
TXN-009761,2023-09-06,Operations,North America,Completed,5031.82,2100.52,2931.2999999999997,0.5826
TXN-007821,2023-09-06,Sales,North America,Completed,6432.26,2315.71,4116.55,0.64
TXN-003992,2023-09-07,Customer Support,North America,Pending,5459.81,1801.52,3658.2900000000004,0.67
TXN-003398,2023-09-07,Engineering,LATAM,Completed,4191.33,2971.67,1219.6599999999999,0.291
TXN-006935,2023-09-07,Operations,LATAM,Completed,6897.89,2966.57,3931.32,0.5699
TXN-002324,2023-09-07,Customer Support,LATAM,Completed,4170.18,2184.1,1986.0800000000004,0.4763
TXN-005895,2023-09-07,Operations,EMEA,Completed,5785.35,987.74,4797.610000000001,0.8293
TXN-003827,2023-09-07,Sales,APAC,Pending,5016.88,3347.82,1669.06,0.3327
TXN-005746,2023-09-07,Customer Support,APAC,Completed,6449.67,2357.59,4092.08,0.6345
TXN-008640,2023-09-07,Sales,EMEA,Completed,6036.69,1351.91,4684.78,0.7761
TXN-003996,2023-09-07,Sales,North America,Completed,5150.88,2514.91,2635.9700000000003,0.5118
TXN-002818,2023-09-07,Customer Support,LATAM,Pending,4558.04,1871.85,2686.19,0.5893
TXN-009131,2023-09-07,Marketing,North America,Completed,3350.93,2531.59,819.3399999999997,0.2445
TXN-009900,2023-09-07,Customer Support,EMEA,Completed,5528.48,2962.12,2566.3599999999997,0.4642
TXN-002579,2023-09-07,Customer Support,North America,Completed,2542.43,1022.36,1520.0699999999997,0.5979
TXN-006313,2023-09-08,Customer Support,LATAM,Pending,4739.81,1997.13,2742.6800000000003,0.5786
TXN-010497,2023-09-08,Operations,LATAM,Completed,4287.64,3698.06,589.5800000000004,0.1375
TXN-000371,2023-09-08,Sales,LATAM,Completed,5054.66,2536.64,2518.02,0.4982
TXN-010740,2023-09-08,Sales,APAC,Completed,4837.74,433.88,4403.86,0.9103
TXN-010867,2023-09-08,Engineering,EMEA,Pending,4795.1,1700.57,3094.5300000000007,0.6454
TXN-009812,2023-09-08,Sales,LATAM,Completed,3117.71,2577.22,540.4900000000002,0.1734
TXN-006739,2023-09-08,Engineering,APAC,Completed,6633.51,3063.6,3569.9100000000003,0.5382
TXN-003533,2023-09-08,Sales,APAC,Completed,5207.17,1322.75,3884.42,0.746
TXN-009732,2023-09-08,Operations,LATAM,Completed,4067.68,2399.04,1668.6399999999999,0.4102
TXN-000503,2023-09-08,Operations,APAC,Completed,4607.84,2249.16,2358.6800000000003,0.5119
TXN-002642,2023-09-08,Operations,North America,Completed,6114.92,1725.72,4389.2,0.7178
TXN-011138,2023-09-08,Marketing,EMEA,Completed,4117.25,2786.68,1330.5700000000002,0.3232
TXN-008157,2023-09-09,Customer Support,LATAM,Completed,4753.58,1624.76,3128.8199999999997,0.6582
TXN-006248,2023-09-09,Engineering,North America,Pending,4272.19,2684.07,1588.1199999999994,0.3717
TXN-011733,2023-09-09,Sales,EMEA,Completed,6130.47,2448.54,3681.9300000000003,0.6006
TXN-011806,2023-09-09,Marketing,EMEA,Completed,4685.98,1670.19,3015.7899999999995,0.6436
TXN-008127,2023-09-09,Engineering,North America,Completed,4668.25,1041.63,3626.62,0.7769
TXN-004611,2023-09-09,Marketing,APAC,Completed,4120.58,2765.3,1355.2799999999997,0.3289
TXN-004305,2023-09-09,Operations,EMEA,Pending,4344.41,808.21,3536.2,0.814
TXN-001293,2023-09-09,Marketing,APAC,Pending,6454.53,1626.53,4828.0,0.748
TXN-001244,2023-09-09,Sales,EMEA,Pending,3516.31,3040.61,475.6999999999998,0.1353
TXN-002695,2023-09-09,Customer Support,LATAM,Completed,5789.18,2447.08,3342.1000000000004,0.5773
TXN-002071,2023-09-09,Customer Support,North America,Completed,4033.8,2638.21,1395.5900000000001,0.346
TXN-008788,2023-09-09,Marketing,APAC,Completed,4971.94,1982.63,2989.3099999999995,0.6012
TXN-007108,2023-09-09,Customer Support,LATAM,Pending,3351.48,3786.7,-435.2199999999998,-0.1299
TXN-003849,2023-09-09,Customer Support,North America,Completed,6849.19,3431.48,3417.7099999999996,0.499
TXN-007037,2023-09-09,Sales,APAC,Completed,4665.24,1218.83,3446.41,0.7387
TXN-006095,2023-09-09,Marketing,APAC,Completed,6169.08,1963.53,4205.55,0.6817
TXN-003915,2023-09-09,Sales,LATAM,Pending,4411.11,1263.59,3147.5199999999995,0.7135
TXN-000797,2023-09-09,Engineering,EMEA,Completed,5252.06,1504.78,3747.2800000000007,0.7135
TXN-008159,2023-09-09,Engineering,North America,Completed,4357.44,2225.69,2131.7499999999995,0.4892
TXN-001179,2023-09-10,Engineering,APAC,Completed,3440.76,1884.55,1556.2100000000003,0.4523
TXN-006343,2023-09-10,Customer Support,North America,Pending,7850.23,4011.46,3838.7699999999995,0.489
TXN-000506,2023-09-10,Marketing,LATAM,Completed,5405.11,1839.5,3565.6099999999997,0.6597
TXN-009775,2023-09-10,Operations,APAC,Completed,6422.6,918.25,5504.35,0.857
TXN-003674,2023-09-10,Engineering,North America,Completed,7881.88,2063.22,5818.66,0.7382
TXN-006788,2023-09-10,Engineering,LATAM,Completed,812.07,2609.54,-1797.4699999999998,-2.2134
TXN-010702,2023-09-10,Marketing,LATAM,Completed,7917.34,2880.73,5036.610000000001,0.6361
TXN-001456,2023-09-10,Customer Support,EMEA,Completed,4563.28,2922.33,1640.9499999999998,0.3596
TXN-003911,2023-09-10,Engineering,North America,Pending,2085.54,1359.09,726.45,0.3483
TXN-007024,2023-09-10,Customer Support,North America,Completed,5043.08,879.44,4163.639999999999,0.8256
TXN-008450,2023-09-10,Customer Support,North America,Completed,4240.83,2216.36,2024.4699999999998,0.4774
TXN-007750,2023-09-10,Sales,North America,Completed,6489.83,819.23,5670.6,0.8738
TXN-009106,2023-09-10,Operations,LATAM,Pending,3777.12,2247.91,1529.21,0.4049
TXN-002270,2023-09-10,Customer Support,APAC,Completed,5128.68,2057.42,3071.26,0.5988
TXN-007909,2023-09-10,Operations,EMEA,Completed,5343.83,1721.37,3622.46,0.6779
TXN-006447,2023-09-10,Sales,North America,Completed,5025.18,1599.31,3425.8700000000003,0.6817
TXN-000942,2023-09-10,Marketing,North America,Pending,5274.31,572.55,4701.76,0.8914
TXN-010130,2023-09-10,Customer Support,LATAM,Completed,4846.03,1700.38,3145.6499999999996,0.6491
TXN-009934,2023-09-10,Engineering,LATAM,Completed,5706.48,1404.42,4302.0599999999995,0.7539
TXN-011968,2023-09-11,Sales,EMEA,Completed,4858.43,2438.89,2419.5400000000004,0.498
TXN-008124,2023-09-11,Operations,North America,Pending,3719.66,2698.25,1021.4099999999999,0.2746
TXN-011745,2023-09-11,Operations,LATAM,Completed,4273.07,440.9,3832.1699999999996,0.8968
TXN-002699,2023-09-11,Engineering,North America,Pending,3995.22,730.2,3265.0199999999995,0.8172
TXN-007019,2023-09-11,Engineering,EMEA,Completed,2462.93,2051.34,411.5899999999997,0.1671
TXN-011294,2023-09-11,Operations,LATAM,Completed,2483.69,2201.99,281.7000000000003,0.1134
TXN-005399,2023-09-11,Sales,APAC,Completed,3438.24,1957.36,1480.8799999999999,0.4307
TXN-005084,2023-09-11,Sales,APAC,Completed,7631.83,881.12,6750.71,0.8845
TXN-011861,2023-09-11,Operations,EMEA,Pending,4867.97,620.28,4247.6900000000005,0.8726
TXN-007758,2023-09-12,Sales,APAC,Pending,5016.88,2337.1,2679.78,0.5342
TXN-003942,2023-09-12,Marketing,EMEA,Completed,4843.79,2403.54,2440.25,0.5038
TXN-003317,2023-09-12,Operations,APAC,Completed,6186.25,2840.35,3345.9,0.5409
TXN-004664,2023-09-12,Sales,LATAM,Completed,3117.78,2358.01,759.77,0.2437
TXN-000560,2023-09-12,Operations,APAC,Completed,6078.91,1157.16,4921.75,0.8096
TXN-010246,2023-09-12,Sales,North America,Completed,5270.43,2103.8,3166.63,0.6008
TXN-008413,2023-09-12,Engineering,North America,Completed,6428.85,2910.49,3518.3600000000006,0.5473
TXN-002584,2023-09-12,Marketing,EMEA,Completed,4806.04,2952.05,1853.9899999999998,0.3858
TXN-000887,2023-09-12,Engineering,EMEA,Completed,4116.91,1999.43,2117.4799999999996,0.5143
TXN-002021,2023-09-12,Customer Support,APAC,Pending,4618.82,2742.58,1876.2399999999998,0.4062
TXN-008077,2023-09-12,Operations,LATAM,Completed,3712.92,1331.59,2381.33,0.6414
TXN-008168,2023-09-12,Sales,LATAM,Completed,5500.74,3688.07,1812.6699999999996,0.3295
TXN-006648,2023-09-13,Customer Support,LATAM,Completed,5578.08,2144.23,3433.85,0.6156
TXN-007595,2023-09-13,Engineering,EMEA,Completed,4377.04,1219.98,3157.06,0.7213
TXN-002481,2023-09-13,Customer Support,APAC,Completed,2299.95,3298.11,-998.1600000000003,-0.434
TXN-004315,2023-09-13,Engineering,APAC,Completed,4644.7,2231.08,2413.62,0.5197
TXN-003459,2023-09-13,Sales,APAC,Pending,4439.18,1809.59,2629.59,0.5924
TXN-007069,2023-09-13,Marketing,EMEA,Pending,4974.51,2746.25,2228.26,0.4479
TXN-004179,2023-09-13,Operations,North America,Completed,4652.42,3940.31,712.1100000000001,0.1531
TXN-011882,2023-09-13,Customer Support,LATAM,Pending,4079.61,3171.16,908.4500000000003,0.2227
TXN-008452,2023-09-13,Engineering,APAC,Completed,4814.55,3189.54,1625.0100000000002,0.3375
TXN-001062,2023-09-13,Engineering,North America,Completed,3800.18,0.0,3800.18,1.0
TXN-007577,2023-09-13,Engineering,EMEA,Completed,8274.21,1293.76,6980.449999999999,0.8436
TXN-006294,2023-09-13,Marketing,North America,Pending,4599.66,2049.08,2550.58,0.5545
TXN-010405,2023-09-13,Sales,North America,Pending,3819.13,2584.97,1234.1600000000003,0.3232
TXN-002207,2023-09-14,Sales,North America,Pending,2600.24,981.04,1619.1999999999998,0.6227
TXN-005287,2023-09-14,Marketing,LATAM,Completed,4506.35,2241.42,2264.9300000000003,0.5026
TXN-000501,2023-09-14,Engineering,EMEA,Completed,5010.14,2320.69,2689.4500000000003,0.5368
TXN-008901,2023-09-14,Engineering,LATAM,Completed,6127.75,1847.73,4280.02,0.6985
TXN-004537,2023-09-14,Engineering,LATAM,Completed,6403.02,2889.43,3513.5900000000006,0.5487
TXN-002385,2023-09-14,Operations,APAC,Pending,6387.63,2819.44,3568.19,0.5586
TXN-006150,2023-09-14,Sales,North America,Completed,3724.42,1099.81,2624.61,0.7047
TXN-004652,2023-09-14,Engineering,LATAM,Completed,5219.4,1613.22,3606.1799999999994,0.6909
TXN-007035,2023-09-14,Sales,APAC,Completed,8656.38,2234.1,6422.279999999999,0.7419
TXN-000700,2023-09-15,Operations,APAC,Completed,4238.16,842.96,3395.2,0.8011
TXN-006398,2023-09-15,Operations,EMEA,Pending,4941.35,2309.64,2631.7100000000005,0.5326
TXN-006844,2023-09-15,Sales,EMEA,Completed,3359.07,1012.87,2346.2000000000003,0.6985
TXN-011589,2023-09-15,Customer Support,APAC,Completed,2393.09,3800.27,-1407.1799999999998,-0.588
TXN-008258,2023-09-15,Customer Support,LATAM,Completed,8100.88,1458.49,6642.39,0.82
TXN-001653,2023-09-15,Customer Support,EMEA,Pending,6890.18,2223.56,4666.620000000001,0.6773
TXN-002529,2023-09-15,Operations,LATAM,Pending,2233.54,1900.15,333.3899999999999,0.1493
TXN-004856,2023-09-15,Sales,North America,Pending,4799.69,2855.38,1944.3099999999995,0.4051
TXN-000727,2023-09-15,Marketing,APAC,Completed,4826.53,2860.57,1965.9599999999996,0.4073
TXN-003688,2023-09-15,Sales,LATAM,Completed,3744.33,2622.79,1121.54,0.2995
TXN-010078,2023-09-15,Marketing,EMEA,Completed,7538.62,1874.9,5663.719999999999,0.7513
TXN-009656,2023-09-15,Marketing,EMEA,Completed,4399.08,2014.115,2384.965,0.5422
TXN-011144,2023-09-15,Marketing,APAC,Completed,2958.25,3226.03,-267.7800000000002,-0.0905
TXN-004283,2023-09-15,Operations,North America,Pending,4981.92,2365.3,2616.62,0.5252
TXN-007805,2023-09-16,Engineering,LATAM,Completed,3293.85,3141.09,152.75999999999976,0.0464
TXN-003600,2023-09-16,Customer Support,North America,Completed,6964.64,1349.53,5615.110000000001,0.8062
TXN-002942,2023-09-16,Marketing,North America,Completed,2870.5,1532.19,1338.31,0.4662
TXN-008616,2023-09-16,Marketing,EMEA,Completed,4803.55,2970.33,1833.2200000000003,0.3816
TXN-006319,2023-09-16,Engineering,EMEA,Completed,5403.09,2681.7,2721.3900000000003,0.5037
TXN-005075,2023-09-16,Sales,EMEA,Pending,5879.98,1481.75,4398.23,0.748
TXN-007279,2023-09-16,Operations,APAC,Completed,4588.02,2150.46,2437.5600000000004,0.5313
TXN-000825,2023-09-16,Customer Support,LATAM,Completed,2828.18,2264.72,563.46,0.1992
TXN-000436,2023-09-16,Engineering,EMEA,Pending,4989.27,1011.07,3978.2000000000003,0.7974
TXN-001097,2023-09-16,Marketing,EMEA,Completed,6579.9,2525.57,4054.3299999999995,0.6162
TXN-008637,2023-09-16,Engineering,APAC,Completed,5777.86,1102.15,4675.709999999999,0.8092
TXN-010861,2023-09-16,Engineering,EMEA,Completed,5010.14,1598.48,3411.6600000000003,0.681
TXN-004942,2023-09-16,Operations,LATAM,Completed,6075.86,1747.47,4328.389999999999,0.7124
TXN-010952,2023-09-16,Marketing,North America,Pending,3586.39,763.48,2822.91,0.7871
TXN-009418,2023-09-16,Sales,North America,Completed,5268.67,1402.42,3866.25,0.7338
TXN-009811,2023-09-16,Operations,APAC,Completed,4049.55,2124.09,1925.46,0.4755
TXN-003004,2023-09-16,Customer Support,EMEA,Completed,5286.69,1539.26,3747.4299999999994,0.7088
TXN-000149,2023-09-17,Sales,APAC,Completed,5460.93,2454.56,3006.3700000000003,0.5505
TXN-010380,2023-09-17,Sales,EMEA,Completed,5202.37,868.27,4334.1,0.8331
TXN-001819,2023-09-17,Marketing,APAC,Completed,5835.15,2849.9,2985.2499999999995,0.5116
TXN-009788,2023-09-17,Customer Support,EMEA,Completed,3116.08,1753.11,1362.97,0.4374
TXN-007779,2023-09-17,Customer Support,North America,Completed,7925.47,2505.12,5420.35,0.6839
TXN-002740,2023-09-17,Customer Support,APAC,Pending,2149.61,2191.23,-41.61999999999989,-0.0194
TXN-009645,2023-09-17,Engineering,EMEA,Pending,4801.82,1222.12,3579.7,0.7455
TXN-004429,2023-09-17,Sales,APAC,Completed,6808.39,214.94,6593.450000000001,0.9684
TXN-002131,2023-09-17,Marketing,EMEA,Completed,4183.7,1110.22,3073.4799999999996,0.7346
TXN-006218,2023-09-17,Operations,EMEA,Completed,3932.05,2275.38,1656.67,0.4213
TXN-006101,2023-09-17,Marketing,LATAM,Completed,5190.42,2227.45,2962.9700000000003,0.5709
TXN-010802,2023-09-17,Sales,EMEA,Completed,3121.27,1624.46,1496.81,0.4796
TXN-009230,2023-09-17,Customer Support,EMEA,Completed,5239.01,1474.41,3764.6000000000004,0.7186
TXN-006404,2023-09-18,Customer Support,EMEA,Completed,4640.56,1912.66,2727.9000000000005,0.5878
TXN-004983,2023-09-18,Operations,LATAM,Completed,4139.52,2889.67,1249.8500000000004,0.3019
TXN-007681,2023-09-18,Customer Support,EMEA,Completed,5181.01,2020.04,3160.9700000000003,0.6101
TXN-001651,2023-09-18,Operations,APAC,Completed,6417.31,752.65,5664.660000000001,0.8827
TXN-010869,2023-09-18,Operations,APAC,Completed,6470.25,1608.38,4861.87,0.7514
TXN-010654,2023-09-18,Customer Support,EMEA,Completed,6001.0,155.57,5845.43,0.9741
TXN-009322,2023-09-18,Marketing,LATAM,Completed,5361.39,793.94,4567.450000000001,0.8519
TXN-010479,2023-09-18,Operations,APAC,Pending,3825.58,2212.87,1612.71,0.4216
TXN-006735,2023-09-18,Sales,APAC,Pending,4479.95,2470.32,2009.6299999999997,0.4486
TXN-002753,2023-09-18,Engineering,North America,Pending,3723.35,1034.56,2688.79,0.7221
TXN-006787,2023-09-18,Customer Support,North America,Completed,7610.91,1997.69,5613.219999999999,0.7375
TXN-001324,2023-09-18,Marketing,LATAM,Completed,5005.14,2292.64,2712.5000000000005,0.5419
TXN-004667,2023-09-18,Engineering,LATAM,Completed,2213.48,1726.27,487.21000000000004,0.2201
TXN-003485,2023-09-19,Sales,EMEA,Completed,5326.79,1974.82,3351.9700000000003,0.6293
TXN-008892,2023-09-19,Customer Support,EMEA,Completed,6824.35,2822.12,4002.2300000000005,0.5865
TXN-004565,2023-09-19,Engineering,North America,Pending,3566.67,2468.06,1098.6100000000001,0.308
TXN-008585,2023-09-19,Sales,LATAM,Completed,2865.93,2048.7,817.23,0.2852
TXN-007934,2023-09-19,Operations,North America,Completed,7145.09,1788.14,5356.95,0.7497
TXN-009686,2023-09-19,Engineering,EMEA,Completed,7090.09,4015.13,3074.96,0.4337
TXN-001374,2023-09-19,Customer Support,EMEA,Completed,6504.68,828.63,5676.05,0.8726
TXN-004677,2023-09-19,Customer Support,EMEA,Pending,6415.59,834.77,5580.82,0.8699
TXN-005872,2023-09-19,Customer Support,APAC,Completed,5757.09,2773.3,2983.79,0.5183
TXN-010906,2023-09-19,Engineering,EMEA,Completed,3936.86,1893.07,2043.7900000000002,0.5191
TXN-010436,2023-09-19,Operations,APAC,Completed,3620.81,952.64,2668.17,0.7369
TXN-005133,2023-09-19,Sales,LATAM,Completed,5374.42,3632.32,1742.1,0.3241
TXN-002195,2023-09-19,Sales,LATAM,Completed,2437.92,1670.18,767.74,0.3149
TXN-005925,2023-09-19,Operations,LATAM,Completed,5494.84,1084.02,4410.82,0.8027
TXN-003993,2023-09-19,Customer Support,APAC,Completed,4327.08,3239.47,1087.6100000000001,0.2513
TXN-002975,2023-09-19,Marketing,North America,Pending,4861.92,2553.32,2308.6,0.4748
TXN-008327,2023-09-19,Operations,North America,Pending,2943.28,3377.25,-433.9699999999998,-0.1474
TXN-009142,2023-09-19,Marketing,APAC,Completed,5380.33,1871.8,3508.5299999999997,0.6521
TXN-001141,2023-09-20,Engineering,EMEA,Completed,5348.75,2130.7,3218.05,0.6016
TXN-001233,2023-09-20,Sales,APAC,Completed,3775.72,1477.19,2298.5299999999997,0.6088
TXN-010543,2023-09-20,Marketing,APAC,Completed,4207.05,2267.41,1939.6400000000003,0.461
TXN-001177,2023-09-20,Operations,EMEA,Completed,4064.97,989.52,3075.45,0.7566
TXN-008442,2023-09-20,Engineering,North America,Pending,6358.82,4247.15,2111.67,0.3321
TXN-007764,2023-09-20,Marketing,North America,Completed,1092.0,3062.85,-1970.85,-1.8048
TXN-009114,2023-09-20,Marketing,LATAM,Completed,7437.77,2274.15,5163.620000000001,0.6942
TXN-000555,2023-09-21,Operations,APAC,Pending,6063.11,2231.55,3831.5599999999995,0.6319
TXN-001757,2023-09-21,Customer Support,EMEA,Completed,3824.22,3023.98,800.2399999999998,0.2093
TXN-004387,2023-09-21,Engineering,LATAM,Pending,6970.74,1935.83,5034.91,0.7223
TXN-003848,2023-09-21,Sales,LATAM,Completed,5501.38,2427.59,3073.79,0.5587
TXN-004761,2023-09-21,Engineering,LATAM,Completed,3048.41,2789.83,258.5799999999999,0.0848
TXN-002374,2023-09-21,Marketing,APAC,Pending,3961.02,2879.87,1081.15,0.2729
TXN-011804,2023-09-21,Engineering,APAC,Pending,4058.49,2351.44,1707.0499999999997,0.4206
TXN-001247,2023-09-21,Operations,EMEA,Completed,4558.56,308.89,4249.67,0.9322
TXN-011719,2023-09-21,Customer Support,EMEA,Pending,1872.49,24.39,1848.1,0.987
TXN-008581,2023-09-21,Marketing,North America,Pending,4458.51,2211.37,2247.1400000000003,0.504
TXN-011343,2023-09-21,Engineering,North America,Completed,7338.57,1632.63,5705.94,0.7775
TXN-004952,2023-09-21,Customer Support,APAC,Pending,5378.01,615.52,4762.49,0.8855
TXN-011370,2023-09-21,Marketing,APAC,Pending,5698.7,2128.47,3570.23,0.6265
TXN-004948,2023-09-21,Marketing,LATAM,Completed,4892.76,1103.52,3789.2400000000002,0.7745
TXN-004606,2023-09-22,Sales,North America,Pending,4599.94,2363.85,2236.0899999999997,0.4861
TXN-008251,2023-09-22,Customer Support,APAC,Completed,5102.72,1334.87,3767.8500000000004,0.7384
TXN-004281,2023-09-22,Sales,LATAM,Completed,7946.4,3262.68,4683.719999999999,0.5894
TXN-010893,2023-09-22,Marketing,APAC,Completed,3989.54,3024.7,964.8400000000001,0.2418
TXN-000586,2023-09-22,Engineering,EMEA,Completed,2055.76,2044.24,11.52000000000021,0.0056
TXN-002837,2023-09-22,Engineering,APAC,Pending,4724.43,1316.29,3408.1400000000003,0.7214
TXN-006811,2023-09-22,Sales,LATAM,Completed,4891.75,2586.49,2305.26,0.4713
TXN-009842,2023-09-22,Customer Support,APAC,Completed,2436.68,1488.58,948.0999999999999,0.3891
TXN-001884,2023-09-22,Engineering,EMEA,Completed,5027.09,1328.81,3698.28,0.7357
TXN-003626,2023-09-22,Engineering,EMEA,Completed,3490.19,1791.37,1698.8200000000002,0.4867
TXN-003030,2023-09-22,Engineering,APAC,Completed,4833.84,1407.02,3426.82,0.7089
TXN-011451,2023-09-23,Operations,APAC,Completed,6527.81,3065.82,3461.9900000000002,0.5303
TXN-005643,2023-09-23,Sales,North America,Pending,5247.48,1564.95,3682.5299999999997,0.7018
TXN-000912,2023-09-23,Engineering,North America,Completed,2541.9,2010.885,531.0150000000001,0.2089
TXN-001953,2023-09-23,Customer Support,North America,Pending,4606.86,2666.43,1940.4299999999998,0.4212
TXN-008545,2023-09-23,Operations,APAC,Completed,5792.84,2468.28,3324.56,0.5739
TXN-007825,2023-09-23,Customer Support,North America,Completed,5870.44,1906.46,3963.9799999999996,0.6752
TXN-006758,2023-09-23,Customer Support,LATAM,Completed,5329.7,2244.29,3085.41,0.5789
TXN-001555,2023-09-23,Operations,North America,Pending,4697.05,1265.37,3431.6800000000003,0.7306
TXN-007354,2023-09-23,Sales,EMEA,Completed,6997.51,1812.14,5185.37,0.741
TXN-005729,2023-09-24,Sales,APAC,Completed,4453.89,1800.98,2652.9100000000003,0.5956
TXN-007272,2023-09-24,Customer Support,APAC,Completed,8732.6,532.44,8200.16,0.939
TXN-006396,2023-09-24,Sales,North America,Completed,5503.75,960.39,4543.36,0.8255
TXN-005061,2023-09-24,Engineering,APAC,Completed,7899.47,1839.1,6060.370000000001,0.7672
TXN-001230,2023-09-24,Sales,LATAM,Completed,4919.33,1911.35,3007.98,0.6115
TXN-011369,2023-09-25,Marketing,APAC,Pending,6446.21,1260.77,5185.4400000000005,0.8044
TXN-002402,2023-09-25,Operations,LATAM,Pending,6097.13,1827.36,4269.77,0.7003
TXN-007001,2023-09-25,Operations,APAC,Completed,1161.33,1307.22,-145.8900000000001,-0.1256
TXN-004826,2023-09-25,Operations,North America,Completed,3517.92,2207.65,1310.27,0.3725
TXN-006827,2023-09-25,Engineering,APAC,Completed,7738.63,2168.81,5569.82,0.7197
TXN-008361,2023-09-25,Engineering,LATAM,Completed,7345.92,2028.38,5317.54,0.7239
TXN-006953,2023-09-25,Engineering,APAC,Completed,3916.68,2094.71,1821.9699999999998,0.4652
TXN-009470,2023-09-25,Customer Support,LATAM,Pending,7423.42,1741.99,5681.43,0.7653
TXN-004762,2023-09-25,Engineering,EMEA,Completed,5389.71,1981.92,3407.79,0.6323
TXN-000973,2023-09-25,Sales,LATAM,Completed,2507.82,1664.66,843.1600000000001,0.3362
TXN-000033,2023-09-25,Customer Support,APAC,Pending,4723.28,1754.49,2968.79,0.6285
TXN-007996,2023-09-26,Marketing,APAC,Pending,4808.8,2140.09,2668.71,0.555
TXN-001770,2023-09-26,Operations,LATAM,Pending,3030.84,564.11,2466.73,0.8139
TXN-004017,2023-09-26,Operations,North America,Pending,5355.47,2731.89,2623.5800000000004,0.4899
TXN-001601,2023-09-26,Engineering,LATAM,Completed,5011.43,1357.05,3654.38,0.7292
TXN-010121,2023-09-26,Customer Support,EMEA,Completed,7174.56,757.23,6417.33,0.8945
TXN-003002,2023-09-26,Engineering,LATAM,Completed,4587.01,705.28,3881.7300000000005,0.8462
TXN-009132,2023-09-26,Sales,North America,Completed,4962.77,1558.78,3403.9900000000007,0.6859
TXN-011264,2023-09-26,Marketing,North America,Completed,3875.51,2019.69,1855.8200000000002,0.4789
TXN-009969,2023-09-26,Marketing,APAC,Completed,3597.98,1574.78,2023.2,0.5623
TXN-007314,2023-09-26,Customer Support,North America,Completed,7781.16,1270.44,6510.719999999999,0.8367
TXN-008342,2023-09-26,Customer Support,LATAM,Completed,3609.4,2685.63,923.77,0.2559
TXN-009999,2023-09-26,Operations,APAC,Completed,6870.65,1734.6,5136.049999999999,0.7475
TXN-004362,2023-09-26,Operations,EMEA,Completed,4098.36,3542.68,555.6799999999998,0.1356
TXN-007709,2023-09-26,Sales,LATAM,Pending,4949.49,1057.05,3892.4399999999996,0.7864
TXN-005834,2023-09-26,Customer Support,APAC,Pending,3409.63,1645.97,1763.66,0.5173
TXN-003379,2023-09-26,Customer Support,North America,Completed,2629.16,1534.84,1094.32,0.4162
TXN-009860,2023-09-27,Customer Support,EMEA,Pending,6289.14,1272.97,5016.17,0.7976
TXN-009632,2023-09-27,Engineering,LATAM,Completed,5955.99,868.77,5087.219999999999,0.8541
TXN-010127,2023-09-27,Customer Support,EMEA,Completed,3904.29,2084.29,1820.0,0.4662
TXN-008949,2023-09-27,Marketing,LATAM,Pending,4751.43,2064.15,2687.28,0.5656
TXN-008925,2023-09-27,Engineering,LATAM,Pending,5394.45,2002.23,3392.22,0.6288
TXN-011621,2023-09-27,Customer Support,North America,Completed,5761.84,1277.74,4484.1,0.7782
TXN-006944,2023-09-27,Sales,APAC,Completed,4868.01,2822.02,2045.9900000000002,0.4203
TXN-004358,2023-09-27,Customer Support,APAC,Completed,4243.96,1961.33,2282.63,0.5379
TXN-011666,2023-09-27,Engineering,North America,Completed,6105.27,911.96,5193.31,0.8506
TXN-003997,2023-09-27,Sales,APAC,Completed,4909.68,2541.71,2367.9700000000003,0.4823
TXN-008345,2023-09-27,Sales,LATAM,Completed,2517.76,1499.82,1017.9400000000003,0.4043
TXN-003308,2023-09-27,Engineering,APAC,Completed,6438.6,2740.66,3697.9400000000005,0.5743
TXN-002603,2023-09-27,Engineering,North America,Completed,5168.03,953.86,4214.17,0.8154
TXN-002588,2023-09-27,Customer Support,North America,Completed,4547.75,2079.08,2468.67,0.5428
TXN-007244,2023-09-28,Engineering,North America,Completed,4682.52,2276.37,2406.1500000000005,0.5139
TXN-004757,2023-09-28,Engineering,LATAM,Completed,5273.11,912.72,4360.389999999999,0.8269
TXN-004941,2023-09-28,Marketing,APAC,Pending,2257.85,1607.63,650.2199999999998,0.288
TXN-000320,2023-09-28,Operations,EMEA,Completed,4138.76,1086.17,3052.59,0.7376
TXN-009701,2023-09-28,Engineering,LATAM,Completed,3603.61,2547.97,1055.6400000000003,0.2929
TXN-006781,2023-09-28,Customer Support,EMEA,Completed,4996.53,3038.48,1958.0499999999997,0.3919
TXN-002407,2023-09-28,Engineering,APAC,Pending,5807.72,2191.71,3616.01,0.6226
TXN-001322,2023-09-28,Engineering,APAC,Completed,4437.14,1907.56,2529.5800000000004,0.5701
TXN-001046,2023-09-28,Customer Support,APAC,Completed,3351.68,1482.41,1869.2699999999998,0.5577
TXN-006322,2023-09-28,Marketing,North America,Pending,3261.51,2713.82,547.69,0.1679
TXN-000654,2023-09-28,Engineering,LATAM,Completed,5284.41,3347.56,1936.85,0.3665
TXN-007145,2023-09-28,Marketing,North America,Completed,5177.01,1841.06,3335.9500000000003,0.6444
TXN-001781,2023-09-28,Sales,EMEA,Completed,3370.38,3240.03,130.3499999999999,0.0387
TXN-003047,2023-09-28,Engineering,EMEA,Completed,4746.52,1269.15,3477.3700000000003,0.7326
TXN-002972,2023-09-29,Customer Support,LATAM,Pending,5471.76,1487.86,3983.9000000000005,0.7281
TXN-000194,2023-09-29,Sales,LATAM,Pending,6026.34,2274.76,3751.58,0.6225
TXN-002725,2023-09-29,Operations,LATAM,Pending,3813.0,1233.81,2579.19,0.6764
TXN-000630,2023-09-29,Sales,LATAM,Completed,7194.65,1922.2,5272.45,0.7328
TXN-005695,2023-09-29,Engineering,North America,Completed,3110.77,2728.04,382.73,0.123
TXN-000996,2023-09-29,Operations,APAC,Pending,5754.45,2783.39,2971.06,0.5163
TXN-007516,2023-09-29,Sales,EMEA,Completed,5561.82,2897.14,2664.68,0.4791
TXN-008005,2023-09-29,Operations,LATAM,Completed,2847.98,895.3,1952.68,0.6856
TXN-008004,2023-09-29,Customer Support,EMEA,Completed,9016.41,1995.53,7020.88,0.7787
TXN-006707,2023-09-29,Operations,EMEA,Pending,4678.51,1183.25,3495.26,0.7471
TXN-004361,2023-09-30,Marketing,EMEA,Pending,5731.33,816.61,4914.72,0.8575
TXN-009919,2023-09-30,Marketing,APAC,Completed,6562.54,1394.9,5167.639999999999,0.7874
TXN-001834,2023-09-30,Operations,North America,Completed,2061.92,1497.74,564.1800000000001,0.2736
TXN-006458,2023-09-30,Marketing,North America,Completed,6685.87,1378.9,5306.969999999999,0.7938
TXN-010028,2023-09-30,Operations,LATAM,Completed,4138.02,2333.03,1804.9900000000002,0.4362
TXN-008686,2023-09-30,Customer Support,EMEA,Pending,5577.43,1815.46,3761.9700000000003,0.6745
TXN-004386,2023-09-30,Engineering,LATAM,Completed,5491.74,2930.04,2561.7,0.4665
TXN-002639,2023-09-30,Marketing,APAC,Completed,4699.42,937.23,3762.19,0.8006
TXN-007692,2023-09-30,Customer Support,LATAM,Completed,3629.17,1220.48,2408.69,0.6637
TXN-011127,2023-09-30,Marketing,EMEA,Completed,6758.04,616.26,6141.78,0.9088
TXN-005969,2023-09-30,Marketing,APAC,Pending,3492.47,2925.49,566.98,0.1623
TXN-001919,2023-09-30,Marketing,APAC,Pending,4286.89,2332.0,1954.8900000000003,0.456
TXN-008644,2023-09-30,Marketing,EMEA,Pending,2882.53,1881.17,1001.3600000000001,0.3474
TXN-006330,2023-09-30,Operations,APAC,Completed,4143.51,1994.32,2149.1900000000005,0.5187
TXN-003558,2023-09-30,Operations,LATAM,Completed,4159.08,2597.47,1561.6100000000001,0.3755
TXN-003640,2023-09-30,Marketing,LATAM,Completed,4172.52,2192.64,1979.8800000000006,0.4745
TXN-011741,2023-10-01,Engineering,EMEA,Pending,3836.75,1649.13,2187.62,0.5702
TXN-010535,2023-10-01,Marketing,EMEA,Completed,5311.29,1639.99,3671.3,0.6912
TXN-011585,2023-10-01,Marketing,EMEA,Completed,4138.57,2214.78,1923.7899999999995,0.4648
TXN-012000,2023-10-01,Operations,North America,Pending,4467.18,2800.29,1666.8900000000003,0.3731
TXN-003841,2023-10-01,Marketing,APAC,Completed,5430.69,2721.64,2709.0499999999997,0.4988
TXN-002813,2023-10-01,Engineering,EMEA,Completed,3750.93,3332.89,418.03999999999996,0.1114
TXN-005608,2023-10-01,Marketing,North America,Completed,4333.23,932.08,3401.1499999999996,0.7849
TXN-006405,2023-10-01,Sales,North America,Completed,5751.82,2778.52,2973.2999999999997,0.5169
TXN-004008,2023-10-01,Sales,EMEA,Completed,4337.61,3270.23,1067.3799999999997,0.2461
TXN-001158,2023-10-01,Engineering,APAC,Completed,6472.12,1019.7,5452.42,0.8424
TXN-006126,2023-10-01,Operations,APAC,Pending,5243.36,3254.6,1988.7599999999998,0.3793
TXN-006934,2023-10-01,Engineering,North America,Pending,7965.16,2510.37,5454.79,0.6848
TXN-002964,2023-10-02,Sales,EMEA,Pending,4163.99,2090.26,2073.7299999999996,0.498
TXN-011593,2023-10-02,Sales,APAC,Completed,4830.9,2356.18,2474.72,0.5123
TXN-009535,2023-10-02,Customer Support,North America,Pending,5564.16,2593.64,2970.52,0.5339
TXN-005521,2023-10-02,Engineering,APAC,Completed,4499.43,465.65,4033.78,0.8965
TXN-004271,2023-10-02,Operations,EMEA,Completed,5957.91,1202.11,4755.8,0.7982
TXN-009374,2023-10-02,Customer Support,North America,Completed,3997.44,1625.2,2372.24,0.5934
TXN-005723,2023-10-02,Customer Support,North America,Pending,5539.03,1478.35,4060.68,0.7331
TXN-000736,2023-10-02,Marketing,North America,Completed,2609.808,1159.5,1450.308,0.5557
TXN-002554,2023-10-02,Operations,EMEA,Completed,3540.96,3177.97,362.99000000000024,0.1025
TXN-004653,2023-10-02,Operations,APAC,Completed,4526.74,2536.71,1990.0299999999997,0.4396
TXN-004178,2023-10-02,Operations,LATAM,Completed,5750.32,752.96,4997.36,0.8691
TXN-010396,2023-10-02,Operations,North America,Pending,8194.42,3080.8,5113.62,0.624
TXN-011538,2023-10-02,Customer Support,North America,Pending,4018.02,3391.86,626.1599999999999,0.1558
TXN-006601,2023-10-02,Customer Support,LATAM,Completed,4435.98,2455.56,1980.4199999999996,0.4464
TXN-003814,2023-10-02,Sales,EMEA,Completed,6620.65,3134.47,3486.18,0.5266
TXN-008364,2023-10-02,Sales,LATAM,Completed,5546.7,2120.51,3426.1899999999996,0.6177
TXN-006494,2023-10-02,Operations,North America,Completed,3512.3,1760.55,1751.7500000000002,0.4987
TXN-008102,2023-10-02,Customer Support,North America,Completed,4169.29,1996.29,2173.0,0.5212
TXN-008344,2023-10-02,Marketing,North America,Pending,1983.2579999999998,3070.51,-1087.2520000000004,-0.5482
TXN-008283,2023-10-02,Customer Support,APAC,Completed,3532.43,1726.51,1805.9199999999998,0.5112
TXN-008563,2023-10-02,Customer Support,LATAM,Completed,5863.41,1363.61,4499.8,0.7674
TXN-004914,2023-10-03,Sales,APAC,Completed,5407.13,1803.07,3604.0600000000004,0.6665
TXN-003096,2023-10-03,Customer Support,LATAM,Completed,7282.44,1648.39,5634.049999999999,0.7736
TXN-009805,2023-10-03,Engineering,North America,Completed,5505.39,1783.89,3721.5,0.676
TXN-010634,2023-10-03,Engineering,North America,Pending,5882.57,20.08,5862.49,0.9966
TXN-000455,2023-10-03,Sales,EMEA,Completed,4224.32,2587.99,1636.33,0.3874
TXN-010482,2023-10-03,Operations,EMEA,Completed,6150.28,1419.19,4731.09,0.7692
TXN-011153,2023-10-03,Sales,APAC,Completed,6476.72,2585.37,3891.3500000000004,0.6008
TXN-009188,2023-10-03,Engineering,North America,Completed,3592.59,981.21,2611.38,0.7269
TXN-005820,2023-10-03,Sales,EMEA,Completed,4189.1,1058.97,3130.13,0.7472
TXN-006883,2023-10-03,Marketing,North America,Pending,1962.441,1411.19,551.251,0.2809
TXN-000058,2023-10-03,Engineering,North America,Completed,6914.16,1849.91,5064.25,0.7324
TXN-006267,2023-10-03,Sales,North America,Completed,6060.5,2611.94,3448.56,0.569
TXN-006668,2023-10-04,Marketing,LATAM,Completed,971.3,2220.42,-1249.1200000000001,-1.286
TXN-005496,2023-10-04,Sales,North America,Pending,2210.11,759.55,1450.5600000000002,0.6563
TXN-005992,2023-10-04,Engineering,EMEA,Pending,7999.08,540.93,7458.15,0.9324
TXN-007801,2023-10-04,Engineering,North America,Completed,4528.58,2462.59,2065.99,0.4562
TXN-006194,2023-10-04,Customer Support,LATAM,Pending,4650.99,1604.58,3046.41,0.655
TXN-007281,2023-10-04,Customer Support,LATAM,Pending,6022.67,3345.68,2676.9900000000002,0.4445
TXN-004791,2023-10-04,Marketing,North America,Completed,1536.624,3645.43,-2108.8059999999996,-1.3724
TXN-009975,2023-10-04,Operations,North America,Completed,6805.03,1259.37,5545.66,0.8149
TXN-010934,2023-10-04,Engineering,North America,Completed,6523.89,3547.43,2976.4600000000005,0.4562
TXN-002169,2023-10-04,Operations,APAC,Completed,6201.88,2331.6,3870.28,0.624
TXN-005814,2023-10-04,Sales,EMEA,Completed,5012.110000000001,1745.83,3266.2800000000007,0.6517
TXN-004414,2023-10-04,Engineering,North America,Completed,7235.8,2605.65,4630.15,0.6399
TXN-003898,2023-10-04,Operations,APAC,Completed,4306.81,1042.67,3264.1400000000003,0.7579
TXN-001090,2023-10-05,Operations,EMEA,Pending,5071.28,3219.65,1851.6299999999997,0.3651
TXN-000158,2023-10-05,Customer Support,EMEA,Pending,4478.95,2003.49,2475.46,0.5527
TXN-004997,2023-10-05,Customer Support,LATAM,Completed,5619.98,1482.9,4137.08,0.7361
TXN-000889,2023-10-05,Operations,EMEA,Completed,4623.8,1650.64,2973.16,0.643
TXN-008630,2023-10-05,Operations,EMEA,Completed,3622.73,2071.66,1551.0700000000002,0.4281
TXN-004403,2023-10-05,Marketing,LATAM,Completed,7173.86,3238.25,3935.6099999999997,0.5486
TXN-006076,2023-10-05,Engineering,APAC,Pending,3867.38,2772.22,1095.1600000000003,0.2832
TXN-001731,2023-10-05,Marketing,North America,Completed,1451.1599999999999,1396.92,54.23999999999978,0.0374
TXN-007120,2023-10-05,Engineering,APAC,Completed,3894.29,1360.68,2533.6099999999997,0.6506
TXN-010992,2023-10-05,Engineering,North America,Pending,7047.37,464.3,6583.07,0.9341
TXN-009288,2023-10-05,Operations,APAC,Pending,3709.88,1900.13,1809.75,0.4878
TXN-000612,2023-10-06,Operations,EMEA,Pending,4479.44,1816.3,2663.1399999999994,0.5945
TXN-003516,2023-10-06,Operations,APAC,Completed,5059.18,3212.81,1846.3700000000003,0.365
TXN-006793,2023-10-06,Customer Support,North America,Completed,6339.94,2864.08,3475.8599999999997,0.5482
TXN-002920,2023-10-06,Marketing,LATAM,Completed,4094.75,3808.36,286.3899999999999,0.0699
TXN-003110,2023-10-06,Engineering,LATAM,Pending,4373.33,1213.11,3160.2200000000003,0.7226
TXN-000160,2023-10-06,Sales,LATAM,Pending,4844.22,3341.94,1502.2800000000002,0.3101
TXN-003974,2023-10-06,Sales,LATAM,Completed,8232.91,2804.79,5428.12,0.6593
TXN-007200,2023-10-06,Marketing,APAC,Completed,3451.15,2582.77,868.3800000000001,0.2516
TXN-001764,2023-10-06,Sales,LATAM,Completed,5665.47,1562.78,4102.6900000000005,0.7242
TXN-010969,2023-10-06,Customer Support,North America,Completed,7205.76,3468.26,3737.5,0.5187
TXN-000809,2023-10-06,Marketing,APAC,Completed,3835.84,1554.45,2281.3900000000003,0.5948
TXN-001643,2023-10-06,Marketing,EMEA,Completed,6290.04,1826.72,4463.32,0.7096
TXN-011858,2023-10-06,Sales,LATAM,Completed,7993.1,1439.18,6553.92,0.8199
TXN-000243,2023-10-06,Customer Support,APAC,Completed,4983.15,3443.32,1539.8299999999995,0.309
TXN-002620,2023-10-06,Marketing,LATAM,Completed,2398.75,1450.13,948.6199999999999,0.3955
TXN-000927,2023-10-06,Sales,North America,Pending,3971.8,1938.36,2033.4400000000003,0.512
TXN-004335,2023-10-06,Customer Support,LATAM,Pending,6130.86,2434.17,3696.6899999999996,0.603
TXN-010756,2023-10-07,Operations,LATAM,Pending,5586.53,2982.19,2604.3399999999997,0.4662
TXN-011428,2023-10-07,Marketing,APAC,Pending,2857.9,571.26,2286.6400000000003,0.8001
TXN-010401,2023-10-07,Customer Support,North America,Completed,2530.14,1734.24,795.8999999999999,0.3146
TXN-006314,2023-10-07,Operations,North America,Completed,6058.26,1427.0,4631.26,0.7645
TXN-002181,2023-10-07,Marketing,LATAM,Pending,7659.28,2389.31,5269.969999999999,0.6881
TXN-009836,2023-10-07,Sales,LATAM,Completed,5614.89,2942.68,2672.2100000000005,0.4759
TXN-009376,2023-10-07,Operations,North America,Completed,6553.02,2768.78,3784.2400000000002,0.5775
TXN-006725,2023-10-07,Customer Support,North America,Pending,4090.55,2305.43,1785.1200000000003,0.4364
TXN-003116,2023-10-07,Engineering,APAC,Completed,8273.58,1474.27,6799.3099999999995,0.8218
TXN-005560,2023-10-07,Engineering,North America,Pending,4504.12,1756.99,2747.13,0.6099
TXN-000225,2023-10-07,Engineering,APAC,Pending,6955.11,1819.18,5135.929999999999,0.7384
TXN-003303,2023-10-07,Marketing,North America,Pending,1171.635,2936.36,-1764.7250000000001,-1.5062
TXN-003633,2023-10-07,Customer Support,North America,Completed,4569.87,1901.94,2667.93,0.5838
TXN-001683,2023-10-07,Engineering,APAC,Completed,3363.16,2141.75,1221.4099999999999,0.3632
TXN-001433,2023-10-07,Operations,EMEA,Completed,6292.06,2995.69,3296.3700000000003,0.5239
TXN-002347,2023-10-07,Sales,EMEA,Pending,3846.08,928.04,2918.04,0.7587
TXN-009220,2023-10-08,Customer Support,LATAM,Pending,3855.2,1365.67,2489.5299999999997,0.6458
TXN-000992,2023-10-08,Customer Support,North America,Completed,4420.03,2409.84,2010.1899999999996,0.4548
TXN-000469,2023-10-08,Operations,APAC,Pending,5371.76,4412.67,959.0900000000001,0.1785
TXN-009297,2023-10-08,Operations,APAC,Completed,5138.62,1429.26,3709.3599999999997,0.7219
TXN-009439,2023-10-08,Sales,North America,Pending,6209.43,1903.04,4306.39,0.6935
TXN-005970,2023-10-08,Engineering,LATAM,Pending,3946.06,2318.68,1627.38,0.4124
TXN-007551,2023-10-08,Sales,APAC,Completed,3852.35,485.21,3367.14,0.874
TXN-009754,2023-10-08,Customer Support,APAC,Pending,5329.05,2274.62,3054.4300000000003,0.5732
TXN-011960,2023-10-08,Marketing,APAC,Completed,6476.03,662.29,5813.74,0.8977
TXN-000621,2023-10-08,Sales,North America,Pending,5467.5,1779.06,3688.44,0.6746
TXN-008375,2023-10-08,Sales,North America,Completed,5461.82,2311.78,3150.0399999999995,0.5767
TXN-001339,2023-10-08,Engineering,LATAM,Completed,5054.44,15.11,5039.33,0.997
TXN-006542,2023-10-08,Operations,APAC,Completed,2340.65,2069.2,271.4500000000003,0.116
TXN-007095,2023-10-08,Operations,APAC,Pending,4006.23,2445.87,1560.3600000000001,0.3895
TXN-010383,2023-10-09,Engineering,LATAM,Completed,7102.37,2442.86,4659.51,0.6561
TXN-010129,2023-10-09,Marketing,EMEA,Completed,4738.37,2274.23,2464.14,0.52
TXN-007417,2023-10-09,Sales,APAC,Completed,6871.45,1486.68,5384.7699999999995,0.7836
TXN-005735,2023-10-09,Engineering,LATAM,Completed,1097.66,1294.52,-196.8599999999999,-0.1793
TXN-001820,2023-10-09,Customer Support,APAC,Completed,5246.99,2152.02,3094.97,0.5899
TXN-011163,2023-10-09,Marketing,LATAM,Completed,4125.67,2064.37,2061.3,0.4996
TXN-009171,2023-10-09,Customer Support,North America,Completed,5555.3,1376.66,4178.64,0.7522
TXN-006650,2023-10-09,Operations,LATAM,Completed,3834.52,0.0,3834.52,1.0
TXN-010522,2023-10-09,Operations,LATAM,Pending,2789.64,1020.05,1769.59,0.6343
TXN-000141,2023-10-09,Marketing,LATAM,Completed,5147.08,2452.16,2694.92,0.5236
TXN-002139,2023-10-09,Sales,APAC,Completed,5817.14,986.92,4830.22,0.8303
TXN-001011,2023-10-09,Sales,EMEA,Pending,5308.98,1100.98,4208.0,0.7926
TXN-008736,2023-10-09,Sales,North America,Completed,6109.25,1954.4,4154.85,0.6801
TXN-010243,2023-10-09,Operations,North America,Completed,5748.69,3178.04,2570.6499999999996,0.4472
TXN-010805,2023-10-09,Operations,LATAM,Completed,3792.76,208.85,3583.9100000000003,0.9449
TXN-001917,2023-10-10,Customer Support,APAC,Completed,5822.92,2200.86,3622.06,0.622
TXN-007955,2023-10-10,Engineering,APAC,Completed,5035.21,1689.76,3345.45,0.6644
TXN-005867,2023-10-10,Customer Support,North America,Completed,5891.1,937.55,4953.55,0.8409
TXN-001085,2023-10-10,Engineering,North America,Completed,4606.24,1058.14,3548.0999999999995,0.7703
TXN-011032,2023-10-10,Customer Support,APAC,Pending,6204.14,2270.09,3934.05,0.6341
TXN-001363,2023-10-10,Operations,North America,Completed,5376.18,994.26,4381.92,0.8151
TXN-011801,2023-10-10,Marketing,EMEA,Completed,4612.86,1919.07,2693.79,0.584
TXN-008459,2023-10-10,Operations,LATAM,Pending,7509.68,2658.09,4851.59,0.646
TXN-004460,2023-10-10,Engineering,EMEA,Completed,3253.75,1033.1,2220.65,0.6825
TXN-011316,2023-10-10,Sales,LATAM,Pending,5793.72,1708.12,4085.6000000000004,0.7052
TXN-009419,2023-10-10,Operations,North America,Pending,6937.52,2314.67,4622.85,0.6664
TXN-002842,2023-10-10,Operations,EMEA,Completed,2005.18,1064.14,941.04,0.4693
TXN-006193,2023-10-11,Engineering,LATAM,Completed,4213.72,2212.27,2001.4500000000003,0.475
TXN-007107,2023-10-11,Engineering,LATAM,Completed,5164.02,1785.45,3378.5700000000006,0.6543
TXN-002800,2023-10-11,Marketing,North America,Completed,966.7109999999999,3197.52,-2230.809,-2.3076
TXN-000901,2023-10-11,Customer Support,APAC,Pending,6404.52,2160.63,4243.89,0.6626
TXN-004339,2023-10-11,Operations,LATAM,Completed,5016.785,3605.09,1411.6949999999997,0.2814
TXN-001559,2023-10-11,Marketing,North America,Completed,1215.57,3201.25,-1985.68,-1.6335
TXN-011813,2023-10-11,Marketing,North America,Pending,2042.739,2461.07,-418.33100000000013,-0.2048
TXN-002583,2023-10-11,Sales,North America,Completed,5610.78,2205.82,3404.9599999999996,0.6069
TXN-000126,2023-10-11,Marketing,LATAM,Pending,3529.89,2063.04,1466.85,0.4156
TXN-002359,2023-10-11,Sales,EMEA,Completed,4207.07,1447.53,2759.54,0.6559
TXN-000220,2023-10-11,Marketing,APAC,Completed,4256.01,2182.19,2073.82,0.4873
TXN-007527,2023-10-12,Sales,North America,Completed,3675.51,2577.0,1098.5100000000002,0.2989
TXN-010823,2023-10-12,Customer Support,APAC,Completed,5028.82,1779.42,3249.3999999999996,0.6462
TXN-008589,2023-10-12,Operations,LATAM,Pending,7211.88,2175.53,5036.35,0.6983
TXN-007013,2023-10-12,Engineering,LATAM,Completed,2911.45,1812.46,1098.9899999999998,0.3775
TXN-005887,2023-10-12,Customer Support,EMEA,Completed,5319.54,3035.86,2283.68,0.4293
TXN-009611,2023-10-12,Marketing,APAC,Completed,5095.64,1423.8,3671.84,0.7206
TXN-011404,2023-10-12,Operations,LATAM,Completed,4385.39,1284.83,3100.5600000000004,0.707
TXN-009082,2023-10-12,Marketing,APAC,Completed,7152.29,3536.94,3615.35,0.5055
TXN-009193,2023-10-12,Sales,LATAM,Completed,5231.22,1806.33,3424.8900000000003,0.6547
TXN-009517,2023-10-12,Operations,North America,Completed,3266.05,3458.57,-192.51999999999998,-0.0589
TXN-009098,2023-10-12,Engineering,EMEA,Pending,4917.33,684.4,4232.93,0.8608
TXN-002528,2023-10-13,Marketing,EMEA,Completed,6647.97,2128.84,4519.13,0.6798
TXN-003395,2023-10-13,Sales,North America,Completed,4425.7,2582.93,1842.77,0.4164
TXN-001727,2023-10-13,Marketing,North America,Completed,1155.75,2415.02,-1259.27,-1.0896
TXN-005924,2023-10-13,Customer Support,North America,Completed,3498.17,2272.57,1225.6,0.3504
TXN-004478,2023-10-13,Sales,EMEA,Completed,3561.14,1769.33,1791.81,0.5032
TXN-002352,2023-10-13,Engineering,LATAM,Completed,6616.41,1785.36,4831.05,0.7302
TXN-004241,2023-10-13,Operations,APAC,Pending,6478.92,903.15,5575.77,0.8606
TXN-005255,2023-10-13,Engineering,APAC,Pending,3253.75,1563.96,1689.79,0.5193
TXN-004100,2023-10-13,Sales,LATAM,Completed,6613.2,1601.2,5012.0,0.7579
TXN-002104,2023-10-13,Marketing,EMEA,Pending,4885.76,2426.68,2459.0800000000004,0.5033
TXN-004390,2023-10-13,Marketing,North America,Pending,1495.662,586.95,908.712,0.6076
TXN-009271,2023-10-13,Engineering,APAC,Pending,4070.85,1980.12,2090.73,0.5136
TXN-005189,2023-10-13,Customer Support,LATAM,Completed,3759.1,1464.07,2295.0299999999997,0.6105
TXN-002486,2023-10-13,Sales,EMEA,Completed,4138.47,2695.42,1443.0500000000002,0.3487
TXN-007648,2023-10-13,Customer Support,North America,Pending,6406.5,2158.32,4248.18,0.6631
TXN-008675,2023-10-13,Sales,LATAM,Completed,2438.84,2538.7,-99.85999999999967,-0.0409
TXN-002175,2023-10-14,Operations,North America,Completed,4353.49,2197.14,2156.35,0.4953
TXN-011243,2023-10-14,Engineering,APAC,Completed,6009.63,4034.99,1974.6400000000003,0.3286
TXN-010379,2023-10-14,Marketing,EMEA,Completed,3896.47,1899.69,1996.7799999999997,0.5125
TXN-008810,2023-10-14,Sales,EMEA,Pending,4706.35,1577.22,3129.13,0.6649
TXN-002166,2023-10-14,Operations,APAC,Pending,4794.59,1913.85,2880.7400000000002,0.6008
TXN-001029,2023-10-14,Customer Support,APAC,Pending,5888.98,2280.72,3608.2599999999998,0.6127
TXN-008441,2023-10-14,Marketing,North America,Completed,1557.87,3314.61,-1756.7400000000002,-1.1277
TXN-010049,2023-10-14,Operations,EMEA,Pending,8196.19,1794.0,6402.1900000000005,0.7811
TXN-000202,2023-10-14,Sales,North America,Completed,5837.56,2208.11,3629.4500000000003,0.6217
TXN-004169,2023-10-14,Operations,North America,Completed,7365.79,2823.99,4541.8,0.6166
TXN-000263,2023-10-14,Marketing,LATAM,Completed,6075.45,1741.78,4333.67,0.7133
TXN-004475,2023-10-14,Marketing,EMEA,Completed,3886.27,1762.97,2123.3,0.5464
TXN-008933,2023-10-14,Operations,APAC,Completed,6474.9,1288.33,5186.57,0.801
TXN-005759,2023-10-14,Sales,EMEA,Pending,6296.06,1130.39,5165.67,0.8205
TXN-004373,2023-10-14,Operations,LATAM,Completed,2320.38,1324.96,995.4200000000001,0.429
TXN-006798,2023-10-15,Marketing,APAC,Completed,4491.11,2642.49,1848.62,0.4116
TXN-002729,2023-10-15,Customer Support,EMEA,Completed,5495.45,2098.64,3396.81,0.6181
TXN-005508,2023-10-15,Marketing,EMEA,Completed,5165.44,1522.8,3642.6399999999994,0.7052
TXN-002612,2023-10-15,Operations,APAC,Completed,5341.07,2002.17,3338.8999999999996,0.6251
TXN-007943,2023-10-15,Sales,APAC,Completed,3065.43,2554.9,510.52999999999975,0.1665
TXN-001943,2023-10-15,Operations,APAC,Completed,6740.18,3288.01,3452.17,0.5122
TXN-010538,2023-10-15,Engineering,EMEA,Pending,5219.8,0.0,5219.8,1.0
TXN-011031,2023-10-15,Engineering,LATAM,Completed,7711.86,913.8,6798.0599999999995,0.8815
TXN-006655,2023-10-15,Engineering,APAC,Completed,5094.35,957.18,4137.17,0.8121
TXN-004990,2023-10-15,Customer Support,LATAM,Pending,7055.81,2004.9,5050.91,0.7159
TXN-008136,2023-10-15,Customer Support,North America,Pending,3613.85,2023.63,1590.2199999999998,0.44
TXN-001944,2023-10-15,Engineering,North America,Completed,6137.04,1777.53,4359.51,0.7104
TXN-001334,2023-10-15,Sales,North America,Completed,3608.54,3324.25,284.28999999999996,0.0788
TXN-005218,2023-10-16,Customer Support,EMEA,Completed,5996.56,1594.3,4402.26,0.7341
TXN-008583,2023-10-16,Engineering,APAC,Completed,5437.33,2971.42,2465.91,0.4535
TXN-001561,2023-10-16,Customer Support,LATAM,Completed,4845.15,2157.58,2687.5699999999997,0.5547
TXN-005239,2023-10-16,Engineering,APAC,Completed,3408.91,3779.48,-370.57000000000016,-0.1087
TXN-008572,2023-10-16,Marketing,APAC,Completed,5428.86,2426.32,3002.5399999999995,0.5531
TXN-010664,2023-10-16,Sales,North America,Completed,4549.55,2015.76,2533.79,0.5569
TXN-010617,2023-10-16,Operations,LATAM,Completed,6069.0,1793.63,4275.37,0.7045
TXN-000206,2023-10-16,Sales,EMEA,Completed,4152.17,1848.57,2303.6000000000004,0.5548
TXN-002787,2023-10-16,Customer Support,APAC,Completed,4082.42,1580.57,2501.8500000000004,0.6128
TXN-000765,2023-10-16,Sales,North America,Completed,6542.5,2394.88,4147.62,0.634
TXN-002971,2023-10-16,Engineering,EMEA,Pending,2446.98,1830.06,616.9200000000001,0.2521
TXN-005505,2023-10-16,Operations,North America,Completed,4289.88,2435.66,1854.2200000000003,0.4322
TXN-009358,2023-10-16,Sales,EMEA,Completed,4326.92,3145.12,1181.8000000000002,0.2731
TXN-008242,2023-10-16,Operations,North America,Pending,3123.71,1936.38,1187.33,0.3801
TXN-008953,2023-10-16,Marketing,EMEA,Pending,5776.3,2289.57,3486.73,0.6036
TXN-005981,2023-10-16,Marketing,EMEA,Pending,5953.08,1821.28,4131.8,0.6941
TXN-009920,2023-10-17,Engineering,EMEA,Completed,6047.0,2176.98,3870.02,0.64
TXN-011516,2023-10-17,Customer Support,LATAM,Completed,4804.24,1985.81,2818.43,0.5867
TXN-008297,2023-10-17,Engineering,North America,Completed,4929.5650000000005,3741.24,1188.3250000000007,0.2411
TXN-005609,2023-10-17,Engineering,APAC,Completed,5379.04,1919.92,3459.12,0.6431
TXN-004897,2023-10-17,Operations,North America,Completed,3885.57,2738.15,1147.42,0.2953
TXN-004473,2023-10-17,Sales,APAC,Completed,7067.74,968.46,6099.28,0.863
TXN-010665,2023-10-17,Engineering,North America,Pending,4800.37,1468.9,3331.47,0.694
TXN-009007,2023-10-17,Marketing,APAC,Completed,4971.94,1793.38,3178.5599999999995,0.6393
TXN-009116,2023-10-17,Customer Support,EMEA,Completed,4587.94,2690.95,1896.9899999999998,0.4135
TXN-002271,2023-10-17,Engineering,APAC,Pending,3411.34,3184.43,226.9100000000003,0.0665
TXN-009253,2023-10-17,Operations,North America,Completed,5920.5,2221.48,3699.02,0.6248
TXN-010352,2023-10-18,Customer Support,EMEA,Completed,4256.69,187.36,4069.3299999999995,0.956
TXN-008840,2023-10-18,Marketing,APAC,Completed,6844.22,2221.06,4623.16,0.6755
TXN-003058,2023-10-18,Customer Support,North America,Completed,3830.5,1375.18,2455.3199999999997,0.641
TXN-000731,2023-10-18,Marketing,North America,Completed,1565.7,2486.12,-920.4199999999998,-0.5879
TXN-006223,2023-10-18,Customer Support,LATAM,Pending,4981.65,1031.64,3950.0099999999993,0.7929
TXN-003858,2023-10-18,Operations,EMEA,Pending,3959.24,0.0,3959.24,1.0
TXN-011495,2023-10-18,Operations,LATAM,Completed,2816.02,1705.36,1110.66,0.3944
TXN-003404,2023-10-19,Sales,LATAM,Completed,5197.32,1464.67,3732.6499999999996,0.7182
TXN-011665,2023-10-19,Sales,LATAM,Pending,7454.16,1826.78,5627.38,0.7549
TXN-008232,2023-10-19,Engineering,EMEA,Completed,5010.14,1506.36,3503.7800000000007,0.6993
TXN-005601,2023-10-19,Engineering,LATAM,Pending,1701.4,3166.69,-1465.29,-0.8612
TXN-003185,2023-10-19,Marketing,North America,Completed,961.044,2806.59,-1845.5460000000003,-1.9204
TXN-001608,2023-10-19,Sales,LATAM,Completed,5603.71,2385.16,3218.55,0.5744
TXN-001119,2023-10-19,Operations,North America,Completed,5547.26,678.88,4868.38,0.8776
TXN-001876,2023-10-19,Customer Support,APAC,Pending,6674.97,2691.84,3983.13,0.5967
TXN-009147,2023-10-19,Sales,APAC,Completed,3628.09,2043.35,1584.7400000000002,0.4368
TXN-005724,2023-10-19,Marketing,North America,Completed,752.487,3766.25,-3013.763,-4.0051
TXN-006516,2023-10-19,Customer Support,LATAM,Completed,1690.21,1654.1,36.11000000000013,0.0214
TXN-011462,2023-10-19,Customer Support,APAC,Completed,3922.77,1541.56,2381.21,0.607
TXN-004693,2023-10-19,Customer Support,North America,Completed,4235.23,2526.21,1709.0199999999995,0.4035
TXN-002033,2023-10-19,Customer Support,EMEA,Pending,4792.18,2346.59,2445.59,0.5103
TXN-003443,2023-10-19,Customer Support,APAC,Pending,2324.0,2183.81,140.19000000000005,0.0603
TXN-009310,2023-10-19,Customer Support,LATAM,Completed,4574.79,673.3,3901.49,0.8528
TXN-006528,2023-10-19,Customer Support,LATAM,Completed,6987.78,1317.89,5669.889999999999,0.8114
TXN-001432,2023-10-20,Marketing,North America,Completed,1675.299,2631.99,-956.6909999999998,-0.5711
TXN-003964,2023-10-20,Operations,North America,Completed,4343.4,2762.57,1580.8299999999995,0.364
TXN-004489,2023-10-20,Engineering,North America,Completed,3297.65,3344.22,-46.56999999999971,-0.0141
TXN-007716,2023-10-20,Operations,LATAM,Completed,6599.76,2164.09,4435.67,0.6721
TXN-006623,2023-10-20,Customer Support,APAC,Completed,3042.18,1498.67,1543.5099999999998,0.5074
TXN-010085,2023-10-20,Operations,EMEA,Pending,3616.1,1799.6,1816.5,0.5023
TXN-000287,2023-10-20,Marketing,APAC,Completed,3281.04,2053.4,1227.6399999999999,0.3742
TXN-002490,2023-10-20,Operations,APAC,Completed,5868.34,1525.8,4342.54,0.74
TXN-008707,2023-10-20,Sales,APAC,Completed,5303.61,2574.52,2729.0899999999997,0.5146
TXN-005058,2023-10-20,Engineering,North America,Completed,4868.91,1256.71,3612.2,0.7419
TXN-005588,2023-10-20,Marketing,North America,Pending,1565.712,2074.92,-509.2080000000001,-0.3252
TXN-008667,2023-10-20,Engineering,North America,Pending,4416.3,876.05,3540.25,0.8016
TXN-005764,2023-10-20,Customer Support,North America,Completed,5840.98,1372.86,4468.12,0.765
TXN-002072,2023-10-20,Operations,EMEA,Pending,7092.76,1463.16,5629.6,0.7937
TXN-006432,2023-10-20,Marketing,APAC,Completed,7207.01,2815.88,4391.13,0.6093
TXN-011423,2023-10-20,Sales,North America,Completed,5699.41,2207.05,3492.3599999999997,0.6128
TXN-002029,2023-10-20,Sales,EMEA,Pending,5956.17,2646.35,3309.82,0.5557
TXN-008700,2023-10-20,Customer Support,LATAM,Completed,5401.42,661.88,4739.54,0.8775
TXN-008540,2023-10-20,Customer Support,North America,Completed,8120.45,1781.31,6339.139999999999,0.7806
TXN-006341,2023-10-21,Sales,EMEA,Completed,5100.79,3152.72,1948.0700000000002,0.3819
TXN-003678,2023-10-21,Marketing,APAC,Completed,4831.67,1342.67,3489.0,0.7221
TXN-007780,2023-10-21,Customer Support,LATAM,Completed,5207.9,2139.53,3068.3699999999994,0.5892
TXN-011724,2023-10-21,Customer Support,North America,Pending,4611.91,3228.75,1383.1599999999999,0.2999
TXN-003840,2023-10-21,Customer Support,North America,Pending,6000.08,2959.24,3040.84,0.5068
TXN-008796,2023-10-21,Engineering,North America,Completed,4545.5,1165.33,3380.17,0.7436
TXN-011772,2023-10-21,Engineering,EMEA,Completed,4151.64,3010.22,1141.4200000000005,0.2749
TXN-011570,2023-10-21,Customer Support,APAC,Completed,4421.62,1235.3,3186.3199999999997,0.7206
TXN-003775,2023-10-21,Sales,North America,Completed,4877.72,1881.42,2996.3,0.6143
TXN-000627,2023-10-21,Marketing,LATAM,Completed,4860.45,750.78,4109.67,0.8455
TXN-010247,2023-10-21,Sales,North America,Pending,4894.645,203.04,4691.6050000000005,0.9585
TXN-006308,2023-10-21,Operations,North America,Pending,5848.62,1569.13,4279.49,0.7317
TXN-005389,2023-10-22,Engineering,APAC,Completed,4292.51,2303.05,1989.46,0.4635
TXN-006210,2023-10-22,Sales,North America,Completed,5692.96,792.62,4900.34,0.8608
TXN-002188,2023-10-22,Marketing,APAC,Completed,6075.13,1610.76,4464.37,0.7349
TXN-001038,2023-10-22,Operations,North America,Pending,5838.1,1933.81,3904.2900000000004,0.6688
TXN-009776,2023-10-22,Customer Support,LATAM,Completed,4635.13,2182.69,2452.44,0.5291
TXN-010611,2023-10-22,Engineering,EMEA,Completed,6759.17,1853.07,4906.1,0.7258
TXN-006911,2023-10-22,Sales,North America,Pending,3507.11,966.9,2540.21,0.7243
TXN-009810,2023-10-22,Marketing,North America,Completed,1604.9579999999999,2428.66,-823.702,-0.5132
TXN-002958,2023-10-22,Operations,APAC,Completed,5019.48,1195.64,3823.8399999999992,0.7618
TXN-008013,2023-10-22,Sales,APAC,Completed,7337.92,1497.9,5840.02,0.7959
TXN-001929,2023-10-22,Sales,APAC,Completed,6595.19,2436.02,4159.17,0.6306
TXN-001696,2023-10-23,Operations,LATAM,Completed,4417.77,1562.65,2855.1200000000003,0.6463
TXN-008271,2023-10-23,Marketing,North America,Pending,1988.892,2194.68,-205.78799999999978,-0.1035
TXN-000715,2023-10-23,Marketing,EMEA,Completed,3319.79,2631.53,688.2599999999998,0.2073
TXN-010424,2023-10-23,Customer Support,EMEA,Completed,4278.77,2575.27,1703.5000000000005,0.3981
TXN-005796,2023-10-23,Customer Support,APAC,Pending,6961.19,1415.5,5545.69,0.7967
TXN-002582,2023-10-23,Marketing,North America,Completed,1494.375,1689.01,-194.635,-0.1302
TXN-006703,2023-10-23,Marketing,APAC,Completed,5396.44,1901.77,3494.6699999999996,0.6476
TXN-002532,2023-10-23,Operations,LATAM,Completed,4512.41,1500.95,3011.46,0.6674
TXN-005445,2023-10-23,Customer Support,APAC,Completed,3852.25,3648.91,203.34000000000015,0.0528
TXN-010148,2023-10-23,Customer Support,North America,Pending,3594.56,1633.55,1961.01,0.5455
TXN-008571,2023-10-23,Sales,LATAM,Pending,7509.31,2612.34,4896.97,0.6521
TXN-010593,2023-10-23,Marketing,LATAM,Pending,2593.87,2571.43,22.440000000000055,0.0087
TXN-009654,2023-10-23,Engineering,EMEA,Completed,5505.39,1319.59,4185.8,0.7603
TXN-005387,2023-10-23,Marketing,LATAM,Completed,5174.74,4093.33,1081.4099999999999,0.209
TXN-007975,2023-10-23,Operations,APAC,Completed,5019.92,3005.35,2014.5700000000002,0.4013
TXN-004117,2023-10-23,Customer Support,EMEA,Completed,5294.76,1608.79,3685.9700000000003,0.6962
TXN-006830,2023-10-23,Operations,North America,Completed,3105.03,2109.22,995.8100000000004,0.3207
TXN-008145,2023-10-23,Customer Support,EMEA,Pending,5142.72,3158.27,1984.4500000000003,0.3859
TXN-008085,2023-10-23,Operations,APAC,Pending,2668.73,2286.55,382.17999999999984,0.1432
TXN-005444,2023-10-24,Engineering,North America,Completed,3640.7,131.52,3509.18,0.9639
TXN-003049,2023-10-24,Operations,North America,Completed,4382.92,2125.84,2257.08,0.515
TXN-006145,2023-10-24,Customer Support,North America,Completed,5800.04,346.04,5454.0,0.9403
TXN-004905,2023-10-24,Sales,EMEA,Completed,5012.110000000001,1721.66,3290.4500000000007,0.6565
TXN-005772,2023-10-24,Engineering,APAC,Completed,3965.43,1303.38,2662.0499999999997,0.6713
TXN-007061,2023-10-24,Sales,LATAM,Completed,4513.54,1942.28,2571.26,0.5697
TXN-005155,2023-10-24,Engineering,EMEA,Completed,4470.18,1473.74,2996.4400000000005,0.6703
TXN-000352,2023-10-24,Marketing,North America,Completed,1631.691,556.62,1075.071,0.6589
TXN-009893,2023-10-24,Sales,LATAM,Completed,4787.52,2408.79,2378.7300000000005,0.4969
TXN-000049,2023-10-24,Engineering,North America,Completed,5280.1,2644.88,2635.2200000000003,0.4991
TXN-001077,2023-10-24,Sales,EMEA,Pending,7440.59,2839.59,4601.0,0.6184
TXN-001025,2023-10-24,Marketing,North America,Completed,1143.471,1630.69,-487.21900000000005,-0.4261
TXN-007693,2023-10-24,Sales,LATAM,Completed,4500.65,1424.4,3076.2499999999995,0.6835
TXN-003259,2023-10-25,Operations,North America,Completed,1801.65,1491.96,309.69000000000005,0.1719
TXN-008020,2023-10-25,Sales,LATAM,Pending,4202.14,3302.6,899.5400000000004,0.2141
TXN-004816,2023-10-25,Customer Support,EMEA,Completed,5553.34,741.09,4812.25,0.8666
TXN-004910,2023-10-25,Engineering,APAC,Completed,3660.91,3154.51,506.39999999999964,0.1383
TXN-006463,2023-10-25,Marketing,LATAM,Completed,5058.01,2872.27,2185.7400000000002,0.4321
TXN-007330,2023-10-25,Operations,LATAM,Completed,6570.18,1764.55,4805.63,0.7314
TXN-003818,2023-10-25,Operations,APAC,Pending,3572.45,1992.06,1580.3899999999999,0.4424
TXN-000962,2023-10-25,Customer Support,North America,Completed,3145.12,1397.24,1747.8799999999999,0.5557
TXN-009607,2023-10-25,Customer Support,APAC,Completed,4629.55,3451.8,1177.75,0.2544
TXN-002157,2023-10-25,Operations,LATAM,Completed,6443.06,1283.39,5159.67,0.8008
TXN-010460,2023-10-25,Engineering,APAC,Completed,3807.25,0.0,3807.25,1.0
TXN-008395,2023-10-26,Sales,APAC,Pending,2958.46,3188.24,-229.77999999999975,-0.0777
TXN-008355,2023-10-26,Engineering,APAC,Completed,2431.79,2267.16,164.6300000000001,0.0677
TXN-008197,2023-10-26,Marketing,EMEA,Pending,6794.78,3101.74,3693.04,0.5435
TXN-010444,2023-10-26,Sales,LATAM,Completed,3219.9,1722.09,1497.8100000000002,0.4652
TXN-004988,2023-10-26,Engineering,APAC,Completed,5126.19,366.83,4759.36,0.9284
TXN-005079,2023-10-26,Marketing,North America,Completed,1707.4319999999998,1742.29,-34.858000000000175,-0.0204
TXN-002897,2023-10-26,Marketing,EMEA,Completed,4378.57,2239.46,2139.1099999999997,0.4885
TXN-009977,2023-10-26,Sales,APAC,Completed,7228.76,1369.73,5859.030000000001,0.8105
TXN-009892,2023-10-26,Operations,APAC,Pending,6111.01,2395.53,3715.48,0.608
TXN-010114,2023-10-26,Sales,North America,Completed,6757.32,2811.89,3945.43,0.5839
TXN-004090,2023-10-26,Marketing,APAC,Completed,3115.23,1139.65,1975.58,0.6342
TXN-004038,2023-10-26,Customer Support,APAC,Completed,4524.37,2139.79,2384.58,0.5271
TXN-008105,2023-10-26,Engineering,APAC,Completed,5934.96,2946.71,2988.25,0.5035
TXN-000282,2023-10-26,Marketing,North America,Completed,1688.655,3073.34,-1384.6850000000002,-0.82
TXN-002496,2023-10-26,Sales,LATAM,Completed,2524.78,1239.39,1285.39,0.5091
TXN-003839,2023-10-26,Engineering,EMEA,Completed,6377.86,2416.49,3961.37,0.6211
TXN-005680,2023-10-26,Engineering,APAC,Completed,7173.82,1638.0,5535.82,0.7717
TXN-003856,2023-10-27,Customer Support,EMEA,Completed,6081.38,1254.82,4826.56,0.7937
TXN-002493,2023-10-27,Engineering,North America,Completed,3960.12,2941.06,1019.06,0.2573
TXN-002607,2023-10-27,Sales,EMEA,Completed,6167.77,1596.75,4571.02,0.7411
TXN-001975,2023-10-27,Engineering,EMEA,Completed,3568.35,1238.88,2329.47,0.6528
TXN-002096,2023-10-27,Customer Support,APAC,Completed,9439.14,848.24,8590.9,0.9101
TXN-006226,2023-10-27,Customer Support,North America,Completed,5591.16,1592.23,3998.93,0.7152
TXN-000481,2023-10-27,Marketing,EMEA,Completed,3810.32,2030.38,1779.94,0.4671
TXN-001911,2023-10-27,Engineering,EMEA,Completed,2460.67,1405.2,1055.47,0.4289
TXN-010523,2023-10-27,Marketing,North America,Completed,1406.1209999999999,2394.8,-988.6790000000003,-0.7031
TXN-003361,2023-10-27,Customer Support,North America,Completed,8115.69,3341.21,4774.48,0.5883
TXN-002409,2023-10-28,Engineering,LATAM,Pending,5949.76,2986.21,2963.55,0.4981
TXN-001447,2023-10-28,Operations,North America,Completed,2430.99,1677.88,753.1099999999997,0.3098
TXN-001960,2023-10-28,Marketing,EMEA,Pending,1898.43,1197.72,700.71,0.3691
TXN-006719,2023-10-28,Engineering,North America,Pending,5673.54,1870.88,3802.66,0.6702
TXN-006730,2023-10-28,Engineering,North America,Completed,5658.82,1299.88,4358.94,0.7703
TXN-004875,2023-10-28,Marketing,North America,Completed,1503.693,856.61,647.083,0.4303
TXN-000120,2023-10-28,Engineering,EMEA,Completed,4832.15,1689.16,3142.99,0.6504
TXN-007902,2023-10-28,Operations,EMEA,Completed,4526.94,1412.86,3114.08,0.6879
TXN-011587,2023-10-28,Marketing,North America,Pending,1056.4379999999999,1733.87,-677.432,-0.6412
TXN-007778,2023-10-28,Operations,APAC,Completed,3970.76,1716.14,2254.62,0.5678
TXN-000542,2023-10-28,Engineering,EMEA,Completed,1899.39,2188.08,-288.6899999999998,-0.152
TXN-007092,2023-10-28,Marketing,North America,Completed,1549.224,1866.91,-317.68600000000015,-0.2051
TXN-005222,2023-10-28,Sales,EMEA,Pending,7215.42,1581.27,5634.15,0.7808
TXN-000261,2023-10-29,Engineering,North America,Completed,5361.45,1586.27,3775.18,0.7041
TXN-006039,2023-10-29,Operations,LATAM,Pending,3059.81,1843.85,1215.96,0.3974
TXN-002784,2023-10-29,Customer Support,APAC,Pending,2971.86,1849.23,1122.63,0.3778
TXN-000288,2023-10-29,Customer Support,LATAM,Pending,3606.73,2830.81,775.9200000000001,0.2151
TXN-007932,2023-10-29,Operations,EMEA,Completed,5045.68,2251.3,2794.38,0.5538
TXN-011131,2023-10-29,Engineering,APAC,Completed,4702.8,2530.11,2172.69,0.462
TXN-000668,2023-10-29,Customer Support,APAC,Completed,4572.34,1411.2,3161.1400000000003,0.6914
TXN-003811,2023-10-29,Engineering,EMEA,Pending,4021.85,2280.2,1741.65,0.433
TXN-004320,2023-10-29,Sales,EMEA,Completed,6738.51,265.88,6472.63,0.9605
TXN-009710,2023-10-29,Operations,APAC,Completed,1335.12,2850.76,-1515.6400000000003,-1.1352
TXN-003407,2023-10-30,Marketing,APAC,Completed,4933.21,1976.29,2956.92,0.5994
TXN-006562,2023-10-30,Sales,APAC,Completed,3087.32,1804.95,1282.3700000000001,0.4154
TXN-001148,2023-10-30,Customer Support,North America,Pending,5507.29,1954.19,3553.1,0.6452
TXN-011920,2023-10-30,Marketing,LATAM,Completed,3641.71,1780.59,1861.1200000000001,0.5111
TXN-006011,2023-10-30,Engineering,North America,Completed,6266.28,2324.49,3941.79,0.629
TXN-005105,2023-10-30,Engineering,North America,Completed,4442.01,3252.55,1189.46,0.2678
TXN-010439,2023-10-30,Engineering,North America,Pending,5207.97,1566.45,3641.5200000000004,0.6992
TXN-007077,2023-10-30,Customer Support,LATAM,Completed,5800.56,2516.19,3284.3700000000003,0.5662
TXN-005046,2023-10-30,Marketing,EMEA,Completed,6166.7,2644.47,3522.23,0.5712
TXN-003655,2023-10-30,Operations,EMEA,Completed,7586.51,1881.31,5705.200000000001,0.752
TXN-008759,2023-10-30,Customer Support,APAC,Completed,5036.63,3402.53,1634.1,0.3244
TXN-009175,2023-10-30,Sales,North America,Completed,5497.45,1033.17,4464.28,0.8121
TXN-002034,2023-10-30,Operations,EMEA,Completed,3955.66,2369.98,1585.6799999999998,0.4009
TXN-011084,2023-10-30,Operations,APAC,Completed,5752.07,2902.94,2849.1299999999997,0.4953
TXN-000166,2023-10-30,Operations,APAC,Completed,6083.93,1111.57,4972.360000000001,0.8173
TXN-002858,2023-10-30,Marketing,APAC,Completed,5319.21,1907.34,3411.87,0.6414
TXN-006439,2023-10-30,Customer Support,APAC,Pending,5942.44,1674.06,4268.379999999999,0.7183
TXN-006531,2023-10-30,Engineering,North America,Completed,3771.6,3103.68,667.9200000000001,0.1771
TXN-011900,2023-10-30,Marketing,APAC,Completed,5162.03,2005.02,3157.0099999999998,0.6116
TXN-001835,2023-10-30,Sales,North America,Completed,4524.81,2774.66,1750.1500000000005,0.3868
TXN-001015,2023-10-31,Engineering,EMEA,Completed,5207.6,2402.96,2804.6400000000003,0.5386
TXN-008391,2023-10-31,Marketing,EMEA,Completed,3621.04,2694.8,926.2399999999998,0.2558
TXN-008354,2023-10-31,Marketing,EMEA,Completed,4615.02,3409.7,1205.3200000000006,0.2612
TXN-010302,2023-10-31,Marketing,LATAM,Pending,4087.45,1601.05,2486.3999999999996,0.6083
TXN-008887,2023-10-31,Marketing,APAC,Completed,2945.34,212.68,2732.6600000000003,0.9278
TXN-003602,2023-10-31,Sales,APAC,Pending,4783.26,2048.57,2734.69,0.5717
TXN-000043,2023-10-31,Sales,North America,Completed,4625.7,1145.89,3479.8099999999995,0.7523
TXN-000081,2023-10-31,Operations,APAC,Completed,5235.38,2731.57,2503.81,0.4782
TXN-000792,2023-10-31,Marketing,LATAM,Completed,5531.19,1353.67,4177.5199999999995,0.7553
TXN-009034,2023-10-31,Operations,APAC,Completed,4134.97,3351.89,783.0800000000004,0.1894
TXN-007183,2023-10-31,Customer Support,APAC,Completed,3922.76,1653.36,2269.4000000000005,0.5785
TXN-003772,2023-10-31,Operations,North America,Completed,4075.69,1817.63,2258.06,0.554
TXN-004143,2023-10-31,Customer Support,LATAM,Completed,3343.33,1873.61,1469.72,0.4396
TXN-007558,2023-10-31,Marketing,EMEA,Completed,5336.49,1647.44,3689.0499999999997,0.6913
TXN-006819,2023-11-01,Customer Support,North America,Completed,3738.46,2218.33,1520.13,0.4066
TXN-007155,2023-11-01,Sales,APAC,Completed,5341.95,1788.94,3553.0099999999998,0.6651
TXN-010968,2023-11-01,Engineering,EMEA,Completed,5163.56,1533.57,3629.9900000000007,0.703
TXN-009262,2023-11-01,Marketing,APAC,Pending,4588.13,1987.97,2600.16,0.5667
TXN-010146,2023-11-01,Marketing,LATAM,Pending,2749.49,1374.16,1375.3299999999997,0.5002
TXN-003037,2023-11-01,Operations,EMEA,Completed,4933.82,2922.57,2011.2499999999995,0.4076
TXN-000332,2023-11-01,Marketing,North America,Completed,6401.28,2065.81,4335.469999999999,0.6773
TXN-008597,2023-11-01,Sales,EMEA,Completed,5468.34,1489.85,3978.4900000000002,0.7275
TXN-000029,2023-11-01,Operations,APAC,Completed,2463.75,2670.26,-206.51000000000022,-0.0838
TXN-001694,2023-11-01,Operations,EMEA,Completed,4601.71,949.75,3651.96,0.7936
TXN-005333,2023-11-02,Marketing,North America,Completed,6138.13,1777.56,4360.57,0.7104
TXN-007405,2023-11-02,Engineering,LATAM,Completed,3597.83,1155.31,2442.52,0.6789
TXN-004458,2023-11-02,Sales,EMEA,Pending,5053.52,696.6,4356.92,0.8622
TXN-010059,2023-11-02,Sales,LATAM,Pending,5667.06,2678.41,2988.6500000000005,0.5274
TXN-006645,2023-11-02,Marketing,North America,Completed,4757.31,4160.53,596.7800000000007,0.1254
TXN-000216,2023-11-02,Engineering,APAC,Pending,5886.94,1473.34,4413.599999999999,0.7497
TXN-008943,2023-11-02,Sales,LATAM,Completed,6772.21,1711.75,5060.46,0.7472
TXN-000832,2023-11-02,Customer Support,LATAM,Completed,4199.98,3264.55,935.4299999999994,0.2227
TXN-009008,2023-11-02,Sales,LATAM,Completed,4104.06,3081.84,1022.2200000000003,0.2491
TXN-011388,2023-11-02,Sales,North America,Completed,7512.12,2750.16,4761.96,0.6339
TXN-007770,2023-11-02,Operations,EMEA,Completed,5386.07,1260.44,4125.629999999999,0.766
TXN-001217,2023-11-02,Sales,EMEA,Pending,3081.44,3616.67,-535.23,-0.1737
TXN-010316,2023-11-02,Operations,EMEA,Completed,5048.24,2051.51,2996.7299999999996,0.5936
TXN-011851,2023-11-02,Customer Support,North America,Completed,3783.8,2154.61,1629.19,0.4306
TXN-011161,2023-11-02,Marketing,LATAM,Completed,4979.81,2060.11,2919.7000000000003,0.5863
TXN-011272,2023-11-02,Marketing,APAC,Pending,2607.96,1566.38,1041.58,0.3994
TXN-000083,2023-11-02,Marketing,LATAM,Completed,4372.46,2375.86,1996.6,0.4566
TXN-003285,2023-11-02,Operations,North America,Pending,6664.71,3046.59,3618.12,0.5429
TXN-008834,2023-11-02,Customer Support,APAC,Completed,3900.34,1853.93,2046.41,0.5247
TXN-005914,2023-11-03,Marketing,North America,Completed,4827.42,3426.75,1400.67,0.2901
TXN-006227,2023-11-03,Operations,LATAM,Completed,5016.785,1535.97,3480.8149999999996,0.6938
TXN-002810,2023-11-03,Customer Support,APAC,Completed,6338.72,576.51,5762.21,0.909
TXN-008526,2023-11-03,Customer Support,North America,Pending,4425.38,3724.19,701.19,0.1584
TXN-002660,2023-11-03,Customer Support,LATAM,Completed,4880.11,2020.46,2859.6499999999996,0.586
TXN-004292,2023-11-03,Marketing,EMEA,Pending,5134.22,3418.74,1715.4800000000005,0.3341
TXN-008131,2023-11-03,Sales,APAC,Completed,5212.24,1576.32,3635.92,0.6976
TXN-010825,2023-11-03,Operations,North America,Completed,4315.78,3946.77,369.00999999999976,0.0855
TXN-008437,2023-11-03,Operations,APAC,Pending,6871.09,1993.38,4877.71,0.7099
TXN-010213,2023-11-03,Operations,LATAM,Completed,5016.785,718.56,4298.225,0.8568
TXN-008369,2023-11-03,Customer Support,LATAM,Completed,5817.98,1866.76,3951.2199999999993,0.6791
TXN-004860,2023-11-04,Operations,EMEA,Pending,4662.06,806.61,3855.4500000000003,0.827
TXN-001832,2023-11-04,Engineering,EMEA,Completed,4335.46,2298.23,2037.23,0.4699
TXN-006794,2023-11-04,Marketing,EMEA,Completed,5155.08,2556.16,2598.92,0.5041
TXN-010324,2023-11-04,Marketing,APAC,Completed,3226.85,1069.63,2157.22,0.6685
TXN-009751,2023-11-04,Operations,EMEA,Pending,3953.7,1046.4,2907.2999999999997,0.7353
TXN-007348,2023-11-04,Customer Support,North America,Completed,5571.96,2401.3,3170.66,0.569
TXN-009287,2023-11-04,Marketing,EMEA,Pending,3096.75,2749.58,347.1700000000001,0.1121
TXN-004365,2023-11-04,Marketing,North America,Completed,3994.62,2201.52,1793.1,0.4489
TXN-009954,2023-11-04,Sales,EMEA,Completed,4738.58,1514.59,3223.99,0.6804
TXN-000475,2023-11-04,Operations,North America,Completed,5808.16,1883.96,3924.2,0.6756
TXN-002161,2023-11-04,Marketing,APAC,Completed,6436.56,885.12,5551.4400000000005,0.8625
TXN-011063,2023-11-04,Marketing,North America,Pending,4121.4,1997.78,2123.62,0.5153
TXN-008561,2023-11-05,Engineering,LATAM,Pending,4741.22,2846.07,1895.15,0.3997
TXN-007533,2023-11-05,Operations,North America,Completed,7365.42,2151.41,5214.01,0.7079
TXN-011803,2023-11-05,Marketing,EMEA,Completed,3330.25,2798.26,531.9899999999998,0.1597
TXN-009648,2023-11-05,Sales,North America,Completed,5789.38,2518.25,3271.13,0.565
TXN-003526,2023-11-05,Marketing,LATAM,Pending,6130.15,2562.16,3567.99,0.582
TXN-008277,2023-11-05,Operations,APAC,Completed,6548.09,1832.9,4715.1900000000005,0.7201
TXN-005094,2023-11-05,Sales,North America,Completed,6529.39,3163.47,3365.9200000000005,0.5155
TXN-001058,2023-11-05,Marketing,North America,Completed,6556.33,1343.52,5212.8099999999995,0.7951
TXN-005825,2023-11-05,Engineering,North America,Completed,3795.08,2824.99,970.0900000000001,0.2556
TXN-004276,2023-11-05,Sales,APAC,Completed,4406.47,2306.83,2099.6400000000003,0.4765
TXN-001080,2023-11-05,Marketing,APAC,Completed,4971.94,992.67,3979.2699999999995,0.8003
TXN-011041,2023-11-05,Engineering,North America,Completed,3809.34,4371.67,-562.3299999999999,-0.1476
TXN-009229,2023-11-05,Sales,North America,Completed,5741.63,1738.57,4003.0600000000004,0.6972
TXN-005274,2023-11-05,Customer Support,APAC,Completed,3812.79,2540.94,1271.85,0.3336
TXN-010026,2023-11-05,Customer Support,LATAM,Completed,2769.37,2374.71,394.65999999999985,0.1425
TXN-010429,2023-11-05,Operations,North America,Completed,7537.25,2181.92,5355.33,0.7105
TXN-010312,2023-11-05,Engineering,APAC,Pending,6574.59,3635.93,2938.6600000000003,0.447
TXN-001389,2023-11-06,Marketing,EMEA,Completed,4947.38,1570.53,3376.8500000000004,0.6826
TXN-005973,2023-11-06,Marketing,EMEA,Completed,5445.19,1215.63,4229.5599999999995,0.7768
TXN-004205,2023-11-06,Operations,LATAM,Pending,4756.43,2834.75,1921.6800000000003,0.404
TXN-001758,2023-11-06,Customer Support,EMEA,Completed,6463.81,1892.39,4571.42,0.7072
TXN-003363,2023-11-06,Sales,LATAM,Completed,4048.06,2866.93,1181.13,0.2918
TXN-006060,2023-11-06,Sales,EMEA,Completed,5755.36,1497.47,4257.889999999999,0.7398
TXN-003248,2023-11-06,Engineering,EMEA,Completed,5248.02,1049.69,4198.33,0.8
TXN-008642,2023-11-06,Engineering,APAC,Pending,5253.4,2184.22,3069.18,0.5842
TXN-001031,2023-11-06,Sales,LATAM,Completed,5973.25,2034.44,3938.81,0.6594
TXN-010019,2023-11-06,Sales,LATAM,Completed,4446.4,2111.1,2335.2999999999997,0.5252
TXN-004214,2023-11-06,Engineering,EMEA,Completed,5106.52,1644.17,3462.3500000000004,0.678
TXN-003534,2023-11-06,Operations,North America,Completed,5837.02,2812.21,3024.8100000000004,0.5182
TXN-004524,2023-11-07,Marketing,LATAM,Pending,2495.27,1812.9,682.3699999999999,0.2735
TXN-003414,2023-11-07,Engineering,APAC,Pending,4652.97,1499.81,3153.1600000000003,0.6777
TXN-005212,2023-11-07,Customer Support,LATAM,Completed,2987.72,2627.17,360.5499999999997,0.1207
TXN-007728,2023-11-07,Customer Support,North America,Completed,2166.56,2259.53,-92.97000000000025,-0.0429
TXN-002944,2023-11-07,Marketing,EMEA,Completed,5075.59,2939.01,2136.58,0.421
TXN-010449,2023-11-07,Marketing,APAC,Completed,4981.77,1033.53,3948.2400000000007,0.7925
TXN-010296,2023-11-07,Customer Support,APAC,Completed,3258.51,1316.34,1942.1700000000003,0.596
TXN-011875,2023-11-07,Marketing,APAC,Completed,5080.89,1259.27,3821.6200000000003,0.7522
TXN-011899,2023-11-08,Engineering,LATAM,Completed,4356.89,1565.06,2791.8300000000004,0.6408
TXN-007280,2023-11-08,Operations,LATAM,Pending,5267.61,1947.73,3319.8799999999997,0.6302
TXN-004112,2023-11-08,Operations,LATAM,Completed,3521.8,1560.82,1960.9800000000002,0.5568
TXN-000774,2023-11-08,Operations,LATAM,Completed,7546.02,2194.64,5351.380000000001,0.7092
TXN-001223,2023-11-08,Marketing,LATAM,Pending,6536.19,1054.28,5481.91,0.8387
TXN-005138,2023-11-08,Operations,LATAM,Pending,3518.89,1585.38,1933.5099999999998,0.5495
TXN-006752,2023-11-08,Sales,LATAM,Completed,5781.03,1890.99,3890.04,0.6729
TXN-008144,2023-11-08,Operations,EMEA,Pending,6430.87,2518.98,3911.89,0.6083
TXN-001101,2023-11-08,Sales,EMEA,Completed,4914.9,2212.93,2701.97,0.5498
TXN-004830,2023-11-08,Sales,North America,Pending,4920.39,2413.87,2506.5200000000004,0.5094
TXN-008274,2023-11-08,Sales,EMEA,Completed,5256.36,0.0,5256.36,1.0
TXN-004009,2023-11-08,Customer Support,APAC,Completed,2737.74,1464.6,1273.1399999999999,0.465
TXN-001585,2023-11-08,Marketing,APAC,Completed,3345.52,2353.52,992.0,0.2965
TXN-002994,2023-11-08,Sales,North America,Completed,3794.46,2285.28,1509.1799999999998,0.3977
TXN-007742,2023-11-09,Operations,North America,Completed,2622.87,3098.62,-475.75,-0.1814
TXN-007288,2023-11-09,Engineering,LATAM,Completed,7054.84,254.63,6800.21,0.9639
TXN-005638,2023-11-09,Sales,North America,Completed,4808.45,1695.77,3112.68,0.6473
TXN-009814,2023-11-09,Engineering,LATAM,Completed,2158.71,1778.84,379.8700000000001,0.176
TXN-004176,2023-11-09,Marketing,EMEA,Completed,6695.61,2914.36,3781.2499999999995,0.5647
TXN-005398,2023-11-09,Engineering,North America,Pending,6920.2,2363.68,4556.52,0.6584
TXN-001275,2023-11-09,Marketing,APAC,Completed,4793.31,2048.28,2745.03,0.5727
TXN-007863,2023-11-09,Engineering,North America,Pending,4710.42,1079.68,3630.74,0.7708
TXN-006772,2023-11-09,Engineering,LATAM,Pending,3632.71,3958.38,-325.6700000000001,-0.0896
TXN-003610,2023-11-09,Operations,LATAM,Completed,1242.61,1628.31,-385.70000000000005,-0.3104
TXN-006776,2023-11-09,Sales,LATAM,Pending,5784.88,2610.7,3174.1800000000003,0.5487
TXN-007963,2023-11-09,Operations,EMEA,Completed,1723.12,822.47,900.6499999999999,0.5227
TXN-009874,2023-11-10,Sales,LATAM,Pending,5646.98,2085.94,3561.0399999999995,0.6306
TXN-006338,2023-11-10,Engineering,North America,Completed,6009.81,2786.96,3222.8500000000004,0.5363
TXN-010060,2023-11-10,Sales,EMEA,Completed,5459.77,2221.53,3238.2400000000002,0.5931
TXN-006198,2023-11-10,Engineering,EMEA,Completed,4581.82,1460.71,3121.1099999999997,0.6812
TXN-002492,2023-11-10,Sales,EMEA,Completed,3496.5,2214.6,1281.9,0.3666
TXN-002786,2023-11-10,Marketing,APAC,Completed,8227.55,1203.55,7023.999999999999,0.8537
TXN-000384,2023-11-11,Customer Support,LATAM,Completed,3851.97,1660.36,2191.6099999999997,0.569
TXN-007103,2023-11-11,Operations,North America,Completed,4483.76,1901.2,2582.5600000000004,0.576
TXN-011936,2023-11-11,Engineering,APAC,Completed,2773.54,1084.68,1688.86,0.6089
TXN-008609,2023-11-11,Customer Support,EMEA,Completed,6168.64,1863.04,4305.6,0.698
TXN-003311,2023-11-11,Marketing,EMEA,Completed,2651.57,1327.53,1324.0400000000002,0.4993
TXN-005271,2023-11-11,Sales,APAC,Completed,4103.38,613.45,3489.9300000000003,0.8505
TXN-011121,2023-11-11,Customer Support,APAC,Completed,4761.35,2002.15,2759.2000000000003,0.5795
TXN-009721,2023-11-11,Marketing,LATAM,Pending,5020.95,2223.01,2797.9399999999996,0.5573
TXN-001825,2023-11-11,Operations,North America,Completed,6626.7,2020.59,4606.11,0.6951
TXN-011931,2023-11-11,Customer Support,APAC,Completed,5791.39,1730.72,4060.67,0.7012
TXN-001689,2023-11-12,Marketing,North America,Completed,5869.39,599.26,5270.13,0.8979
TXN-005648,2023-11-12,Marketing,LATAM,Pending,7903.69,1099.33,6804.36,0.8609
TXN-005427,2023-11-12,Marketing,North America,Completed,5916.19,2850.64,3065.5499999999997,0.5182
TXN-004059,2023-11-12,Sales,North America,Pending,3566.77,2994.41,572.3600000000001,0.1605
TXN-011069,2023-11-12,Engineering,North America,Completed,3976.16,1933.65,2042.5099999999998,0.5137
TXN-001422,2023-11-12,Operations,EMEA,Completed,6870.65,3418.78,3451.8699999999994,0.5024
TXN-005202,2023-11-12,Operations,APAC,Completed,6757.18,2002.17,4755.01,0.7037
TXN-011611,2023-11-12,Sales,North America,Completed,2832.44,1375.49,1456.95,0.5144
TXN-003647,2023-11-12,Engineering,APAC,Pending,7098.15,2035.98,5062.17,0.7132
TXN-004393,2023-11-12,Engineering,LATAM,Pending,3482.28,884.36,2597.92,0.746
TXN-003204,2023-11-12,Sales,LATAM,Completed,4407.56,2747.43,1660.1300000000006,0.3767
TXN-003481,2023-11-12,Marketing,North America,Completed,5760.57,1278.81,4481.76,0.778
TXN-000370,2023-11-12,Engineering,LATAM,Pending,7205.2,1768.31,5436.889999999999,0.7546
TXN-011284,2023-11-12,Operations,EMEA,Completed,3165.66,2865.12,300.53999999999996,0.0949
TXN-008918,2023-11-12,Customer Support,EMEA,Completed,7072.99,2473.14,4599.85,0.6503
TXN-011361,2023-11-12,Engineering,APAC,Completed,6069.44,2249.09,3820.3499999999995,0.6294
TXN-008495,2023-11-12,Sales,EMEA,Completed,5466.5,1203.35,4263.15,0.7799
TXN-004887,2023-11-13,Operations,North America,Completed,4378.62,1959.29,2419.33,0.5525
TXN-007560,2023-11-13,Sales,APAC,Completed,3510.51,1204.5,2306.01,0.6569
TXN-006358,2023-11-13,Customer Support,APAC,Completed,6394.68,1497.45,4897.2300000000005,0.7658
TXN-006720,2023-11-13,Customer Support,APAC,Completed,5085.01,2425.92,2659.09,0.5229
TXN-008089,2023-11-13,Sales,EMEA,Completed,2843.01,3166.14,-323.12999999999965,-0.1137
TXN-007926,2023-11-14,Marketing,APAC,Completed,6708.48,2952.41,3756.0699999999997,0.5599
TXN-007930,2023-11-14,Engineering,EMEA,Completed,3671.62,3406.87,264.75,0.0721
TXN-005719,2023-11-14,Sales,LATAM,Completed,5485.55,1634.67,3850.88,0.702
TXN-000186,2023-11-14,Customer Support,North America,Completed,4404.93,703.51,3701.42,0.8403
TXN-011037,2023-11-14,Marketing,North America,Completed,2894.21,3125.29,-231.07999999999993,-0.0798
TXN-005409,2023-11-14,Sales,LATAM,Completed,7353.24,2221.3,5131.94,0.6979
TXN-004497,2023-11-14,Sales,EMEA,Pending,5188.86,1755.89,3432.9699999999993,0.6616
TXN-006295,2023-11-14,Customer Support,LATAM,Completed,5171.7,2050.43,3121.27,0.6035
TXN-004943,2023-11-14,Sales,LATAM,Completed,5325.0,3209.77,2115.23,0.3972
TXN-004571,2023-11-14,Engineering,EMEA,Pending,5345.4,3232.0,2113.3999999999996,0.3954
TXN-009029,2023-11-14,Operations,LATAM,Completed,5527.15,868.83,4658.32,0.8428
TXN-011135,2023-11-14,Customer Support,APAC,Pending,5195.5,1458.46,3737.04,0.7193
TXN-010590,2023-11-14,Marketing,APAC,Completed,5200.81,1568.12,3632.6900000000005,0.6985
TXN-007871,2023-11-14,Marketing,APAC,Completed,3586.47,2053.4,1533.0699999999997,0.4275
TXN-004104,2023-11-14,Sales,North America,Completed,5684.18,2758.22,2925.9600000000005,0.5148
TXN-004845,2023-11-14,Engineering,EMEA,Completed,3523.89,683.12,2840.77,0.8061
TXN-009570,2023-11-14,Sales,EMEA,Completed,4437.42,1878.1,2559.32,0.5768
TXN-009489,2023-11-14,Marketing,LATAM,Completed,4933.47,557.38,4376.09,0.887
TXN-003893,2023-11-14,Engineering,LATAM,Completed,4994.56,1985.52,3009.0400000000004,0.6025
TXN-005289,2023-11-14,Engineering,North America,Completed,4192.24,2036.03,2156.21,0.5143
TXN-007391,2023-11-14,Engineering,LATAM,Completed,3888.12,2619.83,1268.29,0.3262
TXN-009495,2023-11-14,Customer Support,EMEA,Completed,6807.14,2578.49,4228.650000000001,0.6212
TXN-001715,2023-11-14,Customer Support,LATAM,Completed,6977.48,2092.78,4884.699999999999,0.7001
TXN-010416,2023-11-15,Operations,EMEA,Completed,3896.84,3124.67,772.1700000000001,0.1982
TXN-000493,2023-11-15,Operations,EMEA,Completed,3622.32,1921.27,1701.0500000000002,0.4696
TXN-001518,2023-11-15,Customer Support,EMEA,Pending,7419.97,1184.69,6235.280000000001,0.8403
TXN-000782,2023-11-15,Marketing,APAC,Pending,5860.0,1692.7,4167.3,0.7111
TXN-000574,2023-11-15,Engineering,LATAM,Pending,5856.31,1484.77,4371.540000000001,0.7465
TXN-010420,2023-11-15,Marketing,LATAM,Completed,5926.44,1962.53,3963.91,0.6689
TXN-001185,2023-11-15,Operations,LATAM,Completed,3709.6,2349.64,1359.96,0.3666
TXN-005029,2023-11-15,Engineering,EMEA,Completed,3316.33,1708.38,1607.9499999999998,0.4849
TXN-003586,2023-11-15,Marketing,LATAM,Pending,2696.39,1885.58,810.81,0.3007
TXN-010954,2023-11-15,Customer Support,North America,Completed,4578.17,1491.13,3087.04,0.6743
TXN-011479,2023-11-15,Operations,LATAM,Completed,510.33,3723.36,-3213.03,-6.296
TXN-009529,2023-11-16,Sales,EMEA,Completed,5012.110000000001,3102.78,1909.3300000000004,0.3809
TXN-002477,2023-11-16,Sales,North America,Completed,2952.74,1564.33,1388.4099999999999,0.4702
TXN-009605,2023-11-16,Operations,North America,Completed,5038.56,1367.34,3671.2200000000003,0.7286
TXN-007818,2023-11-16,Operations,North America,Completed,4716.41,2278.42,2437.99,0.5169
TXN-011146,2023-11-16,Engineering,APAC,Completed,4822.37,3219.94,1602.4299999999998,0.3323
TXN-002547,2023-11-16,Operations,EMEA,Completed,6376.05,1378.98,4997.07,0.7837
TXN-009049,2023-11-16,Customer Support,EMEA,Pending,3571.51,2015.69,1555.8200000000002,0.4356
TXN-004568,2023-11-16,Sales,North America,Completed,6678.52,1358.34,5320.18,0.7966
TXN-002961,2023-11-16,Marketing,North America,Pending,3393.94,1663.43,1730.51,0.5099
TXN-001186,2023-11-16,Operations,APAC,Completed,6031.87,0.0,6031.87,1.0
TXN-004989,2023-11-16,Operations,EMEA,Completed,6031.43,1753.2,4278.2300000000005,0.7093
TXN-005658,2023-11-16,Engineering,EMEA,Completed,5498.87,2674.09,2824.7799999999997,0.5137
TXN-006454,2023-11-16,Sales,APAC,Completed,6164.32,1232.98,4931.34,0.8
TXN-003234,2023-11-16,Sales,EMEA,Completed,4246.99,2714.41,1532.58,0.3609
TXN-003644,2023-11-16,Customer Support,LATAM,Completed,6719.39,4280.62,2438.7700000000004,0.3629
TXN-004518,2023-11-17,Engineering,EMEA,Completed,3340.64,2755.33,585.31,0.1752
TXN-001558,2023-11-17,Customer Support,APAC,Completed,7420.35,2380.21,5040.14,0.6792
TXN-002045,2023-11-17,Sales,LATAM,Completed,3634.28,1831.71,1802.5700000000002,0.496
TXN-007180,2023-11-17,Marketing,North America,Completed,5649.43,2670.06,2979.3700000000003,0.5274
TXN-003335,2023-11-17,Operations,North America,Completed,3518.17,2903.1,615.0700000000002,0.1748
TXN-004138,2023-11-17,Marketing,North America,Completed,4021.62,1991.55,2030.07,0.5048
TXN-006535,2023-11-17,Operations,North America,Completed,4144.39,2412.52,1731.8700000000003,0.4179
TXN-001796,2023-11-17,Operations,North America,Pending,4791.76,2584.44,2207.32,0.4606
TXN-006978,2023-11-17,Sales,EMEA,Completed,1554.8,1489.86,64.94000000000005,0.0418
TXN-009760,2023-11-17,Sales,EMEA,Pending,4223.93,3260.59,963.3400000000001,0.2281
TXN-000398,2023-11-17,Customer Support,LATAM,Completed,5431.35,2546.07,2885.28,0.5312
TXN-005635,2023-11-18,Operations,APAC,Pending,8274.69,1394.06,6880.630000000001,0.8315
TXN-000535,2023-11-18,Marketing,APAC,Completed,4140.19,1433.93,2706.2599999999993,0.6537
TXN-007201,2023-11-18,Marketing,LATAM,Completed,5827.72,934.74,4892.9800000000005,0.8396
TXN-007277,2023-11-18,Sales,EMEA,Pending,2184.33,1762.98,421.3499999999999,0.1929
TXN-009826,2023-11-18,Marketing,APAC,Pending,4965.18,3482.24,1482.9400000000005,0.2987
TXN-001067,2023-11-18,Engineering,EMEA,Pending,6630.07,2553.0,4077.0699999999997,0.6149
TXN-004456,2023-11-18,Marketing,APAC,Pending,8464.4,2170.5,6293.9,0.7436
TXN-001013,2023-11-18,Engineering,North America,Completed,5684.32,2397.44,3286.8799999999997,0.5782
TXN-006165,2023-11-18,Marketing,North America,Completed,3531.71,2159.62,1372.0900000000001,0.3885
TXN-001138,2023-11-18,Marketing,EMEA,Pending,3465.49,2536.79,928.6999999999998,0.268
TXN-003808,2023-11-18,Engineering,EMEA,Completed,3889.28,1660.6,2228.6800000000003,0.573
TXN-004999,2023-11-18,Sales,EMEA,Pending,2986.83,1904.19,1082.6399999999999,0.3625
TXN-010434,2023-11-18,Engineering,North America,Completed,7304.35,480.47,6823.88,0.9342
TXN-003595,2023-11-18,Customer Support,EMEA,Pending,6793.1,1674.51,5118.59,0.7535
TXN-007679,2023-11-18,Engineering,North America,Completed,3920.41,169.56,3750.85,0.9567
TXN-005696,2023-11-18,Customer Support,EMEA,Pending,3792.25,2484.07,1308.1799999999998,0.345
TXN-010690,2023-11-19,Customer Support,APAC,Completed,3851.02,957.91,2893.11,0.7513
TXN-000735,2023-11-19,Operations,EMEA,Pending,6320.51,2499.08,3821.4300000000003,0.6046
TXN-010996,2023-11-19,Marketing,North America,Pending,4006.72,931.65,3075.0699999999997,0.7675
TXN-002122,2023-11-19,Marketing,EMEA,Pending,3877.05,2582.73,1294.3200000000002,0.3338
TXN-008059,2023-11-19,Sales,North America,Pending,4947.47,2371.21,2576.26,0.5207
TXN-010387,2023-11-19,Sales,LATAM,Completed,4378.46,1048.09,3330.37,0.7606
TXN-004850,2023-11-19,Marketing,LATAM,Completed,4107.95,924.12,3183.83,0.775
TXN-002641,2023-11-19,Customer Support,EMEA,Completed,5636.15,2766.9,2869.2499999999995,0.5091
TXN-003052,2023-11-19,Engineering,LATAM,Completed,3044.06,1593.46,1450.6,0.4765
TXN-001365,2023-11-19,Marketing,APAC,Completed,4261.82,1446.71,2815.1099999999997,0.6605
TXN-003704,2023-11-19,Marketing,LATAM,Completed,8592.68,2413.11,6179.57,0.7192
TXN-004623,2023-11-19,Operations,North America,Completed,4728.74,1011.46,3717.2799999999997,0.7861
TXN-002466,2023-11-19,Engineering,APAC,Completed,3664.08,287.53,3376.55,0.9215
TXN-003888,2023-11-19,Marketing,APAC,Pending,2777.26,2783.5,-6.239999999999782,-0.0022
TXN-009946,2023-11-19,Engineering,EMEA,Completed,4406.34,3528.32,878.02,0.1993
TXN-007691,2023-11-19,Customer Support,EMEA,Completed,3685.4,2858.08,827.3200000000002,0.2245
TXN-008688,2023-11-19,Customer Support,North America,Completed,4664.99,2579.08,2085.91,0.4471
TXN-003867,2023-11-19,Marketing,LATAM,Completed,6709.3,1704.89,5004.41,0.7459
TXN-004566,2023-11-19,Customer Support,EMEA,Pending,6529.26,1604.5,4924.76,0.7543
TXN-010971,2023-11-20,Operations,EMEA,Completed,4381.54,1632.47,2749.0699999999997,0.6274
TXN-000413,2023-11-20,Engineering,APAC,Pending,5913.45,778.05,5135.4,0.8684
TXN-002082,2023-11-20,Sales,EMEA,Completed,5012.110000000001,2717.96,2294.1500000000005,0.4577
TXN-004824,2023-11-20,Sales,LATAM,Pending,6960.85,2543.71,4417.14,0.6346
TXN-006780,2023-11-21,Sales,APAC,Completed,5181.12,1545.39,3635.7299999999996,0.7017
TXN-011162,2023-11-21,Operations,EMEA,Completed,7405.25,2267.35,5137.9,0.6938
TXN-010639,2023-11-21,Engineering,North America,Pending,5484.12,995.86,4488.26,0.8184
TXN-003413,2023-11-21,Customer Support,North America,Pending,3957.74,0.0,3957.74,1.0
TXN-005671,2023-11-21,Operations,North America,Completed,4206.46,1475.48,2730.98,0.6492
TXN-001024,2023-11-21,Operations,EMEA,Completed,4685.94,1663.7,3022.24,0.645
TXN-008698,2023-11-21,Operations,EMEA,Completed,3585.92,1405.9,2180.02,0.6079
TXN-002610,2023-11-21,Customer Support,North America,Completed,5048.97,2615.84,2433.13,0.4819
TXN-007072,2023-11-21,Operations,EMEA,Completed,6835.43,3099.38,3736.05,0.5466
TXN-011871,2023-11-21,Engineering,North America,Pending,6765.8,2336.66,4429.14,0.6546
TXN-000526,2023-11-22,Sales,North America,Completed,2799.47,669.08,2130.39,0.761
TXN-006985,2023-11-22,Sales,North America,Completed,6107.8,2051.04,4056.76,0.6642
TXN-004210,2023-11-22,Operations,APAC,Completed,1645.48,2665.16,-1019.6799999999998,-0.6197
TXN-011752,2023-11-22,Customer Support,EMEA,Pending,4702.29,2691.13,2011.1599999999999,0.4277
TXN-005443,2023-11-22,Operations,North America,Pending,1595.42,1779.37,-183.94999999999982,-0.1153
TXN-011066,2023-11-22,Marketing,North America,Completed,4702.99,2103.22,2599.77,0.5528
TXN-010087,2023-11-22,Customer Support,EMEA,Completed,3011.66,1342.8,1668.86,0.5541
TXN-004517,2023-11-22,Engineering,North America,Completed,2711.03,1968.36,742.6700000000003,0.2739
TXN-011956,2023-11-22,Marketing,LATAM,Completed,5973.75,3183.87,2789.88,0.467
TXN-006571,2023-11-22,Sales,EMEA,Completed,5524.41,1842.35,3682.06,0.6665
TXN-011130,2023-11-22,Marketing,North America,Completed,5078.36,3180.51,1897.8499999999995,0.3737
TXN-009166,2023-11-22,Customer Support,North America,Completed,4794.03,2603.31,2190.72,0.457
TXN-000390,2023-11-22,Engineering,APAC,Completed,3750.49,2584.29,1166.1999999999998,0.3109
TXN-004556,2023-11-22,Sales,North America,Completed,6837.82,537.38,6300.44,0.9214
TXN-004397,2023-11-22,Operations,APAC,Pending,5819.83,921.24,4898.59,0.8417
TXN-008472,2023-11-22,Sales,LATAM,Completed,7679.54,2034.44,5645.1,0.7351
TXN-008505,2023-11-23,Marketing,North America,Pending,6404.07,1329.07,5075.0,0.7925
TXN-005622,2023-11-23,Engineering,APAC,Completed,5217.51,0.0,5217.51,1.0
TXN-009384,2023-11-23,Operations,North America,Completed,4745.12,917.42,3827.7,0.8067
TXN-010563,2023-11-23,Sales,EMEA,Completed,5668.67,1159.4,4509.27,0.7955
TXN-007649,2023-11-23,Engineering,North America,Completed,6564.83,1722.41,4842.42,0.7376
TXN-008003,2023-11-23,Marketing,LATAM,Pending,2594.82,2262.41,332.4100000000003,0.1281
TXN-005316,2023-11-23,Engineering,APAC,Completed,3140.82,753.49,2387.33,0.7601
TXN-010428,2023-11-23,Operations,APAC,Pending,6318.3,709.31,5608.99,0.8877
TXN-007371,2023-11-23,Marketing,APAC,Completed,3320.33,1899.6,1420.73,0.4279
TXN-006710,2023-11-23,Engineering,North America,Completed,3771.59,699.18,3072.4100000000003,0.8146
TXN-011664,2023-11-23,Operations,LATAM,Completed,5810.69,1413.71,4396.98,0.7567
TXN-001396,2023-11-23,Engineering,APAC,Pending,4835.07,1592.05,3243.0199999999995,0.6707
TXN-000203,2023-11-23,Engineering,EMEA,Completed,5159.69,3180.81,1978.8799999999997,0.3835
TXN-006324,2023-11-23,Operations,EMEA,Pending,4196.55,1951.09,2245.46,0.5351
TXN-009915,2023-11-24,Sales,APAC,Completed,2645.54,1640.9,1004.6399999999999,0.3797
TXN-009552,2023-11-24,Operations,APAC,Pending,4372.14,3600.54,771.6000000000004,0.1765
TXN-009130,2023-11-24,Operations,EMEA,Completed,2490.43,1136.07,1354.36,0.5438
TXN-005267,2023-11-24,Operations,LATAM,Pending,4555.33,1995.87,2559.46,0.5619
TXN-006544,2023-11-24,Operations,APAC,Pending,6154.87,1638.24,4516.63,0.7338
TXN-009906,2023-11-24,Customer Support,APAC,Completed,3687.83,2077.41,1610.42,0.4367
TXN-003658,2023-11-24,Customer Support,APAC,Completed,5376.71,2134.61,3242.1,0.603
TXN-004645,2023-11-24,Customer Support,EMEA,Pending,5275.96,2239.74,3036.2200000000003,0.5755
TXN-004474,2023-11-24,Engineering,North America,Completed,7250.33,2311.78,4938.549999999999,0.6811
TXN-006036,2023-11-24,Engineering,EMEA,Completed,5637.33,2672.5,2964.83,0.5259
TXN-001400,2023-11-24,Marketing,APAC,Completed,7963.87,3055.96,4907.91,0.6163
TXN-001822,2023-11-24,Operations,EMEA,Completed,4509.4,2376.25,2133.1499999999996,0.473
TXN-002633,2023-11-25,Sales,LATAM,Completed,4775.47,1973.33,2802.1400000000003,0.5868
TXN-003906,2023-11-25,Customer Support,LATAM,Completed,4327.87,1667.28,2660.59,0.6148
TXN-005541,2023-11-25,Customer Support,EMEA,Completed,4500.63,3132.49,1368.1400000000003,0.304
TXN-011963,2023-11-25,Customer Support,North America,Pending,3059.68,2598.58,461.0999999999999,0.1507
TXN-004146,2023-11-25,Engineering,North America,Completed,6326.61,2667.89,3658.72,0.5783
TXN-002460,2023-11-25,Operations,EMEA,Completed,5950.61,2207.54,3743.0699999999997,0.629
TXN-010924,2023-11-25,Operations,APAC,Completed,5380.43,124.11,5256.320000000001,0.9769
TXN-011438,2023-11-25,Engineering,North America,Completed,2087.56,2146.59,-59.0300000000002,-0.0283
TXN-002915,2023-11-26,Sales,LATAM,Pending,4553.99,802.38,3751.6099999999997,0.8238
TXN-001487,2023-11-26,Engineering,APAC,Completed,4928.18,2387.86,2540.32,0.5155
TXN-003235,2023-11-26,Operations,LATAM,Pending,4784.43,3228.24,1556.1900000000005,0.3253
TXN-001342,2023-11-26,Operations,APAC,Completed,2907.33,1488.79,1418.54,0.4879
TXN-009070,2023-11-26,Marketing,EMEA,Completed,5434.21,2204.95,3229.26,0.5942
TXN-004353,2023-11-26,Customer Support,North America,Completed,3234.3,2845.36,388.94000000000005,0.1203
TXN-004068,2023-11-26,Marketing,EMEA,Completed,5238.74,1628.17,3610.5699999999997,0.6892
TXN-009493,2023-11-26,Operations,EMEA,Pending,7483.81,2367.78,5116.030000000001,0.6836
TXN-010306,2023-11-26,Customer Support,North America,Completed,5480.55,2065.8,3414.75,0.6231
TXN-011378,2023-11-26,Operations,APAC,Pending,6213.98,1059.55,5154.429999999999,0.8295
TXN-006407,2023-11-26,Marketing,LATAM,Completed,5821.95,1175.19,4646.76,0.7981
TXN-006424,2023-11-26,Marketing,APAC,Completed,5187.74,1732.6,3455.14,0.666
TXN-002414,2023-11-26,Customer Support,North America,Completed,4921.955,2443.91,2478.045,0.5035
TXN-000631,2023-11-26,Customer Support,EMEA,Pending,5936.21,2154.84,3781.37,0.637
TXN-009216,2023-11-26,Marketing,EMEA,Pending,7072.52,3525.31,3547.2100000000005,0.5015
TXN-011371,2023-11-26,Operations,APAC,Completed,5058.19,1363.54,3694.6499999999996,0.7304
TXN-011832,2023-11-27,Marketing,APAC,Completed,5985.34,2032.26,3953.08,0.6605
TXN-002095,2023-11-27,Customer Support,EMEA,Pending,3791.24,2683.75,1107.4899999999998,0.2921
TXN-001305,2023-11-27,Customer Support,EMEA,Completed,5682.57,3364.02,2318.5499999999997,0.408
TXN-000876,2023-11-27,Engineering,LATAM,Pending,4884.62,2439.98,2444.64,0.5005
TXN-011501,2023-11-27,Sales,North America,Completed,2089.85,2681.3,-591.4500000000003,-0.283
TXN-011556,2023-11-27,Marketing,North America,Completed,6232.91,2592.1,3640.81,0.5841
TXN-006029,2023-11-27,Sales,North America,Pending,6462.87,2003.67,4459.2,0.69
TXN-007450,2023-11-27,Sales,North America,Completed,4471.97,1868.27,2603.7000000000003,0.5822
TXN-004298,2023-11-27,Operations,APAC,Completed,4919.43,2582.16,2337.2700000000004,0.4751
TXN-005998,2023-11-27,Marketing,APAC,Completed,5044.32,1459.75,3584.5699999999997,0.7106
TXN-011348,2023-11-27,Customer Support,EMEA,Pending,5532.2,3115.9,2416.2999999999997,0.4368
TXN-007454,2023-11-27,Operations,LATAM,Completed,3866.2,3993.79,-127.59000000000015,-0.033
TXN-011791,2023-11-28,Engineering,LATAM,Completed,4287.05,1681.0,2606.05,0.6079
TXN-011206,2023-11-28,Marketing,LATAM,Completed,4924.54,1373.06,3551.48,0.7212
TXN-000552,2023-11-28,Customer Support,APAC,Completed,4857.81,1378.6,3479.2100000000005,0.7162
TXN-011794,2023-11-28,Marketing,APAC,Completed,3117.31,2905.19,212.1199999999999,0.068
TXN-003269,2023-11-28,Marketing,EMEA,Pending,4402.35,1727.4,2674.9500000000003,0.6076
TXN-011234,2023-11-28,Operations,North America,Completed,4275.41,2240.09,2035.3199999999997,0.4761
TXN-001079,2023-11-28,Sales,LATAM,Completed,2341.49,1294.83,1046.6599999999999,0.447
TXN-003592,2023-11-28,Marketing,LATAM,Completed,1608.82,2118.33,-509.51,-0.3167
TXN-000972,2023-11-28,Engineering,EMEA,Completed,5464.73,980.36,4484.37,0.8206
TXN-010097,2023-11-29,Operations,LATAM,Completed,3845.84,2627.07,1218.77,0.3169
TXN-007058,2023-11-29,Operations,LATAM,Completed,4122.41,2407.9,1714.5099999999998,0.4159
TXN-007344,2023-11-29,Sales,APAC,Completed,3769.86,1251.02,2518.84,0.6682
TXN-003343,2023-11-29,Customer Support,APAC,Completed,1178.24,2563.28,-1385.0400000000002,-1.1755
TXN-001927,2023-11-29,Customer Support,EMEA,Completed,7716.37,1968.91,5747.46,0.7448
TXN-007971,2023-11-29,Marketing,APAC,Completed,5439.53,404.06,5035.469999999999,0.9257
TXN-002101,2023-11-29,Engineering,North America,Completed,3814.41,2761.36,1053.0499999999997,0.2761
TXN-011439,2023-11-29,Engineering,EMEA,Completed,4673.97,2856.41,1817.5600000000004,0.3889
TXN-008673,2023-11-29,Operations,EMEA,Completed,4092.93,2819.27,1273.6599999999999,0.3112
TXN-000047,2023-11-29,Sales,APAC,Pending,7323.9,1369.49,5954.41,0.813
TXN-008940,2023-11-29,Marketing,North America,Completed,7742.51,2316.87,5425.64,0.7008
TXN-002515,2023-11-29,Marketing,EMEA,Completed,5342.01,3353.91,1988.1000000000004,0.3722
TXN-000915,2023-11-30,Customer Support,EMEA,Completed,5680.19,2713.28,2966.9099999999994,0.5223
TXN-011635,2023-11-30,Marketing,LATAM,Completed,4445.06,2740.4,1704.6600000000003,0.3835
TXN-008699,2023-11-30,Customer Support,APAC,Completed,3642.76,2421.26,1221.5,0.3353
TXN-003425,2023-11-30,Marketing,EMEA,Completed,5108.36,1945.73,3162.6299999999997,0.6191
TXN-006278,2023-11-30,Sales,EMEA,Completed,4481.54,2867.35,1614.19,0.3602
TXN-005226,2023-11-30,Operations,EMEA,Completed,2728.36,1370.16,1358.2,0.4978
TXN-000489,2023-11-30,Engineering,North America,Pending,6018.03,2877.73,3140.2999999999997,0.5218
TXN-006307,2023-11-30,Sales,LATAM,Completed,5382.59,1235.52,4147.07,0.7705
TXN-010122,2023-11-30,Engineering,EMEA,Completed,5241.1,2311.34,2929.76,0.559
TXN-006013,2023-11-30,Marketing,EMEA,Pending,5359.18,1849.29,3509.8900000000003,0.6549
TXN-004215,2023-11-30,Operations,LATAM,Completed,5151.79,2169.8,2981.99,0.5788
TXN-002062,2023-11-30,Engineering,APAC,Completed,5181.69,2739.55,2442.1399999999994,0.4713
TXN-002212,2023-11-30,Operations,LATAM,Completed,6490.32,1725.92,4764.4,0.7341
TXN-000118,2023-11-30,Sales,North America,Completed,4894.645,2974.62,1920.0250000000005,0.3923
TXN-003408,2023-12-01,Engineering,APAC,Completed,9630.08,1423.98,8206.1,0.8521
TXN-004641,2023-12-01,Marketing,EMEA,Completed,3132.26,832.96,2299.3,0.7341
TXN-010137,2023-12-01,Sales,North America,Completed,2675.82,1924.23,751.5900000000001,0.2809
TXN-006107,2023-12-01,Marketing,EMEA,Completed,6047.74,1878.2,4169.54,0.6894
TXN-011074,2023-12-01,Marketing,EMEA,Pending,4563.24,1966.35,2596.89,0.5691
TXN-007695,2023-12-01,Customer Support,APAC,Pending,3327.93,2749.73,578.1999999999998,0.1737
TXN-005350,2023-12-01,Marketing,APAC,Pending,5454.38,2015.75,3438.63,0.6304
TXN-010999,2023-12-01,Marketing,North America,Completed,3132.2,2982.83,149.3699999999999,0.0477
TXN-004293,2023-12-01,Engineering,North America,Pending,5146.77,1427.8,3718.9700000000003,0.7226
TXN-003527,2023-12-01,Sales,APAC,Pending,5331.51,896.24,4435.27,0.8319
TXN-006902,2023-12-01,Operations,APAC,Completed,6726.97,1606.55,5120.42,0.7612
TXN-010355,2023-12-01,Operations,LATAM,Completed,6408.62,2427.39,3981.23,0.6212
TXN-011325,2023-12-01,Customer Support,LATAM,Completed,7276.42,733.93,6542.49,0.8991
TXN-001329,2023-12-02,Operations,LATAM,Completed,5551.96,1685.42,3866.54,0.6964
TXN-002252,2023-12-02,Operations,North America,Completed,4603.04,3329.46,1273.58,0.2767
TXN-002778,2023-12-02,Marketing,North America,Completed,4894.66,2398.82,2495.8399999999997,0.5099
TXN-003954,2023-12-02,Operations,LATAM,Completed,7536.94,2523.0,5013.94,0.6652
TXN-010443,2023-12-02,Sales,EMEA,Completed,6314.62,1600.5,4714.12,0.7465
TXN-001526,2023-12-02,Operations,North America,Pending,4721.59,2614.42,2107.17,0.4463
TXN-005943,2023-12-02,Engineering,North America,Completed,2701.39,847.57,1853.8199999999997,0.6862
TXN-004145,2023-12-02,Engineering,APAC,Pending,5126.19,2016.46,3109.7299999999996,0.6066
TXN-000722,2023-12-02,Sales,EMEA,Completed,4610.46,3439.25,1171.21,0.254
TXN-000271,2023-12-02,Engineering,EMEA,Completed,4995.17,2200.45,2794.7200000000003,0.5595
TXN-007427,2023-12-03,Operations,EMEA,Pending,2714.9,3822.77,-1107.87,-0.4081
TXN-002150,2023-12-03,Marketing,LATAM,Completed,2871.86,0.0,2871.86,1.0
TXN-003447,2023-12-03,Marketing,EMEA,Completed,1921.25,0.0,1921.25,1.0
TXN-006005,2023-12-03,Customer Support,North America,Completed,4928.93,3729.24,1199.6900000000005,0.2434
TXN-009485,2023-12-03,Marketing,APAC,Completed,3999.52,2332.83,1666.69,0.4167
TXN-003068,2023-12-03,Sales,EMEA,Completed,7145.79,1615.97,5529.82,0.7739
TXN-006208,2023-12-03,Marketing,North America,Completed,5770.88,547.53,5223.35,0.9051
TXN-007766,2023-12-03,Engineering,LATAM,Completed,5002.995000000001,2140.73,2862.265000000001,0.5721
TXN-006949,2023-12-03,Operations,LATAM,Completed,3300.63,1887.17,1413.46,0.4282
TXN-001467,2023-12-03,Marketing,LATAM,Completed,4017.28,1396.59,2620.6900000000005,0.6524
TXN-008177,2023-12-03,Customer Support,EMEA,Completed,6887.93,2053.68,4834.25,0.7018
TXN-005146,2023-12-03,Customer Support,LATAM,Pending,4046.84,1639.15,2407.69,0.595
TXN-010875,2023-12-04,Engineering,APAC,Completed,4998.96,2705.27,2293.69,0.4588
TXN-006273,2023-12-04,Operations,North America,Completed,4629.34,2233.83,2395.51,0.5175
TXN-001810,2023-12-04,Customer Support,LATAM,Completed,4929.59,2362.18,2567.4100000000003,0.5208
TXN-003512,2023-12-04,Engineering,EMEA,Pending,5761.96,1621.78,4140.18,0.7185
TXN-004412,2023-12-04,Marketing,LATAM,Completed,4979.81,1997.96,2981.8500000000004,0.5988
TXN-005947,2023-12-04,Sales,APAC,Pending,6885.3,2474.7,4410.6,0.6406
TXN-008132,2023-12-04,Sales,APAC,Pending,6853.39,1988.44,4864.950000000001,0.7099
TXN-008586,2023-12-04,Sales,LATAM,Completed,6861.62,1514.06,5347.5599999999995,0.7793
TXN-003191,2023-12-04,Operations,LATAM,Completed,3312.43,977.3,2335.13,0.705
TXN-007748,2023-12-04,Operations,LATAM,Pending,5182.43,2198.99,2983.4400000000005,0.5757
TXN-007297,2023-12-04,Customer Support,EMEA,Pending,764.47,2040.75,-1276.28,-1.6695
TXN-001752,2023-12-04,Customer Support,LATAM,Completed,4677.94,2082.95,2594.99,0.5547
TXN-006213,2023-12-04,Customer Support,North America,Pending,4359.46,1667.55,2691.91,0.6175
TXN-009712,2023-12-04,Marketing,LATAM,Completed,5911.19,1888.2,4022.99,0.6806
TXN-002478,2023-12-04,Sales,APAC,Pending,6243.09,2789.8,3453.29,0.5531
TXN-009511,2023-12-04,Customer Support,APAC,Pending,2932.3,1220.39,1711.91,0.5838
TXN-001446,2023-12-05,Operations,North America,Completed,5322.69,2757.03,2565.6599999999994,0.482
TXN-005850,2023-12-05,Customer Support,LATAM,Pending,5122.4,2307.16,2815.24,0.5496
TXN-007777,2023-12-05,Engineering,EMEA,Pending,4755.71,2853.27,1902.44,0.4
TXN-007544,2023-12-05,Marketing,North America,Completed,8841.37,2349.73,6491.640000000001,0.7342
TXN-005730,2023-12-05,Sales,APAC,Pending,5548.53,2193.75,3354.7799999999997,0.6046
TXN-001325,2023-12-05,Engineering,EMEA,Completed,6560.7,3599.38,2961.3199999999997,0.4514
TXN-006483,2023-12-05,Sales,North America,Completed,6702.04,1450.88,5251.16,0.7835
TXN-007806,2023-12-05,Engineering,APAC,Pending,4907.71,2016.46,2891.25,0.5891
TXN-001457,2023-12-05,Engineering,APAC,Pending,4331.88,2183.92,2147.96,0.4958
TXN-002766,2023-12-05,Sales,LATAM,Completed,5801.24,851.84,4949.4,0.8532
TXN-006747,2023-12-05,Marketing,North America,Completed,4012.8,1707.68,2305.12,0.5744
TXN-009681,2023-12-05,Customer Support,LATAM,Completed,5254.2,2399.5,2854.7,0.5433
TXN-010704,2023-12-05,Operations,APAC,Completed,6054.16,2253.31,3800.85,0.6278
TXN-004216,2023-12-05,Operations,APAC,Completed,2669.13,3057.28,-388.1500000000001,-0.1454
TXN-009266,2023-12-05,Marketing,North America,Pending,3952.27,1470.53,2481.74,0.6279
TXN-009236,2023-12-05,Operations,North America,Pending,7106.48,2291.08,4815.4,0.6776
TXN-010209,2023-12-05,Operations,APAC,Pending,6085.8,1857.28,4228.52,0.6948
TXN-011297,2023-12-06,Sales,EMEA,Completed,5123.76,2868.86,2254.9,0.4401
TXN-011842,2023-12-06,Sales,APAC,Pending,4973.5,2647.98,2325.52,0.4676
TXN-008303,2023-12-06,Sales,APAC,Completed,4807.07,2229.59,2577.4799999999996,0.5362
TXN-002514,2023-12-06,Operations,EMEA,Pending,5534.05,852.36,4681.6900000000005,0.846
TXN-003556,2023-12-06,Customer Support,North America,Pending,7070.35,2471.77,4598.58,0.6504
TXN-000311,2023-12-06,Marketing,APAC,Completed,3925.62,1874.27,2051.35,0.5226
TXN-001852,2023-12-06,Engineering,EMEA,Pending,3626.43,3573.3,53.129999999999654,0.0147
TXN-001928,2023-12-06,Engineering,LATAM,Completed,6395.99,844.82,5551.17,0.8679
TXN-004450,2023-12-06,Sales,North America,Completed,3374.28,1914.77,1459.5100000000002,0.4325
TXN-009075,2023-12-07,Operations,North America,Completed,4880.39,2371.72,2508.6700000000005,0.514
TXN-010149,2023-12-07,Sales,APAC,Completed,3819.69,1942.73,1876.96,0.4914
TXN-006080,2023-12-07,Marketing,North America,Completed,2531.84,517.59,2014.25,0.7956
TXN-003486,2023-12-07,Engineering,North America,Completed,8946.15,2807.79,6138.36,0.6861
TXN-009914,2023-12-07,Engineering,North America,Completed,5601.55,574.55,5027.0,0.8974
TXN-002611,2023-12-07,Operations,LATAM,Pending,4912.65,3670.8,1241.8499999999995,0.2528
TXN-008952,2023-12-07,Operations,APAC,Completed,3739.07,742.95,2996.12,0.8013
TXN-009922,2023-12-07,Sales,APAC,Pending,4297.83,801.3,3496.5299999999997,0.8136
TXN-006395,2023-12-07,Engineering,LATAM,Completed,5672.6,458.03,5214.570000000001,0.9193
TXN-000926,2023-12-07,Customer Support,APAC,Completed,4548.35,3066.13,1482.2200000000003,0.3259
TXN-003214,2023-12-07,Marketing,APAC,Completed,3894.5,1255.36,2639.1400000000003,0.6777
TXN-010407,2023-12-07,Engineering,EMEA,Completed,2886.8,3273.91,-387.1099999999997,-0.1341
TXN-008710,2023-12-07,Engineering,North America,Pending,4220.17,766.6,3453.57,0.8183
TXN-010249,2023-12-07,Customer Support,APAC,Completed,1866.75,741.81,1124.94,0.6026
TXN-008336,2023-12-08,Operations,APAC,Completed,4074.0,848.08,3225.92,0.7918
TXN-008657,2023-12-08,Operations,North America,Completed,3813.31,1845.19,1968.12,0.5161
TXN-011391,2023-12-08,Sales,North America,Completed,5620.07,1752.27,3867.7999999999997,0.6882
TXN-004007,2023-12-08,Sales,APAC,Completed,6111.0,2170.65,3940.35,0.6448
TXN-004015,2023-12-08,Sales,APAC,Pending,4317.68,2773.17,1544.5100000000002,0.3577
TXN-006550,2023-12-08,Operations,APAC,Completed,6620.06,2263.41,4356.650000000001,0.6581
TXN-002836,2023-12-08,Operations,LATAM,Pending,5668.91,2252.76,3416.1499999999996,0.6026
TXN-009452,2023-12-08,Marketing,APAC,Pending,6048.12,1902.93,4145.19,0.6854
TXN-002464,2023-12-08,Engineering,North America,Pending,7078.25,976.63,6101.62,0.862
TXN-007629,2023-12-08,Marketing,North America,Completed,3985.07,1749.46,2235.61,0.561
TXN-005471,2023-12-08,Engineering,APAC,Completed,4084.25,1162.65,2921.6,0.7153
TXN-004882,2023-12-08,Sales,APAC,Completed,3449.92,2932.03,517.8899999999999,0.1501
TXN-007592,2023-12-08,Marketing,APAC,Pending,3527.55,3345.07,182.48000000000002,0.0517
TXN-002357,2023-12-08,Operations,LATAM,Completed,5231.75,429.49,4802.26,0.9179
TXN-000253,2023-12-08,Customer Support,EMEA,Pending,3935.01,2343.95,1591.0600000000004,0.4043
TXN-008965,2023-12-08,Engineering,North America,Completed,5204.75,2330.42,2874.33,0.5523
TXN-001462,2023-12-08,Operations,LATAM,Completed,5435.22,1947.12,3488.1000000000004,0.6418
TXN-005166,2023-12-08,Marketing,EMEA,Completed,5912.83,1488.32,4424.51,0.7483
TXN-004188,2023-12-09,Engineering,EMEA,Completed,6713.09,1309.36,5403.7300000000005,0.805
TXN-004204,2023-12-09,Operations,North America,Completed,4245.82,2017.51,2228.3099999999995,0.5248
TXN-010309,2023-12-09,Operations,LATAM,Completed,5320.43,2020.1,3300.3300000000004,0.6203
TXN-000256,2023-12-09,Customer Support,APAC,Completed,2623.99,2246.57,377.4199999999996,0.1438
TXN-010206,2023-12-09,Operations,EMEA,Completed,5323.13,452.64,4870.49,0.915
TXN-002075,2023-12-09,Operations,EMEA,Completed,5777.24,2871.98,2905.2599999999998,0.5029
TXN-011154,2023-12-09,Operations,LATAM,Completed,5308.67,2771.02,2537.65,0.478
TXN-001603,2023-12-09,Sales,North America,Completed,5795.34,3597.67,2197.67,0.3792
TXN-010649,2023-12-09,Marketing,EMEA,Completed,6525.78,2873.04,3652.74,0.5597
TXN-001799,2023-12-09,Customer Support,APAC,Completed,4072.08,2753.8,1318.2799999999997,0.3237
TXN-008740,2023-12-09,Customer Support,APAC,Completed,3344.46,1882.88,1461.58,0.437
TXN-000883,2023-12-09,Engineering,LATAM,Pending,8636.08,2560.21,6075.87,0.7035
TXN-005118,2023-12-09,Operations,North America,Completed,3637.16,2938.49,698.6700000000001,0.1921
TXN-001700,2023-12-09,Operations,APAC,Completed,3407.7,1656.22,1751.4799999999998,0.514
TXN-008875,2023-12-09,Operations,EMEA,Completed,6741.07,1047.65,5693.42,0.8446
TXN-002914,2023-12-09,Marketing,APAC,Pending,4341.91,3410.83,931.0799999999999,0.2144
TXN-009146,2023-12-09,Operations,EMEA,Pending,2946.78,3476.83,-530.0499999999997,-0.1799
TXN-007607,2023-12-10,Operations,North America,Completed,3934.43,884.53,3049.8999999999996,0.7752
TXN-010732,2023-12-10,Sales,LATAM,Completed,5614.19,2238.97,3375.22,0.6012
TXN-011324,2023-12-10,Customer Support,North America,Pending,5646.13,995.11,4651.02,0.8238
TXN-001075,2023-12-10,Operations,North America,Pending,4441.67,2564.25,1877.42,0.4227
TXN-004528,2023-12-10,Engineering,APAC,Completed,3702.85,2765.29,937.56,0.2532
TXN-009365,2023-12-10,Operations,LATAM,Completed,6342.71,1334.65,5008.0599999999995,0.7896
TXN-009532,2023-12-10,Operations,North America,Completed,1020.39,1691.18,-670.7900000000001,-0.6574
TXN-005879,2023-12-10,Engineering,APAC,Completed,4478.64,1267.38,3211.26,0.717
TXN-008701,2023-12-10,Engineering,North America,Completed,6148.82,317.75,5831.07,0.9483
TXN-005990,2023-12-10,Customer Support,EMEA,Completed,2939.8,962.06,1977.7400000000002,0.6727
TXN-002227,2023-12-10,Marketing,LATAM,Completed,2707.53,860.1,1847.4300000000003,0.6823
TXN-009828,2023-12-11,Marketing,North America,Completed,4848.35,892.2,3956.1500000000005,0.816
TXN-008888,2023-12-11,Customer Support,LATAM,Completed,4282.37,2327.5,1954.87,0.4565
TXN-006456,2023-12-11,Operations,North America,Pending,5000.23,1696.27,3303.9599999999996,0.6608
TXN-009939,2023-12-11,Sales,LATAM,Completed,6668.95,1674.19,4994.76,0.749
TXN-008757,2023-12-11,Sales,North America,Completed,4497.23,932.47,3564.7599999999993,0.7927
TXN-009072,2023-12-11,Operations,North America,Completed,3278.78,1174.11,2104.67,0.6419
TXN-003845,2023-12-11,Operations,EMEA,Completed,4154.86,849.57,3305.2899999999995,0.7955
TXN-004288,2023-12-11,Customer Support,North America,Completed,5145.26,2425.07,2720.19,0.5287
TXN-011693,2023-12-11,Engineering,North America,Completed,2101.78,2786.08,-684.2999999999997,-0.3256
TXN-003025,2023-12-11,Operations,EMEA,Completed,5985.91,1268.18,4717.73,0.7881
TXN-004427,2023-12-11,Engineering,North America,Completed,3870.66,1459.91,2410.75,0.6228
TXN-003511,2023-12-11,Engineering,North America,Pending,6954.76,3124.31,3830.4500000000003,0.5508
TXN-011227,2023-12-11,Marketing,EMEA,Pending,3812.04,1159.8,2652.24,0.6958
TXN-010786,2023-12-12,Customer Support,EMEA,Completed,3876.22,2473.03,1403.1899999999996,0.362
TXN-000959,2023-12-12,Operations,LATAM,Completed,5434.43,779.63,4654.8,0.8565
TXN-005691,2023-12-12,Marketing,North America,Completed,4815.67,1500.05,3315.62,0.6885
TXN-009197,2023-12-12,Customer Support,EMEA,Pending,4436.6,2515.41,1921.1900000000005,0.433
TXN-005866,2023-12-12,Engineering,APAC,Pending,5272.66,1275.64,3997.0199999999995,0.7581
TXN-007014,2023-12-12,Sales,LATAM,Pending,7617.67,0.0,7617.67,1.0
TXN-000566,2023-12-12,Customer Support,LATAM,Completed,3506.25,2791.71,714.54,0.2038
TXN-002678,2023-12-12,Customer Support,LATAM,Pending,5592.73,859.42,4733.3099999999995,0.8463
TXN-009917,2023-12-12,Customer Support,LATAM,Completed,3965.67,1632.18,2333.49,0.5884
TXN-004252,2023-12-12,Engineering,North America,Pending,3440.36,1937.57,1502.7900000000002,0.4368
TXN-007625,2023-12-12,Customer Support,North America,Pending,6337.62,2882.95,3454.67,0.5451
TXN-007395,2023-12-12,Sales,North America,Completed,4081.62,1109.64,2971.9799999999996,0.7281
TXN-002069,2023-12-12,Engineering,LATAM,Completed,4413.21,2707.03,1706.1799999999998,0.3866
TXN-010376,2023-12-12,Operations,EMEA,Completed,5420.32,3896.64,1523.6799999999998,0.2811
TXN-004019,2023-12-12,Customer Support,EMEA,Pending,5135.67,3800.93,1334.7400000000002,0.2599
TXN-005461,2023-12-12,Customer Support,EMEA,Completed,4148.62,1955.35,2193.27,0.5287
TXN-004051,2023-12-12,Customer Support,EMEA,Completed,5280.04,3561.84,1718.1999999999998,0.3254
TXN-010402,2023-12-12,Operations,EMEA,Completed,6202.47,2036.88,4165.59,0.6716
TXN-007682,2023-12-12,Engineering,APAC,Completed,6459.12,1906.7,4552.42,0.7048
TXN-002676,2023-12-13,Marketing,EMEA,Pending,8515.75,1388.0,7127.75,0.837
TXN-004070,2023-12-13,Engineering,LATAM,Completed,5416.71,2437.8,2978.91,0.5499
TXN-000066,2023-12-13,Operations,EMEA,Completed,4919.52,2957.38,1962.1400000000003,0.3988
TXN-009693,2023-12-13,Sales,APAC,Completed,6243.04,834.0,5409.04,0.8664
TXN-006023,2023-12-13,Operations,LATAM,Completed,3364.49,1972.11,1392.3799999999999,0.4138
TXN-001524,2023-12-13,Sales,EMEA,Pending,5240.79,2019.44,3221.35,0.6147
TXN-003863,2023-12-13,Customer Support,APAC,Completed,5327.79,2394.65,2933.14,0.5505
TXN-003682,2023-12-13,Customer Support,North America,Completed,5105.42,2020.45,3084.9700000000003,0.6043
TXN-005607,2023-12-13,Operations,EMEA,Completed,3932.95,2031.87,1901.08,0.4834
TXN-000686,2023-12-14,Engineering,EMEA,Pending,3524.29,1334.67,2189.62,0.6213
TXN-011797,2023-12-14,Engineering,APAC,Pending,4343.01,1875.69,2467.32,0.5681
TXN-004226,2023-12-14,Operations,LATAM,Completed,5765.87,3052.8,2713.0699999999997,0.4705
TXN-006955,2023-12-14,Engineering,North America,Pending,3261.45,413.11,2848.3399999999997,0.8733
TXN-001478,2023-12-14,Sales,North America,Pending,4721.94,2122.88,2599.0599999999995,0.5504
TXN-010966,2023-12-14,Sales,EMEA,Completed,4281.67,2690.97,1590.7000000000003,0.3715
TXN-009033,2023-12-14,Customer Support,LATAM,Completed,2813.24,2004.9,808.3399999999997,0.2873
TXN-006520,2023-12-14,Customer Support,EMEA,Pending,3436.23,1997.73,1438.5,0.4186
TXN-000295,2023-12-14,Operations,EMEA,Completed,5632.15,2119.9,3512.2499999999995,0.6236
TXN-006353,2023-12-14,Engineering,LATAM,Pending,6407.82,2310.53,4097.289999999999,0.6394
TXN-003864,2023-12-14,Engineering,APAC,Completed,4582.3,1172.15,3410.15,0.7442
TXN-007605,2023-12-15,Engineering,APAC,Completed,8027.2,1889.17,6138.03,0.7647
TXN-003330,2023-12-15,Sales,LATAM,Completed,6025.17,3902.88,2122.29,0.3522
TXN-009265,2023-12-15,Sales,APAC,Completed,5683.26,2162.69,3520.57,0.6195
TXN-003196,2023-12-15,Sales,EMEA,Pending,5353.18,1215.31,4137.870000000001,0.773
TXN-004577,2023-12-15,Operations,EMEA,Completed,4930.06,1598.87,3331.1900000000005,0.6757
TXN-002056,2023-12-15,Sales,North America,Completed,6253.6,1918.29,4335.31,0.6933
TXN-002808,2023-12-15,Customer Support,EMEA,Completed,4093.46,1265.54,2827.92,0.6908
TXN-004490,2023-12-15,Marketing,APAC,Completed,6619.25,2097.67,4521.58,0.6831
TXN-010344,2023-12-15,Sales,APAC,Completed,3905.88,2573.34,1332.54,0.3412
TXN-005906,2023-12-15,Operations,APAC,Completed,4969.95,2517.26,2452.6899999999996,0.4935
TXN-005035,2023-12-15,Operations,APAC,Completed,4319.66,2488.08,1831.58,0.424
TXN-000318,2023-12-15,Customer Support,North America,Pending,7592.81,2258.59,5334.22,0.7025
TXN-009944,2023-12-15,Sales,North America,Completed,5547.6,2649.86,2897.7400000000002,0.5223
TXN-001530,2023-12-15,Engineering,EMEA,Pending,5165.44,597.22,4568.219999999999,0.8844
TXN-008090,2023-12-16,Sales,EMEA,Completed,4700.38,3128.32,1572.06,0.3345
TXN-007961,2023-12-16,Sales,North America,Completed,5862.81,1807.06,4055.7500000000005,0.6918
TXN-002702,2023-12-16,Marketing,APAC,Completed,4792.88,898.35,3894.53,0.8126
TXN-002907,2023-12-16,Customer Support,North America,Pending,4393.78,2589.46,1804.3199999999997,0.4107
TXN-008116,2023-12-16,Customer Support,LATAM,Completed,4368.93,2604.25,1764.6800000000003,0.4039
TXN-008198,2023-12-16,Sales,North America,Completed,3004.24,1799.61,1204.6299999999999,0.401
TXN-004115,2023-12-16,Operations,LATAM,Completed,5842.79,3391.16,2451.63,0.4196
TXN-003296,2023-12-16,Sales,North America,Completed,5788.62,1727.12,4061.5,0.7016
TXN-003314,2023-12-16,Marketing,EMEA,Completed,4097.23,3487.64,609.5899999999997,0.1488
TXN-010671,2023-12-16,Sales,LATAM,Completed,4478.27,2332.6,2145.6700000000005,0.4791
TXN-004418,2023-12-16,Operations,APAC,Completed,4571.04,1908.95,2662.09,0.5824
TXN-011926,2023-12-16,Marketing,North America,Pending,5675.85,1754.66,3921.1900000000005,0.6909
TXN-011046,2023-12-16,Customer Support,EMEA,Completed,4225.2,1408.13,2817.0699999999997,0.6667
TXN-010597,2023-12-17,Sales,EMEA,Completed,4259.75,2279.3,1980.4499999999998,0.4649
TXN-003745,2023-12-17,Engineering,EMEA,Completed,5693.21,2890.14,2803.07,0.4924
TXN-007746,2023-12-17,Operations,APAC,Completed,4112.73,1856.24,2256.49,0.5487
TXN-002844,2023-12-17,Marketing,EMEA,Completed,6953.59,2595.68,4357.91,0.6267
TXN-007390,2023-12-17,Operations,North America,Pending,4775.19,739.36,4035.8299999999995,0.8452
TXN-002794,2023-12-17,Engineering,LATAM,Pending,4170.88,2235.25,1935.63,0.4641
TXN-000326,2023-12-17,Marketing,APAC,Completed,2761.34,2324.33,437.0100000000002,0.1583
TXN-003760,2023-12-17,Operations,North America,Completed,3704.22,2017.78,1686.4399999999998,0.4553
TXN-002543,2023-12-17,Marketing,LATAM,Completed,6924.59,3754.06,3170.53,0.4579
TXN-005518,2023-12-17,Operations,APAC,Pending,5890.96,2869.71,3021.25,0.5129
TXN-002000,2023-12-17,Operations,APAC,Pending,5787.22,2224.63,3562.59,0.6156
TXN-010238,2023-12-17,Engineering,LATAM,Completed,2617.65,2098.4,519.25,0.1984
TXN-000079,2023-12-18,Operations,EMEA,Completed,4059.68,3785.56,274.1199999999999,0.0675
TXN-010417,2023-12-18,Sales,EMEA,Completed,4328.29,2379.89,1948.4,0.4502
TXN-008592,2023-12-18,Sales,APAC,Completed,6637.8,3052.35,3585.4500000000003,0.5402
TXN-000667,2023-12-18,Marketing,APAC,Completed,5670.92,882.13,4788.79,0.8444
TXN-008914,2023-12-18,Marketing,EMEA,Completed,5454.78,1548.03,3906.75,0.7162
TXN-011562,2023-12-18,Customer Support,APAC,Pending,5446.12,2594.72,2851.4,0.5236
TXN-009706,2023-12-18,Customer Support,LATAM,Completed,3607.4,2247.87,1359.5300000000002,0.3769
TXN-009276,2023-12-18,Customer Support,LATAM,Completed,6731.93,2762.65,3969.28,0.5896
TXN-010498,2023-12-18,Sales,EMEA,Pending,3596.96,1992.14,1604.82,0.4462
TXN-007341,2023-12-18,Engineering,LATAM,Completed,5002.995000000001,926.16,4076.835000000001,0.8149
TXN-001465,2023-12-18,Marketing,APAC,Completed,3328.89,1206.43,2122.46,0.6376
TXN-006801,2023-12-18,Engineering,EMEA,Completed,0.0,1455.16,-1455.16,0.0
TXN-006931,2023-12-18,Operations,LATAM,Completed,5717.88,2928.38,2789.5,0.4879
TXN-000984,2023-12-19,Engineering,North America,Completed,3426.97,1734.18,1692.7899999999997,0.494
TXN-004895,2023-12-19,Operations,EMEA,Completed,6583.68,2687.33,3896.3500000000004,0.5918
TXN-008389,2023-12-19,Customer Support,APAC,Completed,4630.57,1583.26,3047.3099999999995,0.6581
TXN-005804,2023-12-19,Sales,North America,Completed,5241.32,3088.93,2152.39,0.4107
TXN-006157,2023-12-19,Customer Support,APAC,Completed,6478.66,1939.81,4538.85,0.7006
TXN-009539,2023-12-19,Marketing,LATAM,Completed,6066.43,873.48,5192.950000000001,0.856
TXN-010360,2023-12-19,Marketing,EMEA,Pending,5093.1,2701.47,2391.6300000000006,0.4696
TXN-002602,2023-12-19,Engineering,EMEA,Completed,5939.61,866.6,5073.009999999999,0.8541
TXN-011054,2023-12-19,Operations,North America,Completed,3437.32,1959.29,1478.0300000000002,0.43
TXN-002186,2023-12-19,Customer Support,North America,Completed,1020.82,2023.92,-1003.1,-0.9826
TXN-007075,2023-12-19,Operations,LATAM,Completed,4223.82,2525.05,1698.7699999999995,0.4022
TXN-011465,2023-12-19,Customer Support,North America,Completed,6115.11,1879.39,4235.719999999999,0.6927
TXN-003402,2023-12-19,Operations,LATAM,Pending,6845.18,2000.4,4844.780000000001,0.7078
TXN-005739,2023-12-20,Operations,North America,Completed,4715.62,1889.77,2825.85,0.5993
TXN-008392,2023-12-20,Operations,North America,Completed,5392.71,1145.05,4247.66,0.7877
TXN-000429,2023-12-20,Operations,North America,Completed,4689.25,2188.41,2500.84,0.5333
TXN-011464,2023-12-20,Operations,EMEA,Completed,4690.83,1301.74,3389.09,0.7225
TXN-005384,2023-12-20,Customer Support,LATAM,Pending,5455.72,997.3,4458.42,0.8172
TXN-006109,2023-12-20,Sales,LATAM,Pending,4600.81,2702.88,1897.9300000000003,0.4125
TXN-003342,2023-12-20,Engineering,APAC,Completed,4283.08,1463.39,2819.6899999999996,0.6583
TXN-006596,2023-12-20,Operations,EMEA,Completed,5977.72,2368.69,3609.03,0.6037
TXN-002234,2023-12-20,Customer Support,APAC,Completed,4273.43,2279.43,1994.0000000000005,0.4666
TXN-001697,2023-12-20,Sales,APAC,Pending,2728.11,2713.07,15.039999999999964,0.0055
TXN-005179,2023-12-20,Customer Support,North America,Completed,4778.77,1434.95,3343.8200000000006,0.6997
TXN-011827,2023-12-20,Operations,North America,Pending,5367.6,1261.19,4106.41,0.765
TXN-008946,2023-12-20,Engineering,EMEA,Completed,5395.99,623.02,4772.969999999999,0.8845
TXN-003779,2023-12-20,Marketing,LATAM,Completed,5806.14,2414.15,3391.9900000000002,0.5842
TXN-006188,2023-12-21,Engineering,LATAM,Pending,4515.05,1425.92,3089.13,0.6842
TXN-002274,2023-12-21,Engineering,EMEA,Completed,3992.03,2468.76,1523.27,0.3816
TXN-007138,2023-12-21,Customer Support,EMEA,Completed,5515.42,2164.12,3351.3,0.6076
TXN-002338,2023-12-21,Sales,EMEA,Completed,5118.87,2118.12,3000.75,0.5862
TXN-006365,2023-12-21,Sales,APAC,Completed,7160.18,2860.04,4300.14,0.6006
TXN-006052,2023-12-21,Customer Support,EMEA,Completed,5268.01,3511.5,1756.5100000000002,0.3334
TXN-005052,2023-12-21,Customer Support,North America,Completed,5553.87,1846.35,3707.52,0.6676
TXN-003226,2023-12-21,Customer Support,LATAM,Completed,4148.16,1404.27,2743.89,0.6615
TXN-011574,2023-12-21,Sales,APAC,Completed,4146.07,3033.29,1112.7799999999997,0.2684
TXN-009758,2023-12-21,Sales,North America,Completed,3805.1,2409.67,1395.4299999999998,0.3667
TXN-004974,2023-12-22,Customer Support,LATAM,Pending,5269.53,3195.72,2073.81,0.3935
TXN-004803,2023-12-22,Operations,North America,Completed,8080.05,3125.84,4954.21,0.6131
TXN-005654,2023-12-22,Customer Support,EMEA,Completed,3487.6,2727.29,760.31,0.218
TXN-008719,2023-12-22,Engineering,EMEA,Completed,6552.37,1493.54,5058.83,0.7721
TXN-011347,2023-12-22,Sales,LATAM,Completed,5173.31,728.13,4445.18,0.8593
TXN-001063,2023-12-22,Engineering,APAC,Pending,2011.38,373.64,1637.7400000000002,0.8142
TXN-005388,2023-12-22,Engineering,EMEA,Completed,4273.84,3277.79,996.0500000000002,0.2331
TXN-000240,2023-12-22,Operations,APAC,Completed,6919.18,1679.46,5239.72,0.7573
TXN-008070,2023-12-22,Marketing,LATAM,Completed,4485.13,1841.16,2643.9700000000003,0.5895
TXN-005954,2023-12-22,Operations,LATAM,Completed,8096.38,955.34,7141.04,0.882
TXN-001193,2023-12-22,Customer Support,EMEA,Pending,7045.68,1663.32,5382.360000000001,0.7639
TXN-001336,2023-12-22,Engineering,APAC,Completed,4795.01,1911.1,2883.9100000000003,0.6014
TXN-001675,2023-12-22,Operations,EMEA,Completed,3696.34,2036.11,1660.2300000000002,0.4492
TXN-003844,2023-12-22,Sales,APAC,Completed,3925.54,3170.72,754.8200000000002,0.1923
TXN-011376,2023-12-23,Customer Support,EMEA,Pending,3082.42,2891.18,191.24000000000024,0.062
TXN-009244,2023-12-23,Marketing,North America,Completed,7740.53,755.73,6984.799999999999,0.9024
TXN-004500,2023-12-23,Sales,APAC,Completed,5106.75,2461.06,2645.69,0.5181
TXN-010499,2023-12-23,Operations,APAC,Completed,4585.13,1781.57,2803.5600000000004,0.6114
TXN-001983,2023-12-23,Marketing,North America,Completed,4827.42,2452.98,2374.44,0.4919
TXN-001294,2023-12-23,Engineering,EMEA,Completed,4827.09,3197.76,1629.33,0.3375
TXN-010562,2023-12-23,Sales,APAC,Completed,5150.18,2882.25,2267.9300000000003,0.4404
TXN-007412,2023-12-23,Engineering,North America,Pending,7320.27,1279.91,6040.360000000001,0.8252
TXN-007306,2023-12-24,Operations,APAC,Pending,6685.98,2442.63,4243.349999999999,0.6347
TXN-005881,2023-12-24,Engineering,APAC,Completed,7824.97,3008.63,4816.34,0.6155
TXN-002164,2023-12-24,Operations,EMEA,Completed,4912.03,2854.65,2057.3799999999997,0.4188
TXN-006220,2023-12-24,Customer Support,LATAM,Completed,1901.52,564.26,1337.26,0.7033
TXN-010191,2023-12-24,Customer Support,EMEA,Completed,4997.01,2144.43,2852.5800000000004,0.5709
TXN-008175,2023-12-24,Sales,EMEA,Pending,4467.69,1335.84,3131.8499999999995,0.701
TXN-003022,2023-12-24,Operations,EMEA,Completed,7473.48,2123.78,5349.699999999999,0.7158
TXN-000771,2023-12-24,Operations,LATAM,Completed,6238.91,2029.99,4208.92,0.6746
TXN-003732,2023-12-24,Operations,North America,Completed,7735.87,1658.59,6077.28,0.7856
TXN-006006,2023-12-24,Marketing,APAC,Completed,3275.52,1589.88,1685.6399999999999,0.5146
TXN-010090,2023-12-24,Marketing,North America,Completed,4566.46,2347.45,2219.01,0.4859
TXN-007362,2023-12-24,Engineering,LATAM,Completed,2477.56,2150.81,326.75,0.1319
TXN-006578,2023-12-24,Engineering,LATAM,Completed,6704.04,3314.01,3390.0299999999997,0.5057
TXN-001091,2023-12-24,Marketing,LATAM,Completed,7513.99,2052.09,5461.9,0.7269
TXN-002549,2023-12-24,Sales,APAC,Pending,6080.17,2924.17,3156.0,0.5191
TXN-004262,2023-12-25,Engineering,EMEA,Completed,4795.95,1298.04,3497.91,0.7293
TXN-003465,2023-12-25,Engineering,APAC,Pending,2650.78,1659.45,991.3300000000002,0.374
TXN-011954,2023-12-25,Operations,EMEA,Completed,5358.61,1450.08,3908.5299999999997,0.7294
TXN-009334,2023-12-25,Sales,APAC,Pending,5502.2,2594.5,2907.7,0.5285
TXN-011065,2023-12-25,Marketing,North America,Pending,3654.79,2162.66,1492.13,0.4083
TXN-010378,2023-12-25,Customer Support,LATAM,Completed,5122.93,840.38,4282.55,0.836
TXN-010612,2023-12-25,Operations,APAC,Completed,4591.06,3677.07,913.9900000000002,0.1991
TXN-011396,2023-12-25,Operations,APAC,Completed,6438.29,2450.53,3987.7599999999998,0.6194
TXN-006321,2023-12-25,Engineering,LATAM,Completed,3710.92,2362.36,1348.56,0.3634
TXN-007496,2023-12-25,Customer Support,EMEA,Completed,4849.08,1107.73,3741.35,0.7716
TXN-001768,2023-12-25,Sales,EMEA,Completed,6117.86,1970.63,4147.23,0.6779
TXN-001459,2023-12-25,Customer Support,LATAM,Completed,5436.78,1562.04,3874.74,0.7127
TXN-002609,2023-12-25,Customer Support,LATAM,Pending,4714.76,3054.07,1660.69,0.3522
TXN-001719,2023-12-25,Sales,North America,Pending,4108.73,3902.31,206.41999999999962,0.0502
TXN-003020,2023-12-26,Sales,North America,Completed,6697.32,2535.37,4161.95,0.6214
TXN-006385,2023-12-26,Customer Support,EMEA,Completed,4337.66,1578.26,2759.3999999999996,0.6361
TXN-005089,2023-12-26,Sales,EMEA,Completed,4960.73,2121.84,2838.8899999999994,0.5723
TXN-005078,2023-12-26,Operations,North America,Completed,3035.71,2138.87,896.8400000000001,0.2954
TXN-004239,2023-12-26,Customer Support,EMEA,Completed,4635.12,2022.89,2612.2299999999996,0.5636
TXN-003066,2023-12-26,Customer Support,LATAM,Pending,5222.47,1870.96,3351.51,0.6417
TXN-003108,2023-12-26,Customer Support,APAC,Completed,5639.33,2592.47,3046.86,0.5403
TXN-011822,2023-12-26,Sales,EMEA,Completed,8095.92,1502.01,6593.91,0.8145
TXN-006727,2023-12-26,Customer Support,North America,Completed,4829.49,1878.76,2950.7299999999996,0.611
TXN-007803,2023-12-26,Operations,LATAM,Completed,7405.55,945.33,6460.22,0.8723
TXN-007635,2023-12-26,Customer Support,LATAM,Completed,4733.77,1968.55,2765.2200000000003,0.5841
TXN-010882,2023-12-26,Marketing,EMEA,Pending,4193.84,3934.69,259.1500000000001,0.0618
TXN-002705,2023-12-26,Engineering,North America,Completed,2435.04,1910.38,524.6599999999999,0.2155
TXN-003376,2023-12-26,Sales,EMEA,Completed,4164.01,3361.26,802.75,0.1928
TXN-011383,2023-12-27,Engineering,North America,Completed,5686.35,1874.09,3812.26,0.6704
TXN-010410,2023-12-27,Sales,North America,Pending,2675.85,1994.83,681.02,0.2545
TXN-002054,2023-12-27,Marketing,APAC,Completed,5993.7,1765.29,4228.41,0.7055
TXN-004533,2023-12-27,Operations,EMEA,Pending,5938.14,1552.11,4386.030000000001,0.7386
TXN-008243,2023-12-27,Customer Support,North America,Completed,7027.88,3324.48,3703.4,0.527
TXN-008750,2023-12-27,Operations,LATAM,Completed,4787.54,2508.29,2279.25,0.4761
TXN-005688,2023-12-27,Marketing,EMEA,Completed,7817.66,3112.31,4705.35,0.6019
TXN-004789,2023-12-27,Operations,EMEA,Completed,5158.02,2615.64,2542.3800000000006,0.4929
TXN-011067,2023-12-27,Operations,LATAM,Completed,3578.65,2192.42,1386.23,0.3874
TXN-006418,2023-12-27,Sales,LATAM,Pending,6122.71,726.42,5396.29,0.8814
TXN-007945,2023-12-28,Sales,LATAM,Completed,8391.31,1895.97,6495.339999999999,0.7741
TXN-011576,2023-12-28,Engineering,North America,Pending,5069.31,1502.8,3566.51,0.7035
TXN-002132,2023-12-28,Engineering,LATAM,Pending,5154.96,3284.28,1870.6799999999998,0.3629
TXN-007424,2023-12-28,Marketing,LATAM,Completed,5343.36,3230.13,2113.2299999999996,0.3955
TXN-000745,2023-12-28,Operations,EMEA,Completed,4394.06,1279.32,3114.7400000000007,0.7089
TXN-003573,2023-12-28,Engineering,North America,Completed,5204.63,1261.46,3943.17,0.7576
TXN-001950,2023-12-28,Customer Support,LATAM,Pending,7450.33,1384.53,6065.8,0.8142
TXN-010403,2023-12-28,Operations,LATAM,Pending,4951.98,1717.49,3234.49,0.6532
TXN-009667,2023-12-28,Engineering,APAC,Completed,3559.21,1754.55,1804.66,0.507
TXN-011305,2023-12-28,Sales,EMEA,Completed,3607.85,2982.47,625.3800000000001,0.1733
TXN-003564,2023-12-29,Engineering,EMEA,Completed,4302.23,1970.71,2331.5199999999995,0.5419
TXN-005235,2023-12-29,Sales,North America,Completed,5452.04,2181.24,3270.8,0.5999
TXN-005148,2023-12-29,Customer Support,LATAM,Completed,4971.01,1279.24,3691.7700000000004,0.7427
TXN-004003,2023-12-29,Sales,APAC,Completed,7061.18,2622.3,4438.88,0.6286
TXN-004893,2023-12-29,Marketing,APAC,Completed,3274.11,1826.86,1447.2500000000002,0.442
TXN-005550,2023-12-29,Customer Support,EMEA,Completed,2757.59,2176.47,581.1200000000003,0.2107
TXN-005762,2023-12-29,Sales,EMEA,Completed,5012.110000000001,1336.79,3675.3200000000006,0.7333
TXN-009198,2023-12-29,Sales,North America,Completed,4020.45,1875.09,2145.3599999999997,0.5336
TXN-000664,2023-12-29,Operations,North America,Completed,5194.78,1590.15,3604.6299999999997,0.6939
TXN-000312,2023-12-29,Engineering,North America,Completed,2846.58,1776.86,1069.72,0.3758
TXN-007933,2023-12-30,Engineering,EMEA,Completed,5304.41,2196.27,3108.14,0.586
TXN-007913,2023-12-30,Engineering,North America,Pending,3060.46,2667.11,393.3499999999999,0.1285
TXN-011191,2023-12-30,Operations,APAC,Pending,3218.77,2850.66,368.1100000000001,0.1144
TXN-001808,2023-12-30,Engineering,LATAM,Completed,5171.49,2295.87,2875.62,0.5561
TXN-010163,2023-12-30,Sales,APAC,Pending,2647.88,2133.09,514.79,0.1944
TXN-007009,2023-12-30,Marketing,EMEA,Pending,4442.0,2012.68,2429.3199999999997,0.5469
TXN-003352,2023-12-30,Sales,APAC,Pending,6000.6,1547.21,4453.39,0.7422
TXN-001744,2023-12-30,Marketing,EMEA,Pending,4957.26,1391.38,3565.88,0.7193
TXN-007115,2023-12-30,Engineering,LATAM,Pending,5674.63,3426.07,2248.56,0.3962
TXN-001529,2023-12-30,Customer Support,APAC,Pending,5149.61,1826.69,3322.9199999999996,0.6453
TXN-010030,2023-12-30,Sales,APAC,Pending,2192.43,2875.21,-682.7800000000002,-0.3114
TXN-006718,2023-12-30,Sales,LATAM,Completed,5678.97,2057.63,3621.34,0.6377
TXN-010578,2023-12-30,Marketing,APAC,Pending,4637.28,2804.93,1832.35,0.3951
TXN-006455,2023-12-30,Marketing,EMEA,Completed,4910.62,1324.96,3585.66,0.7302
TXN-001331,2023-12-31,Sales,APAC,Completed,2920.86,2502.3,418.55999999999995,0.1433
TXN-000401,2023-12-31,Operations,APAC,Pending,3758.15,656.77,3101.38,0.8252
TXN-000439,2023-12-31,Engineering,APAC,Pending,5664.21,2287.72,3376.4900000000002,0.5961
TXN-011659,2023-12-31,Operations,APAC,Completed,6192.33,1691.64,4500.69,0.7268
TXN-004833,2023-12-31,Customer Support,North America,Completed,3825.22,2409.01,1416.2099999999996,0.3702
TXN-005104,2023-12-31,Customer Support,North America,Pending,4945.28,3240.12,1705.1599999999999,0.3448
TXN-001352,2023-12-31,Engineering,APAC,Completed,1012.46,2754.89,-1742.4299999999998,-1.721
TXN-000568,2023-12-31,Engineering,APAC,Completed,4846.04,2449.0,2397.04,0.4946
TXN-009835,2023-12-31,Sales,EMEA,Completed,4644.26,1149.43,3494.83,0.7525
TXN-004665,2023-12-31,Marketing,APAC,Completed,4515.66,2941.42,1574.2399999999998,0.3486
