Transaction_ID,Date,Department,Region,Transaction_Status,Revenue_Generated,Operational_Cost
TXN-000001,2023-03-02,Engineering,APAC,Completed,3705.64,1864.72
TXN-000002,2023-03-24,Sales,LATAM,Completed,2666.16,1189.61
TXN-000003,2022-07-19,Sales,APAC,Pending,5905.0,1681.43
TXN-000004,2023-02-22,Engineering,LATAM,Pending,3664.95,864.24
TXN-000005,2022-05-07,Engineering,LATAM,Failed,8237.42,571.07
TXN-000006,2023-04-19,Marketing,EMEA,Completed,4732.88,1977.08
TXN-000007,2022-08-21,Operations,North America,Completed,4798.03,1372.11
TXN-000008,2022-03-28,Sales,APAC,Pending,2374.54,1677.36
TXN-000009,2023-08-18,Sales,APAC,Completed,3813.53,80.86
TXN-000010,2023-12-23,Sales,APAC,Failed,4090.77,1581.1
TXN-000011,2022-03-16,Customer Support,EMEA,Pending,5682.89,1750.24
TXN-000012,2023-05-17,Operations,North America,Failed,2100.83,956.35
TXN-000013,2022-02-21,Customer Support,North America,Failed,4679.56,3030.02
TXN-000014,2022-02-19,Operations,EMEA,Completed,4465.66,814.32
TXN-000015,2023-02-22,Operations,EMEA,Pending,6685.64,1919.66
TXN-000016,2023-06-06,Operations,North America,Completed,2414.19,1380.89
TXN-000017,2023-08-31,Operations,APAC,Pending,5831.56,2086.86
TXN-000018,2023-02-10,Operations,North America,Completed,5267.73,1716.48
TXN-000019,2022-11-20,Engineering,APAC,Failed,5337.62,742.52
TXN-000020,2023-06-24,Customer Support,LATAM,Completed,4897.41,840.09
TXN-000021,2022-03-19,Sales,LATAM,Pending,5822.98,1966.58
TXN-000022,2022-02-10,Customer Support,LATAM,Failed,7318.63,2777.25
TXN-000023,2023-07-29,Operations,APAC,Pending,4056.69,0.0
TXN-000024,2022-10-11,Engineering,North America,Completed,4094.77,1427.99
TXN-000025,2022-01-08,Customer Support,North America,Completed,4123.82,977.05
TXN-000026,2023-03-21,Operations,LATAM,Pending,5439.15,1958.23
TXN-000027,2023-06-08,Customer Support,LATAM,Completed,5102.05,
TXN-000028,2022-01-01,Engineering,LATAM,Failed,4070.47,1574.98
TXN-000029,2023-11-01,Operations,APAC,Completed,2463.75,2670.26
TXN-000030,2023-08-06,Sales,EMEA,Pending,3294.0,1751.65
TXN-000031,2022-07-01,Operations,EMEA,Failed,6251.09,2289.24
TXN-000032,2023-02-25,Sales,LATAM,Completed,5736.14,1248.69
TXN-000033,2023-09-25,Customer Support,APAC,Pending,4723.28,1754.49
TXN-000034,2023-07-13,Sales,APAC,Pending,6189.03,1544.54
TXN-000035,2023-08-28,Engineering,LATAM,Failed,2009.07,986.19
TXN-000036,2022-09-04,Operations,APAC,Pending,5929.62,1777.83
TXN-000037,2023-03-13,Customer Support,LATAM,Completed,3146.9,827.37
TXN-000038,2023-03-10,Sales,LATAM,Completed,4403.49,858.3
TXN-000039,2022-06-02,Sales,APAC,Failed,5581.59,2646.25
TXN-000040,2023-11-07,Sales,EMEA,Failed,6508.92,1617.86
TXN-000041,2023-08-02,Sales,North America,Completed,4354.81,1998.07
TXN-000042,2023-04-27,Sales,LATAM,Failed,4209.0,994.57
TXN-000043,2023-10-31,Sales,North America,Completed,4625.7,1145.89
TXN-000044,2022-06-09,Engineering,North America,Pending,7053.96,2630.39
TXN-000045,2023-01-25,Customer Support,North America,Completed,5856.29,1606.8
TXN-000046,2023-08-05,Operations,LATAM,Completed,3314.03,2535.46
TXN-000047,2023-11-29,Sales,APAC,Pending,7323.9,1369.49
TXN-000048,2022-03-21,Sales,North America,Failed,2498.87,1718.24
TXN-000049,2023-10-24,Engineering,North America,Completed,5280.1,2644.88
TXN-000050,2022-11-06,Sales,EMEA,Pending,6375.47,1086.37
TXN-000051,2022-07-31,Customer Support,North America,Pending,3401.01,1596.85
TXN-000052,2023-07-07,Engineering,LATAM,Failed,3093.12,2737.12
TXN-000053,2023-02-12,Engineering,APAC,Failed,5704.01,1561.21
TXN-000054,2023-01-08,Marketing,North America,Failed,989.71,2173.01
TXN-000055,2023-07-08,Sales,EMEA,Completed,6936.0,1233.93
TXN-000056,2023-01-31,Sales,North America,Pending,4614.92,2505.13
TXN-000057,2023-04-25,Engineering,EMEA,Pending,2953.04,1690.67
TXN-000058,2023-10-03,Engineering,North America,Completed,6914.16,1849.91
TXN-000059,2022-06-02,Engineering,APAC,Pending,3500.36,871.92
TXN-000060,2022-07-15,Marketing,APAC,Pending,6024.59,773.33
TXN-000061,2022-01-10,Engineering,LATAM,Completed,3801.79,1626.86
TXN-000062,2022-12-06,Operations,EMEA,Failed,3283.94,3138.17
TXN-000063,2023-03-14,Marketing,APAC,Completed,8942.02,999.21
TXN-000064,2023-03-18,Marketing,LATAM,Completed,6074.48,3309.9
TXN-000065,2022-08-12,Customer Support,APAC,Completed,2797.54,995.93
TXN-000066,2023-12-13,Operations,EMEA,Completed,4919.52,2957.38
TXN-000067,2022-04-26,Sales,North America,Failed,7021.97,1522.25
TXN-000068,2023-08-15,Customer Support,EMEA,Pending,4004.65,2374.62
TXN-000069,2022-01-09,Operations,EMEA,Completed,5949.5,2911.18
TXN-000070,2022-11-02,Marketing,EMEA,Completed,4240.3,0.0
TXN-000071,2022-03-18,Engineering,LATAM,Completed,2707.98,2672.47
TXN-000072,2022-10-04,Customer Support,EMEA,Failed,4982.84,1316.96
TXN-000073,2022-12-28,Marketing,North America,Completed,4597.2,2590.97
TXN-000074,2023-04-09,Engineering,North America,Completed,4402.98,1891.09
TXN-000075,2023-07-06,Engineering,North America,Pending,4881.49,1727.67
TXN-000076,2022-09-12,Marketing,LATAM,Completed,2504.88,2005.82
TXN-000077,2023-04-03,Customer Support,LATAM,Failed,4783.87,3137.13
TXN-000078,2023-03-15,Operations,LATAM,Completed,5205.74,1437.63
TXN-000079,2023-12-18,Operations,EMEA,Completed,4059.68,3785.56
TXN-000080,2023-06-27,Customer Support,North America,Completed,5462.19,
TXN-000081,2023-10-31,Operations,APAC,Completed,5235.38,2731.57
TXN-000082,2023-01-02,Marketing,EMEA,Completed,4926.8,3406.03
TXN-000083,2023-11-02,Marketing,LATAM,Completed,4372.46,2375.86
TXN-000084,2022-05-19,Sales,North America,Pending,5537.45,
TXN-000085,2023-08-09,Customer Support,APAC,Completed,8196.29,3173.39
TXN-000086,2023-06-12,Sales,LATAM,Completed,5968.22,1554.62
TXN-000087,2022-01-27,Customer Support,North America,Failed,5343.28,1953.3
TXN-000088,2023-05-03,Marketing,EMEA,Completed,3858.01,2208.88
TXN-000089,2022-04-01,Engineering,EMEA,Pending,3215.43,2052.25
TXN-000090,2023-03-26,Marketing,APAC,Pending,4347.5,1979.45
TXN-000091,2022-10-17,Sales,North America,Completed,6231.16,3535.71
TXN-000092,2023-03-21,Engineering,APAC,Pending,3338.65,3196.26
TXN-000093,2022-10-24,Engineering,APAC,Pending,5294.53,1542.1
TXN-000094,2023-07-15,Sales,APAC,Completed,4865.91,1734.58
TXN-000095,2023-01-23,Engineering,APAC,Failed,4409.31,1705.03
TXN-000096,2022-06-16,Marketing,North America,Completed,4434.34,2702.11
TXN-000097,2022-02-17,Customer Support,APAC,Completed,5094.5,2025.68
TXN-000098,2023-12-25,Engineering,APAC,Failed,5492.46,2632.9
TXN-000099,2022-12-14,Operations,APAC,Failed,4492.27,1736.62
TXN-000100,2022-10-27,Marketing,APAC,Completed,3773.21,693.8
TXN-000101,2022-01-10,Customer Support,APAC,Failed,4623.03,3602.53
TXN-000102,2022-07-01,Operations,North America,Pending,6389.78,1720.77
TXN-000103,2023-10-14,Sales,LATAM,Failed,5739.05,2952.91
TXN-000104,2023-02-14,Engineering,EMEA,Completed,,2900.69
TXN-000105,2023-01-26,Sales,LATAM,Completed,3474.42,2048.88
TXN-000106,2022-01-21,Marketing,North America,Pending,3857.78,3621.28
TXN-000107,2022-12-24,Operations,North America,Completed,8175.28,1892.77
TXN-000108,2023-06-11,Operations,APAC,Failed,5954.22,3724.953693966242
TXN-000109,2023-07-07,Operations,North America,Pending,4321.43,1849.94
TXN-000110,2022-10-17,Marketing,APAC,Failed,7476.83,1896.74
TXN-000111,2023-08-10,Sales,EMEA,Failed,4408.97,1655.52
TXN-000112,2023-05-05,Engineering,LATAM,Pending,,3259.92
TXN-000113,2022-08-12,Customer Support,LATAM,Completed,3665.61,1502.16
TXN-000114,2022-05-11,Sales,APAC,Completed,7113.64,2423.72
TXN-000115,2023-06-29,Engineering,North America,Failed,5277.22,2776.15
TXN-000116,2022-08-17,Marketing,North America,Completed,7339.13,2534.36
TXN-000117,2023-04-23,Sales,LATAM,Completed,4913.65,1772.33
TXN-000118,2023-11-30,Sales,North America,Completed,,2974.62
TXN-000119,2023-08-05,Operations,APAC,Failed,7957.95,2856.4
TXN-000120,2023-10-28,Engineering,EMEA,Completed,4832.15,1689.16
TXN-000121,2023-06-15,Sales,EMEA,Pending,5089.62,1641.18
TXN-000122,2022-08-01,Marketing,LATAM,Failed,4818.09,2727.55
TXN-000123,2023-05-18,Operations,APAC,Completed,4452.53,12942.657295014786
TXN-000124,2023-08-20,Marketing,EMEA,Pending,5558.0,1260.3
TXN-000125,2022-03-13,Marketing,North America,Completed,4950.22,1183.9
TXN-000126,2023-10-11,Marketing,LATAM,Pending,3529.89,2063.04
TXN-000127,2023-08-13,Sales,APAC,Failed,5951.33,1078.54
TXN-000128,2023-03-29,Customer Support,EMEA,Failed,6430.28,3247.71
TXN-000129,2023-03-03,Customer Support,APAC,Completed,4416.13,2515.93
TXN-000130,2022-04-25,Engineering,LATAM,Failed,3719.53,2256.65
TXN-000131,2022-11-14,Customer Support,APAC,Pending,2240.21,3320.86
TXN-000132,2023-07-08,Sales,APAC,Completed,7136.24,2948.45
TXN-000133,2023-08-16,Sales,EMEA,Pending,8373.6,1475.89
TXN-000134,2022-03-03,Operations,LATAM,Completed,6805.62,2284.03
TXN-000135,2023-08-08,Engineering,APAC,Completed,5838.89,475.67
TXN-000136,2022-12-29,Marketing,LATAM,Failed,4683.94,1878.51
TXN-000137,2023-11-15,Sales,North America,Failed,5111.79,2978.02
TXN-000138,2022-09-09,Sales,North America,Completed,4060.16,1846.87
TXN-000139,2023-07-13,Sales,EMEA,Failed,6013.87,2581.43
TXN-000140,2022-04-29,Engineering,APAC,Completed,3905.58,889.54
TXN-000141,2023-10-09,Marketing,LATAM,Completed,5147.08,2452.16
TXN-000142,2023-02-18,Operations,APAC,Failed,4394.43,3504.44
TXN-000143,2022-01-30,Marketing,North America,Completed,4129.07,1820.4
TXN-000144,2022-10-13,Engineering,LATAM,Completed,1948.71,2495.41
TXN-000145,2022-12-14,Marketing,EMEA,Completed,5385.43,1226.97
TXN-000146,2022-07-04,Engineering,North America,Completed,2053.74,1245.64
TXN-000147,2022-05-29,Customer Support,EMEA,Completed,4994.03,1832.44
TXN-000148,2022-11-09,Sales,APAC,Pending,5858.31,
TXN-000149,2023-09-17,Sales,APAC,Completed,5460.93,2454.56
TXN-000150,2022-03-19,Sales,North America,Completed,4352.17,
TXN-000151,2022-02-18,Sales,North America,Failed,5197.16,2050.21
TXN-000152,2022-09-11,Sales,North America,Completed,5548.19,2001.88
TXN-000153,2022-06-15,Engineering,APAC,Completed,4744.74,2109.21
TXN-000154,2023-02-21,Sales,LATAM,Completed,7047.74,2528.45
TXN-000155,2023-01-30,Operations,APAC,Completed,6382.37,1611.21
TXN-000156,2022-04-07,Marketing,EMEA,Completed,4623.73,1392.4
TXN-000157,2023-01-16,Marketing,APAC,Failed,2566.72,1675.27
TXN-000158,2023-10-05,Customer Support,EMEA,Pending,4478.95,2003.49
TXN-000159,2022-10-07,Customer Support,LATAM,Completed,8237.93,2177.21
TXN-000160,2023-10-06,Sales,LATAM,Pending,4844.22,3341.94
TXN-000161,2022-05-02,Engineering,EMEA,Completed,2539.45,3967.36
TXN-000162,2022-05-27,Marketing,North America,Completed,2810.36,2874.3
TXN-000163,2023-12-20,Sales,APAC,Failed,,1857.4
TXN-000164,2023-05-06,Marketing,EMEA,Failed,3473.25,2250.93
TXN-000165,2022-04-25,Marketing,North America,Completed,3490.21,1451.51
TXN-000166,2023-10-30,Operations,APAC,Completed,6083.93,1111.57
TXN-000167,2023-05-29,Sales,North America,Failed,3291.27,1882.28
TXN-000168,2022-12-04,Operations,LATAM,Completed,3646.13,1338.57
TXN-000169,2022-10-09,Customer Support,EMEA,Completed,7152.5,2142.67
TXN-000170,2022-04-18,Marketing,North America,Pending,6325.35,1032.51
TXN-000171,2022-10-02,Engineering,APAC,Completed,7506.84,1472.24
TXN-000172,2023-07-14,Engineering,APAC,Pending,2786.5,2110.45
TXN-000173,2022-05-15,Operations,North America,Completed,1628.93,1684.16
TXN-000174,2022-10-28,Engineering,North America,Completed,8103.12,2792.85
TXN-000175,2022-12-01,Customer Support,North America,Completed,4871.24,3399.22
TXN-000176,2022-03-22,Operations,North America,Completed,5539.46,1933.75
TXN-000177,2022-11-15,Sales,LATAM,Completed,6624.26,2324.34
TXN-000178,2022-02-22,Sales,APAC,Completed,7941.52,1920.07
TXN-000179,2023-12-16,Marketing,North America,Failed,6236.0,2220.78
TXN-000180,2023-03-20,Operations,EMEA,Completed,3561.92,2552.81
TXN-000181,2022-10-02,Engineering,North America,Completed,6947.71,2730.73
TXN-000182,2022-09-28,Engineering,LATAM,Completed,3362.31,1956.88
TXN-000183,2022-11-15,Sales,APAC,Failed,6143.11,2039.45
TXN-000184,2023-02-04,Sales,EMEA,Completed,4782.44,1740.81
TXN-000185,2022-12-23,Operations,APAC,Failed,5874.41,1329.14
TXN-000186,2023-11-14,Customer Support,North America,Completed,4404.93,703.51
TXN-000187,2023-07-06,Engineering,APAC,Completed,3507.29,2534.39
TXN-000188,2022-06-25,Customer Support,North America,Completed,7079.21,1549.49
TXN-000189,2022-05-12,Engineering,North America,Completed,5243.83,2033.1
TXN-000190,2022-10-16,Sales,North America,Completed,7942.64,2936.72
TXN-000191,2022-01-24,Customer Support,APAC,Completed,3495.92,2753.43
TXN-000192,2023-04-06,Marketing,LATAM,Completed,5292.9,851.45
TXN-000193,2022-03-26,Customer Support,APAC,Completed,5124.53,2752.71
TXN-000194,2023-09-29,Sales,LATAM,Pending,6026.34,2274.76
TXN-000195,2023-02-23,Customer Support,EMEA,Completed,5447.51,1617.71
TXN-000196,2023-03-01,Marketing,LATAM,Completed,5642.94,1674.26
TXN-000197,2022-05-25,Engineering,EMEA,Completed,3540.3,1600.18
TXN-000198,2022-09-02,Engineering,APAC,Pending,7115.77,3566.7
TXN-000199,2023-01-26,Marketing,North America,Pending,6621.12,2313.1
TXN-000200,2022-01-11,Marketing,APAC,Completed,4086.72,3585.45
TXN-000201,2022-01-09,Sales,LATAM,Failed,3261.73,1082.71
TXN-000202,2023-10-14,Sales,North America,Completed,5837.56,2208.11
TXN-000203,2023-11-23,Engineering,EMEA,Completed,5159.69,3180.81
TXN-000204,2022-01-22,Marketing,North America,Completed,6712.38,2986.49
TXN-000205,2022-10-03,Customer Support,APAC,Completed,5738.21,2370.95
TXN-000206,2023-10-16,Sales,EMEA,Completed,4152.17,1848.57
TXN-000207,2022-03-19,Marketing,North America,Pending,5692.96,2267.47
TXN-000208,2022-04-17,Customer Support,LATAM,Completed,4338.6,2859.37
TXN-000209,2022-04-28,Operations,North America,Completed,4315.73,2313.0
TXN-000210,2023-07-23,Engineering,APAC,Completed,2984.54,1266.22
TXN-000211,2022-08-05,Engineering,EMEA,Pending,5711.09,1938.98
TXN-000212,2022-08-31,Customer Support,EMEA,Completed,3856.4,2034.13
TXN-000213,2022-02-23,Marketing,APAC,Pending,4611.97,1424.01
TXN-000214,2022-11-07,Sales,LATAM,Completed,5280.74,1457.26
TXN-000215,2022-02-04,Operations,LATAM,Completed,5090.35,927.33
TXN-000216,2023-11-02,Engineering,APAC,Pending,5886.94,1473.34
TXN-000217,2022-11-02,Marketing,EMEA,Completed,3847.94,631.69
TXN-000218,2023-04-28,Marketing,APAC,Completed,7553.62,2637.04
TXN-000219,2023-07-14,Sales,North America,Completed,6955.64,2990.86
TXN-000220,2023-10-11,Marketing,APAC,Completed,4256.01,2182.19
TXN-000221,2023-08-01,Sales,LATAM,Failed,5724.11,2360.13
TXN-000222,2023-07-02,Engineering,EMEA,Completed,5903.75,1078.64
TXN-000223,2022-12-31,Customer Support,EMEA,Completed,3848.1,2685.12
TXN-000224,2023-07-22,Operations,LATAM,Completed,3522.59,2355.45
TXN-000225,2023-10-07,Engineering,APAC,Pending,6955.11,1819.18
TXN-000226,2023-03-30,Sales,APAC,Pending,4725.1,417.35
TXN-000227,2022-06-06,Customer Support,EMEA,Pending,2479.08,1719.1
TXN-000228,2022-04-26,Marketing,North America,Pending,5891.5,2233.77
TXN-000229,2023-08-29,Customer Support,EMEA,Completed,6767.44,1216.77
TXN-000230,2023-04-11,Engineering,EMEA,Failed,3733.37,1192.13
TXN-000231,2023-07-31,Marketing,North America,Completed,6408.48,1880.62
TXN-000232,2022-03-26,Engineering,LATAM,Failed,4687.21,744.11
TXN-000233,2022-03-03,Customer Support,EMEA,Pending,4804.71,1946.22
TXN-000234,2023-06-03,Marketing,LATAM,Completed,3237.96,3478.13
TXN-000235,2022-09-03,Sales,North America,Completed,5803.09,1713.73
TXN-000236,2022-06-12,Operations,North America,Completed,6802.69,2873.33
TXN-000237,2023-09-20,Customer Support,APAC,Failed,6406.44,1869.45
TXN-000238,2023-08-03,Operations,North America,Completed,5242.78,3291.53
TXN-000239,2022-12-29,Marketing,LATAM,Completed,2017.75,2708.86
TXN-000240,2023-12-22,Operations,APAC,Completed,6919.18,1679.46
TXN-000241,2023-10-28,Engineering,LATAM,Failed,4525.96,2363.41
TXN-000242,2022-02-18,Customer Support,North America,Pending,5226.34,1986.69
TXN-000243,2023-10-06,Customer Support,APAC,Completed,4983.15,3443.32
TXN-000244,2022-11-22,Sales,LATAM,Completed,4288.69,2253.44
TXN-000245,2023-09-02,Operations,EMEA,Failed,5752.47,1318.1
TXN-000246,2023-10-07,Sales,LATAM,Failed,6931.08,2500.66
TXN-000247,2022-07-15,Sales,North America,Completed,6164.42,357.55
TXN-000248,2022-01-21,Marketing,EMEA,Pending,7635.65,1682.58
TXN-000249,2022-05-27,Operations,EMEA,Completed,4635.86,1129.33
TXN-000250,2022-10-20,Customer Support,APAC,Failed,4564.8,1846.96
TXN-000251,2022-01-14,Operations,North America,Completed,6197.02,1507.72
TXN-000252,2022-02-04,Sales,LATAM,Pending,3421.42,2185.15
TXN-000253,2023-12-08,Customer Support,EMEA,Pending,3935.01,2343.95
TXN-000254,2023-01-28,Marketing,LATAM,Completed,5103.43,2096.09
TXN-000255,2022-02-11,Customer Support,EMEA,Completed,2936.24,2443.59
TXN-000256,2023-12-09,Customer Support,APAC,Completed,2623.99,2246.57
TXN-000257,2022-01-29,Operations,LATAM,Completed,5369.56,2022.13
TXN-000258,2022-06-20,Operations,EMEA,Completed,5722.91,3708.82
TXN-000259,2022-06-12,Engineering,EMEA,Pending,6698.27,2857.52
TXN-000260,2022-10-22,Customer Support,North America,Failed,4051.76,3035.81
TXN-000261,2023-10-29,Engineering,North America,Completed,5361.45,1586.27
TXN-000262,2022-10-28,Marketing,APAC,Pending,7486.14,1024.22
TXN-000263,2023-10-14,Marketing,LATAM,Completed,6075.45,1741.78
TXN-000264,2023-03-15,Engineering,APAC,Completed,4046.17,627.46
TXN-000265,2022-05-22,Engineering,North America,Failed,3690.72,0.0
TXN-000266,2023-06-27,Sales,LATAM,Pending,4627.87,3132.2
TXN-000267,2022-04-03,Sales,APAC,Completed,4341.78,2266.72
TXN-000268,2023-05-22,Sales,North America,Completed,3997.19,2434.94
TXN-000269,2022-01-28,Marketing,EMEA,Completed,3294.69,2250.8
TXN-000270,2022-10-06,Engineering,EMEA,Completed,4662.65,1262.26
TXN-000271,2023-12-02,Engineering,EMEA,Completed,4995.17,2200.45
TXN-000272,2022-11-03,Engineering,APAC,Completed,5501.79,537.05
TXN-000273,2022-02-01,Operations,North America,Completed,5486.37,2458.11
TXN-000274,2022-04-15,Marketing,North America,Completed,7546.95,1343.51
TXN-000275,2022-06-16,Sales,EMEA,Pending,5525.24,2677.68
TXN-000276,2022-07-12,Sales,EMEA,Pending,6620.97,1791.64
TXN-000277,2022-05-24,Marketing,EMEA,Completed,2067.86,2957.61
TXN-000278,2022-07-02,Customer Support,APAC,Pending,6069.75,1511.61
TXN-000279,2023-07-23,Marketing,APAC,Completed,2827.11,2407.04
TXN-000280,2022-09-07,Sales,EMEA,Completed,6889.43,2999.46
TXN-000281,2023-08-09,Customer Support,LATAM,Completed,4904.7,2090.81
TXN-000282,2023-10-26,Marketing,North America,Completed,1688.655,3073.34
TXN-000283,2023-03-14,Engineering,EMEA,Completed,5270.1,1488.11
TXN-000284,2023-01-13,Engineering,EMEA,Completed,2142.78,890.97
TXN-000285,2022-06-10,Customer Support,EMEA,Pending,4655.89,2327.84
TXN-000286,2023-06-13,Marketing,LATAM,Failed,5112.02,911.01
TXN-000287,2023-10-20,Marketing,APAC,Completed,3281.04,2053.4
TXN-000288,2023-10-29,Customer Support,LATAM,Pending,3606.73,2830.81
TXN-000289,2023-07-24,Sales,APAC,Completed,6492.37,2263.64
TXN-000290,2022-07-22,Operations,North America,Completed,4724.6,2205.57
TXN-000291,2023-10-29,Customer Support,EMEA,Failed,4383.51,855.78
TXN-000292,2023-05-09,Sales,APAC,Completed,6310.11,10566.074154704469
TXN-000293,2022-02-27,Operations,LATAM,Completed,3631.82,1548.06
TXN-000294,2022-12-13,Sales,APAC,Completed,7240.98,3797.52
TXN-000295,2023-12-14,Operations,EMEA,Completed,5632.15,2119.9
TXN-000296,2022-11-22,Engineering,LATAM,Completed,5689.26,3436.72
TXN-000297,2023-08-17,Engineering,EMEA,Pending,5800.6,1323.97
TXN-000298,2023-06-08,Sales,North America,Completed,4465.77,2612.28
TXN-000299,2023-02-07,Operations,LATAM,Pending,8518.63,1755.47
TXN-000300,2023-03-06,Sales,LATAM,Pending,7493.11,2585.37
TXN-000301,2023-08-23,Operations,North America,Pending,3524.75,2152.48
TXN-000302,2022-12-02,Sales,North America,Failed,3546.73,1281.86
TXN-000303,2023-03-10,Engineering,APAC,Completed,3313.32,682.08
TXN-000304,2023-03-01,Sales,North America,Completed,5353.51,2718.72
TXN-000305,2023-02-05,Sales,APAC,Pending,5901.46,1833.57
TXN-000306,2023-06-16,Engineering,North America,Pending,4709.6,1126.1
TXN-000307,2022-07-18,Sales,LATAM,Completed,7366.01,1238.41
TXN-000308,2023-02-17,Engineering,EMEA,Pending,5097.77,2048.26
TXN-000309,2023-04-28,Customer Support,LATAM,Pending,5539.94,1808.3
TXN-000310,2022-03-14,Engineering,LATAM,Completed,3361.49,2302.31
TXN-000311,2023-12-06,Marketing,APAC,Completed,3925.62,1874.27
TXN-000312,2023-12-29,Engineering,North America,Completed,2846.58,1776.86
TXN-000313,2023-04-09,Customer Support,North America,Completed,4622.12,2651.67
TXN-000314,2023-09-18,Operations,LATAM,Failed,1960.3,1903.8
TXN-000315,2023-08-24,Engineering,LATAM,Completed,5049.36,1375.92
TXN-000316,2022-07-04,Sales,LATAM,Completed,5231.01,2248.35
TXN-000317,2022-01-17,Marketing,EMEA,Completed,7622.56,1393.63
TXN-000318,2023-12-15,Customer Support,North America,Pending,7592.81,2258.59
TXN-000319,2023-06-27,Operations,North America,Completed,5471.93,3526.99
TXN-000320,2023-09-28,Operations,EMEA,Completed,4138.76,1086.17
TXN-000321,2022-08-02,Marketing,North America,Completed,4731.06,1751.92
TXN-000322,2022-11-18,Marketing,North America,Completed,6387.25,2059.93
TXN-000323,2023-07-05,Marketing,LATAM,Failed,3828.03,3370.16
TXN-000324,2023-06-29,Customer Support,APAC,Completed,4419.38,4033.04
TXN-000325,2023-08-03,Operations,EMEA,Completed,5305.05,2843.77
TXN-000326,2023-12-17,Marketing,APAC,Completed,2761.34,2324.33
TXN-000327,2023-03-10,Operations,EMEA,Completed,6092.28,1977.6
TXN-000328,2023-09-29,Marketing,EMEA,Failed,5077.35,592.88
TXN-000329,2022-03-25,Operations,EMEA,Pending,5632.86,1983.92
TXN-000330,2022-06-09,Sales,LATAM,Failed,5008.13,3111.23
TXN-000331,2022-10-18,Engineering,EMEA,Completed,4032.02,2089.43
TXN-000332,2023-11-01,Marketing,North America,Completed,6401.28,2065.81
TXN-000333,2023-06-14,Operations,EMEA,Completed,7919.92,1783.12
TXN-000334,2023-01-24,Marketing,LATAM,Failed,4829.23,979.09
TXN-000335,2022-05-12,Marketing,LATAM,Completed,4165.26,1807.46
TXN-000336,2023-05-04,Sales,APAC,Completed,6023.72,11909.764036328208
TXN-000337,2023-01-31,Customer Support,APAC,Completed,5422.99,3047.6
TXN-000338,2022-12-15,Customer Support,EMEA,Completed,5412.66,2052.55
TXN-000339,2023-01-14,Operations,LATAM,Completed,6175.0,2237.7
TXN-000340,2023-01-12,Marketing,APAC,Completed,4020.19,1760.75
TXN-000341,2023-03-23,Customer Support,North America,Failed,3882.83,2318.55
TXN-000342,2022-12-21,Marketing,APAC,Completed,6597.19,2795.54
TXN-000343,2022-09-13,Engineering,North America,Pending,5837.93,1410.52
TXN-000344,2023-09-04,Engineering,LATAM,Completed,6877.19,1880.76
TXN-000345,2022-03-29,Marketing,LATAM,Pending,3405.45,3005.91
TXN-000346,2023-04-20,Sales,EMEA,Completed,3027.05,1615.33
TXN-000347,2022-02-28,Sales,North America,Pending,5537.34,2756.37
TXN-000348,2023-01-07,Customer Support,LATAM,Completed,4075.55,1910.08
TXN-000349,2022-01-10,Operations,APAC,Completed,7390.94,1887.4
TXN-000350,2023-04-26,Customer Support,North America,Completed,5732.38,2233.19
TXN-000351,2023-05-25,Engineering,LATAM,Failed,7616.85,1647.14
TXN-000352,2023-10-24,Marketing,North America,Completed,1631.691,556.62
TXN-000353,2022-02-01,Customer Support,APAC,Completed,4628.06,3150.46
TXN-000354,2022-04-20,Customer Support,North America,Pending,4846.53,1507.76
TXN-000355,2023-10-07,Sales,APAC,Failed,7286.51,3456.39
TXN-000356,2022-09-17,Customer Support,APAC,Pending,6639.77,2704.83
TXN-000357,2023-03-05,Marketing,EMEA,Completed,5252.75,3373.44
TXN-000358,2023-05-18,Marketing,EMEA,Completed,5107.07,1747.77
TXN-000359,2022-02-03,Engineering,EMEA,Failed,5064.18,2817.98
TXN-000360,2022-03-27,Engineering,North America,Pending,3583.87,3040.49
TXN-000361,2023-08-31,Customer Support,LATAM,Completed,6283.22,1934.55
TXN-000362,2023-06-19,Engineering,APAC,Failed,7081.38,2314.9
TXN-000363,2023-01-01,Customer Support,North America,Completed,5901.87,960.31
TXN-000364,2022-08-10,Engineering,EMEA,Completed,4214.34,1269.72
TXN-000365,2023-02-23,Operations,APAC,Completed,3153.43,1639.67
TXN-000366,2022-07-09,Marketing,APAC,Completed,2635.28,2606.88
TXN-000367,2023-02-18,Operations,North America,Pending,3757.37,3081.77
TXN-000368,2022-02-14,Marketing,North America,Failed,2456.47,509.0
TXN-000369,2023-06-10,Operations,EMEA,Completed,8662.3,1452.08
TXN-000370,2023-11-12,Engineering,LATAM,Pending,7205.2,1768.31
TXN-000371,2023-09-08,Sales,LATAM,Completed,,2536.64
TXN-000372,2022-12-02,Sales,LATAM,Completed,6430.31,1426.48
TXN-000373,2022-05-11,Customer Support,LATAM,Failed,619.02,1570.59
TXN-000374,2022-06-16,Engineering,APAC,Completed,6324.47,1238.31
TXN-000375,2023-02-02,Marketing,EMEA,Pending,5150.53,2547.03
TXN-000376,2023-03-16,Operations,North America,Completed,5716.18,984.83
TXN-000377,2023-07-26,Marketing,North America,Completed,5427.07,1498.78
TXN-000378,2022-04-23,Operations,North America,Completed,3939.77,693.79
TXN-000379,2023-01-01,Marketing,APAC,Completed,4265.06,2416.24
TXN-000380,2022-08-13,Engineering,EMEA,Pending,5012.78,2178.17
TXN-000381,2023-06-01,Sales,EMEA,Completed,6454.85,2491.82
TXN-000382,2022-02-08,Sales,EMEA,Completed,3012.42,2494.82
TXN-000383,2023-10-04,Operations,LATAM,Failed,3621.41,2053.35
TXN-000384,2023-11-11,Customer Support,LATAM,Completed,3851.97,1660.36
TXN-000385,2023-01-30,Operations,North America,Completed,6459.13,2079.64
TXN-000386,2023-06-15,Customer Support,EMEA,Pending,3549.29,3066.4
TXN-000387,2023-08-08,Operations,LATAM,Failed,6006.89,2285.77
TXN-000388,2023-09-05,Operations,EMEA,Completed,3799.37,2247.57
TXN-000389,2023-01-09,Engineering,North America,Completed,3716.86,1758.54
TXN-000390,2023-11-22,Engineering,APAC,Completed,3750.49,2584.29
TXN-000391,2022-04-20,Customer Support,EMEA,Failed,5720.29,2531.76
TXN-000392,2022-11-27,Engineering,APAC,Completed,5982.74,2015.89
TXN-000393,2023-07-02,Marketing,EMEA,Pending,2458.05,358.17
TXN-000394,2023-11-29,Sales,EMEA,Failed,3580.23,1003.29
TXN-000395,2023-08-15,Customer Support,APAC,Failed,5861.05,1635.19
TXN-000396,2023-06-22,Operations,EMEA,Completed,5617.98,3052.67
TXN-000397,2022-12-29,Operations,LATAM,Completed,4475.15,3137.48
TXN-000398,2023-11-17,Customer Support,LATAM,Completed,5431.35,2546.07
TXN-000399,2023-06-12,Engineering,APAC,Completed,5855.21,10821.863519919376
TXN-000400,2022-07-07,Marketing,LATAM,Failed,4013.88,1245.3
TXN-000401,2023-12-31,Operations,APAC,Pending,3758.15,656.77
TXN-000402,2022-12-21,Sales,LATAM,Completed,4798.74,2843.07
TXN-000403,2023-02-14,Operations,APAC,Completed,4821.82,2268.13
TXN-000404,2023-07-12,Marketing,LATAM,Failed,4596.22,957.62
TXN-000405,2022-10-25,Marketing,EMEA,Completed,4771.76,
TXN-000406,2023-08-01,Customer Support,EMEA,Completed,3675.37,1900.92
TXN-000407,2023-10-22,Marketing,North America,Failed,1695.8189999999997,2832.06
TXN-000408,2022-02-19,Customer Support,LATAM,Completed,4433.69,1983.55
TXN-000409,2022-10-29,Engineering,EMEA,Completed,2685.53,1415.05
TXN-000410,2022-05-29,Marketing,North America,Failed,2932.11,822.22
TXN-000411,2022-05-06,Engineering,LATAM,Failed,1614.54,1630.66
TXN-000412,2022-01-31,Sales,APAC,Failed,7076.9,880.44
TXN-000413,2023-11-20,Engineering,APAC,Pending,5913.45,778.05
TXN-000414,2022-02-26,Customer Support,North America,Completed,7406.29,3072.3
TXN-000415,2022-05-12,Customer Support,LATAM,Failed,4993.75,2450.62
TXN-000416,2022-01-07,Sales,EMEA,Completed,2869.7,606.11
TXN-000417,2023-04-30,Engineering,APAC,Completed,5831.46,2549.5
TXN-000418,2022-03-04,Customer Support,LATAM,Pending,4921.84,1928.41
TXN-000419,2022-04-25,Engineering,EMEA,Completed,6071.22,
TXN-000420,2023-06-20,Engineering,LATAM,Completed,4151.82,2696.46
TXN-000421,2022-10-17,Engineering,North America,Completed,4798.23,1180.79
TXN-000422,2022-03-27,Operations,LATAM,Completed,3445.06,1288.58
TXN-000423,2023-07-30,Engineering,North America,Completed,4713.22,1266.19
TXN-000424,2022-02-26,Marketing,LATAM,Pending,6397.7,3391.89
TXN-000425,2022-01-23,Customer Support,APAC,Completed,3263.58,3081.0
TXN-000426,2023-07-06,Sales,North America,Failed,6456.59,1371.39
TXN-000427,2022-09-19,Marketing,LATAM,Completed,4074.7,2995.71
TXN-000428,2023-03-05,Marketing,APAC,Completed,3937.34,1841.43
TXN-000429,2023-12-20,Operations,North America,Completed,4689.25,2188.41
TXN-000430,2022-02-02,Operations,EMEA,Failed,5782.63,1918.38
TXN-000431,2023-05-09,Engineering,APAC,Pending,4721.71,9482.03051205016
TXN-000432,2023-04-07,Sales,LATAM,Failed,5082.12,1022.65
TXN-000433,2023-07-12,Operations,LATAM,Completed,,2105.99
TXN-000434,2022-05-23,Engineering,APAC,Completed,5461.85,1998.49
TXN-000435,2022-01-30,Customer Support,North America,Pending,1191.08,2743.29
TXN-000436,2023-09-16,Engineering,EMEA,Pending,4989.27,1011.07
TXN-000437,2022-03-19,Sales,LATAM,Pending,8100.34,2146.69
TXN-000438,2022-12-04,Operations,APAC,Completed,6305.04,1308.87
TXN-000439,2023-12-31,Engineering,APAC,Pending,5664.21,2287.72
TXN-000440,2023-05-19,Sales,LATAM,Pending,6007.73,2164.22
TXN-000441,2023-06-25,Marketing,North America,Completed,3530.46,2933.9
TXN-000442,2022-05-30,Marketing,North America,Pending,5385.96,1547.13
TXN-000443,2023-01-21,Engineering,EMEA,Completed,6942.44,892.6
TXN-000444,2022-04-22,Marketing,North America,Completed,3240.97,385.3
TXN-000445,2023-04-24,Marketing,EMEA,Completed,5414.08,1969.47
TXN-000446,2022-06-11,Sales,LATAM,Completed,4362.06,1843.63
TXN-000447,2023-06-21,Engineering,LATAM,Failed,6326.51,19.11
TXN-000448,2022-11-08,Customer Support,North America,Failed,6351.89,3474.6
TXN-000449,2022-04-16,Engineering,EMEA,Completed,1583.52,1749.7
TXN-000450,2023-02-20,Sales,APAC,Completed,4916.3,1939.24
TXN-000451,2023-09-21,Marketing,LATAM,Failed,5923.13,4198.09
TXN-000452,2022-07-01,Marketing,APAC,Completed,5081.03,2836.5
TXN-000453,2023-05-01,Engineering,EMEA,Completed,7366.65,2357.18
TXN-000454,2022-02-22,Operations,North America,Completed,4581.8,2879.36
TXN-000455,2023-10-03,Sales,EMEA,Completed,4224.32,2587.99
TXN-000456,2023-01-29,Customer Support,North America,Failed,4829.8,2873.06
TXN-000457,2023-03-30,Engineering,APAC,Completed,3915.39,1900.68
TXN-000458,2022-12-26,Marketing,North America,Completed,5412.91,1465.59
TXN-000459,2022-08-02,Operations,APAC,Completed,,1368.66
TXN-000460,2022-10-21,Engineering,LATAM,Completed,6217.34,1886.39
TXN-000461,2022-12-13,Engineering,LATAM,Completed,4738.68,1153.49
TXN-000462,2022-03-12,Customer Support,LATAM,Failed,7096.12,2377.42
TXN-000463,2022-05-01,Customer Support,North America,Failed,3959.14,1901.2
TXN-000464,2022-08-24,Operations,APAC,Completed,6248.58,3010.7
TXN-000465,2023-02-18,Sales,North America,Completed,5986.71,2652.04
TXN-000466,2022-11-20,Marketing,EMEA,Completed,4088.08,2542.63
TXN-000467,2023-03-09,Customer Support,APAC,Pending,3937.22,2245.26
TXN-000468,2023-06-26,Customer Support,North America,Completed,4302.81,1771.46
TXN-000469,2023-10-08,Operations,APAC,Pending,5371.76,4412.67
TXN-000470,2022-03-29,Operations,EMEA,Completed,5179.02,1658.5
TXN-000471,2023-03-05,Marketing,North America,Completed,5710.6,2870.18
TXN-000472,2022-07-03,Sales,EMEA,Completed,6831.57,1676.67
TXN-000473,2022-07-01,Sales,EMEA,Completed,5690.78,2163.38
TXN-000474,2023-03-03,Customer Support,APAC,Completed,,1858.14
TXN-000475,2023-11-04,Operations,North America,Completed,5808.16,1883.96
TXN-000476,2022-05-30,Operations,EMEA,Completed,5406.88,2285.76
TXN-000477,2023-02-16,Engineering,LATAM,Pending,5296.66,887.86
TXN-000478,2022-06-21,Engineering,LATAM,Completed,3295.84,2072.0
TXN-000479,2022-09-24,Sales,North America,Pending,2830.99,2623.02
TXN-000480,2022-10-15,Sales,EMEA,Completed,2316.76,2642.15
TXN-000481,2023-10-27,Marketing,EMEA,Completed,3810.32,2030.38
TXN-000482,2022-07-21,Sales,North America,Completed,4321.01,380.4
TXN-000483,2023-02-05,Operations,APAC,Pending,3588.21,1369.19
TXN-000484,2022-10-12,Sales,APAC,Failed,4350.76,2257.75
TXN-000485,2022-05-30,Sales,LATAM,Pending,5856.18,1490.36
TXN-000486,2022-09-21,Customer Support,EMEA,Pending,2757.02,3662.78
TXN-000487,2022-02-17,Operations,North America,Completed,6045.12,1413.97
TXN-000488,2022-12-12,Operations,EMEA,Failed,1724.29,1190.48
TXN-000489,2023-11-30,Engineering,North America,Pending,6018.03,2877.73
TXN-000490,2023-06-10,Customer Support,EMEA,Completed,4684.85,1732.65
TXN-000491,2023-03-23,Sales,EMEA,Failed,5865.07,3581.06
TXN-000492,2023-01-24,Marketing,APAC,Failed,6552.44,877.6
TXN-000493,2023-11-15,Operations,EMEA,Completed,3622.32,1921.27
TXN-000494,2023-01-15,Marketing,EMEA,Completed,4316.52,1264.39
TXN-000495,2023-07-19,Operations,EMEA,Completed,6116.29,2032.72
TXN-000496,2023-02-12,Operations,EMEA,Completed,967.36,2928.81
TXN-000497,2022-03-12,Marketing,North America,Failed,4976.49,2870.99
TXN-000498,2023-08-20,Engineering,LATAM,Completed,2065.78,1812.24
TXN-000499,2022-12-02,Engineering,EMEA,Completed,4651.3,2600.73
TXN-000500,2022-06-20,Customer Support,North America,Completed,4607.25,2104.38
TXN-000501,2023-09-14,Engineering,EMEA,Completed,,2320.69
TXN-000502,2023-11-03,Operations,EMEA,Failed,6204.69,1288.54
TXN-000503,2023-09-08,Operations,APAC,Completed,4607.84,2249.16
TXN-000504,2022-02-14,Engineering,North America,Completed,4553.47,1579.63
TXN-000505,2022-08-09,Marketing,North America,Completed,6141.06,2103.76
TXN-000506,2023-09-10,Marketing,LATAM,Completed,5405.11,1839.5
TXN-000507,2022-05-04,Sales,North America,Completed,5774.28,1734.9
TXN-000508,2023-02-11,Customer Support,APAC,Failed,3743.06,2871.54
TXN-000509,2022-04-16,Sales,North America,Completed,4098.09,982.99
TXN-000510,2023-08-15,Customer Support,EMEA,Completed,3930.12,1399.63
TXN-000511,2022-05-26,Engineering,EMEA,Completed,5480.73,1979.29
TXN-000512,2022-05-05,Sales,EMEA,Completed,6707.2,2013.09
TXN-000513,2023-01-11,Sales,APAC,Completed,2641.29,2726.21
TXN-000514,2022-04-23,Operations,APAC,Completed,3306.19,1281.96
TXN-000515,2022-04-17,Customer Support,North America,Completed,3273.13,3513.18
TXN-000516,2022-11-14,Sales,LATAM,Completed,5901.0,1140.21
TXN-000517,2022-05-21,Marketing,APAC,Completed,6667.39,0.0
TXN-000518,2023-04-16,Operations,EMEA,Completed,6029.64,489.59
TXN-000519,2022-12-31,Engineering,EMEA,Completed,5154.12,1136.21
TXN-000520,2023-01-06,Marketing,North America,Completed,3452.14,2479.91
TXN-000521,2022-01-01,Engineering,LATAM,Failed,4866.02,1929.15
TXN-000522,2023-01-14,Sales,LATAM,Pending,5956.2,2969.13
TXN-000523,2022-10-08,Sales,LATAM,Completed,4467.45,2542.97
TXN-000524,2023-05-21,Customer Support,LATAM,Completed,6048.64,2562.82
TXN-000525,2023-07-19,Customer Support,North America,Completed,5977.96,2207.82
TXN-000526,2023-11-22,Sales,North America,Completed,2799.47,669.08
TXN-000527,2022-05-01,Customer Support,North America,Pending,5830.85,1887.53
TXN-000528,2022-01-02,Sales,EMEA,Completed,5395.35,1514.97
TXN-000529,2023-07-13,Operations,North America,Completed,3452.8,2027.69
TXN-000530,2023-12-17,Sales,North America,Failed,5717.61,2565.79
TXN-000531,2022-01-08,Customer Support,North America,Completed,6825.98,2045.48
TXN-000532,2023-01-25,Operations,North America,Pending,4573.72,3124.83
TXN-000533,2023-08-19,Sales,North America,Completed,3282.3,3214.76
TXN-000534,2023-01-21,Engineering,North America,Completed,3626.16,2680.33
TXN-000535,2023-11-18,Marketing,APAC,Completed,4140.19,1433.93
TXN-000536,2022-02-15,Operations,APAC,Completed,3081.99,2128.83
TXN-000537,2023-03-13,Customer Support,APAC,Pending,2509.74,3703.17
TXN-000538,2022-02-07,Sales,North America,Completed,6061.53,1724.35
TXN-000539,2022-11-25,Marketing,APAC,Completed,3105.36,2194.63
TXN-000540,2023-04-14,Operations,APAC,Completed,5414.63,2166.19
TXN-000541,2022-09-27,Customer Support,EMEA,Completed,5450.43,2162.93
TXN-000542,2023-10-28,Engineering,EMEA,Completed,1899.39,2188.08
TXN-000543,2022-03-12,Sales,APAC,Completed,6817.39,1999.11
TXN-000544,2022-01-12,Marketing,APAC,Pending,6607.29,4132.37
TXN-000545,2022-05-12,Engineering,North America,Completed,5100.97,2241.03
TXN-000546,2022-03-05,Marketing,APAC,Completed,5421.17,2314.66
TXN-000547,2022-12-25,Operations,EMEA,Completed,2775.69,2087.94
TXN-000548,2022-12-16,Operations,EMEA,Pending,6435.61,1952.39
TXN-000549,2022-12-01,Sales,EMEA,Failed,4918.23,4124.14
TXN-000550,2022-05-19,Marketing,APAC,Completed,,1227.54
TXN-000551,2022-08-28,Marketing,APAC,Pending,5535.38,3059.58
TXN-000552,2023-11-28,Customer Support,APAC,Completed,4857.81,1378.6
TXN-000553,2022-12-29,Engineering,North America,Pending,5416.3,2548.81
TXN-000554,2023-02-27,Customer Support,LATAM,Completed,6796.57,2321.67
TXN-000555,2023-09-21,Operations,APAC,Pending,6063.11,2231.55
TXN-000556,2022-12-01,Marketing,North America,Completed,7624.09,
TXN-000557,2022-04-20,Operations,APAC,Completed,5683.06,3601.78
TXN-000558,2023-06-24,Customer Support,APAC,Completed,4266.5,2500.28
TXN-000559,2023-09-24,Customer Support,North America,Failed,,1010.64
TXN-000560,2023-09-12,Operations,APAC,Completed,6078.91,1157.16
TXN-000561,2022-06-12,Marketing,EMEA,Completed,6154.6,2095.92
TXN-000562,2022-05-01,Sales,LATAM,Pending,7270.26,2339.96
TXN-000563,2023-06-13,Sales,EMEA,Completed,7341.47,1321.14
TXN-000564,2023-09-06,Marketing,APAC,Completed,5458.64,1204.19
TXN-000565,2023-09-04,Marketing,EMEA,Failed,3976.38,3151.88
TXN-000566,2023-12-12,Customer Support,LATAM,Completed,3506.25,2791.71
TXN-000567,2022-08-04,Engineering,APAC,Completed,5981.62,2325.53
TXN-000568,2023-12-31,Engineering,APAC,Completed,4846.04,2449.0
TXN-000569,2023-12-21,Operations,LATAM,Failed,4849.38,1392.72
TXN-000570,2022-12-15,Operations,North America,Completed,5564.45,2012.88
TXN-000571,2023-04-15,Customer Support,North America,Completed,3156.24,3364.23
TXN-000572,2023-04-27,Operations,LATAM,Completed,6400.88,1642.7
TXN-000573,2022-04-18,Marketing,North America,Pending,5472.7,1648.47
TXN-000574,2023-11-15,Engineering,LATAM,Pending,5856.31,1484.77
TXN-000575,2022-10-22,Customer Support,North America,Completed,7625.52,1588.22
TXN-000576,2022-09-12,Customer Support,LATAM,Completed,8175.89,2696.49
TXN-000577,2022-10-30,Sales,North America,Completed,5911.69,406.06
TXN-000578,2022-07-04,Engineering,LATAM,Completed,4439.93,2853.25
TXN-000579,2022-12-09,Marketing,APAC,Pending,3741.63,1239.67
TXN-000580,2023-07-17,Sales,EMEA,Completed,5760.31,3080.52
TXN-000581,2023-03-25,Customer Support,EMEA,Completed,5125.64,3381.98
TXN-000582,2022-07-08,Sales,LATAM,Failed,6573.97,0.0
TXN-000583,2023-06-20,Engineering,North America,Completed,4379.2,666.97
TXN-000584,2022-05-09,Engineering,North America,Failed,5251.96,860.06
TXN-000585,2022-07-30,Operations,LATAM,Completed,6743.14,2804.24
TXN-000586,2023-09-22,Engineering,EMEA,Completed,2055.76,2044.24
TXN-000587,2023-07-25,Operations,LATAM,Completed,7501.05,1633.88
TXN-000588,2023-11-20,Marketing,EMEA,Failed,4180.02,1237.34
TXN-000589,2023-04-12,Operations,North America,Pending,4408.19,867.27
TXN-000590,2022-08-02,Operations,North America,Completed,4472.86,2353.0
TXN-000591,2022-01-30,Engineering,EMEA,Completed,4734.52,2445.9
TXN-000592,2022-07-22,Marketing,APAC,Failed,5642.38,2479.85
TXN-000593,2022-07-17,Marketing,LATAM,Completed,6655.48,2646.92
TXN-000594,2022-03-23,Engineering,EMEA,Completed,5319.22,1462.24
TXN-000595,2022-02-01,Sales,North America,Completed,7433.02,2124.46
TXN-000596,2023-08-26,Engineering,LATAM,Pending,3555.14,2136.89
TXN-000597,2022-08-04,Operations,APAC,Completed,6177.18,1854.58
TXN-000598,2023-07-14,Sales,APAC,Completed,4551.32,3541.0
TXN-000599,2022-04-23,Marketing,EMEA,Failed,2766.54,1711.05
TXN-000600,2023-08-24,Engineering,LATAM,Pending,5984.56,4135.66
TXN-000601,2023-10-21,Marketing,North America,Failed,1934.94,2386.73
TXN-000602,2022-05-15,Sales,LATAM,Pending,3590.43,
TXN-000603,2023-08-18,Engineering,APAC,Failed,4788.81,2831.71
TXN-000604,2022-03-30,Engineering,North America,Completed,7904.12,2299.49
TXN-000605,2023-06-06,Engineering,LATAM,Completed,4504.39,2082.07
TXN-000606,2023-04-11,Marketing,EMEA,Completed,,2820.47
TXN-000607,2022-11-07,Customer Support,North America,Pending,4374.2,2201.35
TXN-000608,2022-05-08,Operations,APAC,Completed,6323.44,2371.02
TXN-000609,2023-08-25,Operations,EMEA,Completed,5210.1,2475.21
TXN-000610,2023-08-22,Marketing,LATAM,Completed,6054.53,1772.81
TXN-000611,2023-08-22,Operations,North America,Completed,6669.72,3287.12
TXN-000612,2023-10-06,Operations,EMEA,Pending,4479.44,1816.3
TXN-000613,2022-08-29,Operations,EMEA,Pending,4132.02,3075.3
TXN-000614,2022-12-01,Customer Support,North America,Pending,,1101.16
TXN-000615,2022-08-22,Operations,LATAM,Completed,7084.19,1582.54
TXN-000616,2023-04-16,Engineering,APAC,Pending,4188.78,2507.71
TXN-000617,2023-04-19,Engineering,LATAM,Completed,6534.09,2725.11
TXN-000618,2023-06-21,Marketing,North America,Completed,4324.17,3194.04
TXN-000619,2023-06-20,Marketing,APAC,Pending,5087.68,2110.39
TXN-000620,2022-09-17,Marketing,APAC,Pending,3985.52,1937.82
TXN-000621,2023-10-08,Sales,North America,Pending,5467.5,1779.06
TXN-000622,2022-12-17,Sales,EMEA,Completed,3684.47,1447.62
TXN-000623,2023-05-27,Sales,LATAM,Completed,6608.04,1445.15
TXN-000624,2022-08-02,Engineering,EMEA,Completed,3959.8,2269.39
TXN-000625,2023-07-22,Sales,APAC,Pending,,2621.77
TXN-000626,2022-10-07,Marketing,APAC,Completed,5160.18,2640.0
TXN-000627,2023-10-21,Marketing,LATAM,Completed,4860.45,750.78
TXN-000628,2023-10-27,Operations,EMEA,Failed,6626.76,1923.37
TXN-000629,2022-02-22,Sales,EMEA,Completed,3607.17,2397.22
TXN-000630,2023-09-29,Sales,LATAM,Completed,7194.65,1922.2
TXN-000631,2023-11-26,Customer Support,EMEA,Pending,5936.21,2154.84
TXN-000632,2022-05-11,Operations,LATAM,Completed,,2642.0
TXN-000633,2022-12-04,Marketing,APAC,Completed,4485.12,1530.83
TXN-000634,2023-05-13,Engineering,APAC,Completed,1717.97,6120.072295524017
TXN-000635,2022-08-17,Engineering,EMEA,Failed,6174.08,2065.08
TXN-000636,2023-07-13,Customer Support,EMEA,Pending,5141.11,2456.42
TXN-000637,2022-12-22,Engineering,EMEA,Pending,4429.76,2471.55
TXN-000638,2023-02-03,Engineering,LATAM,Completed,7309.69,1299.14
TXN-000639,2023-06-30,Operations,LATAM,Completed,,1130.24
TXN-000640,2023-04-07,Operations,North America,Completed,2279.87,2784.18
TXN-000641,2022-10-26,Engineering,APAC,Completed,7183.08,1098.65
TXN-000642,2023-03-17,Customer Support,EMEA,Pending,3847.04,2300.62
TXN-000643,2022-06-07,Operations,North America,Pending,4712.0,1487.84
TXN-000644,2022-05-26,Marketing,LATAM,Pending,4945.09,2415.63
TXN-000645,2022-10-10,Customer Support,North America,Completed,5089.72,728.84
TXN-000646,2022-12-07,Customer Support,APAC,Pending,5537.37,2136.0
TXN-000647,2022-01-25,Operations,North America,Completed,5848.12,2159.17
TXN-000648,2023-08-17,Engineering,LATAM,Completed,7171.97,1419.8
TXN-000649,2023-05-31,Marketing,EMEA,Completed,7356.8,896.42
TXN-000650,2022-10-03,Operations,North America,Completed,6743.39,1975.28
TXN-000651,2023-08-01,Engineering,LATAM,Completed,4129.55,2888.04
TXN-000652,2023-05-19,Sales,LATAM,Pending,6071.39,4140.11
TXN-000653,2022-04-17,Marketing,EMEA,Failed,3469.33,1484.11
TXN-000654,2023-09-28,Engineering,LATAM,Completed,5284.41,3347.56
TXN-000655,2022-01-24,Customer Support,LATAM,Failed,4859.46,2958.28
TXN-000656,2022-09-12,Operations,APAC,Completed,5530.25,1855.18
TXN-000657,2023-06-04,Operations,EMEA,Completed,5017.19,2500.2
TXN-000658,2023-08-24,Customer Support,North America,Completed,3832.26,2119.71
TXN-000659,2023-06-05,Marketing,EMEA,Completed,4228.67,1870.88
TXN-000660,2022-08-07,Marketing,North America,Failed,5083.7,1996.0
TXN-000661,2022-02-23,Customer Support,EMEA,Completed,7259.27,1554.54
TXN-000662,2023-02-11,Operations,EMEA,Pending,3677.01,2537.18
TXN-000663,2022-04-01,Sales,EMEA,Pending,5325.76,2088.5
TXN-000664,2023-12-29,Operations,North America,Completed,5194.78,1590.15
TXN-000665,2022-09-20,Sales,EMEA,Completed,5050.35,2796.74
TXN-000666,2022-07-13,Operations,LATAM,Failed,6157.91,2856.79
TXN-000667,2023-12-18,Marketing,APAC,Completed,5670.92,882.13
TXN-000668,2023-10-29,Customer Support,APAC,Completed,4572.34,1411.2
TXN-000669,2023-02-06,Sales,North America,Completed,7744.59,2890.82
TXN-000670,2022-12-22,Marketing,APAC,Failed,3891.15,2569.65
TXN-000671,2023-01-16,Sales,APAC,Completed,,2415.77
TXN-000672,2022-11-01,Marketing,LATAM,Completed,,1739.08
TXN-000673,2022-11-27,Engineering,LATAM,Completed,5512.11,1960.92
TXN-000674,2023-05-18,Customer Support,LATAM,Completed,3124.13,1848.6
TXN-000675,2022-10-04,Marketing,APAC,Failed,4505.22,1535.63
TXN-000676,2023-04-04,Customer Support,EMEA,Pending,3245.78,1721.63
TXN-000677,2023-08-09,Marketing,EMEA,Completed,4113.94,2116.82
TXN-000678,2023-03-12,Sales,EMEA,Completed,6074.7,1387.81
TXN-000679,2022-04-08,Customer Support,LATAM,Completed,6034.33,1811.1
TXN-000680,2022-07-31,Engineering,EMEA,Pending,6014.18,1435.87
TXN-000681,2023-08-07,Marketing,North America,Completed,4341.19,2367.98
TXN-000682,2022-11-24,Sales,LATAM,Completed,3802.42,2238.04
TXN-000683,2022-01-10,Sales,North America,Completed,6271.0,2106.58
TXN-000684,2022-03-13,Operations,APAC,Completed,3541.77,2180.25
TXN-000685,2023-08-19,Operations,LATAM,Pending,3146.64,699.02
TXN-000686,2023-12-14,Engineering,EMEA,Pending,3524.29,1334.67
TXN-000687,2023-08-27,Marketing,APAC,Pending,3940.93,1932.86
TXN-000688,2023-05-17,Customer Support,North America,Completed,2749.4,1549.68
TXN-000689,2022-02-04,Sales,LATAM,Completed,5933.03,2943.7
TXN-000690,2022-11-22,Sales,EMEA,Pending,3405.61,1413.88
TXN-000691,2023-04-22,Engineering,EMEA,Failed,4366.35,875.29
TXN-000692,2022-10-02,Engineering,LATAM,Completed,5261.16,2528.14
TXN-000693,2022-02-12,Operations,EMEA,Completed,3789.44,2003.78
TXN-000694,2022-04-07,Engineering,EMEA,Completed,5008.3,1727.17
TXN-000695,2022-06-25,Customer Support,North America,Pending,5272.44,2433.31
TXN-000696,2023-10-07,Operations,APAC,Failed,3350.43,3537.47
TXN-000697,2022-01-17,Engineering,EMEA,Completed,1978.47,1762.12
TXN-000698,2022-07-09,Sales,APAC,Completed,5921.31,1613.67
TXN-000699,2022-03-19,Marketing,North America,Pending,4718.91,2198.55
TXN-000700,2023-09-15,Operations,APAC,Completed,4238.16,842.96
TXN-000701,2023-03-01,Customer Support,APAC,Completed,5902.45,2621.02
TXN-000702,2023-02-17,Customer Support,APAC,Failed,5477.21,1811.7
TXN-000703,2022-04-24,Marketing,EMEA,Failed,3583.9,1390.9
TXN-000704,2023-01-02,Customer Support,North America,Failed,4281.06,2209.69
TXN-000705,2022-01-18,Operations,EMEA,Failed,2675.6,1814.25
TXN-000706,2023-08-22,Operations,EMEA,Pending,4944.41,2942.98
TXN-000707,2022-06-28,Operations,EMEA,Failed,4159.43,3019.6
TXN-000708,2022-11-30,Customer Support,APAC,Completed,4526.3,1868.26
TXN-000709,2023-08-09,Customer Support,EMEA,Completed,5486.16,1402.03
TXN-000710,2023-12-06,Sales,LATAM,Failed,2827.27,2503.63
TXN-000711,2022-11-01,Engineering,EMEA,Completed,5303.13,1494.6
TXN-000712,2023-02-21,Marketing,North America,Pending,5060.29,1606.77
TXN-000713,2022-08-16,Marketing,APAC,Completed,4535.58,2275.15
TXN-000714,2022-11-13,Sales,EMEA,Completed,5376.05,2465.44
TXN-000715,2023-10-23,Marketing,EMEA,Completed,3319.79,2631.53
TXN-000716,2022-02-15,Customer Support,APAC,Completed,7402.88,2988.88
TXN-000717,2023-08-17,Engineering,North America,Pending,3508.99,2123.13
TXN-000718,2022-05-02,Engineering,LATAM,Completed,6473.32,2467.77
TXN-000719,2023-04-09,Sales,APAC,Failed,1240.85,1903.85
TXN-000720,2022-12-25,Marketing,EMEA,Failed,3438.2,3175.38
TXN-000721,2022-09-24,Customer Support,EMEA,Completed,3149.84,2743.54
TXN-000722,2023-12-02,Sales,EMEA,Completed,4610.46,3439.25
TXN-000723,2023-04-25,Engineering,LATAM,Failed,4940.65,1703.04
TXN-000724,2022-03-12,Sales,LATAM,Completed,5437.58,1316.09
TXN-000725,2023-05-16,Engineering,LATAM,Completed,4585.36,2805.87
TXN-000726,2022-11-28,Engineering,LATAM,Pending,3928.15,1812.32
TXN-000727,2023-09-15,Marketing,APAC,Completed,4826.53,2860.57
TXN-000728,2022-10-28,Engineering,LATAM,Completed,5955.66,1220.43
TXN-000729,2023-05-17,Operations,North America,Failed,6248.79,2118.46
TXN-000730,2022-02-19,Engineering,EMEA,Completed,3305.68,1339.58
TXN-000731,2023-10-18,Marketing,North America,Completed,1565.7,2486.12
TXN-000732,2023-07-05,Marketing,APAC,Pending,4276.51,1496.22
TXN-000733,2023-06-19,Engineering,APAC,Completed,5361.57,1787.99
TXN-000734,2023-08-02,Operations,EMEA,Failed,6678.36,137.56
TXN-000735,2023-11-19,Operations,EMEA,Pending,6320.51,2499.08
TXN-000736,2023-10-02,Marketing,North America,Completed,2609.808,1159.5
TXN-000737,2022-06-03,Customer Support,LATAM,Failed,4895.57,1877.57
TXN-000738,2022-11-17,Marketing,APAC,Completed,3092.56,1283.55
TXN-000739,2022-10-27,Customer Support,LATAM,Completed,4661.5,3146.5
TXN-000740,2023-09-20,Engineering,EMEA,Failed,6397.79,1476.24
TXN-000741,2022-04-09,Sales,North America,Failed,2643.93,2539.66
TXN-000742,2022-12-05,Marketing,APAC,Failed,2521.34,2031.56
TXN-000743,2023-11-05,Customer Support,EMEA,Failed,5755.68,2310.55
TXN-000744,2022-01-05,Marketing,LATAM,Completed,6107.08,1392.03
TXN-000745,2023-12-28,Operations,EMEA,Completed,4394.06,1279.32
TXN-000746,2022-05-20,Sales,North America,Completed,2584.38,1541.66
TXN-000747,2022-05-19,Engineering,North America,Pending,8961.6,1706.41
TXN-000748,2022-02-12,Marketing,LATAM,Completed,4358.02,312.25
TXN-000749,2023-10-19,Customer Support,APAC,Failed,4932.35,2304.02
TXN-000750,2022-08-16,Sales,North America,Completed,5505.86,2101.17
TXN-000751,2023-06-11,Sales,APAC,Completed,5847.47,8995.914637475436
TXN-000752,2023-03-28,Operations,EMEA,Completed,5476.5,2343.87
TXN-000753,2023-03-13,Marketing,APAC,Pending,3876.99,1126.65
TXN-000754,2022-07-19,Marketing,APAC,Completed,5386.66,1570.39
TXN-000755,2022-03-26,Engineering,LATAM,Completed,5777.56,1561.85
TXN-000756,2023-08-05,Operations,APAC,Completed,4251.46,1605.37
TXN-000757,2023-04-19,Marketing,EMEA,Failed,5167.53,1952.18
TXN-000758,2022-09-08,Sales,APAC,Completed,6484.57,1988.25
TXN-000759,2022-03-04,Customer Support,LATAM,Pending,7102.8,1896.1
TXN-000760,2023-01-01,Marketing,APAC,Completed,1915.87,1263.69
TXN-000761,2022-08-06,Marketing,North America,Completed,5277.2,3274.86
TXN-000762,2022-06-06,Customer Support,EMEA,Completed,6226.08,0.0
TXN-000763,2022-10-03,Operations,North America,Completed,5534.78,877.4
TXN-000764,2023-03-05,Sales,APAC,Completed,5380.46,943.82
TXN-000765,2023-10-16,Sales,North America,Completed,6542.5,2394.88
TXN-000766,2022-04-06,Sales,North America,Completed,6078.08,1680.22
TXN-000767,2022-01-31,Engineering,LATAM,Completed,6575.79,2617.2
TXN-000768,2022-11-25,Sales,EMEA,Pending,4185.92,2745.98
TXN-000769,2023-05-08,Sales,APAC,Completed,5878.57,9304.464537837146
TXN-000770,2022-12-02,Marketing,APAC,Failed,6438.7,1749.17
TXN-000771,2023-12-24,Operations,LATAM,Completed,6238.91,2029.99
TXN-000772,2023-06-02,Marketing,EMEA,Failed,3313.15,1283.97
TXN-000773,2023-06-14,Customer Support,EMEA,Failed,5877.81,2025.12
TXN-000774,2023-11-08,Operations,LATAM,Completed,7546.02,2194.64
TXN-000775,2022-05-19,Operations,LATAM,Completed,4732.33,3318.57
TXN-000776,2023-04-22,Engineering,EMEA,Completed,3848.97,2226.54
TXN-000777,2023-06-17,Customer Support,EMEA,Completed,4937.87,2527.62
TXN-000778,2022-05-10,Engineering,EMEA,Failed,2280.92,1725.03
TXN-000779,2023-03-17,Customer Support,North America,Completed,3955.32,1744.81
TXN-000780,2023-06-09,Sales,LATAM,Completed,5380.26,1440.05
TXN-000781,2023-02-03,Sales,APAC,Pending,6367.66,2239.33
TXN-000782,2023-11-15,Marketing,APAC,Pending,5860.0,1692.7
TXN-000783,2023-01-11,Sales,LATAM,Pending,4407.44,2441.73
TXN-000784,2022-09-27,Sales,LATAM,Pending,7628.9,1960.63
TXN-000785,2022-04-25,Customer Support,North America,Pending,4597.01,3488.09
TXN-000786,2022-07-21,Operations,North America,Failed,2816.11,2700.35
TXN-000787,2023-09-16,Sales,EMEA,Failed,4790.66,
TXN-000788,2022-06-18,Engineering,EMEA,Completed,,2313.34
TXN-000789,2023-06-18,Customer Support,EMEA,Completed,4933.72,1269.57
TXN-000790,2023-01-17,Customer Support,LATAM,Pending,6248.61,1916.5
TXN-000791,2023-05-04,Customer Support,LATAM,Completed,8360.92,2594.49
TXN-000792,2023-10-31,Marketing,LATAM,Completed,5531.19,1353.67
TXN-000793,2022-12-05,Customer Support,EMEA,Pending,4368.54,1582.19
TXN-000794,2022-07-20,Customer Support,APAC,Completed,3712.81,2261.19
TXN-000795,2022-06-25,Customer Support,EMEA,Failed,4621.94,1920.6
TXN-000796,2022-07-04,Engineering,LATAM,Failed,5929.38,2215.35
TXN-000797,2023-09-09,Engineering,EMEA,Completed,5252.06,1504.78
TXN-000798,2022-01-06,Marketing,EMEA,Completed,5664.31,2683.6
TXN-000799,2023-01-15,Engineering,EMEA,Pending,5527.78,541.4
TXN-000800,2023-11-02,Marketing,North America,Failed,,3635.76
TXN-000801,2022-07-26,Customer Support,APAC,Completed,6211.59,2064.19
TXN-000802,2023-05-09,Engineering,LATAM,Pending,6653.05,1407.4
TXN-000803,2022-10-06,Operations,North America,Pending,6907.37,1614.03
TXN-000804,2022-10-27,Marketing,APAC,Completed,3360.37,471.51
TXN-000805,2022-05-18,Operations,EMEA,Pending,7457.05,3578.85
TXN-000806,2023-03-24,Marketing,EMEA,Completed,3277.51,2310.72
TXN-000807,2023-05-07,Customer Support,LATAM,Failed,5661.86,694.34
TXN-000808,2023-08-01,Sales,LATAM,Completed,5597.91,731.19
TXN-000809,2023-10-06,Marketing,APAC,Completed,3835.84,1554.45
TXN-000810,2023-01-04,Engineering,APAC,Completed,3374.18,575.44
TXN-000811,2023-04-26,Customer Support,LATAM,Completed,4003.69,1478.69
TXN-000812,2022-12-26,Engineering,EMEA,Completed,2125.08,1450.33
TXN-000813,2023-07-11,Engineering,North America,Pending,4533.43,2131.12
TXN-000814,2022-04-18,Sales,North America,Pending,6874.08,1010.71
TXN-000815,2022-06-02,Engineering,LATAM,Pending,1991.11,2949.7
TXN-000816,2023-02-22,Marketing,APAC,Failed,6152.28,3284.96
TXN-000817,2022-11-27,Marketing,EMEA,Completed,8528.37,1970.36
TXN-000818,2022-09-26,Marketing,EMEA,Pending,5970.49,1370.83
TXN-000819,2022-07-21,Marketing,North America,Pending,7334.18,1006.87
TXN-000820,2022-05-21,Customer Support,EMEA,Completed,5299.6,2122.96
TXN-000821,2022-01-22,Sales,APAC,Completed,7247.57,2691.22
TXN-000822,2022-12-26,Customer Support,LATAM,Pending,3073.2,3286.38
TXN-000823,2022-02-02,Engineering,EMEA,Pending,2114.41,2776.45
TXN-000824,2023-03-26,Sales,EMEA,Completed,3601.68,
TXN-000825,2023-09-16,Customer Support,LATAM,Completed,2828.18,2264.72
TXN-000826,2022-01-22,Marketing,North America,Completed,8108.97,2290.93
TXN-000827,2022-11-10,Sales,EMEA,Failed,5127.63,1914.84
TXN-000828,2022-08-02,Marketing,EMEA,Completed,6214.44,3341.19
TXN-000829,2023-08-30,Operations,North America,Completed,199.81,712.4
TXN-000830,2023-02-15,Sales,APAC,Failed,6411.33,2506.14
TXN-000831,2022-03-20,Customer Support,APAC,Completed,,1534.21
TXN-000832,2023-11-02,Customer Support,LATAM,Completed,4199.98,3264.55
TXN-000833,2022-02-14,Operations,EMEA,Completed,6688.55,1896.96
TXN-000834,2022-07-28,Operations,EMEA,Completed,5884.05,3590.84
TXN-000835,2023-10-17,Customer Support,North America,Failed,3127.27,868.21
TXN-000836,2022-06-22,Engineering,LATAM,Completed,4550.39,2098.53
TXN-000837,2023-03-13,Operations,APAC,Failed,8175.05,1466.95
TXN-000838,2022-06-10,Marketing,EMEA,Failed,5367.66,1467.24
TXN-000839,2022-01-25,Marketing,LATAM,Completed,7299.67,1838.9
TXN-000840,2022-06-22,Sales,EMEA,Failed,866.56,1045.3
TXN-000841,2023-05-21,Engineering,North America,Failed,4041.84,2736.1
TXN-000842,2022-06-18,Customer Support,LATAM,Completed,4574.49,1838.24
TXN-000843,2022-06-26,Customer Support,North America,Pending,5007.64,2768.24
TXN-000844,2023-02-16,Customer Support,APAC,Failed,7475.51,1576.1
TXN-000845,2022-07-23,Sales,APAC,Completed,5487.72,2278.86
TXN-000846,2023-02-02,Marketing,North America,Completed,5507.48,1604.95
TXN-000847,2022-11-26,Customer Support,EMEA,Failed,5175.17,2142.37
TXN-000848,2022-03-15,Marketing,APAC,Completed,2861.85,1845.15
TXN-000849,2022-09-23,Sales,APAC,Completed,3285.41,1486.94
TXN-000850,2022-10-10,Marketing,North America,Completed,4182.18,1180.3
TXN-000851,2023-03-18,Customer Support,EMEA,Failed,6969.29,3197.08
TXN-000852,2023-07-08,Sales,EMEA,Completed,4895.27,2161.41
TXN-000853,2023-05-25,Marketing,LATAM,Pending,6270.63,2373.18
TXN-000854,2022-08-03,Marketing,APAC,Completed,2455.28,2190.44
TXN-000855,2022-05-30,Engineering,LATAM,Completed,5177.85,1482.79
TXN-000856,2022-07-23,Customer Support,LATAM,Completed,6725.39,1309.58
TXN-000857,2022-05-23,Customer Support,APAC,Failed,5780.99,760.7
TXN-000858,2023-05-31,Marketing,LATAM,Failed,4276.49,1957.55
TXN-000859,2022-03-19,Engineering,EMEA,Completed,2914.96,755.87
TXN-000860,2023-05-11,Customer Support,APAC,Pending,6210.62,6907.473667466497
TXN-000861,2022-09-28,Engineering,APAC,Failed,3354.34,2233.42
TXN-000862,2022-11-21,Sales,EMEA,Completed,,2410.63
TXN-000863,2023-02-12,Sales,APAC,Pending,4952.9,1057.17
TXN-000864,2022-03-17,Engineering,APAC,Completed,2772.51,992.36
TXN-000865,2023-12-18,Customer Support,APAC,Failed,4917.41,2762.38
TXN-000866,2022-10-27,Sales,APAC,Completed,6404.6,1338.89
TXN-000867,2022-11-06,Marketing,LATAM,Pending,4108.25,3539.41
TXN-000868,2023-08-11,Sales,North America,Completed,5015.46,1301.14
TXN-000869,2023-04-04,Operations,North America,Completed,3232.21,2002.96
TXN-000870,2022-11-29,Operations,EMEA,Completed,5154.07,2314.11
TXN-000871,2023-07-10,Marketing,APAC,Completed,5102.71,1463.69
TXN-000872,2022-07-08,Engineering,EMEA,Pending,7777.65,2968.76
TXN-000873,2022-11-11,Customer Support,LATAM,Completed,5154.0,3287.24
TXN-000874,2022-08-28,Operations,North America,Completed,5609.92,1370.42
TXN-000875,2022-09-13,Marketing,North America,Completed,5791.53,830.79
TXN-000876,2023-11-27,Engineering,LATAM,Pending,4884.62,2439.98
TXN-000877,2023-04-14,Sales,LATAM,Completed,2873.76,1225.96
TXN-000878,2022-12-16,Engineering,EMEA,Completed,4502.76,844.08
TXN-000879,2022-02-20,Customer Support,North America,Completed,5268.24,2567.95
TXN-000880,2023-03-10,Customer Support,APAC,Completed,1188.97,3104.47
TXN-000881,2022-04-24,Sales,APAC,Completed,4855.12,961.24
TXN-000882,2023-03-16,Engineering,APAC,Failed,6054.25,2060.89
TXN-000883,2023-12-09,Engineering,LATAM,Pending,8636.08,2560.21
TXN-000884,2022-02-05,Sales,LATAM,Completed,4420.84,2520.74
TXN-000885,2022-02-08,Engineering,APAC,Pending,4300.41,3048.2
TXN-000886,2022-11-18,Marketing,North America,Completed,3311.04,3194.87
TXN-000887,2023-09-12,Engineering,EMEA,Completed,4116.91,1999.43
TXN-000888,2022-04-26,Engineering,LATAM,Completed,5505.85,4002.38
TXN-000889,2023-10-05,Operations,EMEA,Completed,4623.8,1650.64
TXN-000890,2023-09-27,Sales,EMEA,Failed,5120.07,2551.3
TXN-000891,2022-01-08,Marketing,LATAM,Failed,4120.87,1776.54
TXN-000892,2022-11-12,Marketing,EMEA,Failed,4749.57,2464.16
TXN-000893,2023-07-06,Marketing,North America,Failed,8080.22,3088.11
TXN-000894,2023-03-27,Engineering,EMEA,Completed,6764.64,1821.39
TXN-000895,2023-08-01,Customer Support,APAC,Failed,6329.58,1663.28
TXN-000896,2023-02-16,Marketing,North America,Completed,7833.77,1374.55
TXN-000897,2022-11-15,Operations,LATAM,Failed,3679.46,2099.4
TXN-000898,2023-08-17,Engineering,North America,Completed,3579.97,3538.35
TXN-000899,2022-10-14,Sales,EMEA,Completed,3859.66,2108.99
TXN-000900,2023-05-20,Sales,North America,Pending,2467.77,2609.05
TXN-000901,2023-10-11,Customer Support,APAC,Pending,6404.52,2160.63
TXN-000902,2022-06-06,Engineering,North America,Completed,4990.89,297.62
TXN-000903,2022-03-24,Sales,LATAM,Completed,5476.96,2973.06
TXN-000904,2023-01-12,Marketing,APAC,Pending,4855.84,2129.14
TXN-000905,2022-06-22,Operations,EMEA,Pending,8171.71,2183.43
TXN-000906,2022-08-12,Marketing,North America,Failed,6848.25,2754.29
TXN-000907,2023-01-27,Operations,LATAM,Completed,5626.06,2324.46
TXN-000908,2022-05-30,Engineering,LATAM,Pending,5814.38,2094.78
TXN-000909,2022-11-25,Engineering,APAC,Completed,3459.6,2027.53
TXN-000910,2023-06-16,Customer Support,LATAM,Pending,,2349.78
TXN-000911,2022-12-01,Marketing,EMEA,Completed,6508.6,1658.76
TXN-000912,2023-09-23,Engineering,North America,Completed,2541.9,
TXN-000913,2022-10-08,Customer Support,EMEA,Completed,4616.48,1359.0
TXN-000914,2022-09-22,Engineering,LATAM,Completed,5840.12,1795.04
TXN-000915,2023-11-30,Customer Support,EMEA,Completed,5680.19,2713.28
TXN-000916,2022-03-21,Engineering,APAC,Failed,6235.09,1352.98
TXN-000917,2022-05-08,Engineering,EMEA,Pending,3118.2,3284.33
TXN-000918,2022-09-16,Marketing,LATAM,Completed,4830.34,364.4
TXN-000919,2022-09-05,Customer Support,APAC,Failed,4990.23,1808.08
TXN-000920,2022-12-07,Marketing,LATAM,Completed,8561.83,2320.2
TXN-000921,2022-01-29,Customer Support,APAC,Completed,6838.44,1737.16
TXN-000922,2022-01-06,Marketing,APAC,Completed,5175.34,1863.32
TXN-000923,2023-01-29,Marketing,LATAM,Completed,4319.9,1808.86
TXN-000924,2023-01-25,Marketing,EMEA,Failed,3715.36,2789.62
TXN-000925,2022-09-11,Marketing,North America,Completed,4042.23,925.8
TXN-000926,2023-12-07,Customer Support,APAC,Completed,4548.35,3066.13
TXN-000927,2023-10-06,Sales,North America,Pending,3971.8,1938.36
TXN-000928,2022-04-18,Customer Support,APAC,Failed,5164.95,1734.87
TXN-000929,2023-07-16,Marketing,APAC,Failed,6732.01,2917.63
TXN-000930,2022-05-28,Marketing,APAC,Completed,3680.96,1842.57
TXN-000931,2022-06-14,Operations,APAC,Pending,4499.91,1627.84
TXN-000932,2022-09-28,Customer Support,EMEA,Pending,3786.2,3584.84
TXN-000933,2022-01-14,Engineering,LATAM,Completed,5137.03,1978.87
TXN-000934,2022-06-04,Marketing,LATAM,Completed,7314.64,2696.85
TXN-000935,2023-02-10,Sales,APAC,Pending,5061.62,1933.61
TXN-000936,2023-03-01,Sales,EMEA,Completed,3896.17,1578.15
TXN-000937,2023-02-15,Sales,North America,Completed,6587.78,2584.64
TXN-000938,2022-02-23,Marketing,APAC,Failed,4496.66,0.0
TXN-000939,2022-12-19,Customer Support,EMEA,Completed,5179.94,1212.23
TXN-000940,2023-03-07,Operations,LATAM,Completed,6377.83,
TXN-000941,2023-07-17,Engineering,APAC,Completed,7304.52,2104.79
TXN-000942,2023-09-10,Marketing,North America,Pending,5274.31,572.55
TXN-000943,2022-07-23,Marketing,LATAM,Failed,6089.79,2190.61
TXN-000944,2023-04-04,Engineering,North America,Completed,4585.22,2575.34
TXN-000945,2022-10-21,Operations,EMEA,Pending,4394.6,2947.73
TXN-000946,2022-02-13,Marketing,LATAM,Pending,7052.87,4088.24
TXN-000947,2023-04-25,Marketing,North America,Pending,2462.6,1726.47
TXN-000948,2022-04-08,Sales,EMEA,Failed,3950.79,1790.64
TXN-000949,2023-01-20,Customer Support,EMEA,Completed,6518.4,1902.25
TXN-000950,2022-12-19,Marketing,LATAM,Pending,5082.83,1382.57
TXN-000951,2022-03-25,Engineering,LATAM,Failed,2583.11,1821.58
TXN-000952,2023-04-08,Sales,EMEA,Pending,5823.09,1163.82
TXN-000953,2023-07-27,Sales,North America,Completed,3679.24,1520.09
TXN-000954,2022-11-25,Operations,APAC,Completed,4898.69,2689.61
TXN-000955,2023-04-16,Sales,LATAM,Failed,3398.79,1336.52
TXN-000956,2023-01-14,Operations,LATAM,Completed,4524.89,1844.26
TXN-000957,2023-04-03,Customer Support,LATAM,Pending,4449.58,2233.36
TXN-000958,2022-10-29,Operations,APAC,Pending,5503.96,2497.33
TXN-000959,2023-12-12,Operations,LATAM,Completed,5434.43,779.63
TXN-000960,2022-11-24,Engineering,LATAM,Completed,4300.06,3109.93
TXN-000961,2023-07-27,Customer Support,North America,Pending,1755.83,1976.62
TXN-000962,2023-10-25,Customer Support,North America,Completed,3145.12,1397.24
TXN-000963,2022-01-29,Engineering,North America,Failed,3782.7,2414.16
TXN-000964,2023-08-13,Sales,EMEA,Completed,3113.56,2769.82
TXN-000965,2022-12-20,Engineering,APAC,Completed,2543.73,1034.88
TXN-000966,2022-06-08,Engineering,LATAM,Completed,6030.26,2571.74
TXN-000967,2022-12-31,Operations,North America,Failed,,1633.84
TXN-000968,2023-05-04,Sales,LATAM,Completed,6471.9,2117.79
TXN-000969,2022-03-10,Marketing,EMEA,Failed,4315.41,2623.34
TXN-000970,2022-10-22,Customer Support,LATAM,Completed,3413.59,1574.62
TXN-000971,2022-05-06,Marketing,LATAM,Completed,8211.19,3000.17
TXN-000972,2023-11-28,Engineering,EMEA,Completed,5464.73,980.36
TXN-000973,2023-09-25,Sales,LATAM,Completed,2507.82,1664.66
TXN-000974,2023-10-08,Engineering,North America,Failed,3719.75,2093.28
TXN-000975,2022-10-03,Engineering,EMEA,Pending,4272.26,892.53
TXN-000976,2022-05-05,Engineering,LATAM,Completed,6255.92,1804.12
TXN-000977,2023-07-06,Sales,North America,Completed,3845.73,1114.99
TXN-000978,2022-11-02,Engineering,APAC,Completed,6116.58,1380.86
TXN-000979,2022-08-10,Operations,North America,Failed,3273.41,2163.97
TXN-000980,2022-06-10,Marketing,APAC,Pending,5318.15,2651.61
TXN-000981,2023-04-04,Customer Support,EMEA,Failed,6208.03,1847.34
TXN-000982,2022-09-18,Marketing,LATAM,Completed,8141.78,2537.09
TXN-000983,2022-10-02,Sales,North America,Completed,3853.79,1298.45
TXN-000984,2023-12-19,Engineering,North America,Completed,3426.97,1734.18
TXN-000985,2023-07-18,Sales,EMEA,Completed,6690.9,1653.55
TXN-000986,2022-07-18,Customer Support,LATAM,Completed,6147.51,1824.12
TXN-000987,2023-07-13,Customer Support,LATAM,Completed,4786.88,1075.86
TXN-000988,2022-05-14,Customer Support,APAC,Pending,5194.68,984.6
TXN-000989,2022-10-27,Sales,EMEA,Pending,4050.91,1268.27
TXN-000990,2023-05-01,Operations,North America,Pending,5028.42,1763.32
TXN-000991,2022-03-09,Customer Support,APAC,Completed,6795.76,1449.9
TXN-000992,2023-10-08,Customer Support,North America,Completed,4420.03,2409.84
TXN-000993,2022-10-29,Customer Support,LATAM,Completed,6272.88,1146.07
TXN-000994,2022-12-15,Customer Support,APAC,Failed,4606.74,1410.34
TXN-000995,2022-01-01,Engineering,APAC,Completed,2324.78,2056.77
TXN-000996,2023-09-29,Operations,APAC,Pending,5754.45,2783.39
TXN-000997,2022-12-03,Marketing,APAC,Pending,3166.39,2801.02
TXN-000998,2023-07-18,Engineering,APAC,Completed,5116.16,1457.19
TXN-000999,2022-09-29,Engineering,LATAM,Completed,2235.04,898.95
TXN-001000,2022-11-20,Operations,EMEA,Completed,4151.55,2416.1
TXN-001001,2023-05-26,Marketing,LATAM,Completed,6098.36,2563.88
TXN-001002,2023-07-10,Operations,North America,Completed,4166.38,2807.56
TXN-001003,2022-06-08,Engineering,North America,Failed,5136.86,3288.4
TXN-001004,2022-06-19,Customer Support,APAC,Pending,7282.15,906.99
TXN-001005,2023-05-18,Operations,LATAM,Completed,5531.4,2882.1
TXN-001006,2023-06-24,Customer Support,LATAM,Completed,5380.39,2608.01
TXN-001007,2023-04-29,Sales,LATAM,Completed,4845.23,2638.61
TXN-001008,2022-10-23,Marketing,APAC,Completed,3740.11,729.45
TXN-001009,2023-02-08,Engineering,LATAM,Completed,4296.21,1989.23
TXN-001010,2022-08-30,Sales,EMEA,Completed,5212.08,1596.99
TXN-001011,2023-10-09,Sales,EMEA,Pending,5308.98,1100.98
TXN-001012,2023-03-05,Marketing,EMEA,Failed,6229.34,2564.09
TXN-001013,2023-11-18,Engineering,North America,Completed,5684.32,2397.44
TXN-001014,2023-03-07,Customer Support,North America,Completed,6047.97,739.45
TXN-001015,2023-10-31,Engineering,EMEA,Completed,5207.6,2402.96
TXN-001016,2022-03-05,Engineering,EMEA,Completed,3490.54,1427.07
TXN-001017,2022-06-11,Marketing,APAC,Pending,3781.22,2641.58
TXN-001018,2022-04-06,Customer Support,EMEA,Pending,7141.31,2860.4
TXN-001019,2022-12-28,Marketing,North America,Pending,5254.48,1231.03
TXN-001020,2022-08-14,Customer Support,LATAM,Completed,5151.98,1740.6
TXN-001021,2022-08-14,Operations,North America,Failed,4942.64,3585.09
TXN-001022,2022-05-22,Customer Support,APAC,Completed,,3250.5
TXN-001023,2022-10-16,Operations,LATAM,Completed,6886.3,1344.7
TXN-001024,2023-11-21,Operations,EMEA,Completed,4685.94,1663.7
TXN-001025,2023-10-24,Marketing,North America,Completed,1143.471,1630.69
TXN-001026,2023-06-29,Operations,APAC,Completed,6108.27,2441.94
TXN-001027,2023-02-26,Marketing,APAC,Completed,,1697.57
TXN-001028,2022-10-21,Operations,LATAM,Pending,4397.57,886.57
TXN-001029,2023-10-14,Customer Support,APAC,Pending,5888.98,2280.72
TXN-001030,2023-10-20,Operations,North America,Failed,3960.7,
TXN-001031,2023-11-06,Sales,LATAM,Completed,5973.25,
TXN-001032,2023-08-05,Customer Support,LATAM,Completed,6046.64,2246.88
TXN-001033,2022-04-01,Customer Support,North America,Completed,4731.7,1284.41
TXN-001034,2023-07-14,Engineering,EMEA,Pending,5348.08,1671.93
TXN-001035,2023-01-16,Marketing,North America,Completed,3744.7,3227.89
TXN-001036,2022-02-05,Engineering,North America,Completed,4735.62,2112.02
TXN-001037,2023-04-18,Customer Support,APAC,Completed,,1860.31
TXN-001038,2023-10-22,Operations,North America,Pending,5838.1,1933.81
TXN-001039,2023-05-02,Sales,North America,Completed,4788.13,2996.55
TXN-001040,2022-12-29,Engineering,APAC,Failed,5239.82,2645.65
TXN-001041,2023-05-05,Sales,EMEA,Failed,3266.14,1374.41
TXN-001042,2022-09-05,Customer Support,North America,Completed,5024.08,778.67
TXN-001043,2022-09-17,Sales,North America,Completed,1546.3,1145.69
TXN-001044,2022-06-19,Customer Support,EMEA,Completed,,826.24
TXN-001045,2022-03-06,Operations,North America,Completed,3851.43,1835.33
TXN-001046,2023-09-28,Customer Support,APAC,Completed,3351.68,1482.41
TXN-001047,2023-02-28,Marketing,EMEA,Failed,6835.86,1864.03
TXN-001048,2023-07-18,Engineering,APAC,Completed,2784.52,2862.7
TXN-001049,2023-07-15,Sales,EMEA,Failed,6038.52,2838.67
TXN-001050,2022-02-13,Sales,EMEA,Completed,4603.66,2313.61
TXN-001051,2023-12-17,Operations,LATAM,Failed,5050.72,1782.74
TXN-001052,2023-04-14,Marketing,LATAM,Completed,5431.71,1377.37
TXN-001053,2023-06-14,Customer Support,EMEA,Completed,4157.42,2961.64
TXN-001054,2023-03-27,Sales,EMEA,Failed,8368.51,978.24
TXN-001055,2022-09-30,Engineering,APAC,Completed,6200.99,1619.45
TXN-001056,2022-08-30,Customer Support,LATAM,Completed,6543.79,2183.84
TXN-001057,2022-06-09,Sales,LATAM,Completed,2836.11,2186.0
TXN-001058,2023-11-05,Marketing,North America,Completed,6556.33,1343.52
TXN-001059,2022-05-18,Operations,LATAM,Failed,3957.11,1127.57
TXN-001060,2022-06-15,Customer Support,LATAM,Completed,3937.53,1499.48
TXN-001061,2022-02-25,Sales,EMEA,Completed,5457.66,2568.4
TXN-001062,2023-09-13,Engineering,North America,Completed,3800.18,0.0
TXN-001063,2023-12-22,Engineering,APAC,Pending,2011.38,373.64
TXN-001064,2022-09-24,Marketing,APAC,Completed,6093.79,1118.9
TXN-001065,2023-06-05,Operations,North America,Pending,4385.32,2595.79
TXN-001066,2022-05-03,Customer Support,APAC,Completed,4560.6,2123.59
TXN-001067,2023-11-18,Engineering,EMEA,Pending,6630.07,2553.0
TXN-001068,2022-02-04,Customer Support,North America,Completed,5225.24,2068.42
TXN-001069,2022-01-27,Sales,North America,Failed,6319.78,2359.9
TXN-001070,2022-01-06,Operations,APAC,Pending,4482.75,1589.5
TXN-001071,2022-01-02,Customer Support,EMEA,Completed,4273.47,2417.34
TXN-001072,2023-03-09,Sales,LATAM,Failed,6196.54,1836.43
TXN-001073,2022-03-27,Sales,EMEA,Completed,2418.73,
TXN-001074,2023-01-13,Operations,LATAM,Completed,5498.06,2053.41
TXN-001075,2023-12-10,Operations,North America,Pending,4441.67,2564.25
TXN-001076,2022-09-17,Marketing,EMEA,Pending,4724.46,1593.5
TXN-001077,2023-10-24,Sales,EMEA,Pending,7440.59,2839.59
TXN-001078,2023-08-30,Engineering,APAC,Completed,5015.77,1303.18
TXN-001079,2023-11-28,Sales,LATAM,Completed,2341.49,1294.83
TXN-001080,2023-11-05,Marketing,APAC,Completed,,992.67
TXN-001081,2022-03-13,Marketing,North America,Pending,4701.33,1366.12
TXN-001082,2023-05-14,Sales,LATAM,Completed,3028.47,658.13
TXN-001083,2023-12-10,Sales,LATAM,Failed,3126.5,2586.01
TXN-001084,2023-04-09,Customer Support,North America,Failed,3769.55,2604.0
TXN-001085,2023-10-10,Engineering,North America,Completed,4606.24,1058.14
TXN-001086,2023-03-16,Operations,EMEA,Completed,4798.39,3197.67
TXN-001087,2023-08-03,Customer Support,North America,Completed,5747.16,2974.88
TXN-001088,2023-03-20,Operations,North America,Failed,4462.24,3238.16
TXN-001089,2022-12-19,Marketing,APAC,Completed,5208.65,1972.56
TXN-001090,2023-10-05,Operations,EMEA,Pending,5071.28,3219.65
TXN-001091,2023-12-24,Marketing,LATAM,Completed,7513.99,2052.09
TXN-001092,2022-07-30,Sales,North America,Pending,2883.17,3249.29
TXN-001093,2022-04-11,Engineering,APAC,Failed,3676.26,2327.44
TXN-001094,2023-02-13,Marketing,EMEA,Completed,4110.25,2194.77
TXN-001095,2022-07-25,Engineering,APAC,Failed,4579.6,1796.8
TXN-001096,2022-12-19,Sales,LATAM,Completed,7306.4,3211.65
TXN-001097,2023-09-16,Marketing,EMEA,Completed,6579.9,2525.57
TXN-001098,2022-05-31,Sales,LATAM,Pending,3127.44,1143.1
TXN-001099,2022-04-11,Marketing,APAC,Completed,7654.03,1667.9
TXN-001100,2023-03-01,Sales,EMEA,Completed,5249.7,1970.44
TXN-001101,2023-11-08,Sales,EMEA,Completed,4914.9,2212.93
TXN-001102,2022-10-27,Customer Support,APAC,Completed,4762.66,2060.74
TXN-001103,2022-08-10,Sales,LATAM,Completed,3800.36,2121.47
TXN-001104,2023-02-17,Customer Support,LATAM,Failed,2305.14,2795.34
TXN-001105,2023-08-24,Operations,North America,Completed,5524.78,2778.41
TXN-001106,2022-10-08,Operations,North America,Failed,5387.98,1420.85
TXN-001107,2023-08-03,Operations,North America,Failed,,1088.08
TXN-001108,2023-08-03,Engineering,LATAM,Pending,4614.81,3289.86
TXN-001109,2022-10-17,Marketing,North America,Completed,1964.45,1180.5
TXN-001110,2023-04-03,Marketing,EMEA,Completed,5121.37,2538.3
TXN-001111,2023-06-06,Sales,APAC,Completed,3002.53,7282.826119071568
TXN-001112,2022-02-09,Customer Support,LATAM,Failed,4281.65,2550.92
TXN-001113,2023-05-19,Marketing,North America,Pending,7310.07,1408.63
TXN-001114,2022-05-15,Sales,LATAM,Completed,4704.81,2344.23
TXN-001115,2023-09-23,Engineering,North America,Failed,2474.58,2431.82
TXN-001116,2023-11-23,Operations,EMEA,Failed,3454.84,1120.98
TXN-001117,2023-02-03,Sales,APAC,Completed,6211.23,2315.07
TXN-001118,2023-07-17,Operations,APAC,Completed,3748.61,2042.28
TXN-001119,2023-10-19,Operations,North America,Completed,5547.26,678.88
TXN-001120,2023-03-13,Customer Support,North America,Completed,2807.24,665.46
TXN-001121,2022-11-17,Engineering,North America,Completed,4385.11,1446.26
TXN-001122,2022-11-28,Operations,EMEA,Pending,3816.39,2284.09
TXN-001123,2022-10-09,Engineering,LATAM,Completed,3859.68,3379.5
TXN-001124,2023-06-21,Marketing,LATAM,Completed,4864.73,3358.88
TXN-001125,2022-03-08,Marketing,APAC,Completed,4644.51,1853.69
TXN-001126,2022-09-12,Operations,APAC,Completed,6175.87,1268.19
TXN-001127,2022-01-18,Operations,North America,Completed,4951.13,
TXN-001128,2022-01-30,Engineering,APAC,Completed,4652.79,3052.88
TXN-001129,2023-05-01,Operations,EMEA,Pending,5896.97,2645.88
TXN-001130,2022-09-06,Engineering,North America,Completed,2772.62,1969.09
TXN-001131,2022-09-24,Operations,APAC,Pending,5149.62,2869.67
TXN-001132,2022-05-17,Engineering,APAC,Completed,4337.2,1351.8
TXN-001133,2023-05-11,Customer Support,EMEA,Pending,4901.14,3542.94
TXN-001134,2023-02-11,Marketing,EMEA,Pending,6970.58,3009.05
TXN-001135,2022-01-11,Sales,LATAM,Failed,4626.59,1688.68
TXN-001136,2023-07-28,Customer Support,APAC,Completed,1162.07,2550.53
TXN-001137,2023-05-14,Sales,EMEA,Completed,4625.16,277.87
TXN-001138,2023-11-18,Marketing,EMEA,Pending,3465.49,2536.79
TXN-001139,2023-04-11,Marketing,North America,Completed,2587.12,1164.89
TXN-001140,2022-11-22,Marketing,LATAM,Completed,4062.41,2832.47
TXN-001141,2023-09-20,Engineering,EMEA,Completed,5348.75,2130.7
TXN-001142,2023-03-30,Engineering,LATAM,Completed,3817.73,2372.48
TXN-001143,2022-07-02,Marketing,EMEA,Completed,6241.35,1858.6
TXN-001144,2022-05-22,Customer Support,APAC,Completed,3450.34,2218.45
TXN-001145,2023-05-24,Sales,LATAM,Failed,6448.02,406.07
TXN-001146,2023-03-15,Customer Support,LATAM,Completed,6974.33,35.92
TXN-001147,2023-08-26,Marketing,LATAM,Failed,,2055.53
TXN-001148,2023-10-30,Customer Support,North America,Pending,5507.29,1954.19
TXN-001149,2023-07-02,Engineering,EMEA,Completed,5773.34,1604.52
TXN-001150,2022-12-23,Marketing,EMEA,Completed,4285.13,2133.78
TXN-001151,2023-02-10,Sales,EMEA,Completed,7760.32,749.44
TXN-001152,2022-03-07,Marketing,EMEA,Completed,4815.7,2471.41
TXN-001153,2023-08-06,Sales,APAC,Completed,5613.2,1973.72
TXN-001154,2022-08-31,Operations,EMEA,Completed,5851.08,1420.61
TXN-001155,2022-09-17,Customer Support,APAC,Completed,1990.82,1474.99
TXN-001156,2022-12-04,Sales,North America,Completed,6027.22,1452.17
TXN-001157,2022-02-13,Marketing,North America,Failed,2639.63,1706.06
TXN-001158,2023-10-01,Engineering,APAC,Completed,6472.12,1019.7
TXN-001159,2022-04-12,Engineering,LATAM,Pending,6510.68,2101.48
TXN-001160,2022-10-06,Operations,APAC,Completed,3451.05,2630.99
TXN-001161,2023-03-26,Operations,LATAM,Failed,5791.92,2261.74
TXN-001162,2023-03-04,Operations,APAC,Completed,7805.55,2952.07
TXN-001163,2023-11-01,Sales,APAC,Failed,5813.47,3331.05
TXN-001164,2022-04-30,Sales,North America,Completed,,1409.5
TXN-001165,2023-03-05,Customer Support,APAC,Completed,6034.93,2031.54
TXN-001166,2023-10-12,Engineering,North America,Failed,5543.02,2252.56
TXN-001167,2023-08-14,Operations,EMEA,Completed,7442.1,3289.63
TXN-001168,2022-07-28,Operations,North America,Completed,4888.94,2146.36
TXN-001169,2022-03-26,Sales,EMEA,Failed,8239.41,1441.85
TXN-001170,2022-06-09,Sales,LATAM,Pending,5159.85,2361.86
TXN-001171,2023-01-24,Marketing,North America,Completed,5432.98,2822.67
TXN-001172,2023-09-30,Operations,LATAM,Failed,6306.1,2176.05
TXN-001173,2022-09-29,Customer Support,EMEA,Completed,3696.98,1639.88
TXN-001174,2023-07-02,Marketing,North America,Completed,5792.09,2362.09
TXN-001175,2023-04-15,Operations,LATAM,Completed,3942.51,2568.35
TXN-001176,2022-04-22,Operations,North America,Completed,4320.39,2482.82
TXN-001177,2023-09-20,Operations,EMEA,Completed,4064.97,989.52
TXN-001178,2022-09-01,Sales,LATAM,Completed,3359.61,1519.68
TXN-001179,2023-09-10,Engineering,APAC,Completed,3440.76,1884.55
TXN-001180,2023-08-17,Operations,APAC,Failed,5995.42,2089.61
TXN-001181,2023-03-16,Sales,APAC,Completed,2147.42,1875.4
TXN-001182,2022-02-14,Engineering,EMEA,Completed,4231.47,3142.68
TXN-001183,2023-02-22,Marketing,EMEA,Failed,4361.32,2246.34
TXN-001184,2023-09-07,Operations,APAC,Failed,3620.02,1945.18
TXN-001185,2023-11-15,Operations,LATAM,Completed,3709.6,2349.64
TXN-001186,2023-11-16,Operations,APAC,Completed,6031.87,0.0
TXN-001187,2022-07-03,Marketing,APAC,Completed,5152.32,1070.47
TXN-001188,2022-10-24,Sales,North America,Completed,4007.41,3313.8
TXN-001189,2023-03-31,Sales,North America,Completed,7404.79,2282.6
TXN-001190,2022-03-02,Operations,EMEA,Completed,6173.05,941.82
TXN-001191,2022-01-23,Sales,LATAM,Completed,3744.83,1352.97
TXN-001192,2022-11-06,Marketing,APAC,Completed,5549.82,1075.52
TXN-001193,2023-12-22,Customer Support,EMEA,Pending,7045.68,1663.32
TXN-001194,2023-03-23,Customer Support,EMEA,Completed,5240.19,2637.67
TXN-001195,2022-01-05,Sales,LATAM,Pending,4981.42,
TXN-001196,2022-06-04,Marketing,APAC,Completed,3915.95,2142.85
TXN-001197,2022-01-09,Sales,EMEA,Completed,6250.01,1032.57
TXN-001198,2023-06-06,Engineering,North America,Completed,8278.97,2099.44
TXN-001199,2022-08-24,Engineering,APAC,Completed,7886.62,2522.73
TXN-001200,2022-10-24,Sales,EMEA,Completed,5845.8,1846.41
TXN-001201,2022-09-21,Marketing,APAC,Completed,5728.04,4059.38
TXN-001202,2022-11-25,Engineering,APAC,Completed,5126.19,2348.73
TXN-001203,2023-02-06,Engineering,North America,Pending,5733.91,2850.4
TXN-001204,2023-04-27,Operations,North America,Completed,6517.13,2389.43
TXN-001205,2022-10-08,Operations,North America,Pending,4742.81,1687.77
TXN-001206,2023-07-05,Sales,North America,Completed,6222.13,931.18
TXN-001207,2022-07-07,Operations,North America,Pending,7435.86,388.85
TXN-001208,2022-03-15,Engineering,APAC,Pending,6089.37,370.1
TXN-001209,2022-11-17,Sales,LATAM,Completed,3188.61,2122.88
TXN-001210,2022-10-30,Operations,LATAM,Completed,6605.18,2789.2
TXN-001211,2023-01-26,Engineering,EMEA,Completed,7037.99,1946.46
TXN-001212,2022-02-26,Engineering,EMEA,Pending,6850.54,2128.74
TXN-001213,2022-05-01,Engineering,EMEA,Failed,3582.54,2369.36
TXN-001214,2022-07-23,Customer Support,North America,Failed,6404.25,3221.99
TXN-001215,2022-11-07,Marketing,APAC,Failed,4650.56,1876.05
TXN-001216,2022-12-23,Operations,EMEA,Pending,6251.24,2290.39
TXN-001217,2023-11-02,Sales,EMEA,Pending,3081.44,3616.67
TXN-001218,2023-09-01,Engineering,APAC,Completed,4292.71,1853.97
TXN-001219,2022-07-02,Marketing,North America,Completed,2971.54,2344.28
TXN-001220,2022-02-18,Customer Support,North America,Completed,5428.07,836.97
TXN-001221,2023-05-11,Sales,EMEA,Completed,4551.82,2923.54
TXN-001222,2023-05-25,Marketing,North America,Completed,4378.15,1571.71
TXN-001223,2023-11-08,Marketing,LATAM,Pending,6536.19,1054.28
TXN-001224,2022-02-21,Engineering,LATAM,Pending,4462.16,2523.03
TXN-001225,2023-05-02,Marketing,APAC,Failed,5116.68,12924.571178282418
TXN-001226,2023-09-22,Customer Support,LATAM,Failed,4617.75,1175.87
TXN-001227,2022-05-11,Marketing,North America,Completed,7628.35,2105.18
TXN-001228,2023-06-15,Marketing,North America,Completed,7980.15,2091.23
TXN-001229,2022-11-01,Marketing,LATAM,Completed,6025.36,2629.16
TXN-001230,2023-09-24,Sales,LATAM,Completed,4919.33,1911.35
TXN-001231,2023-04-09,Customer Support,LATAM,Completed,4111.88,1993.29
TXN-001232,2022-04-16,Sales,North America,Failed,5364.01,2228.01
TXN-001233,2023-09-20,Sales,APAC,Completed,3775.72,1477.19
TXN-001234,2022-04-23,Sales,LATAM,Completed,5749.15,2671.68
TXN-001235,2023-03-01,Operations,EMEA,Completed,7055.36,2347.11
TXN-001236,2023-08-17,Customer Support,EMEA,Completed,4596.6,3657.21
TXN-001237,2023-09-01,Marketing,North America,Failed,4550.18,1540.36
TXN-001238,2023-05-17,Sales,APAC,Completed,5479.52,9147.905419704584
TXN-001239,2023-06-09,Customer Support,EMEA,Failed,3647.59,1963.15
TXN-001240,2023-04-20,Marketing,APAC,Completed,4547.65,888.51
TXN-001241,2022-02-23,Engineering,North America,Pending,,2169.24
TXN-001242,2023-06-28,Operations,APAC,Failed,3947.95,1673.64
TXN-001243,2022-01-30,Operations,North America,Failed,2956.44,3923.59
TXN-001244,2023-09-09,Sales,EMEA,Pending,3516.31,3040.61
TXN-001245,2023-01-15,Sales,North America,Completed,5049.75,2882.81
TXN-001246,2023-10-04,Sales,North America,Failed,5260.53,2163.69
TXN-001247,2023-09-21,Operations,EMEA,Completed,4558.56,308.89
TXN-001248,2023-05-12,Operations,EMEA,Pending,3244.29,2893.51
TXN-001249,2023-02-13,Operations,APAC,Completed,5272.99,1838.07
TXN-001250,2023-01-13,Engineering,APAC,Failed,6715.33,2004.68
TXN-001251,2023-08-18,Marketing,APAC,Completed,5399.09,1650.98
TXN-001252,2022-09-15,Sales,North America,Completed,4895.54,1427.88
TXN-001253,2022-04-28,Marketing,APAC,Completed,5526.97,2449.27
TXN-001254,2022-04-10,Customer Support,EMEA,Failed,6565.1,2278.05
TXN-001255,2022-01-11,Operations,North America,Failed,5310.32,2331.36
TXN-001256,2022-09-10,Customer Support,EMEA,Completed,4128.68,1766.04
TXN-001257,2022-06-19,Operations,APAC,Pending,6593.0,972.61
TXN-001258,2023-08-15,Sales,EMEA,Pending,5845.57,2599.51
TXN-001259,2022-05-01,Marketing,APAC,Completed,4161.47,2578.63
TXN-001260,2023-02-22,Sales,EMEA,Completed,5057.09,2245.59
TXN-001261,2023-02-11,Operations,LATAM,Pending,4487.11,191.23
TXN-001262,2023-04-21,Operations,LATAM,Failed,5469.23,2045.34
TXN-001263,2023-07-24,Customer Support,EMEA,Completed,3589.07,3148.28
TXN-001264,2022-02-22,Operations,North America,Completed,1387.72,2470.06
TXN-001265,2022-02-28,Operations,APAC,Completed,5209.17,1781.23
TXN-001266,2023-04-08,Marketing,LATAM,Pending,5961.54,2691.54
TXN-001267,2022-12-26,Marketing,LATAM,Pending,7787.43,1277.44
TXN-001268,2022-01-08,Customer Support,LATAM,Pending,5183.57,1792.6
TXN-001269,2023-03-14,Customer Support,APAC,Completed,2960.8,305.38
TXN-001270,2023-06-02,Marketing,North America,Completed,5394.2,1977.08
TXN-001271,2023-05-04,Operations,EMEA,Pending,2027.16,2374.11
TXN-001272,2023-04-15,Marketing,EMEA,Completed,7320.77,2117.14
TXN-001273,2022-03-29,Marketing,North America,Pending,4089.07,2293.24
TXN-001274,2022-03-15,Marketing,APAC,Pending,4842.74,1828.85
TXN-001275,2023-11-09,Marketing,APAC,Completed,4793.31,2048.28
TXN-001276,2022-09-07,Engineering,North America,Pending,5346.88,2705.36
TXN-001277,2023-05-09,Engineering,EMEA,Completed,2792.78,1568.65
TXN-001278,2023-01-18,Engineering,LATAM,Completed,3900.5,2319.61
TXN-001279,2023-08-08,Engineering,North America,Failed,4686.9,1012.38
TXN-001280,2023-02-17,Sales,North America,Completed,6216.67,1052.97
TXN-001281,2023-04-07,Sales,LATAM,Completed,5042.51,1096.04
TXN-001282,2023-08-08,Customer Support,APAC,Failed,7261.13,3340.61
TXN-001283,2023-04-25,Sales,LATAM,Completed,744.67,2233.05
TXN-001284,2022-10-03,Marketing,LATAM,Failed,5865.69,3059.83
TXN-001285,2023-03-27,Engineering,EMEA,Completed,,980.47
TXN-001286,2022-02-23,Customer Support,LATAM,Pending,3884.69,2506.06
TXN-001287,2022-08-23,Sales,North America,Completed,5497.77,2788.32
TXN-001288,2023-05-15,Sales,APAC,Completed,3393.95,8215.852559279425
TXN-001289,2023-07-31,Operations,LATAM,Completed,3974.97,2366.18
TXN-001290,2023-02-19,Sales,LATAM,Failed,3565.3,2745.93
TXN-001291,2022-05-28,Engineering,North America,Completed,5281.54,2269.23
TXN-001292,2023-04-25,Customer Support,EMEA,Completed,5203.93,764.22
TXN-001293,2023-09-09,Marketing,APAC,Pending,6454.53,1626.53
TXN-001294,2023-12-23,Engineering,EMEA,Completed,4827.09,3197.76
TXN-001295,2022-02-10,Sales,North America,Completed,3897.15,1937.01
TXN-001296,2022-01-09,Sales,EMEA,Completed,3521.97,2360.52
TXN-001297,2022-05-15,Operations,APAC,Completed,3288.64,1632.88
TXN-001298,2022-11-23,Engineering,LATAM,Completed,4373.18,2004.42
TXN-001299,2023-06-18,Customer Support,North America,Completed,3602.0,2101.34
TXN-001300,2022-04-15,Operations,EMEA,Pending,3528.37,1592.82
TXN-001301,2022-01-23,Operations,EMEA,Failed,6694.64,1787.56
TXN-001302,2022-01-19,Customer Support,EMEA,Failed,4161.21,2474.36
TXN-001303,2022-09-18,Customer Support,North America,Completed,3842.04,1562.83
TXN-001304,2022-03-11,Sales,EMEA,Completed,6177.37,2193.55
TXN-001305,2023-11-27,Customer Support,EMEA,Completed,5682.57,3364.02
TXN-001306,2023-03-20,Sales,North America,Pending,5425.51,2298.65
TXN-001307,2023-10-04,Customer Support,EMEA,Failed,4308.83,2335.75
TXN-001308,2023-08-09,Sales,North America,Completed,3961.01,2166.46
TXN-001309,2022-08-15,Operations,LATAM,Completed,5544.21,738.69
TXN-001310,2023-04-02,Sales,LATAM,Pending,7708.13,3691.65
TXN-001311,2022-01-21,Marketing,APAC,Completed,5414.16,2465.95
TXN-001312,2022-04-19,Marketing,LATAM,Pending,4196.62,991.16
TXN-001313,2022-10-17,Marketing,LATAM,Completed,5309.96,
TXN-001314,2022-10-25,Marketing,North America,Pending,6415.13,3109.58
TXN-001315,2022-06-18,Engineering,APAC,Pending,3151.47,535.9
TXN-001316,2022-08-04,Marketing,LATAM,Completed,4257.99,3230.51
TXN-001317,2023-08-10,Operations,EMEA,Pending,8316.23,2609.13
TXN-001318,2023-07-16,Sales,North America,Completed,5496.92,1475.11
TXN-001319,2023-08-16,Operations,LATAM,Completed,3984.29,2045.84
TXN-001320,2022-05-06,Operations,EMEA,Completed,4988.67,
TXN-001321,2023-06-28,Marketing,North America,Completed,5097.27,1168.15
TXN-001322,2023-09-28,Engineering,APAC,Completed,4437.14,1907.56
TXN-001323,2022-05-06,Operations,EMEA,Completed,5087.23,2351.69
TXN-001324,2023-09-18,Marketing,LATAM,Completed,5005.14,2292.64
TXN-001325,2023-12-05,Engineering,EMEA,Completed,6560.7,3599.38
TXN-001326,2023-05-02,Customer Support,APAC,Completed,5145.12,11891.902591853386
TXN-001327,2022-07-30,Marketing,APAC,Completed,6524.87,1465.73
TXN-001328,2023-03-04,Marketing,APAC,Completed,,1932.14
TXN-001329,2023-12-02,Operations,LATAM,Completed,5551.96,1685.42
TXN-001330,2023-01-25,Engineering,LATAM,Completed,4524.0,1497.68
TXN-001331,2023-12-31,Sales,APAC,Completed,2920.86,2502.3
TXN-001332,2023-04-08,Engineering,LATAM,Completed,5354.49,904.29
TXN-001333,2022-07-03,Engineering,North America,Completed,5289.7,1165.41
TXN-001334,2023-10-15,Sales,North America,Completed,3608.54,3324.25
TXN-001335,2023-03-29,Marketing,EMEA,Completed,8019.01,1736.01
TXN-001336,2023-12-22,Engineering,APAC,Completed,4795.01,1911.1
TXN-001337,2022-04-30,Customer Support,APAC,Pending,4779.35,2417.59
TXN-001338,2023-04-26,Marketing,EMEA,Failed,3937.96,3056.4
TXN-001339,2023-10-08,Engineering,LATAM,Completed,5054.44,15.11
TXN-001340,2022-08-19,Customer Support,EMEA,Completed,4499.72,1253.33
TXN-001341,2023-11-04,Sales,EMEA,Failed,2544.88,1770.17
TXN-001342,2023-11-26,Operations,APAC,Completed,2907.33,1488.79
TXN-001343,2022-05-02,Customer Support,LATAM,Completed,3120.74,3150.36
TXN-001344,2023-09-05,Marketing,LATAM,Completed,4779.87,2881.91
TXN-001345,2022-01-30,Sales,North America,Completed,6379.23,1172.96
TXN-001346,2022-10-28,Sales,LATAM,Completed,3632.66,2345.02
TXN-001347,2022-06-11,Customer Support,LATAM,Completed,6102.16,2665.11
TXN-001348,2022-09-28,Customer Support,EMEA,Completed,4451.13,0.0
TXN-001349,2022-05-31,Operations,APAC,Completed,7696.48,2406.21
TXN-001350,2022-05-31,Operations,EMEA,Completed,4748.89,1998.15
TXN-001351,2022-12-27,Marketing,APAC,Pending,3882.39,1560.28
TXN-001352,2023-12-31,Engineering,APAC,Completed,1012.46,2754.89
TXN-001353,2022-01-13,Operations,APAC,Completed,2798.09,2512.82
TXN-001354,2022-03-09,Customer Support,LATAM,Completed,6549.34,1246.4
TXN-001355,2023-02-27,Customer Support,APAC,Completed,5136.03,1254.32
TXN-001356,2022-03-17,Operations,LATAM,Pending,6754.28,2305.81
TXN-001357,2022-11-19,Sales,LATAM,Failed,3621.96,2711.27
TXN-001358,2022-03-03,Sales,APAC,Completed,4406.72,2536.17
TXN-001359,2022-11-15,Marketing,APAC,Failed,3307.27,2569.62
TXN-001360,2023-05-13,Marketing,North America,Failed,5250.74,1130.1
TXN-001361,2023-02-28,Sales,North America,Pending,7221.19,1430.35
TXN-001362,2022-02-17,Engineering,APAC,Completed,4117.23,2099.52
TXN-001363,2023-10-10,Operations,North America,Completed,5376.18,994.26
TXN-001364,2022-03-12,Marketing,EMEA,Completed,5496.19,1870.48
TXN-001365,2023-11-19,Marketing,APAC,Completed,4261.82,1446.71
TXN-001366,2023-05-27,Operations,APAC,Pending,5894.64,3842.4198392859857
TXN-001367,2022-08-16,Marketing,LATAM,Failed,5208.72,817.45
TXN-001368,2023-08-02,Engineering,North America,Completed,5155.43,1893.48
TXN-001369,2023-03-08,Marketing,APAC,Pending,4006.56,2458.69
TXN-001370,2023-05-22,Customer Support,North America,Completed,4525.28,1816.11
TXN-001371,2022-06-16,Operations,EMEA,Pending,5349.4,2867.83
TXN-001372,2022-02-21,Operations,APAC,Pending,7207.95,2550.82
TXN-001373,2023-02-27,Marketing,EMEA,Failed,6923.71,2954.41
TXN-001374,2023-09-19,Customer Support,EMEA,Completed,6504.68,828.63
TXN-001375,2022-07-13,Operations,EMEA,Completed,5355.01,1731.0
TXN-001376,2022-06-03,Operations,North America,Completed,5152.21,1173.3
TXN-001377,2022-01-16,Marketing,North America,Completed,3372.82,2721.44
TXN-001378,2022-08-10,Sales,North America,Pending,4499.49,2985.06
TXN-001379,2022-05-25,Marketing,APAC,Completed,5040.67,3397.92
TXN-001380,2023-01-18,Customer Support,EMEA,Completed,5154.94,937.0
TXN-001381,2022-01-25,Sales,APAC,Completed,6244.19,1902.95
TXN-001382,2023-05-30,Customer Support,North America,Completed,4087.19,2368.26
TXN-001383,2023-07-22,Engineering,APAC,Completed,1701.89,1700.36
TXN-001384,2023-08-18,Engineering,APAC,Pending,7099.33,1813.23
TXN-001385,2022-01-01,Customer Support,LATAM,Failed,5444.13,2863.44
TXN-001386,2022-07-01,Engineering,North America,Failed,4801.76,2194.3
TXN-001387,2023-08-25,Sales,APAC,Pending,2442.18,1870.75
TXN-001388,2022-01-15,Customer Support,APAC,Pending,5262.18,1569.65
TXN-001389,2023-11-06,Marketing,EMEA,Completed,4947.38,1570.53
TXN-001390,2022-01-28,Engineering,APAC,Completed,4137.37,2167.93
TXN-001391,2023-08-31,Engineering,EMEA,Completed,6242.64,1513.17
TXN-001392,2022-11-02,Operations,EMEA,Completed,4243.21,1442.02
TXN-001393,2022-12-25,Marketing,EMEA,Completed,6168.27,1542.28
TXN-001394,2022-05-18,Engineering,EMEA,Completed,5038.8,2966.71
TXN-001395,2022-10-04,Operations,LATAM,Completed,4836.65,3107.9
TXN-001396,2023-11-23,Engineering,APAC,Pending,4835.07,1592.05
TXN-001397,2023-02-24,Engineering,EMEA,Failed,5017.43,1942.95
TXN-001398,2022-10-02,Marketing,APAC,Failed,5478.57,1699.96
TXN-001399,2022-11-28,Sales,EMEA,Pending,5759.74,70.72
TXN-001400,2023-11-24,Marketing,APAC,Completed,7963.87,3055.96
TXN-001401,2022-04-08,Customer Support,LATAM,Completed,4066.11,2465.9
TXN-001402,2022-01-14,Customer Support,APAC,Failed,5941.47,2645.46
TXN-001403,2023-06-22,Customer Support,North America,Completed,2142.58,1179.0
TXN-001404,2022-04-18,Marketing,EMEA,Completed,2119.97,2502.19
TXN-001405,2022-08-09,Customer Support,EMEA,Failed,5744.44,2224.02
TXN-001406,2023-03-15,Marketing,LATAM,Pending,5284.35,2774.9
TXN-001407,2022-10-19,Sales,EMEA,Completed,5378.21,2378.36
TXN-001408,2022-08-23,Operations,LATAM,Failed,4755.08,1610.39
TXN-001409,2022-02-24,Engineering,LATAM,Completed,5833.68,1513.57
TXN-001410,2023-03-14,Operations,APAC,Failed,1473.13,435.58
TXN-001411,2023-01-08,Marketing,LATAM,Completed,7361.58,1808.28
TXN-001412,2022-07-03,Customer Support,EMEA,Completed,4628.69,1500.05
TXN-001413,2023-10-06,Customer Support,LATAM,Failed,0.0,1101.87
TXN-001414,2022-05-22,Operations,APAC,Pending,3471.43,393.53
TXN-001415,2023-05-26,Customer Support,North America,Pending,6999.39,3639.04
TXN-001416,2022-05-03,Engineering,North America,Pending,5406.09,3158.39
TXN-001417,2022-09-10,Marketing,North America,Failed,4764.31,961.12
TXN-001418,2022-12-12,Engineering,LATAM,Completed,5481.14,2115.67
TXN-001419,2022-08-07,Operations,EMEA,Completed,4993.44,2917.62
TXN-001420,2022-10-05,Sales,EMEA,Failed,5845.63,2011.16
TXN-001421,2023-05-07,Operations,LATAM,Pending,5830.83,2168.75
TXN-001422,2023-11-12,Operations,EMEA,Completed,6870.65,3418.78
TXN-001423,2022-01-20,Operations,LATAM,Failed,4685.97,2148.5
TXN-001424,2022-04-17,Sales,LATAM,Failed,6945.9,2125.42
TXN-001425,2023-07-07,Sales,LATAM,Completed,6238.24,2949.83
TXN-001426,2022-02-28,Engineering,LATAM,Completed,5921.91,2386.13
TXN-001427,2022-09-20,Customer Support,North America,Completed,5200.62,3201.86
TXN-001428,2022-05-17,Operations,APAC,Completed,5493.57,1722.47
TXN-001429,2022-10-28,Engineering,APAC,Completed,5117.18,1496.21
TXN-001430,2023-09-05,Engineering,North America,Completed,8684.55,1731.09
TXN-001431,2023-01-09,Sales,North America,Failed,4702.85,2480.72
TXN-001432,2023-10-20,Marketing,North America,Completed,1675.299,2631.99
TXN-001433,2023-10-07,Operations,EMEA,Completed,6292.06,2995.69
TXN-001434,2022-07-21,Operations,North America,Completed,5355.17,2354.48
TXN-001435,2022-11-07,Sales,APAC,Completed,5024.62,2905.41
TXN-001436,2022-02-10,Customer Support,APAC,Completed,3447.34,1471.08
TXN-001437,2022-02-14,Marketing,North America,Pending,5689.58,891.46
TXN-001438,2022-11-23,Customer Support,LATAM,Completed,7208.85,1282.88
TXN-001439,2022-10-22,Engineering,EMEA,Completed,3006.68,3182.55
TXN-001440,2023-08-09,Engineering,North America,Completed,4893.99,2130.9
TXN-001441,2022-02-19,Marketing,APAC,Completed,3964.25,1877.82
TXN-001442,2022-06-26,Sales,EMEA,Completed,2170.06,2578.75
TXN-001443,2023-04-24,Sales,EMEA,Failed,4437.7,611.71
TXN-001444,2023-03-31,Operations,APAC,Completed,5222.48,1256.67
TXN-001445,2022-05-04,Sales,LATAM,Failed,2728.79,2151.72
TXN-001446,2023-12-05,Operations,North America,Completed,5322.69,2757.03
TXN-001447,2023-10-28,Operations,North America,Completed,2430.99,1677.88
TXN-001448,2022-12-24,Operations,APAC,Completed,5778.48,2337.49
TXN-001449,2023-06-06,Customer Support,APAC,Failed,5047.77,7763.699640970243
TXN-001450,2023-02-19,Customer Support,LATAM,Completed,2200.52,1119.73
TXN-001451,2023-05-23,Engineering,North America,Completed,4513.54,997.97
TXN-001452,2023-01-20,Customer Support,APAC,Failed,2048.47,2285.67
TXN-001453,2023-03-06,Operations,North America,Completed,7988.88,1658.6
TXN-001454,2023-08-22,Marketing,North America,Completed,6320.33,2365.15
TXN-001455,2022-05-29,Customer Support,APAC,Failed,4422.43,2263.28
TXN-001456,2023-09-10,Customer Support,EMEA,Completed,4563.28,2922.33
TXN-001457,2023-12-05,Engineering,APAC,Pending,4331.88,2183.92
TXN-001458,2023-05-03,Engineering,North America,Completed,6472.55,1394.47
TXN-001459,2023-12-25,Customer Support,LATAM,Completed,5436.78,1562.04
TXN-001460,2022-07-22,Sales,LATAM,Completed,6314.32,2750.66
TXN-001461,2022-01-19,Engineering,EMEA,Completed,4374.67,1592.28
TXN-001462,2023-12-08,Operations,LATAM,Completed,5435.22,1947.12
TXN-001463,2022-07-29,Operations,LATAM,Failed,6901.67,2154.82
TXN-001464,2022-12-24,Marketing,North America,Completed,3977.57,953.33
TXN-001465,2023-12-18,Marketing,APAC,Completed,3328.89,1206.43
TXN-001466,2022-01-12,Sales,EMEA,Completed,,1629.33
TXN-001467,2023-12-03,Marketing,LATAM,Completed,4017.28,1396.59
TXN-001468,2022-03-21,Marketing,North America,Pending,2167.74,2251.83
TXN-001469,2022-03-19,Engineering,EMEA,Pending,5346.62,717.16
TXN-001470,2022-07-15,Engineering,LATAM,Pending,5136.44,1795.6
TXN-001471,2022-07-23,Customer Support,APAC,Pending,3432.5,3574.5
TXN-001472,2022-10-26,Marketing,North America,Completed,2939.37,2247.0
TXN-001473,2022-12-14,Customer Support,LATAM,Completed,3622.75,1514.84
TXN-001474,2023-07-05,Engineering,APAC,Pending,5338.56,1363.87
TXN-001475,2022-08-21,Engineering,EMEA,Completed,3109.97,2423.14
TXN-001476,2023-06-11,Engineering,APAC,Completed,3376.92,10852.83084608432
TXN-001477,2023-04-05,Customer Support,EMEA,Failed,613.49,1445.01
TXN-001478,2023-12-14,Sales,North America,Pending,4721.94,2122.88
TXN-001479,2023-03-14,Operations,LATAM,Completed,4120.47,1952.48
TXN-001480,2022-08-15,Operations,EMEA,Pending,4524.45,1578.24
TXN-001481,2023-02-05,Customer Support,North America,Pending,4205.74,1782.61
TXN-001482,2022-09-25,Customer Support,EMEA,Failed,4109.84,2199.13
TXN-001483,2022-05-04,Marketing,EMEA,Failed,4320.75,2903.26
TXN-001484,2022-10-29,Engineering,APAC,Pending,3403.56,1034.6
TXN-001485,2023-02-07,Engineering,North America,Completed,5691.14,3162.93
TXN-001486,2023-06-06,Operations,EMEA,Pending,6301.01,2388.24
TXN-001487,2023-11-26,Engineering,APAC,Completed,4928.18,2387.86
TXN-001488,2022-04-24,Engineering,LATAM,Failed,4096.59,2305.23
TXN-001489,2022-06-02,Marketing,EMEA,Completed,5881.2,2911.19
TXN-001490,2023-02-15,Customer Support,APAC,Completed,3633.59,846.09
TXN-001491,2023-10-31,Operations,EMEA,Failed,5141.59,3334.14
TXN-001492,2022-11-13,Marketing,LATAM,Failed,4058.38,1866.02
TXN-001493,2022-02-19,Sales,North America,Completed,3599.7,1890.68
TXN-001494,2022-01-26,Engineering,LATAM,Completed,8080.39,1412.28
TXN-001495,2023-05-12,Marketing,EMEA,Failed,5352.0,3070.5
TXN-001496,2022-09-24,Customer Support,LATAM,Completed,4929.59,1289.8
TXN-001497,2022-07-07,Customer Support,EMEA,Completed,4550.13,1862.85
TXN-001498,2023-03-29,Engineering,North America,Pending,7310.87,2202.0
TXN-001499,2023-02-04,Operations,LATAM,Completed,6606.22,2141.73
TXN-001500,2023-06-18,Customer Support,APAC,Completed,3818.63,0.0
TXN-001501,2022-10-23,Sales,EMEA,Completed,2855.03,1906.99
TXN-001502,2022-04-28,Engineering,EMEA,Completed,4223.79,1960.23
TXN-001503,2022-04-06,Sales,LATAM,Completed,5104.55,2683.42
TXN-001504,2023-05-16,Sales,North America,Pending,6197.47,2218.37
TXN-001505,2022-10-15,Marketing,EMEA,Completed,6434.65,3245.28
TXN-001506,2023-01-02,Marketing,LATAM,Pending,4496.47,2046.64
TXN-001507,2023-03-04,Sales,LATAM,Pending,5186.08,3849.54
TXN-001508,2023-08-17,Operations,APAC,Failed,,2540.4
TXN-001509,2023-04-08,Customer Support,North America,Completed,4307.72,1861.09
TXN-001510,2022-08-26,Sales,North America,Failed,4050.93,1453.97
TXN-001511,2023-06-20,Engineering,EMEA,Completed,4050.69,1894.15
TXN-001512,2023-05-03,Customer Support,LATAM,Pending,4036.68,1548.56
TXN-001513,2023-03-07,Operations,EMEA,Failed,4903.26,2310.3
TXN-001514,2023-06-27,Engineering,North America,Pending,3624.57,1870.16
TXN-001515,2022-10-26,Customer Support,EMEA,Completed,5991.27,1591.16
TXN-001516,2022-11-10,Engineering,LATAM,Completed,5961.49,1956.84
TXN-001517,2022-01-07,Sales,APAC,Completed,7250.35,1613.29
TXN-001518,2023-11-15,Customer Support,EMEA,Pending,7419.97,1184.69
TXN-001519,2022-07-21,Marketing,LATAM,Pending,3687.81,1438.13
TXN-001520,2022-11-13,Engineering,APAC,Pending,4176.81,2017.5
TXN-001521,2022-05-11,Sales,EMEA,Completed,5659.1,2454.08
TXN-001522,2022-06-29,Customer Support,EMEA,Completed,6189.25,2987.44
TXN-001523,2022-07-30,Customer Support,North America,Completed,6279.89,1409.69
TXN-001524,2023-12-13,Sales,EMEA,Pending,5240.79,2019.44
TXN-001525,2023-03-17,Engineering,EMEA,Failed,6777.99,2360.61
TXN-001526,2023-12-02,Operations,North America,Pending,4721.59,2614.42
TXN-001527,2022-11-27,Customer Support,APAC,Completed,3552.85,2471.48
TXN-001528,2023-03-28,Marketing,North America,Completed,4774.29,2163.13
TXN-001529,2023-12-30,Customer Support,APAC,Pending,5149.61,1826.69
TXN-001530,2023-12-15,Engineering,EMEA,Pending,5165.44,597.22
TXN-001531,2023-02-15,Engineering,LATAM,Completed,5419.53,1950.45
TXN-001532,2022-09-09,Engineering,LATAM,Completed,6765.93,3231.15
TXN-001533,2023-03-05,Operations,APAC,Completed,2642.71,1794.57
TXN-001534,2023-06-05,Sales,LATAM,Failed,5915.98,358.53
TXN-001535,2022-11-22,Marketing,EMEA,Completed,4948.78,2898.96
TXN-001536,2023-02-16,Customer Support,APAC,Completed,3167.49,1376.63
TXN-001537,2022-12-13,Customer Support,LATAM,Failed,6347.72,985.8
TXN-001538,2022-06-24,Marketing,EMEA,Completed,5219.19,2190.28
TXN-001539,2022-07-08,Engineering,EMEA,Completed,5032.62,1357.58
TXN-001540,2022-06-05,Sales,EMEA,Completed,2180.92,2448.43
TXN-001541,2023-01-30,Marketing,LATAM,Pending,7740.41,2814.87
TXN-001542,2022-10-18,Operations,LATAM,Completed,6451.87,
TXN-001543,2022-03-24,Engineering,APAC,Completed,5347.96,2040.49
TXN-001544,2023-08-05,Marketing,APAC,Pending,5146.17,2527.18
TXN-001545,2022-12-08,Customer Support,North America,Completed,2192.28,2575.26
TXN-001546,2023-01-16,Customer Support,EMEA,Completed,6082.18,3852.56
TXN-001547,2022-07-27,Engineering,EMEA,Failed,2118.73,1099.22
TXN-001548,2023-01-17,Operations,APAC,Completed,6054.69,1764.93
TXN-001549,2022-06-27,Operations,North America,Pending,4674.95,1485.41
TXN-001550,2023-11-03,Sales,LATAM,Failed,4541.54,587.25
TXN-001551,2023-09-17,Sales,LATAM,Failed,6233.52,381.6
TXN-001552,2022-05-08,Marketing,APAC,Completed,4972.75,1576.06
TXN-001553,2022-01-27,Engineering,APAC,Completed,2953.73,1520.79
TXN-001554,2023-06-12,Sales,North America,Completed,6417.49,2571.18
TXN-001555,2023-09-23,Operations,North America,Pending,4697.05,1265.37
TXN-001556,2022-08-19,Engineering,EMEA,Failed,7893.28,2555.65
TXN-001557,2022-08-19,Marketing,EMEA,Completed,3924.21,2833.82
TXN-001558,2023-11-17,Customer Support,APAC,Completed,7420.35,2380.21
TXN-001559,2023-10-11,Marketing,North America,Completed,1215.57,3201.25
TXN-001560,2022-11-08,Sales,North America,Failed,1395.53,3103.11
TXN-001561,2023-10-16,Customer Support,LATAM,Completed,4845.15,2157.58
TXN-001562,2023-08-23,Marketing,LATAM,Pending,3292.4,1012.64
TXN-001563,2022-08-21,Operations,LATAM,Completed,5787.24,
TXN-001564,2022-05-05,Marketing,APAC,Completed,4379.63,2345.46
TXN-001565,2022-01-29,Engineering,North America,Pending,4747.11,985.29
TXN-001566,2023-01-24,Engineering,North America,Completed,4592.21,3177.12
TXN-001567,2022-01-11,Marketing,EMEA,Pending,3454.61,1870.45
TXN-001568,2022-01-14,Operations,LATAM,Completed,3657.67,3195.81
TXN-001569,2022-02-22,Marketing,EMEA,Pending,2701.54,2964.04
TXN-001570,2022-12-07,Marketing,APAC,Pending,5569.51,2273.71
TXN-001571,2022-11-06,Customer Support,EMEA,Failed,6665.47,1464.48
TXN-001572,2022-05-02,Sales,LATAM,Pending,6587.2,2269.81
TXN-001573,2023-08-14,Engineering,EMEA,Completed,6404.98,1491.47
TXN-001574,2022-07-28,Marketing,APAC,Completed,4344.48,3045.61
TXN-001575,2022-05-13,Engineering,North America,Completed,6907.22,396.23
TXN-001576,2023-02-15,Marketing,APAC,Completed,5751.81,1173.51
TXN-001577,2022-05-13,Engineering,EMEA,Pending,3403.32,1605.37
TXN-001578,2023-01-26,Sales,LATAM,Failed,4568.24,1894.79
TXN-001579,2023-07-23,Customer Support,North America,Completed,4744.78,2609.58
TXN-001580,2022-02-02,Operations,EMEA,Completed,5112.18,2980.82
TXN-001581,2022-05-04,Operations,APAC,Completed,3645.52,1002.35
TXN-001582,2023-07-14,Customer Support,LATAM,Completed,4544.09,840.03
TXN-001583,2023-04-14,Customer Support,APAC,Completed,5191.04,2228.92
TXN-001584,2022-03-26,Engineering,North America,Failed,6816.7,2497.12
TXN-001585,2023-11-08,Marketing,APAC,Completed,3345.52,2353.52
TXN-001586,2022-08-23,Sales,LATAM,Failed,4280.88,2161.36
TXN-001587,2022-02-19,Customer Support,APAC,Completed,5259.76,2397.84
TXN-001588,2022-10-17,Customer Support,North America,Completed,6035.5,642.93
TXN-001589,2022-04-12,Marketing,LATAM,Completed,4685.73,2716.95
TXN-001590,2022-06-05,Operations,APAC,Failed,2604.83,897.08
TXN-001591,2023-02-01,Operations,EMEA,Failed,5242.1,2577.79
TXN-001592,2023-01-06,Customer Support,LATAM,Completed,4550.87,2825.62
TXN-001593,2023-08-26,Engineering,EMEA,Failed,5344.87,3032.67
TXN-001594,2022-08-31,Customer Support,APAC,Completed,5608.26,2217.28
TXN-001595,2023-05-13,Sales,LATAM,Pending,4538.84,1185.12
TXN-001596,2022-07-26,Operations,EMEA,Failed,6757.32,1535.11
TXN-001597,2023-03-18,Customer Support,EMEA,Pending,1204.54,2200.94
TXN-001598,2023-07-31,Engineering,LATAM,Failed,3651.84,2883.96
TXN-001599,2022-03-19,Sales,LATAM,Completed,3884.78,2326.32
TXN-001600,2022-02-17,Engineering,APAC,Completed,5621.18,2818.7
TXN-001601,2023-09-26,Engineering,LATAM,Completed,5011.43,1357.05
TXN-001602,2022-11-27,Engineering,EMEA,Completed,5866.23,2023.0
TXN-001603,2023-12-09,Sales,North America,Completed,5795.34,3597.67
TXN-001604,2022-06-22,Marketing,North America,Pending,6667.35,2214.45
TXN-001605,2023-08-31,Operations,LATAM,Completed,6369.51,2419.85
TXN-001606,2022-09-07,Engineering,North America,Completed,5216.78,2132.11
TXN-001607,2023-09-20,Operations,EMEA,Failed,3072.98,1435.97
TXN-001608,2023-10-19,Sales,LATAM,Completed,5603.71,2385.16
TXN-001609,2023-02-15,Marketing,North America,Completed,3605.52,2023.44
TXN-001610,2023-08-13,Sales,North America,Completed,4706.79,1336.93
TXN-001611,2022-08-05,Operations,APAC,Completed,2372.97,401.18
TXN-001612,2022-08-19,Customer Support,LATAM,Completed,5847.91,2583.96
TXN-001613,2023-03-31,Marketing,EMEA,Completed,4408.85,1641.44
TXN-001614,2023-10-20,Marketing,EMEA,Failed,4560.26,1766.13
TXN-001615,2022-04-06,Customer Support,North America,Completed,3181.18,1071.87
TXN-001616,2022-07-07,Engineering,APAC,Completed,3664.16,2186.27
TXN-001617,2023-04-17,Customer Support,EMEA,Completed,6388.91,2570.83
TXN-001618,2022-09-02,Engineering,LATAM,Completed,2230.9,1652.16
TXN-001619,2022-11-13,Marketing,North America,Completed,5235.31,3505.0
TXN-001620,2022-07-10,Marketing,EMEA,Pending,1758.43,1677.89
TXN-001621,2023-02-06,Customer Support,North America,Completed,4732.13,2423.97
TXN-001622,2022-02-27,Engineering,North America,Completed,5796.81,2960.78
TXN-001623,2022-08-07,Engineering,LATAM,Pending,5138.75,1818.42
TXN-001624,2022-08-17,Sales,EMEA,Failed,5810.39,3738.18
TXN-001625,2022-06-15,Engineering,EMEA,Failed,5791.66,1783.23
TXN-001626,2023-02-25,Engineering,LATAM,Completed,4023.92,2148.79
TXN-001627,2023-04-01,Customer Support,LATAM,Failed,5976.13,825.7
TXN-001628,2022-02-25,Marketing,EMEA,Completed,5386.83,1055.83
TXN-001629,2023-08-02,Engineering,EMEA,Failed,3879.34,2002.31
TXN-001630,2023-01-04,Customer Support,LATAM,Pending,2096.84,1757.35
TXN-001631,2023-04-06,Engineering,EMEA,Completed,4379.27,1832.69
TXN-001632,2023-07-18,Customer Support,APAC,Completed,6307.73,1971.24
TXN-001633,2023-01-22,Customer Support,LATAM,Completed,5815.64,1836.68
TXN-001634,2022-12-13,Engineering,APAC,Pending,7660.93,1456.05
TXN-001635,2023-06-09,Sales,APAC,Completed,5412.99,10251.720221022848
TXN-001636,2022-08-12,Operations,LATAM,Completed,5095.84,1940.98
TXN-001637,2022-07-26,Sales,North America,Completed,6985.92,1607.03
TXN-001638,2022-09-28,Customer Support,EMEA,Pending,4418.81,2493.46
TXN-001639,2022-10-18,Operations,EMEA,Pending,6013.9,1439.63
TXN-001640,2023-02-02,Sales,LATAM,Failed,2084.37,64.73
TXN-001641,2022-04-01,Marketing,EMEA,Completed,4038.86,1675.42
TXN-001642,2022-12-14,Engineering,LATAM,Completed,3120.08,2723.95
TXN-001643,2023-10-06,Marketing,EMEA,Completed,6290.04,1826.72
TXN-001644,2022-03-16,Sales,LATAM,Pending,4236.8,2415.67
TXN-001645,2023-07-08,Operations,LATAM,Pending,2806.68,
TXN-001646,2022-08-29,Customer Support,EMEA,Failed,7446.47,1822.43
TXN-001647,2023-03-23,Engineering,APAC,Completed,4796.9,2547.1
TXN-001648,2023-06-16,Marketing,EMEA,Completed,5617.79,1806.86
TXN-001649,2022-04-20,Sales,LATAM,Completed,6706.06,3184.64
TXN-001650,2022-08-08,Customer Support,EMEA,Failed,4309.08,2764.75
TXN-001651,2023-09-18,Operations,APAC,Completed,6417.31,752.65
TXN-001652,2022-12-02,Marketing,North America,Completed,6340.79,2255.4
TXN-001653,2023-09-15,Customer Support,EMEA,Pending,6890.18,2223.56
TXN-001654,2023-04-05,Engineering,North America,Failed,5308.53,2917.82
TXN-001655,2022-01-14,Operations,LATAM,Pending,8333.38,1730.59
TXN-001656,2022-08-31,Sales,APAC,Failed,5938.92,1776.87
TXN-001657,2023-09-03,Customer Support,APAC,Pending,6999.87,2408.45
TXN-001658,2023-07-07,Operations,LATAM,Failed,6395.9,2389.3
TXN-001659,2023-08-13,Sales,EMEA,Completed,,4508.26
TXN-001660,2022-10-14,Customer Support,North America,Pending,5614.14,3003.62
TXN-001661,2023-12-21,Customer Support,LATAM,Failed,3108.57,2241.74
TXN-001662,2023-02-12,Customer Support,EMEA,Completed,5924.54,2428.97
TXN-001663,2023-11-11,Customer Support,LATAM,Failed,4970.98,3592.91
TXN-001664,2022-10-07,Customer Support,North America,Completed,5166.62,3208.23
TXN-001665,2023-06-21,Customer Support,LATAM,Pending,3456.85,1217.83
TXN-001666,2022-06-19,Sales,EMEA,Failed,6044.04,2128.11
TXN-001667,2023-08-15,Sales,APAC,Pending,2905.02,2009.58
TXN-001668,2022-05-10,Customer Support,LATAM,Pending,6108.3,1690.29
TXN-001669,2022-07-29,Engineering,APAC,Failed,4763.56,701.88
TXN-001670,2022-12-03,Customer Support,North America,Completed,4700.6,2020.46
TXN-001671,2022-09-14,Operations,EMEA,Pending,4995.4,1708.58
TXN-001672,2022-10-11,Operations,EMEA,Failed,3728.76,512.38
TXN-001673,2023-01-24,Operations,EMEA,Completed,5710.42,1264.64
TXN-001674,2023-08-09,Sales,North America,Completed,4334.41,2529.63
TXN-001675,2023-12-22,Operations,EMEA,Completed,3696.34,2036.11
TXN-001676,2022-12-01,Sales,North America,Pending,4775.72,2424.06
TXN-001677,2022-11-07,Marketing,North America,Pending,4598.86,3227.88
TXN-001678,2022-04-14,Sales,North America,Pending,5581.86,1599.77
TXN-001679,2023-03-15,Customer Support,EMEA,Completed,8135.0,1326.7
TXN-001680,2023-02-09,Operations,North America,Completed,4165.78,1610.95
TXN-001681,2022-11-23,Marketing,APAC,Failed,4207.8,1967.97
TXN-001682,2023-04-19,Customer Support,APAC,Completed,4887.87,1517.5
TXN-001683,2023-10-07,Engineering,APAC,Completed,3363.16,2141.75
TXN-001684,2022-09-26,Customer Support,EMEA,Pending,3833.95,1181.38
TXN-001685,2023-12-04,Customer Support,North America,Failed,4809.35,1820.94
TXN-001686,2022-12-04,Sales,LATAM,Completed,5127.24,150.35
TXN-001687,2022-11-28,Marketing,EMEA,Completed,2994.08,1438.19
TXN-001688,2022-08-28,Marketing,LATAM,Completed,8312.79,3119.33
TXN-001689,2023-11-12,Marketing,North America,Completed,5869.39,599.26
TXN-001690,2022-12-23,Operations,LATAM,Completed,4819.52,2226.98
TXN-001691,2022-07-31,Operations,LATAM,Completed,5825.13,1043.55
TXN-001692,2022-05-12,Operations,APAC,Completed,4378.65,3209.46
TXN-001693,2023-08-02,Sales,North America,Pending,4835.1,2060.47
TXN-001694,2023-11-01,Operations,EMEA,Completed,4601.71,949.75
TXN-001695,2023-07-10,Sales,North America,Completed,3906.52,1679.02
TXN-001696,2023-10-23,Operations,LATAM,Completed,4417.77,1562.65
TXN-001697,2023-12-20,Sales,APAC,Pending,2728.11,2713.07
TXN-001698,2023-03-17,Operations,APAC,Failed,3742.87,1677.33
TXN-001699,2022-06-03,Customer Support,North America,Completed,2110.0,2095.33
TXN-001700,2023-12-09,Operations,APAC,Completed,3407.7,1656.22
TXN-001701,2023-08-20,Customer Support,EMEA,Failed,5230.44,2033.1
TXN-001702,2022-08-24,Operations,APAC,Failed,7733.62,213.39
TXN-001703,2022-11-08,Engineering,LATAM,Failed,4363.5,1071.06
TXN-001704,2022-08-01,Sales,EMEA,Failed,6843.69,963.11
TXN-001705,2023-07-28,Operations,EMEA,Completed,4587.76,3099.6
TXN-001706,2022-11-01,Operations,North America,Failed,3742.36,2474.42
TXN-001707,2022-04-22,Marketing,North America,Completed,5462.7,1423.48
TXN-001708,2023-06-27,Sales,EMEA,Completed,5831.85,2186.74
TXN-001709,2023-07-02,Marketing,LATAM,Completed,2980.72,1322.51
TXN-001710,2022-01-18,Operations,North America,Completed,4845.29,
TXN-001711,2023-03-20,Marketing,APAC,Failed,4981.88,2081.32
TXN-001712,2022-10-29,Marketing,APAC,Completed,10103.84,1369.15
TXN-001713,2022-04-16,Customer Support,APAC,Completed,8398.62,1695.8
TXN-001714,2022-09-06,Operations,EMEA,Pending,4155.01,1952.14
TXN-001715,2023-11-14,Customer Support,LATAM,Completed,6977.48,2092.78
TXN-001716,2022-08-16,Engineering,EMEA,Failed,7236.39,1970.85
TXN-001717,2023-07-28,Customer Support,APAC,Failed,4099.91,2506.78
TXN-001718,2022-03-12,Operations,North America,Failed,6726.7,2726.55
TXN-001719,2023-12-25,Sales,North America,Pending,4108.73,3902.31
TXN-001720,2022-03-14,Marketing,EMEA,Completed,4074.82,2154.02
TXN-001721,2023-06-02,Operations,APAC,Completed,2283.16,662.6708236287844
TXN-001722,2023-04-26,Engineering,APAC,Completed,4222.21,1158.35
TXN-001723,2023-07-27,Engineering,North America,Failed,7503.73,1476.27
TXN-001724,2022-07-27,Engineering,North America,Failed,6498.7,2521.29
TXN-001725,2022-08-28,Marketing,North America,Failed,5727.64,2095.27
TXN-001726,2023-02-06,Marketing,APAC,Pending,3813.46,2842.23
TXN-001727,2023-10-13,Marketing,North America,Completed,1155.75,2415.02
TXN-001728,2022-05-03,Marketing,LATAM,Completed,4529.83,1479.76
TXN-001729,2023-05-25,Sales,APAC,Completed,4767.74,3982.652773370282
TXN-001730,2022-04-16,Sales,North America,Completed,6774.36,470.25
TXN-001731,2023-10-05,Marketing,North America,Completed,1451.1599999999999,1396.92
TXN-001732,2023-02-27,Sales,APAC,Completed,6802.14,1391.65
TXN-001733,2022-04-14,Customer Support,North America,Completed,3201.33,2049.39
TXN-001734,2022-01-16,Operations,APAC,Failed,5238.27,1860.84
TXN-001735,2022-12-31,Customer Support,North America,Completed,7092.43,2417.79
TXN-001736,2023-03-31,Marketing,EMEA,Completed,3230.24,1646.7
TXN-001737,2022-04-12,Sales,LATAM,Failed,,1027.17
TXN-001738,2022-12-15,Customer Support,APAC,Completed,4678.72,1133.87
TXN-001739,2023-02-09,Sales,North America,Completed,6169.42,1553.48
TXN-001740,2022-10-03,Sales,North America,Completed,6126.7,1237.8
TXN-001741,2022-11-16,Customer Support,North America,Pending,3964.72,2048.39
TXN-001742,2023-06-09,Engineering,APAC,Completed,5684.6,3617.747581741051
TXN-001743,2023-05-14,Customer Support,EMEA,Completed,5339.86,1190.38
TXN-001744,2023-12-30,Marketing,EMEA,Pending,4957.26,1391.38
TXN-001745,2023-03-30,Operations,North America,Pending,3093.71,1873.08
TXN-001746,2022-12-31,Marketing,APAC,Completed,3805.66,2702.08
TXN-001747,2022-08-02,Marketing,APAC,Pending,4980.43,953.68
TXN-001748,2022-03-09,Operations,LATAM,Pending,5303.91,2795.88
TXN-001749,2023-01-31,Engineering,North America,Pending,7696.64,1749.44
TXN-001750,2023-06-19,Customer Support,North America,Failed,3562.93,784.18
TXN-001751,2023-08-22,Operations,EMEA,Completed,1608.57,2365.63
TXN-001752,2023-12-04,Customer Support,LATAM,Completed,4677.94,2082.95
TXN-001753,2022-09-08,Customer Support,LATAM,Failed,6409.91,0.0
TXN-001754,2023-05-09,Operations,EMEA,Completed,6798.24,2278.52
TXN-001755,2022-09-20,Operations,EMEA,Completed,3325.03,1907.53
TXN-001756,2023-06-17,Marketing,EMEA,Failed,5013.5,740.67
TXN-001757,2023-09-21,Customer Support,EMEA,Completed,3824.22,3023.98
TXN-001758,2023-11-06,Customer Support,EMEA,Completed,6463.81,1892.39
TXN-001759,2022-12-05,Engineering,APAC,Completed,3921.56,1030.75
TXN-001760,2022-02-01,Marketing,North America,Pending,3907.08,2810.43
TXN-001761,2023-02-28,Customer Support,LATAM,Completed,6108.1,1977.01
TXN-001762,2022-12-05,Operations,North America,Failed,6646.84,2238.26
TXN-001763,2022-04-26,Customer Support,North America,Failed,5362.49,2245.6
TXN-001764,2023-10-06,Sales,LATAM,Completed,5665.47,1562.78
TXN-001765,2023-01-18,Marketing,North America,Pending,5753.02,3191.53
TXN-001766,2023-02-23,Engineering,EMEA,Completed,8729.29,1949.9
TXN-001767,2023-06-19,Engineering,LATAM,Completed,4310.12,957.03
TXN-001768,2023-12-25,Sales,EMEA,Completed,6117.86,1970.63
TXN-001769,2022-10-17,Engineering,North America,Failed,5456.81,2802.13
TXN-001770,2023-09-26,Operations,LATAM,Pending,3030.84,564.11
TXN-001771,2023-08-09,Sales,North America,Completed,8431.79,1002.67
TXN-001772,2022-09-20,Sales,LATAM,Completed,3457.34,2315.15
TXN-001773,2022-02-22,Operations,EMEA,Completed,3994.88,3169.82
TXN-001774,2023-04-08,Engineering,LATAM,Completed,4246.21,3017.15
TXN-001775,2022-08-07,Operations,North America,Completed,7324.6,1619.74
TXN-001776,2022-12-18,Engineering,EMEA,Completed,7369.32,2143.85
TXN-001777,2023-10-08,Sales,EMEA,Failed,5576.63,1560.04
TXN-001778,2022-05-23,Operations,LATAM,Completed,3879.12,2288.6
TXN-001779,2022-11-04,Marketing,APAC,Completed,6115.61,1300.05
TXN-001780,2022-06-22,Operations,North America,Failed,3981.54,2902.1
TXN-001781,2023-09-28,Sales,EMEA,Completed,3370.38,3240.03
TXN-001782,2022-03-22,Engineering,EMEA,Completed,4542.4,2775.78
TXN-001783,2022-02-23,Customer Support,APAC,Pending,4995.67,2544.73
TXN-001784,2022-04-12,Operations,North America,Pending,5578.87,3677.06
TXN-001785,2023-09-19,Operations,APAC,Failed,7140.58,1903.49
TXN-001786,2022-06-02,Sales,APAC,Pending,3451.26,1758.98
TXN-001787,2022-11-23,Operations,EMEA,Completed,6441.88,2115.03
TXN-001788,2023-01-29,Engineering,LATAM,Completed,7841.81,2164.01
TXN-001789,2023-01-14,Engineering,LATAM,Pending,5567.43,1824.08
TXN-001790,2023-05-26,Engineering,North America,Completed,5087.1,2770.9
TXN-001791,2022-10-31,Customer Support,LATAM,Failed,2846.6,2119.81
TXN-001792,2022-05-25,Customer Support,North America,Failed,2898.11,1874.28
TXN-001793,2022-07-09,Sales,EMEA,Failed,2872.68,3209.14
TXN-001794,2023-02-16,Operations,EMEA,Completed,7401.45,3897.64
TXN-001795,2023-09-24,Operations,APAC,Failed,2665.74,1252.64
TXN-001796,2023-11-17,Operations,North America,Pending,4791.76,2584.44
TXN-001797,2022-04-06,Engineering,LATAM,Failed,3190.66,1853.36
TXN-001798,2023-06-01,Operations,LATAM,Completed,7446.16,2538.47
TXN-001799,2023-12-09,Customer Support,APAC,Completed,4072.08,2753.8
TXN-001800,2023-05-03,Engineering,EMEA,Failed,5209.46,1313.42
TXN-001801,2022-11-28,Engineering,LATAM,Completed,7576.39,1811.56
TXN-001802,2022-10-01,Engineering,EMEA,Pending,4958.7,2290.56
TXN-001803,2022-02-21,Marketing,North America,Failed,3946.07,922.42
TXN-001804,2023-11-28,Operations,APAC,Failed,6902.71,2537.06
TXN-001805,2023-09-20,Operations,EMEA,Failed,6000.85,1240.41
TXN-001806,2023-08-28,Engineering,EMEA,Completed,3608.65,1759.37
TXN-001807,2022-07-13,Customer Support,LATAM,Completed,4068.17,2009.37
TXN-001808,2023-12-30,Engineering,LATAM,Completed,5171.49,2295.87
TXN-001809,2022-12-05,Marketing,North America,Pending,4820.41,65.1
TXN-001810,2023-12-04,Customer Support,LATAM,Completed,,2362.18
TXN-001811,2022-09-04,Engineering,EMEA,Completed,7075.8,3549.34
TXN-001812,2022-03-16,Operations,LATAM,Completed,1430.29,2126.48
TXN-001813,2023-04-13,Engineering,APAC,Completed,5892.45,1573.25
TXN-001814,2022-02-03,Operations,LATAM,Pending,3852.93,1727.59
TXN-001815,2022-03-08,Operations,EMEA,Completed,3835.84,1749.14
TXN-001816,2022-02-19,Sales,EMEA,Completed,5567.31,1537.91
TXN-001817,2022-06-17,Marketing,LATAM,Failed,3556.16,
TXN-001818,2022-02-22,Marketing,EMEA,Failed,5632.09,2679.53
TXN-001819,2023-09-17,Marketing,APAC,Completed,5835.15,2849.9
TXN-001820,2023-10-09,Customer Support,APAC,Completed,5246.99,2152.02
TXN-001821,2022-01-16,Marketing,North America,Completed,4941.79,2039.45
TXN-001822,2023-11-24,Operations,EMEA,Completed,4509.4,2376.25
TXN-001823,2022-03-03,Operations,APAC,Completed,5420.4,1934.84
TXN-001824,2022-02-16,Sales,APAC,Completed,6974.52,1454.9
TXN-001825,2023-11-11,Operations,North America,Completed,6626.7,2020.59
TXN-001826,2022-10-07,Sales,LATAM,Pending,4677.65,1266.87
TXN-001827,2022-04-07,Engineering,EMEA,Completed,6180.65,1439.36
TXN-001828,2023-06-09,Marketing,LATAM,Completed,6906.63,2060.07
TXN-001829,2022-12-13,Engineering,EMEA,Failed,5071.42,829.08
TXN-001830,2023-09-01,Operations,APAC,Pending,4541.97,1853.48
TXN-001831,2023-04-10,Engineering,APAC,Pending,3860.14,2830.91
TXN-001832,2023-11-04,Engineering,EMEA,Completed,4335.46,2298.23
TXN-001833,2022-01-07,Marketing,North America,Pending,5798.21,1651.36
TXN-001834,2023-09-30,Operations,North America,Completed,2061.92,1497.74
TXN-001835,2023-10-30,Sales,North America,Completed,4524.81,2774.66
TXN-001836,2023-02-06,Sales,EMEA,Completed,5422.97,2453.84
TXN-001837,2022-02-20,Sales,EMEA,Pending,6330.22,1997.68
TXN-001838,2023-05-05,Engineering,LATAM,Completed,4825.06,1542.49
TXN-001839,2023-07-27,Operations,LATAM,Completed,7184.27,2593.02
TXN-001840,2022-05-19,Sales,APAC,Failed,4691.38,1217.45
TXN-001841,2023-11-18,Engineering,North America,Failed,4282.5,2964.44
TXN-001842,2022-10-03,Engineering,North America,Failed,5014.84,2075.38
TXN-001843,2022-02-25,Operations,EMEA,Pending,3696.25,930.53
TXN-001844,2023-04-20,Marketing,LATAM,Completed,5942.69,1271.69
TXN-001845,2022-02-14,Marketing,EMEA,Completed,4829.18,2160.49
TXN-001846,2022-01-29,Sales,APAC,Pending,6548.03,1596.69
TXN-001847,2022-07-18,Sales,EMEA,Completed,,1360.83
TXN-001848,2022-10-05,Marketing,APAC,Completed,4448.38,2731.63
TXN-001849,2023-03-23,Marketing,North America,Completed,2778.81,2548.18
TXN-001850,2022-08-29,Engineering,LATAM,Completed,2952.22,801.67
TXN-001851,2022-02-06,Sales,EMEA,Completed,5432.6,1606.08
TXN-001852,2023-12-06,Engineering,EMEA,Pending,3626.43,3573.3
TXN-001853,2023-03-23,Sales,EMEA,Completed,4823.79,1682.69
TXN-001854,2022-08-26,Sales,LATAM,Completed,3995.96,1721.25
TXN-001855,2022-06-29,Operations,North America,Pending,2901.57,2316.8
TXN-001856,2022-06-30,Engineering,APAC,Completed,6500.85,2971.02
TXN-001857,2023-06-07,Engineering,APAC,Completed,5722.1,4151.2318572814975
TXN-001858,2022-07-13,Sales,North America,Completed,4313.33,2586.83
TXN-001859,2022-06-14,Marketing,EMEA,Pending,6197.79,2003.17
TXN-001860,2023-11-01,Operations,EMEA,Failed,4597.12,1220.65
TXN-001861,2023-02-26,Operations,APAC,Completed,3236.45,1423.78
TXN-001862,2022-07-09,Engineering,LATAM,Completed,6176.04,2076.23
TXN-001863,2023-11-04,Customer Support,APAC,Failed,5909.97,310.45
TXN-001864,2022-01-13,Marketing,EMEA,Completed,1968.4,1771.25
TXN-001865,2022-04-24,Sales,EMEA,Pending,5684.13,1174.15
TXN-001866,2023-12-15,Operations,EMEA,Failed,7955.39,2857.51
TXN-001867,2022-01-22,Operations,EMEA,Pending,7365.26,1814.17
TXN-001868,2022-05-18,Customer Support,North America,Pending,7217.47,2218.4
TXN-001869,2023-04-09,Sales,APAC,Failed,4250.13,2103.79
TXN-001870,2022-12-22,Customer Support,EMEA,Failed,6601.45,1720.53
TXN-001871,2023-08-13,Sales,APAC,Completed,5271.15,1951.91
TXN-001872,2022-09-20,Engineering,North America,Completed,7843.35,2065.76
TXN-001873,2022-10-16,Customer Support,North America,Completed,3581.04,1396.08
TXN-001874,2022-03-17,Operations,APAC,Completed,6573.5,1594.95
TXN-001875,2023-01-18,Engineering,EMEA,Completed,3231.4,1269.2
TXN-001876,2023-10-19,Customer Support,APAC,Pending,6674.97,2691.84
TXN-001877,2022-04-10,Customer Support,EMEA,Completed,5092.92,2546.54
TXN-001878,2022-09-25,Customer Support,LATAM,Completed,5039.07,1438.3
TXN-001879,2022-08-12,Sales,APAC,Completed,5043.1,2065.83
TXN-001880,2022-03-21,Customer Support,EMEA,Completed,3197.74,399.26
TXN-001881,2022-08-05,Customer Support,North America,Completed,4888.87,2131.74
TXN-001882,2022-02-09,Sales,APAC,Completed,3687.48,2212.53
TXN-001883,2023-02-05,Sales,EMEA,Completed,5287.58,2375.8
TXN-001884,2023-09-22,Engineering,EMEA,Completed,5027.09,1328.81
TXN-001885,2023-05-29,Operations,APAC,Pending,3821.95,1946.6353301218278
TXN-001886,2023-05-03,Engineering,LATAM,Completed,2906.0,956.46
TXN-001887,2022-04-21,Engineering,APAC,Completed,2904.57,1635.09
TXN-001888,2022-09-18,Operations,APAC,Failed,4996.93,1831.25
TXN-001889,2023-01-09,Sales,LATAM,Completed,7003.72,2900.43
TXN-001890,2022-05-04,Customer Support,North America,Failed,4614.81,2017.68
TXN-001891,2022-12-26,Operations,LATAM,Pending,,2967.6
TXN-001892,2023-10-09,Sales,EMEA,Failed,6752.05,
TXN-001893,2022-04-02,Operations,LATAM,Completed,4849.79,956.81
TXN-001894,2022-10-22,Engineering,North America,Completed,2139.74,1937.97
TXN-001895,2023-07-13,Engineering,APAC,Completed,6235.08,357.42
TXN-001896,2022-11-07,Sales,APAC,Failed,7600.42,1847.21
TXN-001897,2022-06-05,Marketing,EMEA,Pending,3371.95,
TXN-001898,2022-05-14,Operations,LATAM,Pending,5729.55,1281.1
TXN-001899,2022-12-19,Marketing,EMEA,Completed,3448.19,3272.7
TXN-001900,2023-06-08,Customer Support,EMEA,Completed,4225.28,1299.9
TXN-001901,2023-04-11,Customer Support,APAC,Completed,5128.31,2442.86
TXN-001902,2022-04-15,Engineering,APAC,Completed,5851.67,208.72
TXN-001903,2022-07-18,Operations,LATAM,Completed,5806.27,2845.84
TXN-001904,2022-05-01,Customer Support,North America,Completed,5364.52,2580.16
TXN-001905,2023-05-21,Operations,APAC,Completed,3801.23,9270.501581571603
TXN-001906,2022-05-17,Marketing,APAC,Failed,5202.98,2248.85
TXN-001907,2023-06-24,Sales,LATAM,Pending,3971.27,2536.39
TXN-001908,2023-07-22,Customer Support,LATAM,Pending,6193.72,2290.07
TXN-001909,2023-06-23,Marketing,EMEA,Failed,5145.04,3014.89
TXN-001910,2023-03-11,Marketing,EMEA,Pending,2872.02,1435.22
TXN-001911,2023-10-27,Engineering,EMEA,Completed,2460.67,1405.2
TXN-001912,2022-03-23,Sales,APAC,Completed,3590.76,2759.36
TXN-001913,2022-06-23,Operations,LATAM,Completed,5858.48,3309.39
TXN-001914,2022-03-30,Engineering,North America,Failed,7122.7,2147.23
TXN-001915,2022-08-16,Operations,North America,Completed,5704.06,1358.81
TXN-001916,2022-09-06,Engineering,LATAM,Completed,5626.74,1856.33
TXN-001917,2023-10-10,Customer Support,APAC,Completed,5822.92,2200.86
TXN-001918,2023-05-19,Marketing,LATAM,Completed,6586.06,1679.2
TXN-001919,2023-09-30,Marketing,APAC,Pending,4286.89,2332.0
TXN-001920,2022-12-22,Operations,LATAM,Failed,5404.28,1784.22
TXN-001921,2022-02-28,Engineering,North America,Failed,3688.42,2171.7
TXN-001922,2023-01-07,Marketing,APAC,Completed,6130.27,2724.94
TXN-001923,2022-04-20,Marketing,EMEA,Completed,3618.74,1809.33
TXN-001924,2023-01-05,Engineering,North America,Completed,6456.05,1889.78
TXN-001925,2023-02-01,Sales,North America,Completed,5407.45,2081.45
TXN-001926,2022-03-05,Customer Support,APAC,Completed,4583.96,1993.85
TXN-001927,2023-11-29,Customer Support,EMEA,Completed,7716.37,1968.91
TXN-001928,2023-12-06,Engineering,LATAM,Completed,6395.99,844.82
TXN-001929,2023-10-22,Sales,APAC,Completed,6595.19,2436.02
TXN-001930,2022-10-21,Operations,LATAM,Completed,3945.09,2254.16
TXN-001931,2023-07-10,Sales,North America,Completed,5835.28,1633.44
TXN-001932,2022-06-04,Customer Support,North America,Failed,4150.37,2174.34
TXN-001933,2023-05-21,Customer Support,APAC,Completed,5588.96,7418.6779441337385
TXN-001934,2023-02-08,Marketing,APAC,Pending,4274.96,1080.87
TXN-001935,2022-03-11,Customer Support,EMEA,Completed,1798.08,1025.37
TXN-001936,2023-07-09,Sales,North America,Pending,5032.89,1112.13
TXN-001937,2022-06-24,Customer Support,North America,Completed,8494.32,1142.29
TXN-001938,2023-09-21,Sales,APAC,Failed,,1910.44
TXN-001939,2022-06-29,Engineering,EMEA,Pending,1882.54,2564.1
TXN-001940,2023-06-06,Marketing,North America,Failed,6647.1,1371.23
TXN-001941,2022-06-24,Customer Support,EMEA,Failed,5447.54,2926.31
TXN-001942,2022-03-09,Marketing,EMEA,Pending,4216.97,499.18
TXN-001943,2023-10-15,Operations,APAC,Completed,6740.18,3288.01
TXN-001944,2023-10-15,Engineering,North America,Completed,6137.04,1777.53
TXN-001945,2023-05-16,Engineering,LATAM,Pending,7863.97,3238.03
TXN-001946,2023-08-03,Marketing,APAC,Failed,5000.78,1764.07
TXN-001947,2023-05-07,Customer Support,APAC,Failed,7105.4,8527.697652751793
TXN-001948,2022-12-03,Customer Support,EMEA,Completed,8143.14,1798.74
TXN-001949,2022-05-11,Customer Support,LATAM,Failed,6797.01,1170.17
TXN-001950,2023-12-28,Customer Support,LATAM,Pending,7450.33,1384.53
TXN-001951,2023-02-03,Sales,LATAM,Completed,3472.14,2119.69
TXN-001952,2023-06-26,Marketing,EMEA,Completed,5127.22,3163.16
TXN-001953,2023-09-23,Customer Support,North America,Pending,4606.86,2666.43
TXN-001954,2022-06-17,Sales,EMEA,Completed,3442.86,2485.3
TXN-001955,2023-08-03,Operations,APAC,Failed,5233.02,2766.09
TXN-001956,2022-12-09,Marketing,North America,Completed,5817.56,314.02
TXN-001957,2023-07-27,Customer Support,LATAM,Failed,3339.85,1904.61
TXN-001958,2022-01-22,Engineering,EMEA,Pending,5912.46,1496.32
TXN-001959,2022-08-11,Customer Support,North America,Completed,4946.49,0.0
TXN-001960,2023-10-28,Marketing,EMEA,Pending,1898.43,1197.72
TXN-001961,2022-07-14,Sales,North America,Completed,6928.39,3200.78
TXN-001962,2022-03-27,Operations,LATAM,Completed,4751.36,773.35
TXN-001963,2023-02-14,Operations,APAC,Completed,7517.93,2256.77
TXN-001964,2022-06-02,Marketing,LATAM,Completed,5239.06,1677.07
TXN-001965,2022-02-06,Operations,EMEA,Completed,4711.29,3213.37
TXN-001966,2022-09-15,Operations,APAC,Completed,6182.78,2651.12
TXN-001967,2023-03-03,Engineering,EMEA,Failed,7503.8,1452.33
TXN-001968,2022-06-01,Engineering,EMEA,Failed,3362.73,467.11
TXN-001969,2023-01-24,Engineering,APAC,Pending,6122.92,1983.36
TXN-001970,2022-08-15,Engineering,LATAM,Pending,5793.06,2893.76
TXN-001971,2022-09-11,Operations,LATAM,Failed,1768.2,2591.94
TXN-001972,2022-09-06,Operations,North America,Completed,2591.46,1885.54
TXN-001973,2023-12-13,Operations,EMEA,Failed,4935.65,2489.39
TXN-001974,2022-02-13,Engineering,LATAM,Completed,4139.11,1562.22
TXN-001975,2023-10-27,Engineering,EMEA,Completed,3568.35,1238.88
TXN-001976,2022-11-11,Engineering,North America,Pending,5358.36,2508.22
TXN-001977,2022-10-01,Engineering,EMEA,Failed,3476.57,1762.64
TXN-001978,2023-06-17,Marketing,APAC,Completed,4071.35,923.11
TXN-001979,2022-10-16,Customer Support,APAC,Completed,3682.89,2526.79
TXN-001980,2023-01-21,Sales,APAC,Pending,4446.71,1327.5
TXN-001981,2022-12-23,Marketing,LATAM,Pending,2437.37,401.45
TXN-001982,2022-07-23,Marketing,EMEA,Completed,5421.84,2224.3
TXN-001983,2023-12-23,Marketing,North America,Completed,,2452.98
TXN-001984,2023-10-10,Operations,APAC,Failed,6150.16,1749.59
TXN-001985,2022-05-10,Operations,North America,Failed,4726.19,2975.74
TXN-001986,2023-08-28,Customer Support,LATAM,Failed,8508.29,924.98
TXN-001987,2022-04-22,Customer Support,North America,Completed,7264.47,1693.5
TXN-001988,2023-07-06,Marketing,LATAM,Failed,5144.56,2017.07
TXN-001989,2023-08-07,Engineering,EMEA,Completed,6443.47,3292.51
TXN-001990,2022-04-25,Marketing,APAC,Failed,4276.63,2878.84
TXN-001991,2022-07-27,Customer Support,APAC,Completed,4600.65,3565.74
TXN-001992,2022-01-15,Marketing,APAC,Completed,4040.36,1701.03
TXN-001993,2023-07-22,Marketing,APAC,Completed,5053.85,2409.89
TXN-001994,2023-05-26,Operations,EMEA,Completed,4956.75,2822.46
TXN-001995,2022-12-03,Marketing,LATAM,Completed,,2252.2
TXN-001996,2022-12-03,Marketing,EMEA,Failed,4132.69,1373.69
TXN-001997,2023-06-24,Marketing,North America,Completed,5320.4,2913.37
TXN-001998,2023-03-04,Engineering,North America,Pending,7345.46,3836.23
TXN-001999,2022-09-26,Operations,APAC,Completed,8446.61,2288.07
TXN-002000,2023-12-17,Operations,APAC,Pending,5787.22,2224.63
TXN-002001,2022-03-03,Marketing,EMEA,Failed,5148.88,1236.96
TXN-002002,2023-01-20,Engineering,EMEA,Completed,5810.62,1385.46
TXN-002003,2022-01-20,Engineering,EMEA,Completed,7763.64,1052.23
TXN-002004,2022-03-04,Customer Support,LATAM,Completed,,2693.55
TXN-002005,2023-08-13,Sales,North America,Completed,6687.63,1105.68
TXN-002006,2023-01-18,Marketing,LATAM,Completed,7707.64,1392.04
TXN-002007,2022-01-02,Sales,LATAM,Completed,3281.5,2007.59
TXN-002008,2022-09-11,Marketing,North America,Completed,5358.14,3705.57
TXN-002009,2023-08-04,Engineering,APAC,Completed,3812.73,2365.34
TXN-002010,2022-04-18,Marketing,EMEA,Failed,5673.56,2021.41
TXN-002011,2023-12-25,Marketing,North America,Failed,4275.08,1478.51
TXN-002012,2023-12-02,Engineering,EMEA,Failed,6605.76,1184.42
TXN-002013,2023-06-30,Marketing,APAC,Failed,4915.25,1159.51
TXN-002014,2022-11-18,Engineering,LATAM,Pending,7441.09,1650.23
TXN-002015,2022-03-15,Customer Support,APAC,Completed,5976.02,739.76
TXN-002016,2022-09-25,Marketing,LATAM,Failed,6082.31,2282.51
TXN-002017,2022-03-23,Sales,APAC,Pending,4443.02,1774.49
TXN-002018,2023-04-29,Sales,LATAM,Completed,5913.91,927.73
TXN-002019,2022-12-31,Marketing,North America,Failed,7690.11,3620.31
TXN-002020,2023-08-09,Engineering,EMEA,Completed,3556.85,2568.03
TXN-002021,2023-09-12,Customer Support,APAC,Pending,4618.82,2742.58
TXN-002022,2022-07-09,Marketing,EMEA,Failed,6232.86,2901.1
TXN-002023,2022-04-17,Engineering,APAC,Completed,2884.1,523.27
TXN-002024,2023-03-12,Operations,EMEA,Pending,3439.3,935.82
TXN-002025,2022-09-09,Marketing,APAC,Failed,9240.83,2675.9
TXN-002026,2023-01-08,Operations,North America,Pending,3045.64,3413.8
TXN-002027,2023-06-10,Customer Support,EMEA,Completed,5118.59,2421.39
TXN-002028,2023-03-11,Engineering,APAC,Pending,5512.25,1852.19
TXN-002029,2023-10-20,Sales,EMEA,Pending,5956.17,2646.35
TXN-002030,2022-11-08,Engineering,EMEA,Failed,5839.03,2307.83
TXN-002031,2023-08-16,Customer Support,LATAM,Failed,5089.68,1512.0
TXN-002032,2023-07-08,Engineering,EMEA,Failed,5310.9,2679.58
TXN-002033,2023-10-19,Customer Support,EMEA,Pending,4792.18,2346.59
TXN-002034,2023-10-30,Operations,EMEA,Completed,3955.66,2369.98
TXN-002035,2022-07-20,Marketing,EMEA,Completed,4789.75,2150.09
TXN-002036,2022-10-25,Marketing,LATAM,Pending,5744.93,1913.49
TXN-002037,2023-05-19,Engineering,North America,Completed,4089.38,1880.04
TXN-002038,2022-11-22,Sales,EMEA,Pending,6121.95,1797.99
TXN-002039,2022-05-04,Operations,LATAM,Completed,3173.82,3172.15
TXN-002040,2023-01-24,Engineering,LATAM,Completed,3941.59,1974.46
TXN-002041,2023-04-25,Operations,LATAM,Pending,5101.08,2594.53
TXN-002042,2023-01-10,Engineering,LATAM,Completed,8308.81,2538.18
TXN-002043,2022-11-17,Customer Support,EMEA,Failed,5701.89,1033.48
TXN-002044,2022-11-04,Customer Support,North America,Completed,3094.09,1667.64
TXN-002045,2023-11-17,Sales,LATAM,Completed,3634.28,1831.71
TXN-002046,2023-07-24,Engineering,APAC,Pending,6135.99,1457.73
TXN-002047,2023-07-08,Engineering,EMEA,Completed,5168.9,1494.64
TXN-002048,2022-08-02,Marketing,LATAM,Completed,4623.56,2419.83
TXN-002049,2023-02-20,Customer Support,LATAM,Failed,3786.01,3210.74
TXN-002050,2023-05-20,Sales,LATAM,Completed,5069.4,1256.71
TXN-002051,2022-03-22,Marketing,APAC,Completed,7191.12,1483.32
TXN-002052,2022-06-07,Customer Support,North America,Pending,3941.14,1430.49
TXN-002053,2023-05-28,Operations,LATAM,Failed,,996.82
TXN-002054,2023-12-27,Marketing,APAC,Completed,5993.7,1765.29
TXN-002055,2023-02-28,Customer Support,EMEA,Completed,4201.32,2780.75
TXN-002056,2023-12-15,Sales,North America,Completed,6253.6,1918.29
TXN-002057,2023-02-07,Marketing,LATAM,Completed,3892.18,1771.66
TXN-002058,2023-05-24,Sales,APAC,Failed,5074.73,5715.624786566877
TXN-002059,2022-03-28,Marketing,LATAM,Completed,7202.9,967.09
TXN-002060,2023-01-15,Operations,North America,Completed,4284.5,980.18
TXN-002061,2022-12-16,Engineering,EMEA,Failed,4757.42,2678.99
TXN-002062,2023-11-30,Engineering,APAC,Completed,5181.69,2739.55
TXN-002063,2023-06-13,Operations,APAC,Completed,5333.88,7739.73460016545
TXN-002064,2022-01-07,Operations,EMEA,Completed,,1218.76
TXN-002065,2023-06-20,Sales,EMEA,Completed,5542.29,1715.86
TXN-002066,2022-10-18,Sales,LATAM,Pending,6996.04,532.31
TXN-002067,2022-06-18,Marketing,APAC,Completed,5427.62,2882.45
TXN-002068,2022-06-11,Engineering,APAC,Completed,6141.02,1363.96
TXN-002069,2023-12-12,Engineering,LATAM,Completed,4413.21,2707.03
TXN-002070,2023-03-08,Engineering,North America,Pending,4750.3,2359.22
TXN-002071,2023-09-09,Customer Support,North America,Completed,4033.8,2638.21
TXN-002072,2023-10-20,Operations,EMEA,Pending,7092.76,1463.16
TXN-002073,2022-03-26,Operations,LATAM,Completed,3911.52,1029.71
TXN-002074,2022-04-02,Operations,EMEA,Completed,6127.73,2012.59
TXN-002075,2023-12-09,Operations,EMEA,Completed,5777.24,2871.98
TXN-002076,2022-12-27,Marketing,LATAM,Completed,5948.57,1066.35
TXN-002077,2022-10-09,Engineering,APAC,Pending,3763.11,2886.7
TXN-002078,2022-02-22,Marketing,LATAM,Completed,4277.76,1345.84
TXN-002079,2023-04-02,Customer Support,APAC,Completed,5852.39,
TXN-002080,2022-01-03,Engineering,APAC,Completed,2414.71,1647.58
TXN-002081,2023-03-24,Operations,North America,Completed,6965.28,1640.39
TXN-002082,2023-11-20,Sales,EMEA,Completed,,2717.96
TXN-002083,2022-07-24,Engineering,EMEA,Completed,3513.78,2106.93
TXN-002084,2022-09-09,Marketing,LATAM,Completed,5743.39,2569.71
TXN-002085,2022-10-02,Sales,North America,Pending,3230.67,2423.82
TXN-002086,2023-03-03,Customer Support,APAC,Pending,5161.82,1956.74
TXN-002087,2022-03-07,Operations,North America,Completed,3174.28,1894.07
TXN-002088,2022-07-20,Operations,LATAM,Pending,5189.75,1677.96
TXN-002089,2023-05-12,Marketing,North America,Failed,4735.6,3264.1
TXN-002090,2023-01-26,Sales,EMEA,Completed,5991.35,1783.43
TXN-002091,2022-06-17,Marketing,EMEA,Failed,6832.96,2966.22
TXN-002092,2023-09-06,Operations,North America,Pending,4006.83,3523.86
TXN-002093,2023-12-23,Sales,LATAM,Failed,2757.41,1744.36
TXN-002094,2022-12-09,Engineering,North America,Completed,5240.84,2899.04
TXN-002095,2023-11-27,Customer Support,EMEA,Pending,3791.24,2683.75
TXN-002096,2023-10-27,Customer Support,APAC,Completed,9439.14,848.24
TXN-002097,2022-11-07,Engineering,APAC,Pending,5366.0,2285.93
TXN-002098,2023-06-01,Sales,APAC,Completed,5796.4,9366.024736404459
TXN-002099,2022-10-21,Sales,North America,Pending,3755.77,1625.99
TXN-002100,2022-11-07,Sales,EMEA,Completed,6518.6,2793.08
TXN-002101,2023-11-29,Engineering,North America,Completed,3814.41,2761.36
TXN-002102,2023-04-28,Marketing,LATAM,Completed,4855.96,2056.12
TXN-002103,2023-05-05,Sales,LATAM,Completed,4531.47,1391.18
TXN-002104,2023-10-13,Marketing,EMEA,Pending,4885.76,2426.68
TXN-002105,2022-04-19,Sales,EMEA,Completed,6407.19,698.3
TXN-002106,2023-07-20,Engineering,APAC,Completed,6846.65,1537.71
TXN-002107,2023-07-16,Operations,LATAM,Pending,2505.54,1963.36
TXN-002108,2022-01-25,Marketing,EMEA,Pending,6816.85,2466.06
TXN-002109,2022-06-08,Engineering,North America,Completed,4064.45,1735.73
TXN-002110,2022-03-31,Marketing,APAC,Completed,5717.54,2387.86
TXN-002111,2023-03-08,Customer Support,LATAM,Completed,4279.78,2695.57
TXN-002112,2022-07-10,Customer Support,North America,Completed,7189.36,1811.58
TXN-002113,2022-08-04,Operations,EMEA,Pending,6072.24,2488.78
TXN-002114,2023-05-21,Sales,EMEA,Completed,,3877.64
TXN-002115,2022-07-13,Marketing,LATAM,Failed,4595.06,1254.16
TXN-002116,2022-06-10,Operations,EMEA,Completed,3063.39,3052.13
TXN-002117,2022-05-08,Operations,LATAM,Completed,3728.7,1672.08
TXN-002118,2022-11-24,Sales,LATAM,Pending,6151.56,1072.15
TXN-002119,2023-07-12,Marketing,North America,Completed,4589.32,1822.18
TXN-002120,2022-07-05,Sales,North America,Completed,4134.52,2676.05
TXN-002121,2022-11-16,Engineering,APAC,Failed,5752.11,2052.29
TXN-002122,2023-11-19,Marketing,EMEA,Pending,3877.05,2582.73
TXN-002123,2022-09-10,Marketing,APAC,Failed,6056.3,1434.72
TXN-002124,2022-05-11,Customer Support,LATAM,Completed,5742.23,3522.11
TXN-002125,2022-05-01,Sales,APAC,Completed,6868.9,1112.49
TXN-002126,2023-03-01,Sales,EMEA,Pending,3923.04,1513.24
TXN-002127,2022-07-05,Engineering,LATAM,Failed,5585.92,2074.58
TXN-002128,2023-04-07,Sales,LATAM,Completed,6561.17,2673.34
TXN-002129,2023-08-05,Operations,North America,Completed,3900.69,1097.23
TXN-002130,2023-01-28,Customer Support,North America,Completed,2129.71,1411.8
TXN-002131,2023-09-17,Marketing,EMEA,Completed,4183.7,1110.22
TXN-002132,2023-12-28,Engineering,LATAM,Pending,5154.96,3284.28
TXN-002133,2022-03-16,Sales,APAC,Failed,3922.37,1548.76
TXN-002134,2023-08-30,Engineering,LATAM,Failed,3690.65,465.93
TXN-002135,2022-11-25,Operations,APAC,Completed,6961.75,1774.73
TXN-002136,2023-06-02,Marketing,LATAM,Completed,4187.34,2326.03
TXN-002137,2022-03-05,Sales,North America,Completed,6572.71,833.87
TXN-002138,2023-05-12,Operations,LATAM,Pending,5102.08,1747.85
TXN-002139,2023-10-09,Sales,APAC,Completed,5817.14,986.92
TXN-002140,2023-06-10,Operations,North America,Pending,5666.07,567.67
TXN-002141,2022-07-16,Sales,North America,Pending,4961.88,1783.72
TXN-002142,2023-02-15,Customer Support,APAC,Pending,5464.83,2495.99
TXN-002143,2023-12-18,Customer Support,LATAM,Failed,5564.23,1643.71
TXN-002144,2022-02-19,Sales,LATAM,Failed,5846.13,2060.55
TXN-002145,2022-02-27,Sales,APAC,Completed,2659.37,1832.01
TXN-002146,2022-12-04,Sales,EMEA,Failed,5067.17,2989.71
TXN-002147,2022-06-08,Operations,APAC,Failed,2699.65,2848.99
TXN-002148,2022-11-23,Sales,EMEA,Pending,3901.71,1842.09
TXN-002149,2023-05-19,Engineering,LATAM,Completed,5303.97,634.37
TXN-002150,2023-12-03,Marketing,LATAM,Completed,2871.86,0.0
TXN-002151,2022-12-03,Engineering,EMEA,Completed,3329.97,1182.39
TXN-002152,2022-09-12,Customer Support,EMEA,Completed,6187.6,2238.82
TXN-002153,2022-05-04,Sales,LATAM,Pending,5201.22,1174.69
TXN-002154,2022-04-11,Marketing,EMEA,Failed,5350.92,1458.16
TXN-002155,2022-08-13,Marketing,APAC,Pending,5978.25,2257.68
TXN-002156,2022-11-21,Customer Support,APAC,Completed,5440.11,2659.58
TXN-002157,2023-10-25,Operations,LATAM,Completed,6443.06,1283.39
TXN-002158,2022-02-06,Engineering,North America,Completed,5213.59,2345.4
TXN-002159,2022-09-03,Operations,LATAM,Completed,5417.57,3000.9
TXN-002160,2022-06-02,Engineering,North America,Pending,5543.93,2298.65
TXN-002161,2023-11-04,Marketing,APAC,Completed,6436.56,885.12
TXN-002162,2022-09-22,Engineering,North America,Pending,5514.64,872.24
TXN-002163,2022-11-13,Customer Support,LATAM,Completed,7045.59,1926.97
TXN-002164,2023-12-24,Operations,EMEA,Completed,4912.03,2854.65
TXN-002165,2022-11-07,Customer Support,LATAM,Completed,4643.27,2183.54
TXN-002166,2023-10-14,Operations,APAC,Pending,4794.59,1913.85
TXN-002167,2022-12-16,Customer Support,LATAM,Completed,4051.94,3231.86
TXN-002168,2022-07-03,Marketing,North America,Completed,3139.11,2379.92
TXN-002169,2023-10-04,Operations,APAC,Completed,6201.88,2331.6
TXN-002170,2023-03-04,Customer Support,LATAM,Completed,4606.1,3006.28
TXN-002171,2023-01-03,Sales,EMEA,Failed,2584.6,1511.71
TXN-002172,2023-01-26,Engineering,North America,Pending,6948.51,828.68
TXN-002173,2023-12-21,Engineering,LATAM,Failed,4147.73,4898.01
TXN-002174,2023-08-14,Sales,EMEA,Failed,4198.41,2208.78
TXN-002175,2023-10-14,Operations,North America,Completed,4353.49,2197.14
TXN-002176,2023-06-13,Marketing,North America,Failed,5139.4,2157.54
TXN-002177,2022-06-21,Operations,APAC,Completed,2851.7,2801.55
TXN-002178,2023-03-26,Marketing,North America,Completed,6661.68,733.81
TXN-002179,2022-10-30,Customer Support,EMEA,Completed,6274.58,842.87
TXN-002180,2023-05-03,Customer Support,LATAM,Failed,5225.79,3433.72
TXN-002181,2023-10-07,Marketing,LATAM,Pending,7659.28,2389.31
TXN-002182,2023-02-16,Engineering,North America,Pending,,3956.2
TXN-002183,2022-10-02,Sales,LATAM,Completed,6095.06,1591.22
TXN-002184,2023-07-10,Marketing,LATAM,Failed,5714.9,1585.27
TXN-002185,2023-04-08,Engineering,North America,Completed,4504.16,2235.52
TXN-002186,2023-12-19,Customer Support,North America,Completed,1020.82,2023.92
TXN-002187,2022-12-25,Sales,North America,Completed,2510.68,1787.05
TXN-002188,2023-10-22,Marketing,APAC,Completed,6075.13,1610.76
TXN-002189,2022-08-10,Marketing,APAC,Pending,5304.11,2558.97
TXN-002190,2023-03-16,Sales,APAC,Completed,5442.9,894.86
TXN-002191,2022-01-11,Operations,North America,Completed,4120.54,1367.07
TXN-002192,2023-04-14,Marketing,APAC,Completed,3674.39,2199.02
TXN-002193,2022-09-10,Customer Support,North America,Completed,4120.55,1425.12
TXN-002194,2022-10-22,Marketing,EMEA,Completed,4089.08,715.38
TXN-002195,2023-09-19,Sales,LATAM,Completed,2437.92,1670.18
TXN-002196,2022-12-24,Engineering,EMEA,Completed,4013.26,2441.93
TXN-002197,2023-02-03,Customer Support,North America,Completed,6185.58,839.81
TXN-002198,2022-11-22,Customer Support,APAC,Failed,3365.78,4318.16
TXN-002199,2023-02-14,Engineering,North America,Failed,5146.53,732.45
TXN-002200,2023-03-07,Operations,EMEA,Completed,4792.42,2502.25
TXN-002201,2022-05-24,Operations,EMEA,Pending,6160.96,2662.92
TXN-002202,2022-05-16,Sales,APAC,Completed,6761.38,2244.23
TXN-002203,2023-03-26,Sales,EMEA,Completed,4992.08,1322.73
TXN-002204,2022-10-29,Sales,LATAM,Completed,3915.88,805.29
TXN-002205,2022-12-11,Engineering,APAC,Failed,3352.89,845.06
TXN-002206,2023-05-28,Customer Support,EMEA,Completed,4545.66,1631.61
TXN-002207,2023-09-14,Sales,North America,Pending,2600.24,981.04
TXN-002208,2023-07-22,Engineering,APAC,Failed,3922.88,2423.3
TXN-002209,2023-07-05,Engineering,LATAM,Failed,7623.31,1659.96
TXN-002210,2022-08-15,Operations,North America,Failed,6013.54,2053.44
TXN-002211,2023-07-08,Sales,LATAM,Completed,3101.76,1781.38
TXN-002212,2023-11-30,Operations,LATAM,Completed,6490.32,1725.92
TXN-002213,2023-08-11,Operations,APAC,Completed,5702.32,2290.83
TXN-002214,2023-07-09,Customer Support,North America,Completed,7131.41,825.28
TXN-002215,2023-12-26,Customer Support,LATAM,Failed,970.06,1913.82
TXN-002216,2022-07-29,Sales,LATAM,Pending,6480.16,1897.27
TXN-002217,2022-07-16,Marketing,APAC,Completed,7376.32,2700.43
TXN-002218,2022-06-15,Operations,North America,Completed,6463.5,1873.02
TXN-002219,2023-04-03,Marketing,APAC,Failed,5137.94,3202.69
TXN-002220,2023-04-23,Sales,EMEA,Pending,3224.92,1606.13
TXN-002221,2022-06-20,Sales,North America,Completed,6192.84,2567.12
TXN-002222,2022-02-01,Customer Support,EMEA,Completed,4927.19,2488.83
TXN-002223,2023-05-20,Engineering,LATAM,Failed,3566.38,1199.41
TXN-002224,2023-01-16,Engineering,North America,Completed,4957.63,1142.62
TXN-002225,2023-08-14,Engineering,APAC,Completed,7691.9,1998.24
TXN-002226,2022-10-30,Marketing,EMEA,Failed,6934.87,1487.77
TXN-002227,2023-12-10,Marketing,LATAM,Completed,2707.53,860.1
TXN-002228,2022-07-17,Marketing,LATAM,Pending,5629.86,1520.39
TXN-002229,2022-11-11,Sales,EMEA,Pending,7426.66,2208.54
TXN-002230,2022-09-13,Engineering,LATAM,Completed,3850.27,2798.75
TXN-002231,2022-11-24,Marketing,EMEA,Pending,2807.96,1594.74
TXN-002232,2022-09-11,Sales,LATAM,Pending,4255.04,2035.66
TXN-002233,2023-02-21,Marketing,LATAM,Completed,7347.03,2900.55
TXN-002234,2023-12-20,Customer Support,APAC,Completed,4273.43,2279.43
TXN-002235,2022-01-13,Engineering,North America,Completed,3573.2,2257.0
TXN-002236,2023-02-28,Customer Support,North America,Completed,5790.54,2135.66
TXN-002237,2023-02-21,Engineering,EMEA,Completed,5632.88,1780.39
TXN-002238,2023-08-18,Customer Support,LATAM,Failed,6868.06,1679.25
TXN-002239,2023-04-18,Engineering,North America,Completed,4583.6,2312.99
TXN-002240,2023-01-03,Customer Support,North America,Pending,3677.64,3360.93
TXN-002241,2022-10-31,Sales,LATAM,Pending,5542.84,2208.57
TXN-002242,2023-01-30,Customer Support,EMEA,Pending,3214.77,2802.06
TXN-002243,2022-07-09,Engineering,EMEA,Completed,4829.16,1404.41
TXN-002244,2023-06-29,Engineering,APAC,Completed,5618.9,1886.33
TXN-002245,2023-01-22,Customer Support,APAC,Failed,3543.22,2411.65
TXN-002246,2023-03-23,Customer Support,EMEA,Pending,6205.39,2653.57
TXN-002247,2023-07-18,Marketing,LATAM,Completed,5441.02,1600.61
TXN-002248,2022-11-10,Engineering,North America,Pending,4517.33,969.74
TXN-002249,2022-11-23,Engineering,EMEA,Pending,3379.89,1145.82
TXN-002250,2022-07-28,Sales,APAC,Failed,3883.98,2220.88
TXN-002251,2022-08-14,Operations,LATAM,Completed,4539.54,2159.69
TXN-002252,2023-12-02,Operations,North America,Completed,4603.04,3329.46
TXN-002253,2023-03-08,Operations,North America,Completed,4407.76,3637.21
TXN-002254,2023-07-01,Operations,North America,Pending,4678.78,1425.59
TXN-002255,2023-07-05,Sales,EMEA,Completed,6898.9,2800.73
TXN-002256,2022-08-14,Operations,EMEA,Failed,7158.24,1991.05
TXN-002257,2022-06-26,Sales,North America,Completed,6110.35,2548.06
TXN-002258,2022-05-09,Sales,North America,Completed,3040.21,1107.44
TXN-002259,2022-04-13,Customer Support,LATAM,Failed,3453.96,2373.73
TXN-002260,2022-08-28,Customer Support,EMEA,Failed,2869.03,2675.69
TXN-002261,2022-11-22,Sales,EMEA,Failed,2786.72,3098.6
TXN-002262,2022-02-26,Engineering,LATAM,Failed,5863.14,3437.03
TXN-002263,2023-06-29,Marketing,EMEA,Completed,7703.78,3444.07
TXN-002264,2022-08-20,Operations,LATAM,Completed,3934.47,1370.97
TXN-002265,2022-05-08,Sales,LATAM,Completed,6223.67,2877.17
TXN-002266,2023-06-22,Sales,APAC,Completed,3830.82,1486.9
TXN-002267,2023-01-12,Sales,APAC,Completed,562.45,1722.38
TXN-002268,2023-01-19,Sales,EMEA,Completed,4246.25,1977.32
TXN-002269,2023-08-05,Customer Support,APAC,Pending,4591.86,1369.73
TXN-002270,2023-09-10,Customer Support,APAC,Completed,5128.68,2057.42
TXN-002271,2023-10-17,Engineering,APAC,Pending,3411.34,3184.43
TXN-002272,2022-01-11,Customer Support,LATAM,Completed,,3125.2
TXN-002273,2022-09-11,Engineering,APAC,Failed,4221.17,2489.01
TXN-002274,2023-12-21,Engineering,EMEA,Completed,3992.03,2468.76
TXN-002275,2022-08-15,Operations,EMEA,Completed,2230.49,2109.38
TXN-002276,2023-12-23,Sales,LATAM,Failed,3568.8,1739.71
TXN-002277,2022-07-16,Sales,North America,Completed,3143.32,2095.82
TXN-002278,2022-09-15,Customer Support,LATAM,Completed,4033.79,2062.97
TXN-002279,2023-04-06,Engineering,North America,Completed,5935.66,2272.96
TXN-002280,2023-02-11,Marketing,LATAM,Completed,6429.18,2828.81
TXN-002281,2022-11-20,Sales,APAC,Completed,4926.67,384.26
TXN-002282,2022-01-08,Marketing,APAC,Completed,4664.38,2982.45
TXN-002283,2022-04-03,Operations,LATAM,Completed,3747.36,2451.92
TXN-002284,2023-04-05,Engineering,APAC,Pending,6006.53,2956.93
TXN-002285,2023-01-29,Marketing,LATAM,Pending,3968.97,1883.95
TXN-002286,2023-05-04,Marketing,EMEA,Pending,4305.46,1096.53
TXN-002287,2023-04-01,Operations,APAC,Pending,6351.26,1522.02
TXN-002288,2022-04-27,Marketing,APAC,Failed,7222.93,1458.48
TXN-002289,2022-11-06,Marketing,EMEA,Failed,6263.59,2313.6
TXN-002290,2022-11-05,Engineering,EMEA,Pending,5571.88,2358.83
TXN-002291,2022-12-03,Customer Support,EMEA,Completed,5367.93,1882.85
TXN-002292,2023-07-13,Sales,APAC,Completed,2794.88,2988.27
TXN-002293,2022-08-07,Marketing,LATAM,Completed,8015.33,3029.68
TXN-002294,2022-01-31,Operations,LATAM,Completed,3908.45,2620.54
TXN-002295,2023-10-14,Operations,APAC,Failed,6786.69,2933.42
TXN-002296,2023-05-02,Sales,EMEA,Completed,2057.38,2037.53
TXN-002297,2023-08-10,Engineering,EMEA,Completed,5036.44,2113.99
TXN-002298,2022-07-14,Sales,LATAM,Completed,4294.47,1689.85
TXN-002299,2023-10-03,Engineering,North America,Failed,5778.52,1108.12
TXN-002300,2022-05-10,Customer Support,EMEA,Failed,7471.55,1933.72
TXN-002301,2022-11-16,Operations,APAC,Failed,4061.76,1124.24
TXN-002302,2022-07-22,Marketing,North America,Failed,4053.4,1747.54
TXN-002303,2023-09-04,Sales,EMEA,Completed,4093.25,2512.42
TXN-002304,2023-06-01,Marketing,EMEA,Failed,4185.99,2002.85
TXN-002305,2023-10-30,Customer Support,EMEA,Failed,4809.41,2842.1
TXN-002306,2022-07-30,Engineering,APAC,Completed,4311.38,1521.04
TXN-002307,2023-02-19,Operations,APAC,Completed,5907.61,2500.35
TXN-002308,2023-03-03,Customer Support,EMEA,Completed,4708.64,1704.18
TXN-002309,2023-06-05,Engineering,APAC,Failed,3255.78,10535.78084531216
TXN-002310,2023-09-02,Sales,EMEA,Completed,6077.37,2289.36
TXN-002311,2022-02-03,Customer Support,LATAM,Pending,6066.38,1410.9
TXN-002312,2023-04-27,Engineering,EMEA,Completed,5117.92,1607.35
TXN-002313,2022-09-17,Sales,LATAM,Failed,3780.78,1745.16
TXN-002314,2022-01-12,Marketing,APAC,Completed,4728.0,2329.76
TXN-002315,2023-02-16,Customer Support,APAC,Completed,8618.96,1800.41
TXN-002316,2023-02-17,Sales,APAC,Completed,3263.39,1893.35
TXN-002317,2023-01-16,Customer Support,LATAM,Completed,5976.77,1211.46
TXN-002318,2023-01-20,Sales,EMEA,Completed,2408.46,1431.52
TXN-002319,2023-03-01,Sales,North America,Pending,4908.86,1868.78
TXN-002320,2022-09-30,Sales,LATAM,Completed,4009.4,2467.12
TXN-002321,2023-09-26,Customer Support,LATAM,Failed,4234.48,2944.73
TXN-002322,2023-02-19,Sales,EMEA,Completed,3737.94,1851.37
TXN-002323,2023-07-13,Operations,APAC,Failed,5182.86,1785.58
TXN-002324,2023-09-07,Customer Support,LATAM,Completed,4170.18,2184.1
TXN-002325,2022-07-10,Customer Support,North America,Completed,4047.52,1039.94
TXN-002326,2022-09-04,Sales,APAC,Completed,5086.14,1890.34
TXN-002327,2023-12-03,Customer Support,EMEA,Failed,5789.84,1510.25
TXN-002328,2023-07-25,Customer Support,EMEA,Completed,4159.82,698.9
TXN-002329,2023-08-12,Operations,EMEA,Completed,3050.31,1176.27
TXN-002330,2022-12-16,Marketing,EMEA,Completed,4415.91,1504.35
TXN-002331,2023-11-21,Engineering,EMEA,Failed,6230.87,1596.69
TXN-002332,2023-08-08,Customer Support,North America,Pending,3270.3,2973.62
TXN-002333,2022-03-05,Engineering,LATAM,Failed,2450.43,0.0
TXN-002334,2022-07-19,Operations,LATAM,Completed,4730.36,1192.84
TXN-002335,2023-03-24,Sales,LATAM,Completed,5897.75,2238.49
TXN-002336,2022-11-08,Operations,EMEA,Pending,6003.72,1721.0
TXN-002337,2022-09-04,Engineering,EMEA,Completed,5781.79,2880.5
TXN-002338,2023-12-21,Sales,EMEA,Completed,5118.87,2118.12
TXN-002339,2022-12-23,Customer Support,APAC,Completed,6697.22,1722.33
TXN-002340,2022-12-06,Engineering,North America,Pending,5472.48,1985.03
TXN-002341,2022-01-17,Operations,EMEA,Completed,3458.32,3364.47
TXN-002342,2023-08-09,Operations,APAC,Completed,3203.12,2273.62
TXN-002343,2022-06-22,Customer Support,EMEA,Completed,3052.09,2301.95
TXN-002344,2022-11-07,Sales,APAC,Completed,6739.16,1916.55
TXN-002345,2023-03-26,Customer Support,EMEA,Completed,4161.37,2006.13
TXN-002346,2022-12-26,Marketing,EMEA,Completed,5866.5,2410.19
TXN-002347,2023-10-07,Sales,EMEA,Pending,3846.08,928.04
TXN-002348,2022-10-10,Sales,North America,Completed,4521.91,2591.82
TXN-002349,2022-02-02,Customer Support,EMEA,Failed,5776.3,3152.12
TXN-002350,2022-05-26,Customer Support,LATAM,Completed,6222.59,1280.19
TXN-002351,2023-01-31,Sales,LATAM,Failed,6500.75,1367.02
TXN-002352,2023-10-13,Engineering,LATAM,Completed,6616.41,1785.36
TXN-002353,2022-07-09,Marketing,EMEA,Pending,1200.09,2230.62
TXN-002354,2023-02-26,Marketing,LATAM,Completed,4125.6,3017.61
TXN-002355,2023-05-20,Sales,LATAM,Completed,6231.63,3435.94
TXN-002356,2022-01-28,Engineering,North America,Pending,4722.77,3433.42
TXN-002357,2023-12-08,Operations,LATAM,Completed,5231.75,429.49
TXN-002358,2022-12-26,Marketing,EMEA,Completed,1577.17,2512.34
TXN-002359,2023-10-11,Sales,EMEA,Completed,4207.07,1447.53
TXN-002360,2022-10-03,Customer Support,APAC,Completed,3741.76,2403.01
TXN-002361,2023-02-15,Sales,North America,Completed,5257.08,1545.98
TXN-002362,2022-08-14,Marketing,LATAM,Completed,6347.25,1106.96
TXN-002363,2022-09-02,Marketing,APAC,Completed,3408.0,2908.41
TXN-002364,2022-02-15,Engineering,LATAM,Completed,4357.91,1986.76
TXN-002365,2023-04-23,Operations,APAC,Completed,3617.52,1402.69
TXN-002366,2022-08-27,Engineering,APAC,Completed,7434.89,1017.77
TXN-002367,2022-04-06,Operations,LATAM,Completed,4421.28,4308.98
TXN-002368,2022-12-14,Engineering,APAC,Pending,5689.32,2564.55
TXN-002369,2022-02-05,Marketing,EMEA,Completed,7178.33,1439.28
TXN-002370,2022-07-01,Customer Support,APAC,Completed,6703.21,3567.54
TXN-002371,2023-01-03,Customer Support,EMEA,Pending,6736.19,1709.53
TXN-002372,2022-11-01,Customer Support,North America,Pending,4047.19,2569.57
TXN-002373,2022-04-06,Operations,APAC,Completed,8138.78,2854.85
TXN-002374,2023-09-21,Marketing,APAC,Pending,3961.02,2879.87
TXN-002375,2022-06-27,Customer Support,APAC,Completed,5955.63,2214.21
TXN-002376,2023-04-17,Sales,North America,Pending,5404.93,2177.73
TXN-002377,2023-02-13,Marketing,APAC,Failed,4849.67,1138.64
TXN-002378,2022-03-19,Marketing,North America,Completed,6739.54,1552.06
TXN-002379,2023-05-03,Sales,EMEA,Pending,1352.87,833.97
TXN-002380,2023-10-30,Sales,EMEA,Failed,3426.74,780.66
TXN-002381,2023-04-12,Marketing,LATAM,Failed,6295.76,2862.36
TXN-002382,2022-07-27,Operations,LATAM,Pending,5933.47,0.0
TXN-002383,2022-03-06,Customer Support,EMEA,Failed,3414.92,2251.39
TXN-002384,2022-11-24,Operations,LATAM,Pending,5936.45,639.13
TXN-002385,2023-09-14,Operations,APAC,Pending,6387.63,2819.44
TXN-002386,2023-07-18,Customer Support,EMEA,Completed,6435.59,1726.58
TXN-002387,2022-01-25,Customer Support,EMEA,Completed,5149.62,2131.99
TXN-002388,2022-11-01,Customer Support,North America,Pending,6056.3,1166.35
TXN-002389,2022-02-13,Marketing,APAC,Completed,,2183.49
TXN-002390,2022-06-04,Engineering,APAC,Completed,3869.65,3346.94
TXN-002391,2022-07-15,Engineering,APAC,Completed,6659.58,1391.95
TXN-002392,2022-04-12,Engineering,APAC,Completed,9355.74,2572.15
TXN-002393,2022-06-25,Operations,North America,Completed,6796.95,2083.35
TXN-002394,2023-03-11,Engineering,APAC,Completed,3725.68,1576.5
TXN-002395,2022-01-04,Engineering,LATAM,Completed,5984.21,194.73
TXN-002396,2022-07-09,Sales,North America,Pending,4059.38,3879.59
TXN-002397,2022-02-27,Marketing,North America,Completed,2455.66,2211.04
TXN-002398,2023-04-08,Sales,North America,Failed,5376.95,1812.83
TXN-002399,2022-07-17,Sales,EMEA,Completed,6699.13,1945.37
TXN-002400,2022-10-24,Sales,EMEA,Completed,,2287.05
TXN-002401,2023-08-02,Engineering,EMEA,Completed,4038.97,2748.1
TXN-002402,2023-09-25,Operations,LATAM,Pending,6097.13,1827.36
TXN-002403,2023-05-30,Customer Support,LATAM,Completed,3723.76,1773.14
TXN-002404,2023-05-08,Engineering,EMEA,Pending,5531.69,1379.56
TXN-002405,2023-01-28,Marketing,LATAM,Completed,671.76,1569.42
TXN-002406,2023-03-23,Sales,APAC,Completed,5089.66,1599.09
TXN-002407,2023-09-28,Engineering,APAC,Pending,5807.72,2191.71
TXN-002408,2023-11-23,Customer Support,APAC,Failed,5705.43,
TXN-002409,2023-10-28,Engineering,LATAM,Pending,5949.76,2986.21
TXN-002410,2022-03-22,Engineering,LATAM,Completed,5764.85,2277.4
TXN-002411,2023-04-30,Customer Support,EMEA,Completed,2165.58,2441.32
TXN-002412,2023-05-29,Sales,EMEA,Failed,6543.66,1972.46
TXN-002413,2022-09-17,Customer Support,North America,Pending,3985.09,2355.82
TXN-002414,2023-11-26,Customer Support,North America,Completed,,2443.91
TXN-002415,2023-05-18,Operations,North America,Pending,4768.36,2500.87
TXN-002416,2023-01-26,Sales,North America,Pending,5798.85,597.26
TXN-002417,2023-02-24,Operations,North America,Completed,4323.99,2077.5
TXN-002418,2022-01-07,Marketing,North America,Pending,4488.58,2355.99
TXN-002419,2023-02-13,Marketing,LATAM,Completed,4393.35,837.35
TXN-002420,2023-05-13,Sales,North America,Completed,6755.44,2111.1
TXN-002421,2022-10-30,Marketing,North America,Completed,6009.19,2195.22
TXN-002422,2022-04-21,Marketing,EMEA,Failed,4898.18,2427.6
TXN-002423,2022-10-03,Marketing,LATAM,Failed,3623.43,3570.18
TXN-002424,2022-04-01,Engineering,EMEA,Completed,4157.92,3091.84
TXN-002425,2023-05-19,Operations,APAC,Pending,1217.13,8270.897262377932
TXN-002426,2023-04-06,Sales,EMEA,Failed,9029.72,2382.27
TXN-002427,2022-09-21,Customer Support,APAC,Completed,6711.72,701.59
TXN-002428,2023-06-02,Operations,EMEA,Completed,3289.44,1970.21
TXN-002429,2023-02-19,Customer Support,North America,Completed,6473.29,1917.02
TXN-002430,2023-06-12,Engineering,LATAM,Completed,4852.42,1745.61
TXN-002431,2022-08-02,Operations,EMEA,Completed,5397.39,2083.11
TXN-002432,2022-06-22,Customer Support,APAC,Completed,3912.88,992.09
TXN-002433,2023-07-17,Operations,EMEA,Failed,3868.09,3173.89
TXN-002434,2022-01-16,Engineering,EMEA,Pending,5584.97,2943.17
TXN-002435,2022-03-05,Operations,APAC,Completed,3375.89,2335.96
TXN-002436,2023-03-17,Marketing,EMEA,Completed,2874.62,1698.97
TXN-002437,2023-01-02,Engineering,North America,Pending,3596.49,1018.17
TXN-002438,2023-01-19,Marketing,LATAM,Pending,74.89,3181.1
TXN-002439,2022-05-06,Marketing,LATAM,Completed,7975.97,3069.0
TXN-002440,2022-08-15,Sales,LATAM,Completed,6676.92,1950.78
TXN-002441,2023-01-15,Marketing,North America,Pending,7130.84,3263.83
TXN-002442,2023-06-13,Sales,APAC,Failed,4022.28,10172.822813248318
TXN-002443,2022-07-28,Operations,North America,Completed,6865.41,1343.71
TXN-002444,2022-09-08,Customer Support,APAC,Completed,6794.1,1031.17
TXN-002445,2022-11-09,Operations,APAC,Completed,4519.29,2212.24
TXN-002446,2023-08-18,Customer Support,LATAM,Pending,3274.37,1990.71
TXN-002447,2022-12-01,Customer Support,LATAM,Completed,8261.05,1355.99
TXN-002448,2023-03-08,Operations,APAC,Completed,6847.65,1614.95
TXN-002449,2022-05-21,Marketing,North America,Pending,4417.67,1123.74
TXN-002450,2022-06-10,Customer Support,LATAM,Completed,4315.6,1776.67
TXN-002451,2022-12-25,Sales,APAC,Failed,4129.71,2935.45
TXN-002452,2022-07-23,Marketing,LATAM,Completed,4386.69,2538.16
TXN-002453,2022-12-13,Operations,North America,Completed,5595.97,2679.48
TXN-002454,2022-12-28,Customer Support,LATAM,Completed,6780.16,1132.92
TXN-002455,2022-04-22,Operations,APAC,Completed,3940.37,2678.42
TXN-002456,2022-04-28,Sales,APAC,Failed,4920.38,2825.37
TXN-002457,2022-05-26,Sales,North America,Completed,5030.49,1227.86
TXN-002458,2022-12-25,Sales,North America,Completed,7536.34,2866.2
TXN-002459,2022-01-21,Marketing,North America,Completed,3709.33,2255.55
TXN-002460,2023-11-25,Operations,EMEA,Completed,5950.61,2207.54
TXN-002461,2023-04-04,Customer Support,North America,Completed,6060.6,2030.78
TXN-002462,2022-02-02,Engineering,LATAM,Completed,7212.52,3383.28
TXN-002463,2023-09-15,Engineering,EMEA,Failed,6844.39,2055.17
TXN-002464,2023-12-08,Engineering,North America,Pending,7078.25,976.63
TXN-002465,2022-09-04,Sales,North America,Pending,2704.6,2277.32
TXN-002466,2023-11-19,Engineering,APAC,Completed,3664.08,287.53
TXN-002467,2023-02-01,Sales,EMEA,Pending,7556.47,986.83
TXN-002468,2022-08-13,Operations,APAC,Failed,6499.55,1311.62
TXN-002469,2023-04-30,Marketing,North America,Completed,4510.98,2152.24
TXN-002470,2023-08-13,Engineering,LATAM,Failed,5668.05,1460.23
TXN-002471,2022-05-20,Operations,APAC,Pending,5271.51,3110.54
TXN-002472,2022-10-06,Customer Support,APAC,Completed,4968.77,2451.54
TXN-002473,2022-01-13,Sales,EMEA,Failed,4727.78,2715.9
TXN-002474,2022-09-29,Sales,APAC,Completed,3744.84,1986.85
TXN-002475,2022-03-07,Engineering,LATAM,Failed,5952.0,1571.87
TXN-002476,2023-04-21,Customer Support,APAC,Completed,6462.12,2884.3
TXN-002477,2023-11-16,Sales,North America,Completed,2952.74,1564.33
TXN-002478,2023-12-04,Sales,APAC,Pending,6243.09,2789.8
TXN-002479,2022-07-10,Engineering,LATAM,Failed,3590.41,1555.5
TXN-002480,2022-04-27,Marketing,EMEA,Completed,4462.39,2530.13
TXN-002481,2023-09-13,Customer Support,APAC,Completed,2299.95,3298.11
TXN-002482,2022-07-10,Operations,LATAM,Completed,5943.21,2240.44
TXN-002483,2023-11-25,Engineering,North America,Failed,5408.13,1573.38
TXN-002484,2022-12-09,Marketing,APAC,Failed,3912.22,1245.05
TXN-002485,2022-01-04,Engineering,North America,Pending,4881.91,2962.39
TXN-002486,2023-10-13,Sales,EMEA,Completed,4138.47,2695.42
TXN-002487,2022-12-07,Operations,APAC,Completed,6426.53,2913.66
TXN-002488,2022-08-30,Customer Support,LATAM,Pending,2700.04,1859.42
TXN-002489,2022-04-01,Customer Support,North America,Completed,5159.32,1927.26
TXN-002490,2023-10-20,Operations,APAC,Completed,5868.34,1525.8
TXN-002491,2023-04-27,Sales,LATAM,Pending,3792.4,1605.06
TXN-002492,2023-11-10,Sales,EMEA,Completed,3496.5,2214.6
TXN-002493,2023-10-27,Engineering,North America,Completed,3960.12,2941.06
TXN-002494,2023-06-19,Customer Support,APAC,Completed,8229.09,1735.54
TXN-002495,2022-06-20,Engineering,North America,Failed,2550.68,2102.48
TXN-002496,2023-10-26,Sales,LATAM,Completed,2524.78,1239.39
TXN-002497,2023-06-14,Operations,LATAM,Completed,5329.47,2339.76
TXN-002498,2023-06-12,Sales,LATAM,Completed,3025.44,1130.78
TXN-002499,2023-02-22,Marketing,LATAM,Pending,4862.14,2104.95
TXN-002500,2023-01-17,Engineering,EMEA,Failed,1597.78,2863.05
TXN-002501,2023-02-06,Sales,North America,Completed,7714.42,1483.67
TXN-002502,2023-07-10,Operations,EMEA,Completed,4597.21,2443.93
TXN-002503,2023-03-31,Sales,EMEA,Completed,5019.89,2290.55
TXN-002504,2023-07-13,Engineering,LATAM,Pending,4563.67,2358.43
TXN-002505,2022-06-14,Operations,EMEA,Failed,5521.89,1441.29
TXN-002506,2022-07-23,Marketing,EMEA,Failed,3010.0,2237.89
TXN-002507,2022-02-27,Engineering,APAC,Completed,6412.8,1783.33
TXN-002508,2022-02-09,Operations,LATAM,Failed,4421.78,1075.96
TXN-002509,2022-06-10,Operations,EMEA,Completed,6425.61,3202.31
TXN-002510,2022-09-20,Customer Support,LATAM,Failed,4889.51,1185.2
TXN-002511,2022-04-18,Engineering,North America,Completed,6435.8,1864.48
TXN-002512,2023-07-28,Engineering,LATAM,Completed,4403.57,1881.62
TXN-002513,2022-11-29,Operations,APAC,Completed,5282.5,1295.41
TXN-002514,2023-12-06,Operations,EMEA,Pending,5534.05,852.36
TXN-002515,2023-11-29,Marketing,EMEA,Completed,5342.01,3353.91
TXN-002516,2023-07-02,Operations,North America,Completed,4608.58,1841.78
TXN-002517,2023-07-19,Operations,LATAM,Completed,4014.48,1962.32
TXN-002518,2023-12-10,Sales,APAC,Failed,5013.67,2397.83
TXN-002519,2023-04-08,Customer Support,LATAM,Completed,5055.36,812.39
TXN-002520,2023-07-06,Operations,LATAM,Pending,2771.96,1598.1
TXN-002521,2023-08-26,Marketing,North America,Completed,6448.48,1222.27
TXN-002522,2023-01-19,Marketing,North America,Completed,6845.69,953.7
TXN-002523,2022-12-22,Sales,LATAM,Failed,2663.37,2597.92
TXN-002524,2022-01-16,Marketing,LATAM,Failed,6619.48,1642.76
TXN-002525,2023-08-30,Engineering,EMEA,Pending,6555.25,3023.3
TXN-002526,2022-05-23,Engineering,APAC,Completed,5612.54,1513.34
TXN-002527,2022-09-04,Engineering,APAC,Completed,4201.76,2386.05
TXN-002528,2023-10-13,Marketing,EMEA,Completed,6647.97,2128.84
TXN-002529,2023-09-15,Operations,LATAM,Pending,2233.54,1900.15
TXN-002530,2022-12-14,Engineering,LATAM,Completed,3572.93,
TXN-002531,2022-05-04,Customer Support,LATAM,Completed,6238.88,2036.27
TXN-002532,2023-10-23,Operations,LATAM,Completed,4512.41,1500.95
TXN-002533,2022-03-03,Engineering,APAC,Pending,5428.63,844.59
TXN-002534,2022-10-05,Operations,North America,Completed,4154.66,1458.21
TXN-002535,2022-09-29,Sales,APAC,Completed,5516.97,2716.74
TXN-002536,2022-03-01,Marketing,North America,Completed,4776.03,2297.85
TXN-002537,2022-11-21,Customer Support,LATAM,Completed,4428.23,1693.71
TXN-002538,2022-03-03,Customer Support,North America,Pending,,1888.72
TXN-002539,2023-07-19,Marketing,LATAM,Completed,3580.84,506.45
TXN-002540,2022-06-08,Operations,North America,Pending,5313.55,1785.3
TXN-002541,2023-06-21,Operations,LATAM,Completed,5314.03,2370.35
TXN-002542,2023-08-02,Sales,North America,Completed,5119.21,1939.8
TXN-002543,2023-12-17,Marketing,LATAM,Completed,6924.59,3754.06
TXN-002544,2023-07-16,Customer Support,APAC,Pending,6315.43,2505.57
TXN-002545,2022-05-12,Sales,LATAM,Completed,6355.56,2302.33
TXN-002546,2022-01-26,Customer Support,EMEA,Pending,4629.01,1097.62
TXN-002547,2023-11-16,Operations,EMEA,Completed,6376.05,1378.98
TXN-002548,2022-03-01,Operations,APAC,Pending,5066.11,3156.37
TXN-002549,2023-12-24,Sales,APAC,Pending,6080.17,2924.17
TXN-002550,2022-01-19,Marketing,APAC,Failed,5998.24,1197.66
TXN-002551,2022-05-09,Sales,APAC,Completed,5579.79,1307.22
TXN-002552,2023-01-18,Engineering,APAC,Completed,5188.0,2899.65
TXN-002553,2022-04-04,Engineering,LATAM,Completed,5307.98,892.9
TXN-002554,2023-10-02,Operations,EMEA,Completed,3540.96,3177.97
TXN-002555,2022-02-07,Marketing,North America,Completed,4992.91,858.22
TXN-002556,2022-09-19,Marketing,North America,Failed,4176.67,1649.01
TXN-002557,2023-01-22,Marketing,North America,Completed,8113.58,1238.4
TXN-002558,2022-12-14,Sales,LATAM,Completed,5596.81,1453.72
TXN-002559,2023-01-23,Operations,APAC,Pending,5501.12,1439.52
TXN-002560,2022-02-25,Customer Support,EMEA,Completed,5822.15,1698.33
TXN-002561,2022-08-17,Operations,EMEA,Failed,7908.78,458.35
TXN-002562,2023-05-25,Customer Support,APAC,Completed,4143.16,3958.5379510604594
TXN-002563,2023-04-30,Sales,LATAM,Pending,8663.03,2657.53
TXN-002564,2023-03-31,Operations,LATAM,Pending,5015.33,1939.74
TXN-002565,2022-06-22,Engineering,North America,Failed,5575.23,3595.51
TXN-002566,2022-06-05,Marketing,APAC,Failed,7158.13,953.15
TXN-002567,2022-10-26,Customer Support,EMEA,Pending,6273.43,1720.08
TXN-002568,2023-02-16,Marketing,EMEA,Completed,5922.13,1099.58
TXN-002569,2022-01-24,Customer Support,North America,Pending,5176.76,1639.9
TXN-002570,2023-06-25,Customer Support,APAC,Completed,4983.07,1134.37
TXN-002571,2022-05-15,Engineering,EMEA,Pending,2476.77,1588.02
TXN-002572,2022-10-26,Customer Support,APAC,Failed,3668.37,1586.32
TXN-002573,2023-05-06,Marketing,APAC,Pending,4408.6,6025.747392731402
TXN-002574,2023-06-20,Engineering,APAC,Pending,6056.85,289.18
TXN-002575,2023-08-15,Engineering,EMEA,Completed,5564.12,1848.65
TXN-002576,2022-08-15,Sales,LATAM,Completed,5998.53,2378.73
TXN-002577,2022-01-06,Sales,APAC,Completed,2079.43,2389.44
TXN-002578,2022-08-08,Customer Support,APAC,Completed,7150.54,1070.13
TXN-002579,2023-09-07,Customer Support,North America,Completed,2542.43,1022.36
TXN-002580,2022-06-24,Engineering,APAC,Completed,4967.07,2492.58
TXN-002581,2022-04-15,Engineering,North America,Completed,2325.5,543.13
TXN-002582,2023-10-23,Marketing,North America,Completed,1494.375,1689.01
TXN-002583,2023-10-11,Sales,North America,Completed,5610.78,2205.82
TXN-002584,2023-09-12,Marketing,EMEA,Completed,4806.04,2952.05
TXN-002585,2023-01-14,Operations,APAC,Failed,6059.51,1375.06
TXN-002586,2022-08-28,Sales,EMEA,Completed,623.41,2908.62
TXN-002587,2022-06-21,Engineering,LATAM,Failed,4913.83,827.83
TXN-002588,2023-09-27,Customer Support,North America,Completed,4547.75,2079.08
TXN-002589,2023-01-31,Customer Support,APAC,Completed,4718.72,3249.46
TXN-002590,2023-01-09,Operations,EMEA,Pending,7420.29,2034.66
TXN-002591,2023-08-08,Marketing,North America,Completed,5623.3,243.38
TXN-002592,2023-04-09,Engineering,North America,Failed,4157.48,2651.8
TXN-002593,2023-08-30,Marketing,EMEA,Completed,4377.84,756.43
TXN-002594,2023-12-24,Customer Support,EMEA,Failed,4498.69,1196.03
TXN-002595,2023-06-12,Engineering,APAC,Completed,6760.19,9613.613564218977
TXN-002596,2022-01-20,Sales,North America,Completed,2178.66,1456.72
TXN-002597,2023-07-01,Sales,EMEA,Completed,6634.25,1511.55
TXN-002598,2022-07-16,Engineering,APAC,Failed,5850.67,1571.71
TXN-002599,2023-08-28,Engineering,LATAM,Failed,,1534.92
TXN-002600,2022-11-16,Operations,APAC,Failed,4611.64,1232.67
TXN-002601,2022-11-24,Operations,EMEA,Completed,2607.35,1507.94
TXN-002602,2023-12-19,Engineering,EMEA,Completed,5939.61,866.6
TXN-002603,2023-09-27,Engineering,North America,Completed,5168.03,953.86
TXN-002604,2023-04-25,Engineering,LATAM,Completed,5036.61,1873.56
TXN-002605,2023-03-12,Marketing,North America,Pending,3627.5,1482.46
TXN-002606,2023-01-16,Sales,LATAM,Completed,6407.98,1276.85
TXN-002607,2023-10-27,Sales,EMEA,Completed,6167.77,1596.75
TXN-002608,2022-03-30,Customer Support,North America,Completed,4493.19,1043.98
TXN-002609,2023-12-25,Customer Support,LATAM,Pending,4714.76,3054.07
TXN-002610,2023-11-21,Customer Support,North America,Completed,5048.97,2615.84
TXN-002611,2023-12-07,Operations,LATAM,Pending,4912.65,3670.8
TXN-002612,2023-10-15,Operations,APAC,Completed,5341.07,
TXN-002613,2023-06-23,Operations,North America,Completed,4344.99,4211.66
TXN-002614,2022-10-27,Sales,North America,Failed,4602.58,1675.42
TXN-002615,2023-08-23,Engineering,EMEA,Completed,4410.32,2642.71
TXN-002616,2023-08-21,Customer Support,LATAM,Completed,2155.67,2357.03
TXN-002617,2022-05-15,Engineering,LATAM,Completed,4689.23,2793.36
TXN-002618,2022-05-01,Engineering,APAC,Completed,4866.38,2488.02
TXN-002619,2022-04-26,Marketing,EMEA,Pending,3573.38,2790.96
TXN-002620,2023-10-06,Marketing,LATAM,Completed,2398.75,1450.13
TXN-002621,2023-04-12,Operations,LATAM,Completed,2434.7,146.37
TXN-002622,2023-04-20,Sales,APAC,Failed,5600.83,1661.4
TXN-002623,2022-12-08,Marketing,LATAM,Completed,8815.27,3656.67
TXN-002624,2022-06-26,Operations,LATAM,Completed,5440.87,1878.14
TXN-002625,2023-11-21,Customer Support,APAC,Failed,4318.25,1763.76
TXN-002626,2022-10-14,Engineering,North America,Completed,3723.83,1713.61
TXN-002627,2023-05-30,Engineering,EMEA,Failed,6766.24,2606.42
TXN-002628,2023-02-20,Customer Support,North America,Completed,6556.36,2753.02
TXN-002629,2022-08-20,Engineering,APAC,Pending,5432.75,2589.9
TXN-002630,2023-05-09,Marketing,APAC,Failed,2446.53,3865.111737298024
TXN-002631,2022-12-23,Engineering,LATAM,Completed,3680.4,2556.94
TXN-002632,2022-04-18,Engineering,LATAM,Completed,4338.33,2033.34
TXN-002633,2023-11-25,Sales,LATAM,Completed,4775.47,1973.33
TXN-002634,2023-05-20,Customer Support,EMEA,Completed,5757.89,3085.17
TXN-002635,2022-06-18,Customer Support,LATAM,Failed,4471.62,1257.14
TXN-002636,2023-08-13,Customer Support,EMEA,Completed,5102.58,1891.7
TXN-002637,2022-10-05,Customer Support,North America,Completed,7461.62,1322.82
TXN-002638,2022-11-01,Engineering,APAC,Pending,8102.99,1767.95
TXN-002639,2023-09-30,Marketing,APAC,Completed,4699.42,937.23
TXN-002640,2022-08-20,Marketing,APAC,Completed,2961.64,1887.56
TXN-002641,2023-11-19,Customer Support,EMEA,Completed,5636.15,2766.9
TXN-002642,2023-09-08,Operations,North America,Completed,6114.92,1725.72
TXN-002643,2023-02-28,Customer Support,EMEA,Completed,6543.53,2296.08
TXN-002644,2022-08-28,Customer Support,North America,Completed,4808.57,360.45
TXN-002645,2023-08-13,Operations,North America,Completed,6010.48,2883.71
TXN-002646,2023-05-31,Operations,EMEA,Completed,5353.8,1159.14
TXN-002647,2022-06-14,Sales,EMEA,Completed,4910.74,634.13
TXN-002648,2022-03-16,Engineering,North America,Failed,3149.44,1922.37
TXN-002649,2023-04-18,Operations,North America,Failed,4258.08,2690.2
TXN-002650,2022-01-02,Operations,North America,Completed,6844.04,2475.18
TXN-002651,2022-08-03,Marketing,LATAM,Completed,4602.63,2208.86
TXN-002652,2022-07-31,Engineering,North America,Completed,,3096.27
TXN-002653,2023-02-01,Sales,EMEA,Failed,3348.83,2381.06
TXN-002654,2022-03-31,Operations,North America,Completed,4706.34,2444.22
TXN-002655,2022-06-22,Engineering,LATAM,Pending,2757.36,1227.62
TXN-002656,2022-10-10,Marketing,LATAM,Completed,5104.79,2136.52
TXN-002657,2023-06-19,Sales,North America,Completed,7030.11,1874.88
TXN-002658,2022-12-09,Customer Support,APAC,Completed,5110.38,1915.34
TXN-002659,2022-01-05,Customer Support,North America,Completed,4176.88,2192.97
TXN-002660,2023-11-03,Customer Support,LATAM,Completed,4880.11,2020.46
TXN-002661,2023-05-30,Customer Support,APAC,Failed,4624.78,1615.7305401343967
TXN-002662,2023-05-01,Sales,North America,Pending,3696.9,1645.33
TXN-002663,2022-06-01,Marketing,LATAM,Completed,2955.46,1791.11
TXN-002664,2022-10-01,Operations,North America,Completed,4839.35,236.84
TXN-002665,2022-09-09,Operations,APAC,Failed,3112.46,2328.13
TXN-002666,2023-06-29,Sales,EMEA,Completed,3283.3,1314.19
TXN-002667,2023-02-15,Engineering,LATAM,Completed,4687.07,1935.26
TXN-002668,2022-09-05,Operations,APAC,Completed,3501.42,3089.51
TXN-002669,2023-10-14,Operations,EMEA,Failed,6488.66,1932.09
TXN-002670,2023-04-23,Marketing,APAC,Completed,2199.56,2642.54
TXN-002671,2022-01-31,Customer Support,North America,Failed,6585.78,1475.44
TXN-002672,2022-09-16,Operations,EMEA,Completed,7113.79,3247.98
TXN-002673,2022-11-28,Operations,North America,Failed,3694.29,2972.14
TXN-002674,2022-10-28,Customer Support,LATAM,Completed,5041.91,2113.07
TXN-002675,2023-05-22,Sales,APAC,Failed,5472.34,11578.484792578201
TXN-002676,2023-12-13,Marketing,EMEA,Pending,8515.75,1388.0
TXN-002677,2022-12-26,Operations,LATAM,Failed,4548.72,1633.13
TXN-002678,2023-12-12,Customer Support,LATAM,Pending,5592.73,859.42
TXN-002679,2023-12-28,Customer Support,LATAM,Failed,5637.11,2869.22
TXN-002680,2022-09-01,Sales,North America,Pending,5946.51,2694.67
TXN-002681,2023-05-29,Customer Support,EMEA,Completed,3867.83,1221.24
TXN-002682,2023-07-05,Customer Support,EMEA,Completed,5639.19,1668.0
TXN-002683,2023-03-30,Engineering,APAC,Pending,2695.38,0.0
TXN-002684,2022-05-12,Engineering,APAC,Completed,4305.49,1290.17
TXN-002685,2022-09-27,Engineering,APAC,Failed,6401.86,2312.22
TXN-002686,2023-04-22,Sales,APAC,Completed,4626.99,515.39
TXN-002687,2022-05-27,Operations,LATAM,Pending,4308.45,2477.79
TXN-002688,2023-07-20,Customer Support,APAC,Completed,5396.98,1795.73
TXN-002689,2022-07-27,Marketing,APAC,Pending,4547.3,3478.45
TXN-002690,2023-08-06,Marketing,EMEA,Pending,6053.82,1904.44
TXN-002691,2022-03-22,Marketing,LATAM,Completed,5897.26,2174.02
TXN-002692,2023-02-20,Marketing,EMEA,Failed,5857.17,3679.26
TXN-002693,2023-06-09,Engineering,North America,Pending,5808.06,2055.2
TXN-002694,2023-07-04,Operations,APAC,Failed,5885.02,2057.51
TXN-002695,2023-09-09,Customer Support,LATAM,Completed,5789.18,2447.08
TXN-002696,2022-09-30,Marketing,LATAM,Pending,5857.77,2638.74
TXN-002697,2022-04-04,Marketing,LATAM,Completed,3766.58,1367.52
TXN-002698,2022-03-17,Engineering,APAC,Completed,3195.63,1570.97
TXN-002699,2023-09-11,Engineering,North America,Pending,3995.22,730.2
TXN-002700,2022-06-14,Customer Support,APAC,Failed,5024.05,1483.46
TXN-002701,2023-04-16,Sales,EMEA,Completed,6855.27,2703.66
TXN-002702,2023-12-16,Marketing,APAC,Completed,4792.88,898.35
TXN-002703,2022-03-10,Marketing,North America,Completed,6761.2,1440.27
TXN-002704,2022-04-13,Marketing,EMEA,Completed,5087.96,944.95
TXN-002705,2023-12-26,Engineering,North America,Completed,2435.04,1910.38
TXN-002706,2022-01-06,Marketing,EMEA,Pending,5591.54,1413.99
TXN-002707,2022-10-07,Engineering,APAC,Completed,5089.71,2058.86
TXN-002708,2022-03-16,Engineering,APAC,Completed,6848.9,2457.73
TXN-002709,2022-11-14,Operations,LATAM,Completed,2686.65,1614.48
TXN-002710,2022-02-20,Engineering,North America,Pending,6581.95,3052.9
TXN-002711,2022-03-22,Customer Support,EMEA,Completed,6902.44,2782.69
TXN-002712,2022-01-14,Marketing,APAC,Completed,5373.17,1401.4
TXN-002713,2022-02-09,Engineering,APAC,Completed,6449.91,954.15
TXN-002714,2023-01-23,Sales,APAC,Completed,7297.26,2997.1
TXN-002715,2022-12-30,Sales,EMEA,Failed,1040.88,1456.73
TXN-002716,2022-08-20,Operations,LATAM,Completed,4441.89,1758.7
TXN-002717,2023-08-17,Customer Support,LATAM,Pending,6097.32,2623.14
TXN-002718,2023-03-06,Sales,North America,Pending,5883.36,2131.6
TXN-002719,2022-03-24,Engineering,EMEA,Failed,4562.37,1725.86
TXN-002720,2022-11-25,Sales,North America,Completed,4217.63,3550.09
TXN-002721,2023-09-11,Sales,North America,Failed,2563.39,1484.79
TXN-002722,2022-03-02,Marketing,EMEA,Failed,4467.54,872.17
TXN-002723,2022-04-19,Customer Support,LATAM,Pending,5169.97,2483.74
TXN-002724,2022-03-04,Operations,LATAM,Failed,7577.31,2235.16
TXN-002725,2023-09-29,Operations,LATAM,Pending,3813.0,1233.81
TXN-002726,2023-01-30,Sales,EMEA,Completed,5652.83,341.89
TXN-002727,2022-11-30,Customer Support,LATAM,Completed,5059.59,2374.15
TXN-002728,2022-03-07,Engineering,EMEA,Completed,1130.4,1040.74
TXN-002729,2023-10-15,Customer Support,EMEA,Completed,5495.45,2098.64
TXN-002730,2022-08-20,Sales,APAC,Completed,5347.26,2244.18
TXN-002731,2023-12-30,Engineering,EMEA,Failed,7527.12,3190.09
TXN-002732,2022-06-20,Operations,North America,Pending,6142.2,823.82
TXN-002733,2022-01-27,Marketing,EMEA,Completed,3002.12,1295.1
TXN-002734,2023-03-23,Marketing,APAC,Completed,928.14,2091.54
TXN-002735,2022-09-21,Operations,North America,Failed,1203.76,2549.65
TXN-002736,2022-08-18,Customer Support,North America,Completed,5264.37,1563.64
TXN-002737,2022-02-17,Operations,LATAM,Failed,5640.98,1493.92
TXN-002738,2022-03-20,Sales,North America,Completed,6974.21,78.98
TXN-002739,2022-07-23,Sales,North America,Completed,6132.62,1470.57
TXN-002740,2023-09-17,Customer Support,APAC,Pending,2149.61,2191.23
TXN-002741,2023-02-03,Marketing,APAC,Completed,6664.71,2316.55
TXN-002742,2022-08-13,Sales,North America,Failed,4437.65,2002.53
TXN-002743,2022-10-17,Operations,EMEA,Completed,,1838.24
TXN-002744,2022-10-06,Engineering,LATAM,Failed,5651.1,2442.02
TXN-002745,2023-01-03,Operations,North America,Completed,,1631.54
TXN-002746,2023-07-15,Sales,APAC,Pending,7815.87,3942.92
TXN-002747,2022-06-12,Customer Support,North America,Pending,7825.11,1491.59
TXN-002748,2022-09-05,Customer Support,LATAM,Pending,3212.66,2646.12
TXN-002749,2022-08-12,Operations,LATAM,Completed,6103.18,1513.86
TXN-002750,2022-09-26,Customer Support,North America,Completed,2471.05,1980.87
TXN-002751,2023-12-22,Marketing,North America,Failed,1848.66,1714.54
TXN-002752,2022-05-02,Sales,EMEA,Failed,6105.08,1826.97
TXN-002753,2023-09-18,Engineering,North America,Pending,3723.35,1034.56
TXN-002754,2023-01-10,Marketing,LATAM,Pending,3698.69,595.34
TXN-002755,2022-08-12,Operations,APAC,Failed,2567.27,1019.63
TXN-002756,2023-08-02,Operations,LATAM,Pending,4985.09,1497.87
TXN-002757,2023-07-20,Sales,EMEA,Completed,5903.23,2535.11
TXN-002758,2022-12-09,Customer Support,LATAM,Completed,5066.89,4116.36
TXN-002759,2023-04-12,Customer Support,EMEA,Completed,5630.98,1973.56
TXN-002760,2022-07-11,Operations,APAC,Completed,5040.75,671.14
TXN-002761,2022-04-02,Sales,North America,Failed,6147.1,3030.98
TXN-002762,2022-06-04,Marketing,North America,Pending,1790.78,1859.95
TXN-002763,2022-09-01,Customer Support,LATAM,Completed,4715.13,2686.54
TXN-002764,2023-01-07,Sales,EMEA,Completed,8831.81,2078.16
TXN-002765,2022-09-26,Customer Support,LATAM,Pending,3761.52,3155.0
TXN-002766,2023-12-05,Sales,LATAM,Completed,5801.24,851.84
TXN-002767,2022-06-24,Marketing,LATAM,Completed,4198.32,3379.91
TXN-002768,2023-08-02,Sales,LATAM,Completed,3657.92,1495.86
TXN-002769,2023-07-22,Marketing,LATAM,Completed,7226.97,2335.55
TXN-002770,2023-09-26,Engineering,North America,Failed,7180.22,2054.94
TXN-002771,2022-04-16,Engineering,North America,Completed,5341.56,650.37
TXN-002772,2023-07-03,Operations,APAC,Pending,2895.77,2171.4
TXN-002773,2023-08-07,Operations,LATAM,Completed,6416.05,1867.15
TXN-002774,2022-06-09,Engineering,APAC,Failed,6327.23,1130.3
TXN-002775,2022-07-22,Marketing,APAC,Failed,3867.15,1622.65
TXN-002776,2022-07-07,Operations,APAC,Pending,5337.46,1760.4
TXN-002777,2023-01-03,Marketing,APAC,Pending,3871.34,1814.62
TXN-002778,2023-12-02,Marketing,North America,Completed,4894.66,2398.82
TXN-002779,2022-01-30,Operations,APAC,Completed,4193.72,1790.37
TXN-002780,2022-02-05,Customer Support,APAC,Completed,5050.92,2050.38
TXN-002781,2022-01-14,Operations,North America,Failed,4046.99,2416.13
TXN-002782,2022-04-14,Marketing,LATAM,Completed,2872.51,1890.66
TXN-002783,2022-05-25,Marketing,APAC,Pending,4114.09,2337.21
TXN-002784,2023-10-29,Customer Support,APAC,Pending,2971.86,1849.23
TXN-002785,2023-03-27,Engineering,LATAM,Failed,3487.78,0.0
TXN-002786,2023-11-10,Marketing,APAC,Completed,8227.55,1203.55
TXN-002787,2023-10-16,Customer Support,APAC,Completed,4082.42,1580.57
TXN-002788,2022-06-29,Engineering,LATAM,Completed,5973.01,2155.14
TXN-002789,2022-01-19,Engineering,North America,Completed,4423.69,1497.04
TXN-002790,2022-05-19,Marketing,APAC,Completed,5406.76,1043.66
TXN-002791,2022-01-24,Customer Support,North America,Failed,2952.56,1290.48
TXN-002792,2022-04-06,Operations,APAC,Failed,5254.24,1267.88
TXN-002793,2023-06-30,Engineering,North America,Completed,5559.53,2024.13
TXN-002794,2023-12-17,Engineering,LATAM,Pending,4170.88,2235.25
TXN-002795,2022-12-15,Operations,APAC,Completed,5741.26,2106.09
TXN-002796,2023-04-08,Sales,North America,Failed,4288.83,478.8
TXN-002797,2023-05-08,Operations,APAC,Completed,3270.7,7408.642583296732
TXN-002798,2023-01-14,Sales,APAC,Failed,3249.49,2710.53
TXN-002799,2023-07-24,Operations,APAC,Pending,6921.52,2319.77
TXN-002800,2023-10-11,Marketing,North America,Completed,966.7109999999999,3197.52
TXN-002801,2023-05-01,Operations,North America,Pending,5849.17,709.87
TXN-002802,2022-10-16,Customer Support,LATAM,Completed,2447.33,2669.36
TXN-002803,2022-08-30,Engineering,EMEA,Pending,5523.3,2072.84
TXN-002804,2023-09-02,Engineering,LATAM,Completed,3511.42,3113.19
TXN-002805,2023-04-18,Marketing,APAC,Failed,6869.64,1787.75
TXN-002806,2022-07-22,Operations,APAC,Failed,2228.11,2842.13
TXN-002807,2022-01-06,Marketing,EMEA,Completed,3940.5,1602.25
TXN-002808,2023-12-15,Customer Support,EMEA,Completed,4093.46,1265.54
TXN-002809,2022-01-19,Sales,EMEA,Failed,4157.95,1521.2
TXN-002810,2023-11-03,Customer Support,APAC,Completed,6338.72,576.51
TXN-002811,2023-07-15,Marketing,LATAM,Failed,3107.5,1086.84
TXN-002812,2023-07-16,Marketing,APAC,Completed,2222.34,1431.05
TXN-002813,2023-10-01,Engineering,EMEA,Completed,3750.93,3332.89
TXN-002814,2022-04-23,Operations,LATAM,Failed,5918.94,2263.69
TXN-002815,2022-10-01,Sales,EMEA,Completed,5234.31,2028.77
TXN-002816,2022-02-09,Marketing,North America,Completed,2977.06,455.96
TXN-002817,2022-07-24,Engineering,LATAM,Completed,6545.29,2028.88
TXN-002818,2023-09-07,Customer Support,LATAM,Pending,4558.04,1871.85
TXN-002819,2022-10-05,Engineering,North America,Completed,6404.69,1971.85
TXN-002820,2022-11-19,Engineering,APAC,Completed,4728.19,1884.6
TXN-002821,2022-03-23,Marketing,North America,Completed,5412.41,3625.76
TXN-002822,2022-11-15,Customer Support,LATAM,Failed,5438.25,2042.78
TXN-002823,2023-03-18,Marketing,North America,Pending,4761.63,1558.85
TXN-002824,2022-11-18,Operations,North America,Pending,4199.81,2411.31
TXN-002825,2022-11-16,Engineering,EMEA,Completed,5580.87,2334.08
TXN-002826,2023-02-04,Marketing,EMEA,Completed,5470.34,2201.49
TXN-002827,2022-06-17,Operations,LATAM,Completed,2954.72,729.32
TXN-002828,2023-08-22,Operations,North America,Pending,3691.35,1913.49
TXN-002829,2022-11-10,Engineering,APAC,Completed,4236.15,1617.45
TXN-002830,2023-04-03,Engineering,APAC,Pending,4538.78,2914.99
TXN-002831,2022-08-15,Sales,EMEA,Failed,4775.17,1836.7
TXN-002832,2022-10-03,Marketing,LATAM,Completed,3184.45,3013.83
TXN-002833,2022-06-24,Operations,APAC,Pending,7416.39,2118.84
TXN-002834,2022-06-01,Marketing,APAC,Completed,6001.13,1826.62
TXN-002835,2022-12-10,Customer Support,North America,Completed,3606.66,2209.29
TXN-002836,2023-12-08,Operations,LATAM,Pending,5668.91,2252.76
TXN-002837,2023-09-22,Engineering,APAC,Pending,4724.43,1316.29
TXN-002838,2022-10-08,Customer Support,LATAM,Pending,2539.87,2097.27
TXN-002839,2023-03-10,Marketing,North America,Completed,2837.07,2026.33
TXN-002840,2023-03-24,Customer Support,LATAM,Completed,8695.21,2159.58
TXN-002841,2022-12-23,Engineering,EMEA,Failed,7302.61,721.67
TXN-002842,2023-10-10,Operations,EMEA,Completed,2005.18,1064.14
TXN-002843,2023-08-03,Operations,EMEA,Completed,5875.83,1073.74
TXN-002844,2023-12-17,Marketing,EMEA,Completed,6953.59,2595.68
TXN-002845,2022-05-22,Engineering,APAC,Completed,6963.63,2956.33
TXN-002846,2022-01-31,Operations,APAC,Completed,2712.0,954.17
TXN-002847,2023-07-08,Sales,LATAM,Pending,6101.21,3031.88
TXN-002848,2023-07-22,Sales,APAC,Completed,6265.86,2358.29
TXN-002849,2022-10-17,Sales,APAC,Failed,5768.81,2819.07
TXN-002850,2022-02-05,Marketing,LATAM,Completed,2582.15,1456.92
TXN-002851,2023-04-06,Sales,APAC,Completed,2887.51,1304.96
TXN-002852,2022-04-22,Marketing,North America,Failed,5420.46,2512.08
TXN-002853,2022-03-29,Engineering,LATAM,Completed,4890.29,671.49
TXN-002854,2022-08-04,Engineering,LATAM,Failed,5626.94,2347.99
TXN-002855,2023-02-04,Sales,LATAM,Completed,,650.82
TXN-002856,2022-05-26,Customer Support,APAC,Completed,3727.8,2444.02
TXN-002857,2022-12-18,Sales,North America,Completed,4736.92,1975.4
TXN-002858,2023-10-30,Marketing,APAC,Completed,5319.21,1907.34
TXN-002859,2022-11-14,Operations,APAC,Completed,4053.82,2999.5
TXN-002860,2023-01-11,Sales,EMEA,Pending,5765.36,1679.73
TXN-002861,2023-02-13,Marketing,APAC,Completed,5009.5,1258.24
TXN-002862,2022-08-05,Engineering,LATAM,Completed,9134.22,2168.59
TXN-002863,2022-04-19,Operations,APAC,Completed,2530.86,1122.16
TXN-002864,2022-09-28,Customer Support,APAC,Pending,3764.92,3209.95
TXN-002865,2023-09-01,Customer Support,North America,Pending,5187.08,1366.37
TXN-002866,2022-03-31,Customer Support,LATAM,Completed,2867.47,1543.89
TXN-002867,2022-03-19,Marketing,EMEA,Failed,3059.03,3125.08
TXN-002868,2022-04-19,Marketing,APAC,Completed,9259.1,1721.91
TXN-002869,2022-09-18,Operations,North America,Completed,6086.22,1818.31
TXN-002870,2022-07-31,Engineering,EMEA,Completed,6486.43,0.0
TXN-002871,2022-06-12,Customer Support,LATAM,Completed,5475.13,1330.29
TXN-002872,2022-01-02,Sales,LATAM,Completed,5878.51,2708.22
TXN-002873,2023-07-17,Customer Support,EMEA,Failed,2354.43,1645.3
TXN-002874,2022-11-02,Sales,North America,Pending,4566.9,3362.19
TXN-002875,2022-12-07,Customer Support,LATAM,Completed,3832.35,2640.89
TXN-002876,2022-09-11,Operations,North America,Completed,8578.26,1599.13
TXN-002877,2022-08-04,Engineering,LATAM,Completed,6092.82,2114.83
TXN-002878,2022-04-12,Sales,LATAM,Completed,3046.89,3122.13
TXN-002879,2022-11-16,Customer Support,LATAM,Completed,5207.38,3793.93
TXN-002880,2022-06-13,Customer Support,EMEA,Completed,2817.54,1650.95
TXN-002881,2022-07-15,Operations,LATAM,Completed,6387.2,2514.57
TXN-002882,2023-08-25,Engineering,LATAM,Completed,4939.38,2664.26
TXN-002883,2022-09-16,Engineering,EMEA,Pending,4903.63,1127.49
TXN-002884,2023-03-07,Operations,APAC,Completed,3811.36,1913.35
TXN-002885,2023-04-17,Operations,EMEA,Completed,4890.0,2080.61
TXN-002886,2023-01-20,Marketing,LATAM,Completed,2835.05,2872.27
TXN-002887,2023-07-15,Customer Support,LATAM,Completed,5850.83,2331.33
TXN-002888,2022-10-10,Engineering,LATAM,Completed,2911.74,2494.27
TXN-002889,2022-10-06,Sales,APAC,Completed,5333.99,2084.8
TXN-002890,2022-11-09,Marketing,APAC,Completed,5545.8,1512.73
TXN-002891,2023-06-04,Engineering,North America,Failed,4668.4,1851.51
TXN-002892,2022-04-24,Marketing,North America,Completed,5199.48,2982.82
TXN-002893,2022-06-30,Engineering,LATAM,Failed,5098.44,2942.93
TXN-002894,2023-03-18,Sales,EMEA,Completed,4478.95,2443.11
TXN-002895,2022-11-27,Sales,North America,Completed,4572.78,2381.48
TXN-002896,2022-07-31,Engineering,APAC,Completed,2632.91,2215.67
TXN-002897,2023-10-26,Marketing,EMEA,Completed,4378.57,2239.46
TXN-002898,2022-05-14,Engineering,APAC,Failed,5624.92,2383.32
TXN-002899,2023-06-12,Operations,LATAM,Completed,7843.07,2737.56
TXN-002900,2023-08-15,Sales,LATAM,Completed,3640.34,2680.21
TXN-002901,2023-06-22,Customer Support,APAC,Failed,3677.18,1072.44
TXN-002902,2023-01-02,Customer Support,North America,Completed,4229.75,2617.45
TXN-002903,2022-06-03,Sales,LATAM,Pending,4025.14,1242.97
TXN-002904,2022-08-03,Customer Support,North America,Completed,6603.21,1563.65
TXN-002905,2022-05-26,Operations,APAC,Completed,4375.48,1227.72
TXN-002906,2023-12-09,Engineering,APAC,Failed,6039.11,3310.41
TXN-002907,2023-12-16,Customer Support,North America,Pending,4393.78,2589.46
TXN-002908,2022-03-15,Marketing,North America,Failed,6898.6,2061.18
TXN-002909,2023-01-24,Engineering,North America,Failed,5247.9,2827.51
TXN-002910,2023-06-04,Sales,EMEA,Completed,5019.6,1238.13
TXN-002911,2023-03-28,Engineering,APAC,Failed,6209.1,2016.46
TXN-002912,2022-04-05,Sales,EMEA,Completed,5477.08,2671.79
TXN-002913,2022-01-03,Marketing,LATAM,Failed,6366.9,1545.9
TXN-002914,2023-12-09,Marketing,APAC,Pending,4341.91,3410.83
TXN-002915,2023-11-26,Sales,LATAM,Pending,4553.99,802.38
TXN-002916,2022-11-17,Marketing,North America,Completed,5355.77,1939.74
TXN-002917,2022-09-25,Customer Support,EMEA,Completed,2615.99,2226.22
TXN-002918,2022-07-19,Engineering,APAC,Pending,6693.42,1833.24
TXN-002919,2022-08-01,Engineering,North America,Completed,3141.67,2071.55
TXN-002920,2023-10-06,Marketing,LATAM,Completed,4094.75,3808.36
TXN-002921,2022-03-09,Marketing,LATAM,Pending,6088.56,1570.2
TXN-002922,2023-06-29,Operations,EMEA,Completed,3803.44,785.49
TXN-002923,2023-01-29,Engineering,LATAM,Completed,7459.1,2539.11
TXN-002924,2023-02-17,Sales,LATAM,Completed,3913.04,2651.99
TXN-002925,2022-05-17,Engineering,EMEA,Completed,5165.26,2595.45
TXN-002926,2022-02-08,Engineering,EMEA,Pending,6985.83,1905.91
TXN-002927,2022-02-24,Marketing,LATAM,Completed,6126.4,2346.34
TXN-002928,2023-01-12,Operations,EMEA,Completed,4727.32,2971.06
TXN-002929,2023-04-13,Customer Support,EMEA,Pending,7823.22,2403.43
TXN-002930,2023-07-28,Engineering,EMEA,Completed,4263.73,1180.52
TXN-002931,2023-02-01,Marketing,APAC,Completed,3566.69,1668.33
TXN-002932,2022-08-25,Marketing,APAC,Completed,5269.8,2984.02
TXN-002933,2023-01-08,Marketing,North America,Completed,6266.15,2678.6
TXN-002934,2022-05-01,Operations,North America,Completed,4648.46,1634.76
TXN-002935,2022-01-20,Marketing,EMEA,Completed,2285.55,1316.47
TXN-002936,2023-06-07,Engineering,North America,Completed,5637.25,2145.82
TXN-002937,2022-07-19,Engineering,LATAM,Completed,5022.95,1037.35
TXN-002938,2022-06-05,Marketing,LATAM,Completed,,2615.65
TXN-002939,2023-06-09,Customer Support,EMEA,Failed,3338.41,734.77
TXN-002940,2022-07-18,Sales,North America,Completed,3115.55,2606.45
TXN-002941,2023-12-28,Operations,EMEA,Failed,6449.66,2627.15
TXN-002942,2023-09-16,Marketing,North America,Completed,2870.5,1532.19
TXN-002943,2023-04-15,Sales,APAC,Pending,3334.72,1185.52
TXN-002944,2023-11-07,Marketing,EMEA,Completed,5075.59,2939.01
TXN-002945,2023-01-15,Marketing,North America,Completed,6716.3,1801.92
TXN-002946,2022-11-29,Customer Support,North America,Pending,5880.0,1407.79
TXN-002947,2022-01-18,Engineering,EMEA,Completed,5416.22,2411.21
TXN-002948,2022-09-21,Marketing,North America,Failed,6215.51,1430.09
TXN-002949,2022-07-04,Sales,LATAM,Failed,7195.57,1703.76
TXN-002950,2023-07-31,Sales,EMEA,Completed,3089.01,1824.35
TXN-002951,2023-04-20,Sales,EMEA,Completed,5473.0,1203.37
TXN-002952,2023-06-14,Marketing,LATAM,Completed,6888.39,944.2
TXN-002953,2023-05-09,Operations,APAC,Completed,3487.26,4747.175020419437
TXN-002954,2023-08-23,Marketing,EMEA,Pending,5212.1,3132.22
TXN-002955,2022-08-16,Customer Support,APAC,Completed,7145.05,3866.99
TXN-002956,2022-07-21,Marketing,EMEA,Failed,5173.86,
TXN-002957,2022-01-04,Marketing,EMEA,Pending,6304.48,2449.75
TXN-002958,2023-10-22,Operations,APAC,Completed,5019.48,1195.64
TXN-002959,2023-05-02,Sales,North America,Completed,8452.33,1901.16
TXN-002960,2022-07-24,Customer Support,LATAM,Failed,8540.04,1739.1
TXN-002961,2023-11-16,Marketing,North America,Pending,3393.94,1663.43
TXN-002962,2023-05-12,Sales,LATAM,Failed,5996.37,2176.28
TXN-002963,2023-08-02,Sales,EMEA,Completed,6971.19,1734.04
TXN-002964,2023-10-02,Sales,EMEA,Pending,4163.99,2090.26
TXN-002965,2022-07-28,Marketing,APAC,Failed,5103.3,2303.93
TXN-002966,2022-04-18,Marketing,EMEA,Completed,5151.14,2721.15
TXN-002967,2023-02-07,Marketing,LATAM,Completed,2047.33,1766.82
TXN-002968,2023-04-08,Engineering,LATAM,Completed,3221.31,1959.74
TXN-002969,2022-09-30,Sales,APAC,Pending,3833.62,1445.49
TXN-002970,2023-07-21,Marketing,LATAM,Pending,2767.83,1354.41
TXN-002971,2023-10-16,Engineering,EMEA,Pending,2446.98,1830.06
TXN-002972,2023-09-29,Customer Support,LATAM,Pending,5471.76,1487.86
TXN-002973,2022-06-09,Marketing,LATAM,Completed,4995.95,1641.4
TXN-002974,2022-05-21,Operations,LATAM,Failed,3245.74,2026.28
TXN-002975,2023-09-19,Marketing,North America,Pending,4861.92,2553.32
TXN-002976,2023-02-17,Engineering,LATAM,Failed,4199.0,1968.54
TXN-002977,2022-04-10,Marketing,APAC,Pending,3541.04,2477.71
TXN-002978,2022-06-14,Engineering,EMEA,Completed,2375.39,2187.9
TXN-002979,2023-06-18,Operations,EMEA,Pending,5756.81,2947.64
TXN-002980,2023-02-21,Marketing,APAC,Pending,3426.08,1755.42
TXN-002981,2023-03-11,Marketing,North America,Pending,5311.84,2613.98
TXN-002982,2023-05-09,Operations,North America,Pending,3798.52,1037.98
TXN-002983,2023-05-01,Engineering,EMEA,Completed,6091.0,1873.29
TXN-002984,2022-03-02,Engineering,LATAM,Failed,4543.84,1742.47
TXN-002985,2023-08-12,Customer Support,APAC,Completed,5462.09,1951.32
TXN-002986,2022-05-01,Engineering,North America,Completed,6435.02,2177.09
TXN-002987,2022-09-06,Sales,North America,Pending,4622.15,1291.19
TXN-002988,2022-11-22,Engineering,North America,Failed,5682.73,1786.13
TXN-002989,2023-05-27,Customer Support,LATAM,Failed,2433.01,2076.67
TXN-002990,2022-02-01,Sales,APAC,Completed,,3278.98
TXN-002991,2022-11-06,Marketing,EMEA,Completed,5406.38,1327.49
TXN-002992,2023-01-15,Customer Support,EMEA,Failed,4899.44,2686.96
TXN-002993,2022-07-12,Marketing,North America,Completed,5759.56,1484.61
TXN-002994,2023-11-08,Sales,North America,Completed,3794.46,2285.28
TXN-002995,2023-05-27,Sales,North America,Completed,5123.86,2105.79
TXN-002996,2022-09-09,Sales,North America,Pending,4608.29,2905.82
TXN-002997,2022-09-29,Sales,EMEA,Completed,8889.67,881.21
TXN-002998,2022-10-12,Engineering,North America,Failed,5183.47,2330.7
TXN-002999,2023-06-16,Customer Support,LATAM,Pending,6554.17,2449.73
TXN-003000,2023-07-16,Customer Support,North America,Pending,7515.04,1999.82
TXN-003001,2022-12-03,Sales,North America,Completed,6187.76,2416.08
TXN-003002,2023-09-26,Engineering,LATAM,Completed,4587.01,705.28
TXN-003003,2023-09-12,Operations,North America,Failed,3855.88,2987.15
TXN-003004,2023-09-16,Customer Support,EMEA,Completed,5286.69,1539.26
TXN-003005,2023-02-14,Customer Support,EMEA,Completed,1454.73,1519.48
TXN-003006,2023-04-05,Customer Support,North America,Pending,6960.79,2790.71
TXN-003007,2022-05-28,Engineering,EMEA,Completed,3625.93,2613.0
TXN-003008,2022-10-28,Customer Support,EMEA,Pending,8919.71,880.55
TXN-003009,2023-05-14,Sales,APAC,Pending,2960.61,5001.8784697228775
TXN-003010,2022-04-15,Marketing,APAC,Completed,6193.91,2324.91
TXN-003011,2022-09-28,Customer Support,North America,Pending,2724.07,2020.03
TXN-003012,2023-01-29,Engineering,North America,Failed,4453.36,3301.97
TXN-003013,2023-09-02,Sales,North America,Failed,3443.48,1267.01
TXN-003014,2022-08-22,Customer Support,EMEA,Completed,3781.57,2485.97
TXN-003015,2023-08-07,Marketing,EMEA,Completed,5476.2,1498.81
TXN-003016,2022-02-27,Sales,North America,Completed,6719.48,3308.11
TXN-003017,2022-11-11,Sales,LATAM,Pending,2987.7,2890.54
TXN-003018,2023-06-26,Operations,EMEA,Failed,8506.35,2044.09
TXN-003019,2023-12-04,Sales,APAC,Failed,5362.07,1498.43
TXN-003020,2023-12-26,Sales,North America,Completed,6697.32,2535.37
TXN-003021,2022-08-19,Marketing,EMEA,Completed,3577.29,573.16
TXN-003022,2023-12-24,Operations,EMEA,Completed,7473.48,2123.78
TXN-003023,2022-12-29,Operations,EMEA,Pending,4933.9,2543.22
TXN-003024,2022-11-07,Operations,APAC,Pending,6591.07,2002.17
TXN-003025,2023-12-11,Operations,EMEA,Completed,5985.91,1268.18
TXN-003026,2023-04-13,Operations,APAC,Completed,5529.9,2806.97
TXN-003027,2023-08-18,Customer Support,North America,Pending,5562.38,1844.76
TXN-003028,2022-07-27,Sales,APAC,Pending,5006.9,3129.05
TXN-003029,2022-07-24,Operations,LATAM,Pending,5492.33,2166.88
TXN-003030,2023-09-22,Engineering,APAC,Completed,4833.84,1407.02
TXN-003031,2022-10-18,Sales,North America,Completed,2276.26,2829.49
TXN-003032,2022-10-29,Customer Support,APAC,Pending,5677.05,2146.29
TXN-003033,2023-03-22,Sales,APAC,Completed,4321.97,2047.94
TXN-003034,2022-12-06,Marketing,LATAM,Pending,5283.8,1989.75
TXN-003035,2022-04-26,Sales,EMEA,Completed,4325.03,1193.68
TXN-003036,2022-03-13,Sales,EMEA,Completed,7346.48,2360.21
TXN-003037,2023-11-01,Operations,EMEA,Completed,4933.82,2922.57
TXN-003038,2023-01-14,Customer Support,EMEA,Completed,7667.5,2257.9
TXN-003039,2023-06-23,Engineering,LATAM,Completed,4625.39,3575.1
TXN-003040,2023-01-31,Operations,APAC,Failed,5023.0,2990.57
TXN-003041,2022-10-06,Customer Support,APAC,Completed,7086.86,2577.53
TXN-003042,2022-08-22,Engineering,North America,Pending,5218.84,1604.38
TXN-003043,2023-12-01,Marketing,EMEA,Failed,5066.16,2457.57
TXN-003044,2023-08-15,Sales,EMEA,Failed,8232.85,1308.01
TXN-003045,2023-04-21,Customer Support,APAC,Failed,5764.65,1223.71
TXN-003046,2022-06-09,Engineering,LATAM,Pending,4708.25,1471.97
TXN-003047,2023-09-28,Engineering,EMEA,Completed,4746.52,1269.15
TXN-003048,2023-08-28,Engineering,North America,Completed,4473.02,2660.96
TXN-003049,2023-10-24,Operations,North America,Completed,4382.92,2125.84
TXN-003050,2023-06-15,Customer Support,North America,Completed,7254.54,1389.53
TXN-003051,2023-01-08,Operations,EMEA,Pending,1151.75,645.54
TXN-003052,2023-11-19,Engineering,LATAM,Completed,3044.06,1593.46
TXN-003053,2023-07-28,Operations,North America,Completed,6380.11,1879.95
TXN-003054,2023-06-30,Marketing,North America,Pending,4178.8,1039.09
TXN-003055,2023-02-04,Engineering,LATAM,Pending,5906.07,1749.35
TXN-003056,2023-03-06,Engineering,LATAM,Completed,6808.28,2975.47
TXN-003057,2022-02-12,Sales,APAC,Completed,5484.14,1754.83
TXN-003058,2023-10-18,Customer Support,North America,Completed,3830.5,1375.18
TXN-003059,2022-01-29,Engineering,EMEA,Failed,4256.71,3719.24
TXN-003060,2022-03-10,Sales,EMEA,Completed,4242.91,1433.78
TXN-003061,2023-02-14,Engineering,APAC,Completed,,2081.74
TXN-003062,2022-03-21,Engineering,LATAM,Completed,4843.47,1251.61
TXN-003063,2022-03-14,Engineering,APAC,Pending,2476.94,2157.61
TXN-003064,2022-03-02,Sales,APAC,Completed,5322.46,1756.78
TXN-003065,2023-08-06,Marketing,EMEA,Failed,3841.4,499.39
TXN-003066,2023-12-26,Customer Support,LATAM,Pending,5222.47,1870.96
TXN-003067,2023-02-16,Engineering,North America,Pending,3807.88,1139.25
TXN-003068,2023-12-03,Sales,EMEA,Completed,7145.79,1615.97
TXN-003069,2022-08-04,Operations,APAC,Completed,4248.06,2052.39
TXN-003070,2023-04-09,Sales,EMEA,Completed,6302.08,726.16
TXN-003071,2023-01-07,Sales,EMEA,Pending,5831.59,1595.89
TXN-003072,2023-07-27,Marketing,LATAM,Completed,5197.95,1294.75
TXN-003073,2023-08-10,Operations,EMEA,Completed,5361.71,2437.23
TXN-003074,2022-05-11,Customer Support,APAC,Completed,4845.28,1354.11
TXN-003075,2022-08-15,Sales,LATAM,Pending,3487.1,796.93
TXN-003076,2022-07-11,Engineering,EMEA,Failed,3893.65,1174.71
TXN-003077,2022-01-07,Operations,EMEA,Failed,7094.17,3037.24
TXN-003078,2023-07-30,Marketing,LATAM,Completed,5676.12,1213.16
TXN-003079,2023-01-17,Marketing,North America,Completed,6762.6,1659.64
TXN-003080,2023-08-21,Sales,EMEA,Completed,6647.82,2494.36
TXN-003081,2022-07-18,Sales,EMEA,Pending,4709.34,2295.15
TXN-003082,2022-12-27,Sales,North America,Pending,6771.12,1157.88
TXN-003083,2022-06-26,Customer Support,APAC,Failed,5867.6,1776.31
TXN-003084,2022-03-22,Sales,APAC,Pending,5991.32,2233.16
TXN-003085,2023-02-15,Operations,EMEA,Pending,5368.5,3046.58
TXN-003086,2023-01-21,Marketing,APAC,Completed,3668.74,2015.27
TXN-003087,2023-02-12,Engineering,EMEA,Failed,4975.88,1636.72
TXN-003088,2023-08-01,Sales,North America,Completed,2335.48,468.56
TXN-003089,2022-07-03,Customer Support,LATAM,Completed,1479.35,2615.7
TXN-003090,2023-02-21,Engineering,EMEA,Pending,4964.21,2299.53
TXN-003091,2023-07-04,Operations,LATAM,Completed,3967.79,2790.41
TXN-003092,2023-07-23,Operations,North America,Pending,8218.21,1770.41
TXN-003093,2023-07-24,Sales,APAC,Completed,5344.66,1948.39
TXN-003094,2023-04-21,Engineering,LATAM,Completed,5734.3,1841.79
TXN-003095,2022-05-26,Marketing,APAC,Completed,3319.24,1621.95
TXN-003096,2023-10-03,Customer Support,LATAM,Completed,7282.44,1648.39
TXN-003097,2022-01-02,Engineering,North America,Completed,8080.96,2155.78
TXN-003098,2023-01-23,Sales,EMEA,Pending,4658.51,1576.35
TXN-003099,2022-09-23,Sales,EMEA,Completed,4650.46,1532.74
TXN-003100,2023-09-11,Customer Support,EMEA,Failed,5515.56,1923.23
TXN-003101,2022-04-03,Marketing,APAC,Completed,3870.15,3527.67
TXN-003102,2022-12-09,Engineering,APAC,Completed,4513.1,740.57
TXN-003103,2023-11-03,Engineering,LATAM,Failed,4460.2,1890.35
TXN-003104,2022-12-17,Customer Support,North America,Pending,4564.89,2237.08
TXN-003105,2022-09-24,Engineering,LATAM,Completed,5220.1,1479.57
TXN-003106,2022-07-15,Engineering,EMEA,Completed,8867.76,2083.83
TXN-003107,2022-07-02,Marketing,APAC,Completed,4201.0,3162.03
TXN-003108,2023-12-26,Customer Support,APAC,Completed,5639.33,2592.47
TXN-003109,2022-02-05,Operations,APAC,Completed,1736.11,524.59
TXN-003110,2023-10-06,Engineering,LATAM,Pending,4373.33,1213.11
TXN-003111,2022-11-27,Sales,LATAM,Failed,5538.96,1890.97
TXN-003112,2022-04-21,Customer Support,North America,Completed,1551.62,385.66
TXN-003113,2022-03-14,Marketing,EMEA,Completed,2972.83,1514.02
TXN-003114,2023-02-25,Sales,North America,Completed,3540.94,2319.56
TXN-003115,2022-07-30,Sales,APAC,Completed,5265.69,1846.94
TXN-003116,2023-10-07,Engineering,APAC,Completed,8273.58,1474.27
TXN-003117,2022-10-10,Customer Support,LATAM,Completed,7344.99,1318.78
TXN-003118,2022-10-28,Operations,North America,Pending,4676.52,710.17
TXN-003119,2022-03-08,Operations,APAC,Failed,4114.75,1215.11
TXN-003120,2023-08-09,Operations,North America,Failed,3564.4,1674.25
TXN-003121,2022-11-22,Engineering,APAC,Failed,5274.93,3320.83
TXN-003122,2023-05-20,Operations,LATAM,Pending,6059.48,1743.26
TXN-003123,2022-07-05,Engineering,APAC,Pending,6736.7,1333.24
TXN-003124,2022-01-05,Sales,LATAM,Pending,3945.39,707.66
TXN-003125,2023-03-04,Customer Support,APAC,Completed,5329.48,2666.91
TXN-003126,2022-03-17,Operations,APAC,Completed,6505.43,1084.88
TXN-003127,2022-08-20,Marketing,EMEA,Failed,3700.56,2241.5
TXN-003128,2022-11-01,Marketing,LATAM,Failed,4902.71,2429.28
TXN-003129,2022-08-30,Engineering,North America,Failed,3967.1,1856.49
TXN-003130,2022-03-23,Operations,North America,Failed,8325.9,2387.4
TXN-003131,2022-06-30,Customer Support,North America,Pending,4277.0,1846.39
TXN-003132,2022-07-08,Marketing,North America,Completed,4311.12,1512.04
TXN-003133,2022-04-15,Operations,LATAM,Failed,6034.74,2519.09
TXN-003134,2023-04-21,Customer Support,North America,Completed,3480.22,3199.52
TXN-003135,2023-08-22,Marketing,APAC,Completed,7039.94,
TXN-003136,2023-03-21,Customer Support,APAC,Completed,4739.44,3289.68
TXN-003137,2023-05-26,Customer Support,APAC,Completed,3132.04,2991.9604537258933
TXN-003138,2022-12-17,Customer Support,EMEA,Completed,4008.08,2563.54
TXN-003139,2022-03-06,Operations,APAC,Pending,5146.3,2129.39
TXN-003140,2022-12-25,Sales,APAC,Completed,5633.75,1978.16
TXN-003141,2023-04-04,Engineering,LATAM,Pending,4009.35,1821.52
TXN-003142,2023-06-30,Customer Support,LATAM,Completed,5741.47,1812.61
TXN-003143,2022-12-15,Operations,APAC,Failed,5670.4,2657.34
TXN-003144,2022-06-13,Engineering,North America,Completed,4800.71,2636.75
TXN-003145,2023-05-22,Marketing,APAC,Completed,3927.78,4637.422622608737
TXN-003146,2022-09-02,Marketing,North America,Failed,4060.76,1338.89
TXN-003147,2022-04-28,Sales,APAC,Completed,8975.39,
TXN-003148,2022-03-26,Operations,North America,Pending,5787.67,3666.05
TXN-003149,2022-04-16,Operations,LATAM,Failed,5600.72,1652.8
TXN-003150,2022-07-08,Operations,APAC,Pending,3770.12,2135.97
TXN-003151,2023-05-23,Operations,EMEA,Pending,1929.83,2088.92
TXN-003152,2023-04-17,Operations,LATAM,Completed,6350.79,1316.99
TXN-003153,2023-07-28,Operations,LATAM,Completed,2884.86,3054.38
TXN-003154,2023-03-06,Sales,EMEA,Failed,5719.3,2104.31
TXN-003155,2023-04-14,Engineering,EMEA,Completed,2791.72,2430.34
TXN-003156,2022-01-25,Operations,North America,Failed,5551.45,1645.45
TXN-003157,2022-10-16,Engineering,APAC,Pending,4081.47,2851.57
TXN-003158,2023-04-24,Marketing,APAC,Pending,4951.24,3103.88
TXN-003159,2022-01-09,Engineering,EMEA,Completed,4149.67,2588.51
TXN-003160,2022-05-12,Customer Support,LATAM,Pending,5713.89,2502.03
TXN-003161,2022-06-17,Customer Support,APAC,Completed,3822.42,943.64
TXN-003162,2022-10-26,Operations,North America,Failed,5320.4,3075.59
TXN-003163,2022-10-19,Customer Support,North America,Completed,4030.99,1802.91
TXN-003164,2023-01-06,Customer Support,EMEA,Completed,5000.64,1873.58
TXN-003165,2022-12-02,Engineering,APAC,Failed,4457.85,1520.42
TXN-003166,2022-12-03,Sales,EMEA,Completed,4426.21,1944.86
TXN-003167,2023-09-16,Customer Support,LATAM,Failed,5765.06,1964.93
TXN-003168,2022-11-16,Engineering,North America,Completed,4625.35,1932.89
TXN-003169,2023-07-22,Marketing,EMEA,Completed,4986.22,2646.32
TXN-003170,2022-02-22,Sales,EMEA,Completed,2198.93,3817.59
TXN-003171,2022-08-31,Engineering,LATAM,Failed,4843.54,1295.91
TXN-003172,2023-08-21,Engineering,APAC,Pending,4632.49,1400.51
TXN-003173,2023-04-10,Sales,APAC,Completed,2115.09,3636.27
TXN-003174,2022-07-14,Marketing,North America,Failed,2224.72,996.62
TXN-003175,2023-07-20,Engineering,LATAM,Completed,4521.22,1762.71
TXN-003176,2022-03-27,Operations,LATAM,Completed,4602.25,1648.37
TXN-003177,2022-11-17,Customer Support,North America,Completed,4009.36,3362.05
TXN-003178,2022-05-31,Operations,EMEA,Failed,5752.16,3403.41
TXN-003179,2022-01-09,Marketing,EMEA,Failed,5546.65,2099.92
TXN-003180,2022-09-11,Sales,North America,Failed,4910.68,2300.62
TXN-003181,2023-04-22,Sales,EMEA,Completed,3865.36,1417.92
TXN-003182,2022-10-10,Customer Support,APAC,Completed,5101.75,1604.94
TXN-003183,2022-05-01,Operations,North America,Completed,3445.37,2364.6
TXN-003184,2022-07-20,Engineering,LATAM,Pending,5688.2,1364.76
TXN-003185,2023-10-19,Marketing,North America,Completed,961.044,2806.59
TXN-003186,2023-02-07,Customer Support,LATAM,Completed,,2157.69
TXN-003187,2023-06-18,Marketing,APAC,Completed,5105.56,1621.33
TXN-003188,2023-08-10,Marketing,APAC,Failed,4741.82,3033.76
TXN-003189,2023-06-29,Sales,North America,Completed,2444.07,3003.04
TXN-003190,2023-06-29,Engineering,North America,Pending,3893.67,3073.42
TXN-003191,2023-12-04,Operations,LATAM,Completed,3312.43,977.3
TXN-003192,2023-08-16,Operations,EMEA,Failed,7011.9,537.49
TXN-003193,2023-02-27,Sales,LATAM,Failed,5093.9,1342.39
TXN-003194,2022-11-15,Engineering,APAC,Completed,4342.38,1851.83
TXN-003195,2022-11-10,Operations,EMEA,Pending,4035.35,2660.2
TXN-003196,2023-12-15,Sales,EMEA,Pending,5353.18,1215.31
TXN-003197,2022-03-12,Customer Support,APAC,Completed,6191.06,2509.48
TXN-003198,2022-09-14,Marketing,EMEA,Completed,3540.12,1257.83
TXN-003199,2023-05-14,Customer Support,APAC,Completed,4998.17,6387.769290388806
TXN-003200,2023-04-11,Customer Support,LATAM,Completed,5989.94,3275.87
TXN-003201,2023-11-25,Customer Support,EMEA,Failed,4817.44,2578.46
TXN-003202,2023-01-28,Customer Support,EMEA,Completed,5199.4,3130.45
TXN-003203,2023-02-08,Customer Support,EMEA,Failed,6507.77,1834.98
TXN-003204,2023-11-12,Sales,LATAM,Completed,4407.56,2747.43
TXN-003205,2022-11-30,Operations,APAC,Failed,4676.57,3087.52
TXN-003206,2023-01-08,Engineering,APAC,Failed,5072.91,1488.92
TXN-003207,2022-04-23,Operations,LATAM,Pending,3797.01,1502.82
TXN-003208,2022-10-20,Customer Support,North America,Pending,4200.02,2229.78
TXN-003209,2023-07-15,Engineering,North America,Pending,4229.99,2203.64
TXN-003210,2022-03-01,Operations,APAC,Completed,6796.72,2119.92
TXN-003211,2022-06-23,Marketing,EMEA,Completed,5587.58,1328.14
TXN-003212,2022-07-07,Customer Support,EMEA,Completed,6660.51,232.68
TXN-003213,2023-07-26,Sales,North America,Completed,6169.17,866.11
TXN-003214,2023-12-07,Marketing,APAC,Completed,3894.5,1255.36
TXN-003215,2023-07-24,Customer Support,North America,Completed,5915.59,1478.08
TXN-003216,2023-08-11,Engineering,LATAM,Failed,5544.6,2397.16
TXN-003217,2022-10-12,Marketing,APAC,Failed,4819.25,1261.38
TXN-003218,2022-03-30,Operations,North America,Completed,5059.72,1423.28
TXN-003219,2023-01-16,Operations,LATAM,Completed,4575.4,2546.26
TXN-003220,2022-05-17,Operations,North America,Completed,4185.3,252.71
TXN-003221,2023-06-20,Operations,North America,Failed,4628.91,866.3
TXN-003222,2022-01-09,Customer Support,APAC,Completed,5213.17,2240.25
TXN-003223,2022-10-24,Customer Support,LATAM,Completed,3480.27,2340.51
TXN-003224,2022-02-15,Engineering,EMEA,Completed,5236.84,1807.42
TXN-003225,2022-01-01,Customer Support,APAC,Completed,5403.39,1660.18
TXN-003226,2023-12-21,Customer Support,LATAM,Completed,4148.16,1404.27
TXN-003227,2023-01-14,Customer Support,North America,Completed,3392.39,2575.08
TXN-003228,2022-08-12,Customer Support,LATAM,Completed,2413.59,3504.6
TXN-003229,2023-11-14,Engineering,APAC,Failed,7250.09,636.79
TXN-003230,2022-07-27,Customer Support,APAC,Completed,5633.45,1894.46
TXN-003231,2023-01-09,Customer Support,LATAM,Completed,6431.31,2004.9
TXN-003232,2022-10-18,Operations,APAC,Completed,4582.29,1645.34
TXN-003233,2022-11-03,Operations,LATAM,Completed,7054.1,1892.5
TXN-003234,2023-11-16,Sales,EMEA,Completed,4246.99,2714.41
TXN-003235,2023-11-26,Operations,LATAM,Pending,4784.43,3228.24
TXN-003236,2023-01-18,Customer Support,LATAM,Completed,5052.74,2155.35
TXN-003237,2023-05-04,Sales,LATAM,Failed,6234.14,2111.29
TXN-003238,2022-09-08,Marketing,LATAM,Completed,3160.86,2660.64
TXN-003239,2022-05-09,Engineering,EMEA,Failed,7422.46,1448.09
TXN-003240,2023-04-14,Marketing,LATAM,Completed,6880.12,1128.14
TXN-003241,2023-08-18,Sales,EMEA,Completed,6641.77,1794.64
TXN-003242,2022-03-18,Operations,LATAM,Completed,5605.77,1492.18
TXN-003243,2023-02-07,Customer Support,EMEA,Completed,5834.29,1497.26
TXN-003244,2022-08-03,Marketing,LATAM,Completed,4975.51,463.75
TXN-003245,2022-06-23,Marketing,APAC,Failed,4525.95,1138.43
TXN-003246,2022-12-01,Operations,EMEA,Completed,4669.37,1565.75
TXN-003247,2023-04-09,Engineering,APAC,Completed,2314.3,723.21
TXN-003248,2023-11-06,Engineering,EMEA,Completed,5248.02,1049.69
TXN-003249,2023-02-05,Customer Support,EMEA,Failed,4406.95,696.6
TXN-003250,2023-05-06,Operations,North America,Completed,4460.44,1796.86
TXN-003251,2022-02-16,Customer Support,LATAM,Pending,4577.53,2553.15
TXN-003252,2023-02-11,Marketing,EMEA,Completed,4563.68,1208.87
TXN-003253,2023-05-02,Engineering,APAC,Completed,5352.56,11953.762353430757
TXN-003254,2022-11-28,Operations,EMEA,Failed,4431.25,1427.23
TXN-003255,2022-06-04,Operations,APAC,Completed,2266.57,2231.53
TXN-003256,2023-07-03,Customer Support,APAC,Completed,4914.05,263.31
TXN-003257,2023-06-24,Engineering,North America,Failed,6192.49,1838.55
TXN-003258,2023-11-02,Operations,APAC,Failed,2096.1,1955.52
TXN-003259,2023-10-25,Operations,North America,Completed,1801.65,1491.96
TXN-003260,2022-12-09,Operations,EMEA,Pending,3733.63,3318.79
TXN-003261,2023-04-04,Customer Support,North America,Completed,3466.63,2854.16
TXN-003262,2022-05-09,Engineering,APAC,Pending,5383.68,2098.56
TXN-003263,2022-05-18,Operations,EMEA,Completed,3955.63,1642.3
TXN-003264,2022-07-11,Engineering,LATAM,Completed,1890.98,2515.15
TXN-003265,2022-10-21,Customer Support,EMEA,Completed,1204.92,1456.54
TXN-003266,2023-05-27,Customer Support,North America,Pending,6696.24,1637.72
TXN-003267,2023-05-10,Engineering,LATAM,Completed,5422.97,2133.89
TXN-003268,2022-09-13,Operations,LATAM,Pending,4723.49,1279.31
TXN-003269,2023-11-28,Marketing,EMEA,Pending,4402.35,1727.4
TXN-003270,2022-12-09,Marketing,APAC,Completed,4560.75,2368.89
TXN-003271,2023-02-02,Sales,North America,Completed,6076.58,2871.54
TXN-003272,2022-03-25,Engineering,APAC,Failed,7726.74,2985.83
TXN-003273,2022-08-24,Engineering,EMEA,Pending,6123.99,1421.21
TXN-003274,2023-09-20,Customer Support,EMEA,Failed,1941.95,2353.48
TXN-003275,2023-01-23,Sales,EMEA,Completed,4506.2,2591.82
TXN-003276,2023-12-01,Customer Support,EMEA,Failed,4707.59,2214.87
TXN-003277,2023-02-24,Sales,APAC,Failed,3529.1,1591.87
TXN-003278,2022-03-21,Customer Support,LATAM,Pending,3571.34,2833.71
TXN-003279,2023-08-25,Engineering,LATAM,Completed,5484.71,220.93
TXN-003280,2022-06-11,Engineering,North America,Failed,3200.77,1240.11
TXN-003281,2023-08-23,Marketing,EMEA,Completed,5709.7,1521.74
TXN-003282,2022-07-07,Engineering,North America,Failed,,2053.66
TXN-003283,2023-04-16,Marketing,LATAM,Completed,8035.77,2890.98
TXN-003284,2023-06-20,Customer Support,North America,Completed,7517.13,2681.26
TXN-003285,2023-11-02,Operations,North America,Pending,6664.71,3046.59
TXN-003286,2022-08-02,Engineering,EMEA,Pending,4069.7,1064.43
TXN-003287,2022-12-14,Customer Support,LATAM,Completed,4394.93,2085.52
TXN-003288,2022-11-11,Operations,APAC,Completed,2123.11,2896.67
TXN-003289,2023-04-30,Engineering,APAC,Completed,3257.29,2444.14
TXN-003290,2023-04-10,Sales,EMEA,Pending,5620.75,2066.39
TXN-003291,2022-04-14,Operations,LATAM,Completed,3104.1,2310.5
TXN-003292,2023-01-07,Engineering,North America,Failed,6380.02,196.73
TXN-003293,2023-04-13,Sales,APAC,Completed,5261.84,1905.76
TXN-003294,2023-07-12,Sales,EMEA,Completed,5437.93,1800.83
TXN-003295,2023-08-05,Sales,APAC,Completed,7306.5,2273.89
TXN-003296,2023-12-16,Sales,North America,Completed,5788.62,1727.12
TXN-003297,2022-08-04,Operations,LATAM,Completed,5427.44,1190.05
TXN-003298,2022-06-04,Engineering,APAC,Completed,4406.58,2376.56
TXN-003299,2023-03-05,Engineering,LATAM,Pending,1992.8,2011.18
TXN-003300,2023-09-13,Sales,APAC,Failed,5608.31,1500.55
TXN-003301,2023-05-10,Operations,North America,Completed,2711.21,2964.26
TXN-003302,2022-10-31,Customer Support,APAC,Completed,3857.72,1943.38
TXN-003303,2023-10-07,Marketing,North America,Pending,1171.635,2936.36
TXN-003304,2022-04-09,Engineering,EMEA,Completed,4141.43,2483.85
TXN-003305,2022-02-23,Sales,APAC,Completed,6064.87,3433.38
TXN-003306,2023-06-13,Sales,EMEA,Failed,6467.7,1980.18
TXN-003307,2022-08-20,Operations,EMEA,Failed,4152.29,2331.4
TXN-003308,2023-09-27,Engineering,APAC,Completed,6438.6,2740.66
TXN-003309,2022-04-02,Operations,EMEA,Completed,6702.02,1751.35
TXN-003310,2023-06-13,Marketing,North America,Completed,5064.12,2083.16
TXN-003311,2023-11-11,Marketing,EMEA,Completed,2651.57,1327.53
TXN-003312,2022-07-31,Marketing,EMEA,Failed,7617.54,3036.34
TXN-003313,2022-03-09,Customer Support,EMEA,Completed,4143.64,2966.42
TXN-003314,2023-12-16,Marketing,EMEA,Completed,4097.23,3487.64
TXN-003315,2023-06-11,Marketing,EMEA,Completed,2178.98,1194.6
TXN-003316,2022-10-06,Operations,APAC,Pending,5458.71,1989.3
TXN-003317,2023-09-12,Operations,APAC,Completed,6186.25,2840.35
TXN-003318,2023-10-06,Marketing,APAC,Failed,6874.45,1970.86
TXN-003319,2022-08-21,Sales,LATAM,Completed,3873.82,2971.94
TXN-003320,2023-08-21,Operations,APAC,Completed,6234.59,3549.96
TXN-003321,2022-12-27,Marketing,EMEA,Pending,5578.73,1252.52
TXN-003322,2023-01-07,Engineering,EMEA,Failed,,1697.39
TXN-003323,2022-03-09,Sales,EMEA,Completed,2697.39,2178.19
TXN-003324,2022-01-30,Engineering,North America,Completed,4160.32,1325.9
TXN-003325,2022-01-03,Sales,APAC,Pending,3342.56,3549.52
TXN-003326,2023-03-24,Marketing,EMEA,Failed,4947.11,1592.27
TXN-003327,2022-08-14,Marketing,North America,Completed,3218.22,1452.09
TXN-003328,2023-05-02,Customer Support,LATAM,Pending,4135.03,3294.51
TXN-003329,2022-11-14,Engineering,EMEA,Completed,5928.46,2402.03
TXN-003330,2023-12-15,Sales,LATAM,Completed,6025.17,3902.88
TXN-003331,2022-09-15,Customer Support,APAC,Completed,4724.66,1255.71
TXN-003332,2022-05-09,Operations,North America,Completed,4624.89,1112.35
TXN-003333,2022-10-18,Operations,EMEA,Completed,3718.55,3386.29
TXN-003334,2023-06-10,Operations,APAC,Completed,2950.41,9877.753248339304
TXN-003335,2023-11-17,Operations,North America,Completed,3518.17,2903.1
TXN-003336,2023-05-26,Sales,LATAM,Failed,7084.65,2053.76
TXN-003337,2022-04-21,Customer Support,North America,Completed,3692.34,1138.75
TXN-003338,2022-03-31,Customer Support,APAC,Completed,6488.1,1389.63
TXN-003339,2022-12-10,Marketing,APAC,Pending,5741.72,962.66
TXN-003340,2022-04-12,Sales,EMEA,Failed,6036.01,1774.22
TXN-003341,2023-06-05,Marketing,LATAM,Completed,5666.19,2779.29
TXN-003342,2023-12-20,Engineering,APAC,Completed,4283.08,1463.39
TXN-003343,2023-11-29,Customer Support,APAC,Completed,1178.24,2563.28
TXN-003344,2022-12-23,Marketing,EMEA,Failed,5863.83,3310.96
TXN-003345,2023-01-26,Operations,APAC,Pending,5256.83,2934.3
TXN-003346,2023-01-28,Engineering,LATAM,Completed,4291.31,1522.37
TXN-003347,2023-05-25,Marketing,North America,Failed,2823.16,2734.8
TXN-003348,2022-04-30,Sales,EMEA,Failed,5616.74,2360.28
TXN-003349,2022-02-07,Marketing,North America,Pending,6683.14,1917.09
TXN-003350,2023-10-12,Operations,LATAM,Failed,4529.71,2952.23
TXN-003351,2023-01-26,Sales,North America,Completed,5681.03,493.81
TXN-003352,2023-12-30,Sales,APAC,Pending,6000.6,1547.21
TXN-003353,2023-05-01,Engineering,EMEA,Completed,5045.42,2867.29
TXN-003354,2023-07-03,Engineering,North America,Completed,7160.72,1313.06
TXN-003355,2023-05-24,Sales,EMEA,Failed,3936.29,2337.1
TXN-003356,2023-05-06,Engineering,LATAM,Completed,4951.11,1119.54
TXN-003357,2023-05-20,Customer Support,EMEA,Completed,4996.82,1780.92
TXN-003358,2022-09-26,Operations,LATAM,Completed,4618.13,1411.14
TXN-003359,2023-06-23,Operations,EMEA,Completed,3315.91,2676.06
TXN-003360,2023-02-23,Marketing,North America,Pending,3224.22,2087.32
TXN-003361,2023-10-27,Customer Support,North America,Completed,8115.69,3341.21
TXN-003362,2023-01-05,Customer Support,EMEA,Failed,5571.32,2552.21
TXN-003363,2023-11-06,Sales,LATAM,Completed,4048.06,2866.93
TXN-003364,2023-08-10,Sales,LATAM,Completed,6235.12,1934.33
TXN-003365,2023-05-16,Customer Support,APAC,Completed,3991.22,7238.940138097791
TXN-003366,2022-09-07,Marketing,LATAM,Completed,6529.78,2577.56
TXN-003367,2022-10-31,Operations,North America,Failed,4963.35,2300.3
TXN-003368,2022-07-22,Engineering,North America,Pending,4887.73,2802.71
TXN-003369,2022-03-18,Operations,APAC,Pending,7245.11,2091.19
TXN-003370,2022-09-13,Engineering,EMEA,Completed,4904.45,3464.63
TXN-003371,2023-04-23,Customer Support,EMEA,Completed,4883.08,1966.76
TXN-003372,2023-02-01,Marketing,EMEA,Completed,4437.87,915.23
TXN-003373,2022-09-08,Sales,EMEA,Completed,6226.2,3002.12
TXN-003374,2023-11-01,Sales,LATAM,Failed,3152.94,1866.51
TXN-003375,2022-01-06,Marketing,North America,Completed,4972.77,1847.43
TXN-003376,2023-12-26,Sales,EMEA,Completed,4164.01,3361.26
TXN-003377,2023-04-20,Sales,LATAM,Completed,4352.05,1472.2
TXN-003378,2023-05-17,Marketing,APAC,Pending,5275.43,11704.151475298335
TXN-003379,2023-09-26,Customer Support,North America,Completed,2629.16,1534.84
TXN-003380,2023-05-13,Marketing,EMEA,Failed,6638.46,721.4
TXN-003381,2022-12-21,Marketing,North America,Completed,1913.34,1811.56
TXN-003382,2023-10-17,Engineering,LATAM,Failed,2439.55,2885.1
TXN-003383,2023-05-03,Operations,LATAM,Completed,6882.35,1697.89
TXN-003384,2023-06-25,Customer Support,North America,Completed,5658.18,1714.17
TXN-003385,2023-04-02,Marketing,EMEA,Failed,5495.08,1361.13
TXN-003386,2022-03-28,Sales,APAC,Completed,7677.54,3305.14
TXN-003387,2023-01-28,Operations,EMEA,Completed,5145.96,3071.46
TXN-003388,2022-11-03,Engineering,North America,Completed,6988.86,1985.92
TXN-003389,2023-08-17,Engineering,LATAM,Failed,2740.58,1761.97
TXN-003390,2023-02-06,Engineering,APAC,Completed,5561.61,2170.03
TXN-003391,2022-06-15,Engineering,EMEA,Completed,6417.65,1569.7
TXN-003392,2022-06-26,Customer Support,EMEA,Failed,5442.66,1266.33
TXN-003393,2022-03-25,Engineering,North America,Failed,5099.93,474.95
TXN-003394,2022-04-02,Customer Support,APAC,Pending,4334.92,1213.92
TXN-003395,2023-10-13,Sales,North America,Completed,4425.7,2582.93
TXN-003396,2023-09-06,Engineering,North America,Completed,4086.21,2551.34
TXN-003397,2022-09-09,Sales,EMEA,Completed,4709.09,2179.39
TXN-003398,2023-09-07,Engineering,LATAM,Completed,4191.33,2971.67
TXN-003399,2022-05-23,Customer Support,APAC,Completed,4130.07,2263.15
TXN-003400,2023-02-14,Customer Support,North America,Completed,5048.52,2683.12
TXN-003401,2022-06-22,Marketing,APAC,Completed,5256.97,1261.4
TXN-003402,2023-12-19,Operations,LATAM,Pending,6845.18,
TXN-003403,2022-09-21,Engineering,LATAM,Completed,5546.96,865.94
TXN-003404,2023-10-19,Sales,LATAM,Completed,5197.32,1464.67
TXN-003405,2022-02-03,Customer Support,North America,Pending,5322.8,2222.25
TXN-003406,2022-09-06,Marketing,EMEA,Completed,4269.58,2944.52
TXN-003407,2023-10-30,Marketing,APAC,Completed,4933.21,1976.29
TXN-003408,2023-12-01,Engineering,APAC,Completed,9630.08,1423.98
TXN-003409,2022-09-21,Marketing,APAC,Completed,5521.15,1390.74
TXN-003410,2022-05-12,Marketing,LATAM,Completed,3147.63,1757.54
TXN-003411,2022-02-11,Engineering,EMEA,Completed,4636.41,1466.77
TXN-003412,2023-05-27,Customer Support,North America,Pending,6524.59,938.98
TXN-003413,2023-11-21,Customer Support,North America,Pending,3957.74,0.0
TXN-003414,2023-11-07,Engineering,APAC,Pending,4652.97,1499.81
TXN-003415,2023-04-11,Engineering,EMEA,Completed,3924.27,0.0
TXN-003416,2022-01-02,Marketing,LATAM,Failed,5077.35,2359.81
TXN-003417,2022-04-11,Engineering,North America,Pending,4003.37,1888.14
TXN-003418,2022-11-18,Customer Support,EMEA,Completed,3634.96,2215.79
TXN-003419,2023-02-22,Customer Support,North America,Failed,5494.23,2408.78
TXN-003420,2023-03-10,Marketing,LATAM,Pending,4857.59,2178.44
TXN-003421,2022-04-20,Customer Support,APAC,Completed,5222.59,2311.51
TXN-003422,2023-05-21,Marketing,EMEA,Failed,5203.58,1344.66
TXN-003423,2022-12-26,Customer Support,North America,Completed,4472.48,1497.6
TXN-003424,2022-03-08,Engineering,LATAM,Pending,4425.12,2723.06
TXN-003425,2023-11-30,Marketing,EMEA,Completed,5108.36,1945.73
TXN-003426,2022-01-21,Customer Support,North America,Completed,5521.41,993.72
TXN-003427,2022-01-26,Customer Support,LATAM,Pending,3954.67,2595.31
TXN-003428,2023-08-15,Customer Support,North America,Completed,6975.79,1577.48
TXN-003429,2022-04-17,Customer Support,EMEA,Completed,4551.95,1565.27
TXN-003430,2023-01-22,Marketing,APAC,Pending,6184.29,1998.88
TXN-003431,2023-09-29,Customer Support,LATAM,Failed,3444.15,1761.75
TXN-003432,2022-11-30,Marketing,LATAM,Completed,3961.07,2257.0
TXN-003433,2022-07-05,Customer Support,North America,Completed,2459.37,2795.59
TXN-003434,2023-10-22,Sales,APAC,Failed,4490.54,535.81
TXN-003435,2023-02-24,Marketing,North America,Failed,5047.36,1106.53
TXN-003436,2023-06-08,Marketing,LATAM,Failed,4822.53,1043.46
TXN-003437,2022-02-04,Sales,APAC,Pending,6993.11,2235.24
TXN-003438,2022-11-29,Engineering,LATAM,Completed,5692.41,
TXN-003439,2022-12-01,Sales,APAC,Pending,5126.15,2653.89
TXN-003440,2022-05-17,Engineering,LATAM,Completed,2819.33,1950.4
TXN-003441,2022-08-24,Operations,EMEA,Completed,7826.72,2444.12
TXN-003442,2022-04-23,Customer Support,EMEA,Completed,3747.43,2401.1
TXN-003443,2023-10-19,Customer Support,APAC,Pending,2324.0,2183.81
TXN-003444,2023-05-14,Operations,LATAM,Completed,3345.28,1219.36
TXN-003445,2023-04-11,Sales,North America,Pending,6225.38,648.59
TXN-003446,2022-02-04,Sales,EMEA,Failed,3872.75,2226.43
TXN-003447,2023-12-03,Marketing,EMEA,Completed,1921.25,0.0
TXN-003448,2023-10-11,Customer Support,LATAM,Failed,5342.81,1602.97
TXN-003449,2022-07-24,Marketing,EMEA,Failed,3393.95,2134.43
TXN-003450,2022-08-06,Engineering,LATAM,Completed,5248.35,1893.81
TXN-003451,2023-03-31,Customer Support,APAC,Completed,2332.83,2329.28
TXN-003452,2022-07-20,Customer Support,North America,Completed,5589.53,3295.78
TXN-003453,2023-03-09,Engineering,APAC,Completed,4719.09,1202.85
TXN-003454,2023-05-04,Sales,APAC,Completed,5804.99,8679.650989604683
TXN-003455,2022-04-18,Sales,North America,Completed,4246.37,1942.57
TXN-003456,2022-08-26,Marketing,APAC,Pending,5361.38,2147.0
TXN-003457,2022-10-23,Operations,LATAM,Completed,5684.56,866.6
TXN-003458,2023-08-18,Sales,EMEA,Completed,4384.17,1771.05
TXN-003459,2023-09-13,Sales,APAC,Pending,4439.18,1809.59
TXN-003460,2022-05-22,Customer Support,APAC,Completed,6653.33,1529.79
TXN-003461,2023-10-10,Marketing,LATAM,Failed,4450.75,1369.16
TXN-003462,2022-07-01,Operations,LATAM,Completed,7578.77,1751.74
TXN-003463,2022-05-28,Marketing,EMEA,Completed,6924.69,1752.5
TXN-003464,2022-07-08,Marketing,APAC,Pending,4904.64,1868.42
TXN-003465,2023-12-25,Engineering,APAC,Pending,2650.78,1659.45
TXN-003466,2022-03-31,Marketing,EMEA,Pending,5950.76,1988.76
TXN-003467,2022-05-06,Marketing,North America,Completed,1950.49,955.4
TXN-003468,2022-09-12,Sales,APAC,Failed,3230.9,2616.58
TXN-003469,2022-07-30,Customer Support,APAC,Failed,6676.13,2347.0
TXN-003470,2022-03-18,Customer Support,LATAM,Completed,4875.61,1417.19
TXN-003471,2023-02-03,Operations,EMEA,Completed,5078.37,1897.88
TXN-003472,2023-08-04,Engineering,North America,Pending,5366.39,1669.96
TXN-003473,2022-08-28,Marketing,APAC,Completed,4817.02,1227.88
TXN-003474,2023-06-05,Engineering,APAC,Failed,5429.63,14228.71874257825
TXN-003475,2023-04-20,Operations,APAC,Pending,1823.59,2950.09
TXN-003476,2022-02-07,Sales,APAC,Failed,7330.15,1760.13
TXN-003477,2023-05-31,Operations,North America,Pending,4860.89,931.17
TXN-003478,2022-12-30,Engineering,APAC,Pending,7671.56,2828.63
TXN-003479,2022-03-22,Operations,APAC,Completed,3768.41,2020.42
TXN-003480,2023-02-21,Customer Support,North America,Completed,3834.39,917.55
TXN-003481,2023-11-12,Marketing,North America,Completed,5760.57,1278.81
TXN-003482,2022-09-15,Marketing,APAC,Completed,5196.49,3636.18
TXN-003483,2023-09-02,Engineering,North America,Completed,4466.34,947.41
TXN-003484,2023-08-16,Operations,EMEA,Completed,5382.39,2689.97
TXN-003485,2023-09-19,Sales,EMEA,Completed,5326.79,1974.82
TXN-003486,2023-12-07,Engineering,North America,Completed,8946.15,2807.79
TXN-003487,2023-02-19,Sales,APAC,Completed,2518.32,2483.71
TXN-003488,2023-01-15,Sales,EMEA,Completed,5825.12,1499.91
TXN-003489,2022-10-21,Sales,LATAM,Completed,3529.38,2499.32
TXN-003490,2022-07-07,Customer Support,LATAM,Completed,5892.53,498.12
TXN-003491,2022-01-15,Customer Support,APAC,Failed,4068.07,791.65
TXN-003492,2022-11-10,Marketing,LATAM,Completed,5743.54,1238.93
TXN-003493,2022-06-20,Sales,LATAM,Pending,4876.48,2554.65
TXN-003494,2023-04-16,Engineering,North America,Completed,5892.58,906.43
TXN-003495,2023-01-01,Engineering,North America,Completed,4604.22,1641.22
TXN-003496,2022-01-13,Engineering,APAC,Completed,,453.58
TXN-003497,2023-07-03,Marketing,EMEA,Pending,1641.44,1927.89
TXN-003498,2022-06-03,Engineering,North America,Pending,5830.52,2562.7
TXN-003499,2022-08-12,Sales,North America,Pending,3198.25,2543.35
TXN-003500,2022-08-14,Engineering,North America,Completed,4336.78,1616.86
TXN-003501,2022-03-22,Customer Support,APAC,Completed,5796.37,3452.57
TXN-003502,2023-07-26,Customer Support,APAC,Failed,3425.17,1899.47
TXN-003503,2022-02-16,Sales,LATAM,Failed,5830.99,1055.79
TXN-003504,2022-11-29,Marketing,North America,Failed,5995.73,1935.98
TXN-003505,2023-04-22,Marketing,EMEA,Failed,5801.35,1789.14
TXN-003506,2023-04-21,Marketing,EMEA,Completed,2978.95,2889.21
TXN-003507,2022-04-16,Customer Support,EMEA,Completed,3356.58,1862.62
TXN-003508,2022-01-26,Operations,APAC,Failed,5125.7,2225.27
TXN-003509,2022-07-08,Marketing,LATAM,Completed,4496.38,1807.55
TXN-003510,2022-07-12,Sales,EMEA,Failed,4957.95,1046.52
TXN-003511,2023-12-11,Engineering,North America,Pending,6954.76,3124.31
TXN-003512,2023-12-04,Engineering,EMEA,Pending,5761.96,1621.78
TXN-003513,2022-06-05,Marketing,North America,Completed,4969.78,1319.65
TXN-003514,2022-09-08,Engineering,LATAM,Pending,5171.7,1677.79
TXN-003515,2022-12-08,Customer Support,EMEA,Completed,6029.06,2175.65
TXN-003516,2023-10-06,Operations,APAC,Completed,,3212.81
TXN-003517,2022-11-19,Marketing,LATAM,Failed,6474.48,1507.1
TXN-003518,2023-02-26,Operations,APAC,Completed,4968.99,1892.16
TXN-003519,2023-08-08,Operations,North America,Completed,4766.46,3091.97
TXN-003520,2023-05-06,Operations,APAC,Failed,4151.88,5610.553060788362
TXN-003521,2023-04-08,Sales,EMEA,Completed,5468.98,1008.42
TXN-003522,2023-04-22,Customer Support,APAC,Completed,4144.56,1938.02
TXN-003523,2022-10-05,Marketing,North America,Completed,,764.91
TXN-003524,2022-03-23,Marketing,APAC,Pending,3307.63,807.4
TXN-003525,2022-02-05,Operations,APAC,Completed,8548.16,2050.69
TXN-003526,2023-11-05,Marketing,LATAM,Pending,6130.15,2562.16
TXN-003527,2023-12-01,Sales,APAC,Pending,5331.51,896.24
TXN-003528,2023-04-18,Sales,North America,Completed,6389.33,2016.14
TXN-003529,2023-07-10,Customer Support,North America,Completed,7027.94,1478.36
TXN-003530,2023-07-19,Marketing,EMEA,Completed,4246.85,2738.08
TXN-003531,2023-04-06,Customer Support,North America,Completed,4303.36,2935.0
TXN-003532,2023-07-30,Engineering,LATAM,Failed,4354.27,3250.55
TXN-003533,2023-09-08,Sales,APAC,Completed,5207.17,1322.75
TXN-003534,2023-11-06,Operations,North America,Completed,5837.02,2812.21
TXN-003535,2022-12-19,Engineering,North America,Pending,3069.29,1039.56
TXN-003536,2022-04-13,Customer Support,APAC,Completed,4802.65,1082.98
TXN-003537,2022-07-16,Customer Support,APAC,Pending,2955.4,1770.71
TXN-003538,2022-10-09,Sales,LATAM,Completed,3303.1,1297.03
TXN-003539,2022-02-26,Engineering,North America,Failed,2852.54,1944.02
TXN-003540,2023-07-14,Marketing,EMEA,Completed,3150.89,2063.25
TXN-003541,2023-03-02,Customer Support,EMEA,Completed,7023.97,2318.77
TXN-003542,2022-03-17,Sales,EMEA,Pending,1986.77,4318.57
TXN-003543,2022-03-07,Sales,North America,Completed,6550.67,2541.61
TXN-003544,2023-03-06,Marketing,EMEA,Completed,6120.3,640.22
TXN-003545,2022-04-01,Customer Support,North America,Failed,3825.79,3380.21
TXN-003546,2023-07-04,Sales,North America,Completed,6079.54,2505.67
TXN-003547,2022-10-07,Sales,North America,Completed,5651.28,2943.12
TXN-003548,2023-07-13,Sales,EMEA,Failed,4687.0,3147.07
TXN-003549,2023-02-22,Operations,APAC,Completed,8275.6,2697.64
TXN-003550,2023-02-24,Customer Support,North America,Completed,4445.51,1855.4
TXN-003551,2022-04-28,Sales,LATAM,Completed,5557.12,2757.5
TXN-003552,2022-05-09,Engineering,LATAM,Completed,4961.9,1590.7
TXN-003553,2023-04-18,Engineering,North America,Completed,4661.95,1417.39
TXN-003554,2022-09-23,Operations,EMEA,Completed,7230.95,1877.31
TXN-003555,2023-05-20,Marketing,APAC,Pending,6467.59,12898.771314041009
TXN-003556,2023-12-06,Customer Support,North America,Pending,7070.35,2471.77
TXN-003557,2023-07-13,Sales,LATAM,Completed,4610.86,1943.59
TXN-003558,2023-09-30,Operations,LATAM,Completed,4159.08,2597.47
TXN-003559,2022-11-04,Engineering,EMEA,Failed,5183.84,3080.38
TXN-003560,2022-08-28,Operations,APAC,Completed,5000.6,2027.31
TXN-003561,2023-05-01,Marketing,APAC,Completed,4005.94,3153.22
TXN-003562,2023-07-31,Engineering,EMEA,Completed,7467.8,2796.26
TXN-003563,2023-12-02,Operations,APAC,Failed,4455.97,2874.12
TXN-003564,2023-12-29,Engineering,EMEA,Completed,4302.23,1970.71
TXN-003565,2023-07-17,Engineering,North America,Pending,5306.31,3693.59
TXN-003566,2023-05-03,Marketing,North America,Completed,3220.55,2504.17
TXN-003567,2022-09-28,Sales,North America,Failed,5258.31,2380.37
TXN-003568,2022-09-18,Sales,LATAM,Completed,4715.47,1309.27
TXN-003569,2023-02-15,Sales,North America,Completed,3324.82,2003.67
TXN-003570,2022-03-20,Marketing,APAC,Completed,3453.41,1598.42
TXN-003571,2023-05-03,Customer Support,APAC,Completed,5326.83,8915.33218776932
TXN-003572,2023-12-05,Operations,LATAM,Failed,1130.17,666.62
TXN-003573,2023-12-28,Engineering,North America,Completed,5204.63,1261.46
TXN-003574,2023-09-19,Marketing,North America,Failed,4914.77,650.81
TXN-003575,2022-09-10,Marketing,North America,Completed,6244.89,2553.48
TXN-003576,2022-09-11,Operations,North America,Completed,3461.2,1715.93
TXN-003577,2022-01-03,Sales,North America,Completed,4123.69,2460.68
TXN-003578,2022-10-09,Engineering,LATAM,Pending,6790.75,1787.73
TXN-003579,2022-11-19,Marketing,North America,Completed,6149.49,1640.14
TXN-003580,2023-07-08,Customer Support,North America,Pending,4299.7,
TXN-003581,2022-05-02,Marketing,LATAM,Failed,4489.0,3198.91
TXN-003582,2023-01-08,Marketing,APAC,Pending,2850.85,0.0
TXN-003583,2022-06-07,Engineering,APAC,Completed,3923.85,768.12
TXN-003584,2023-02-11,Sales,North America,Completed,3207.67,2999.4
TXN-003585,2022-04-08,Sales,EMEA,Failed,6508.66,778.79
TXN-003586,2023-11-15,Marketing,LATAM,Pending,2696.39,1885.58
TXN-003587,2022-09-20,Sales,APAC,Completed,4457.26,1709.16
TXN-003588,2022-04-08,Sales,LATAM,Completed,4713.61,1058.27
TXN-003589,2023-06-23,Engineering,EMEA,Completed,5406.31,3952.65
TXN-003590,2023-08-01,Engineering,LATAM,Failed,,1697.22
TXN-003591,2022-06-28,Sales,LATAM,Pending,5864.82,2834.56
TXN-003592,2023-11-28,Marketing,LATAM,Completed,1608.82,2118.33
TXN-003593,2022-07-20,Sales,LATAM,Completed,6702.17,1885.15
TXN-003594,2022-05-16,Marketing,APAC,Completed,5644.37,905.02
TXN-003595,2023-11-18,Customer Support,EMEA,Pending,6793.1,1674.51
TXN-003596,2023-08-13,Engineering,North America,Completed,3841.54,515.64
TXN-003597,2022-05-27,Sales,LATAM,Completed,1943.14,1898.26
TXN-003598,2023-01-20,Operations,North America,Completed,,1000.3
TXN-003599,2023-03-20,Operations,EMEA,Completed,5838.33,3189.97
TXN-003600,2023-09-16,Customer Support,North America,Completed,6964.64,1349.53
TXN-003601,2023-06-27,Operations,LATAM,Pending,4936.38,533.08
TXN-003602,2023-10-31,Sales,APAC,Pending,4783.26,2048.57
TXN-003603,2023-08-26,Sales,EMEA,Failed,4814.91,3067.35
TXN-003604,2023-02-21,Operations,North America,Completed,3406.88,2163.69
TXN-003605,2022-12-27,Operations,LATAM,Pending,7811.74,1486.83
TXN-003606,2023-10-10,Sales,North America,Failed,4909.66,1113.27
TXN-003607,2022-03-31,Operations,APAC,Completed,2028.31,1388.56
TXN-003608,2022-08-14,Sales,EMEA,Pending,5337.9,1861.92
TXN-003609,2023-05-29,Engineering,EMEA,Completed,4408.28,3099.34
TXN-003610,2023-11-09,Operations,LATAM,Completed,1242.61,1628.31
TXN-003611,2023-01-12,Operations,LATAM,Completed,6383.09,514.28
TXN-003612,2022-03-24,Marketing,APAC,Completed,5465.96,1778.46
TXN-003613,2022-06-08,Sales,North America,Completed,5091.82,2332.57
TXN-003614,2023-06-10,Customer Support,North America,Completed,4490.1,1834.93
TXN-003615,2023-02-22,Engineering,North America,Completed,4684.38,2668.75
TXN-003616,2022-05-11,Engineering,LATAM,Failed,4561.38,2254.52
TXN-003617,2023-06-03,Marketing,North America,Pending,6530.42,2679.73
TXN-003618,2022-11-14,Sales,EMEA,Completed,6525.29,495.64
TXN-003619,2023-07-13,Marketing,North America,Completed,4760.16,2754.75
TXN-003620,2022-01-14,Customer Support,APAC,Completed,4942.75,1333.61
TXN-003621,2022-05-16,Customer Support,North America,Completed,5788.49,1798.58
TXN-003622,2022-11-03,Marketing,North America,Pending,5972.58,2607.04
TXN-003623,2022-03-10,Customer Support,LATAM,Completed,5854.56,1675.04
TXN-003624,2023-06-14,Marketing,APAC,Failed,5600.8,6294.343076626371
TXN-003625,2022-12-05,Engineering,EMEA,Completed,2561.18,3048.26
TXN-003626,2023-09-22,Engineering,EMEA,Completed,3490.19,1791.37
TXN-003627,2022-07-14,Operations,North America,Failed,6216.22,2651.18
TXN-003628,2022-10-03,Marketing,EMEA,Completed,6870.06,2164.6
TXN-003629,2023-09-06,Engineering,LATAM,Completed,6952.48,2030.83
TXN-003630,2023-03-25,Operations,LATAM,Completed,5594.45,1544.07
TXN-003631,2022-06-26,Marketing,EMEA,Completed,4831.6,2352.88
TXN-003632,2023-01-09,Customer Support,LATAM,Pending,6863.3,2047.2
TXN-003633,2023-10-07,Customer Support,North America,Completed,4569.87,1901.94
TXN-003634,2022-12-02,Customer Support,North America,Completed,4000.49,2863.52
TXN-003635,2023-07-03,Customer Support,North America,Failed,6293.56,989.56
TXN-003636,2023-05-19,Sales,APAC,Pending,5010.69,8492.424108317236
TXN-003637,2022-11-21,Marketing,EMEA,Completed,7642.8,2528.53
TXN-003638,2022-05-14,Engineering,LATAM,Failed,3311.34,2054.91
TXN-003639,2022-04-14,Operations,EMEA,Completed,3937.73,3536.49
TXN-003640,2023-09-30,Marketing,LATAM,Completed,4172.52,2192.64
TXN-003641,2023-03-14,Sales,LATAM,Pending,7490.7,1579.83
TXN-003642,2022-01-12,Engineering,APAC,Completed,5435.51,3141.4
TXN-003643,2022-01-30,Operations,LATAM,Completed,3339.55,3085.39
TXN-003644,2023-11-16,Customer Support,LATAM,Completed,6719.39,4280.62
TXN-003645,2022-01-19,Engineering,APAC,Completed,5709.34,1104.11
TXN-003646,2023-07-07,Engineering,LATAM,Completed,6226.25,3832.52
TXN-003647,2023-11-12,Engineering,APAC,Pending,7098.15,2035.98
TXN-003648,2023-09-03,Marketing,APAC,Completed,4221.95,1326.09
TXN-003649,2022-12-01,Sales,EMEA,Completed,7486.91,2765.37
TXN-003650,2022-07-03,Operations,EMEA,Pending,5674.83,2134.45
TXN-003651,2023-01-11,Operations,APAC,Failed,3908.84,1825.03
TXN-003652,2022-09-12,Marketing,North America,Completed,5201.33,2907.49
TXN-003653,2022-06-30,Marketing,LATAM,Completed,6258.85,1960.99
TXN-003654,2023-04-07,Operations,APAC,Completed,5689.97,1629.12
TXN-003655,2023-10-30,Operations,EMEA,Completed,7586.51,1881.31
TXN-003656,2022-02-17,Engineering,APAC,Completed,5019.33,3535.47
TXN-003657,2023-09-18,Marketing,EMEA,Failed,4155.13,1422.82
TXN-003658,2023-11-24,Customer Support,APAC,Completed,5376.71,2134.61
TXN-003659,2023-06-12,Operations,North America,Completed,3870.87,1597.26
TXN-003660,2023-08-10,Operations,North America,Completed,5489.38,1724.69
TXN-003661,2023-08-07,Marketing,EMEA,Failed,4225.47,2479.63
TXN-003662,2022-06-19,Operations,APAC,Completed,5222.81,1285.7
TXN-003663,2022-12-26,Operations,EMEA,Completed,3968.53,1416.62
TXN-003664,2023-08-01,Customer Support,EMEA,Completed,,2817.64
TXN-003665,2022-09-18,Operations,APAC,Failed,7527.62,2491.26
TXN-003666,2022-12-23,Operations,North America,Completed,7029.22,1454.99
TXN-003667,2023-01-29,Customer Support,APAC,Completed,5360.89,1761.99
TXN-003668,2022-07-27,Customer Support,EMEA,Completed,5533.94,2501.78
TXN-003669,2022-08-10,Marketing,North America,Completed,3451.45,1118.34
TXN-003670,2022-10-26,Marketing,North America,Pending,4997.79,3732.43
TXN-003671,2022-11-27,Sales,North America,Completed,6923.32,2326.72
TXN-003672,2023-04-16,Operations,North America,Failed,3956.33,2624.72
TXN-003673,2022-03-15,Operations,LATAM,Completed,3490.08,1421.42
TXN-003674,2023-09-10,Engineering,North America,Completed,7881.88,2063.22
TXN-003675,2023-04-04,Operations,North America,Failed,8316.95,2257.15
TXN-003676,2022-09-02,Operations,EMEA,Completed,6371.64,2076.85
TXN-003677,2022-08-19,Sales,LATAM,Completed,6302.38,1988.0
TXN-003678,2023-10-21,Marketing,APAC,Completed,4831.67,1342.67
TXN-003679,2022-07-15,Sales,APAC,Completed,6829.62,2092.42
TXN-003680,2023-07-06,Marketing,APAC,Failed,4400.23,2831.61
TXN-003681,2022-06-22,Customer Support,APAC,Completed,4097.9,3116.83
TXN-003682,2023-12-13,Customer Support,North America,Completed,5105.42,2020.45
TXN-003683,2023-09-13,Operations,EMEA,Failed,4878.65,1324.92
TXN-003684,2022-05-27,Operations,EMEA,Completed,4635.14,2543.59
TXN-003685,2022-01-04,Sales,APAC,Pending,3537.14,2398.14
TXN-003686,2022-11-28,Marketing,North America,Pending,4704.61,838.19
TXN-003687,2023-06-05,Engineering,LATAM,Completed,2720.4,2937.55
TXN-003688,2023-09-15,Sales,LATAM,Completed,3744.33,2622.79
TXN-003689,2023-05-13,Operations,EMEA,Pending,6449.96,2503.88
TXN-003690,2022-03-04,Sales,APAC,Pending,988.7,2308.58
TXN-003691,2022-12-14,Marketing,LATAM,Completed,4492.45,1747.7
TXN-003692,2022-12-15,Engineering,LATAM,Completed,5771.76,4012.73
TXN-003693,2023-10-13,Customer Support,LATAM,Failed,5798.35,2121.03
TXN-003694,2023-11-09,Engineering,North America,Failed,4107.5,1792.33
TXN-003695,2022-05-19,Engineering,North America,Completed,5422.87,2084.17
TXN-003696,2022-07-06,Operations,APAC,Completed,7157.31,1081.08
TXN-003697,2022-03-14,Sales,LATAM,Completed,4825.72,1883.57
TXN-003698,2023-03-25,Engineering,LATAM,Completed,6159.01,2043.23
TXN-003699,2023-05-01,Customer Support,EMEA,Completed,4850.74,1223.12
TXN-003700,2023-02-06,Customer Support,North America,Completed,4920.41,1563.89
TXN-003701,2023-01-28,Sales,North America,Completed,2307.87,1096.53
TXN-003702,2022-02-18,Sales,LATAM,Pending,4046.06,2326.33
TXN-003703,2022-06-22,Operations,APAC,Pending,4188.87,2616.74
TXN-003704,2023-11-19,Marketing,LATAM,Completed,8592.68,2413.11
TXN-003705,2022-07-07,Operations,EMEA,Completed,4670.85,2075.36
TXN-003706,2022-10-28,Engineering,North America,Failed,5432.6,2713.41
TXN-003707,2023-08-21,Marketing,North America,Pending,2077.44,1540.46
TXN-003708,2023-01-11,Operations,EMEA,Completed,,1113.81
TXN-003709,2022-10-01,Marketing,LATAM,Completed,5074.61,2673.61
TXN-003710,2023-05-20,Sales,LATAM,Pending,3353.45,1369.24
TXN-003711,2023-02-17,Sales,North America,Pending,1110.45,1824.54
TXN-003712,2023-07-31,Sales,EMEA,Completed,4480.33,1817.97
TXN-003713,2022-02-27,Marketing,LATAM,Failed,4955.27,2607.67
TXN-003714,2022-06-06,Operations,EMEA,Completed,4995.81,513.86
TXN-003715,2023-07-05,Customer Support,North America,Completed,2492.9,3387.59
TXN-003716,2023-09-01,Customer Support,EMEA,Failed,2316.87,2342.62
TXN-003717,2022-02-16,Sales,APAC,Completed,3938.17,2728.16
TXN-003718,2023-04-12,Marketing,LATAM,Completed,6015.72,1427.26
TXN-003719,2022-06-04,Customer Support,LATAM,Pending,5547.33,2243.63
TXN-003720,2023-06-21,Customer Support,EMEA,Completed,6392.25,2268.11
TXN-003721,2023-05-05,Engineering,North America,Completed,5704.55,1141.95
TXN-003722,2022-01-05,Operations,LATAM,Completed,5430.73,1980.81
TXN-003723,2022-02-26,Marketing,LATAM,Completed,4095.1,1581.98
TXN-003724,2022-04-27,Engineering,North America,Pending,8525.6,1078.75
TXN-003725,2023-04-16,Marketing,EMEA,Pending,4958.76,1800.06
TXN-003726,2023-01-30,Customer Support,LATAM,Completed,6181.75,373.56
TXN-003727,2022-08-18,Operations,APAC,Pending,4964.2,1355.21
TXN-003728,2023-06-13,Engineering,EMEA,Completed,5230.39,1732.16
TXN-003729,2022-12-11,Sales,EMEA,Completed,4366.39,1658.77
TXN-003730,2023-08-17,Sales,EMEA,Completed,4590.59,1663.62
TXN-003731,2022-03-20,Sales,EMEA,Failed,6524.7,1092.84
TXN-003732,2023-12-24,Operations,North America,Completed,7735.87,1658.59
TXN-003733,2023-08-19,Customer Support,LATAM,Failed,3481.0,1465.58
TXN-003734,2022-01-10,Engineering,North America,Completed,4029.44,1709.84
TXN-003735,2022-11-17,Customer Support,EMEA,Completed,1603.17,1405.37
TXN-003736,2022-08-01,Engineering,North America,Pending,5210.57,2011.09
TXN-003737,2023-02-05,Marketing,EMEA,Pending,4585.74,2667.51
TXN-003738,2023-01-13,Engineering,LATAM,Completed,6038.57,2970.67
TXN-003739,2022-11-01,Engineering,APAC,Completed,5837.19,1811.9
TXN-003740,2022-03-08,Engineering,APAC,Completed,5794.63,2163.06
TXN-003741,2022-07-13,Sales,LATAM,Pending,5003.05,3433.82
TXN-003742,2022-09-02,Sales,North America,Completed,3892.84,1873.08
TXN-003743,2022-06-18,Customer Support,North America,Completed,4684.59,2665.25
TXN-003744,2022-10-09,Sales,LATAM,Completed,6044.88,1702.77
TXN-003745,2023-12-17,Engineering,EMEA,Completed,5693.21,2890.14
TXN-003746,2022-08-10,Marketing,LATAM,Completed,5417.49,2765.3
TXN-003747,2022-06-19,Marketing,LATAM,Completed,4360.81,1381.0
TXN-003748,2023-06-15,Customer Support,EMEA,Failed,4768.93,975.8
TXN-003749,2023-07-11,Marketing,EMEA,Completed,7513.05,2192.54
TXN-003750,2023-07-05,Customer Support,APAC,Failed,5574.02,3209.93
TXN-003751,2023-09-01,Marketing,APAC,Completed,3115.42,1126.85
TXN-003752,2023-05-17,Sales,North America,Completed,6483.84,2652.44
TXN-003753,2022-02-07,Operations,APAC,Completed,4891.82,2105.92
TXN-003754,2023-11-13,Engineering,North America,Failed,2131.99,3114.33
TXN-003755,2023-08-15,Operations,APAC,Completed,4544.35,1445.4
TXN-003756,2023-08-26,Customer Support,EMEA,Completed,6052.16,1007.02
TXN-003757,2022-08-13,Operations,APAC,Pending,3972.06,1805.73
TXN-003758,2023-05-21,Customer Support,APAC,Completed,6716.05,4020.5849395191185
TXN-003759,2023-06-01,Marketing,EMEA,Completed,,2080.82
TXN-003760,2023-12-17,Operations,North America,Completed,3704.22,2017.78
TXN-003761,2023-01-24,Sales,North America,Pending,5648.98,476.61
TXN-003762,2022-02-09,Sales,LATAM,Pending,4669.68,1363.68
TXN-003763,2023-01-10,Engineering,LATAM,Completed,6466.14,1085.01
TXN-003764,2023-07-17,Engineering,LATAM,Completed,6289.72,1611.86
TXN-003765,2023-08-23,Operations,North America,Pending,4655.48,1786.3
TXN-003766,2022-09-12,Customer Support,LATAM,Completed,3353.76,1798.39
TXN-003767,2023-02-12,Engineering,North America,Failed,1711.8,1228.13
TXN-003768,2023-11-20,Engineering,EMEA,Failed,2062.3,959.1
TXN-003769,2023-01-18,Customer Support,EMEA,Pending,4222.05,999.15
TXN-003770,2023-06-19,Marketing,North America,Completed,5284.03,3149.84
TXN-003771,2022-12-29,Customer Support,EMEA,Pending,5337.32,1582.46
TXN-003772,2023-10-31,Operations,North America,Completed,4075.69,1817.63
TXN-003773,2023-04-02,Customer Support,APAC,Failed,3674.93,2599.9
TXN-003774,2022-04-13,Marketing,North America,Completed,10441.0,3076.14
TXN-003775,2023-10-21,Sales,North America,Completed,4877.72,1881.42
TXN-003776,2023-05-25,Operations,North America,Completed,4023.09,1267.07
TXN-003777,2023-01-19,Customer Support,North America,Completed,4476.26,1104.6
TXN-003778,2022-12-12,Customer Support,EMEA,Completed,5328.56,3201.05
TXN-003779,2023-12-20,Marketing,LATAM,Completed,5806.14,2414.15
TXN-003780,2022-12-07,Engineering,APAC,Completed,4320.39,3267.28
TXN-003781,2022-07-30,Operations,North America,Completed,2724.52,2695.63
TXN-003782,2023-06-22,Customer Support,EMEA,Completed,5842.9,2760.67
TXN-003783,2022-08-28,Operations,EMEA,Completed,4620.27,2114.02
TXN-003784,2022-05-16,Sales,APAC,Completed,4966.42,1596.38
TXN-003785,2023-06-01,Marketing,LATAM,Pending,6022.42,2211.36
TXN-003786,2023-05-31,Marketing,North America,Completed,4818.88,2230.2
TXN-003787,2023-12-18,Marketing,LATAM,Failed,3168.09,2632.06
TXN-003788,2022-04-06,Operations,EMEA,Completed,5183.07,2067.72
TXN-003789,2022-04-14,Sales,APAC,Completed,5178.73,1069.36
TXN-003790,2022-10-18,Customer Support,EMEA,Completed,3275.97,1385.26
TXN-003791,2022-05-12,Operations,EMEA,Completed,5398.99,2127.8
TXN-003792,2023-03-09,Operations,LATAM,Pending,5647.42,1454.18
TXN-003793,2023-01-07,Customer Support,North America,Completed,3792.67,3109.82
TXN-003794,2023-01-13,Engineering,APAC,Completed,5668.52,2293.62
TXN-003795,2023-05-04,Operations,North America,Completed,4085.88,2677.74
TXN-003796,2022-03-05,Customer Support,EMEA,Failed,5659.57,1258.9
TXN-003797,2022-07-30,Sales,LATAM,Completed,4047.55,2536.79
TXN-003798,2023-04-24,Engineering,EMEA,Completed,5281.76,1537.92
TXN-003799,2022-08-17,Engineering,North America,Completed,4657.7,2152.25
TXN-003800,2023-04-24,Engineering,North America,Failed,3598.71,2767.18
TXN-003801,2022-03-01,Sales,APAC,Completed,6392.37,2242.69
TXN-003802,2023-05-04,Marketing,APAC,Completed,2235.91,7161.428209244788
TXN-003803,2022-05-28,Sales,LATAM,Completed,2000.53,712.34
TXN-003804,2023-10-13,Customer Support,APAC,Failed,4557.93,702.76
TXN-003805,2022-01-27,Engineering,LATAM,Completed,5978.58,551.87
TXN-003806,2022-04-19,Sales,North America,Completed,8109.25,1541.22
TXN-003807,2022-11-27,Engineering,LATAM,Completed,3825.87,3322.91
TXN-003808,2023-11-18,Engineering,EMEA,Completed,3889.28,1660.6
TXN-003809,2022-02-28,Marketing,North America,Completed,3891.31,3344.09
TXN-003810,2022-01-11,Operations,North America,Failed,5080.93,2914.87
TXN-003811,2023-10-29,Engineering,EMEA,Pending,4021.85,2280.2
TXN-003812,2023-03-02,Marketing,APAC,Completed,6855.91,988.63
TXN-003813,2022-11-05,Operations,EMEA,Pending,5139.99,2546.67
TXN-003814,2023-10-02,Sales,EMEA,Completed,6620.65,3134.47
TXN-003815,2022-07-05,Operations,EMEA,Completed,6123.19,1548.77
TXN-003816,2022-12-05,Operations,APAC,Completed,6035.03,2024.92
TXN-003817,2023-09-22,Customer Support,North America,Failed,5627.01,3002.26
TXN-003818,2023-10-25,Operations,APAC,Pending,3572.45,1992.06
TXN-003819,2023-05-21,Engineering,North America,Failed,4958.97,1531.05
TXN-003820,2022-11-29,Operations,APAC,Pending,6000.59,1584.59
TXN-003821,2023-01-13,Operations,EMEA,Completed,7213.24,3058.34
TXN-003822,2022-09-01,Operations,APAC,Completed,9085.99,2347.07
TXN-003823,2022-10-18,Operations,APAC,Completed,3618.67,1729.36
TXN-003824,2022-05-29,Engineering,LATAM,Completed,6605.06,3843.16
TXN-003825,2022-06-26,Engineering,EMEA,Completed,4281.17,1134.26
TXN-003826,2023-03-01,Engineering,North America,Pending,4772.24,2988.33
TXN-003827,2023-09-07,Sales,APAC,Pending,,3347.82
TXN-003828,2022-08-21,Engineering,APAC,Pending,6544.12,3918.37
TXN-003829,2022-11-01,Sales,EMEA,Failed,6059.75,1372.49
TXN-003830,2022-06-15,Operations,LATAM,Completed,3961.79,2389.18
TXN-003831,2022-12-29,Sales,North America,Failed,8347.39,1768.48
TXN-003832,2022-12-05,Sales,North America,Completed,,2776.16
TXN-003833,2022-09-30,Sales,North America,Failed,4739.41,2005.8
TXN-003834,2023-07-30,Marketing,North America,Completed,3238.41,1165.87
TXN-003835,2022-12-10,Engineering,EMEA,Failed,4676.21,2408.31
TXN-003836,2023-01-31,Sales,APAC,Completed,4761.78,2927.51
TXN-003837,2023-12-23,Customer Support,APAC,Failed,6875.3,1611.21
TXN-003838,2022-08-10,Customer Support,LATAM,Failed,7650.3,2258.43
TXN-003839,2023-10-26,Engineering,EMEA,Completed,6377.86,2416.49
TXN-003840,2023-10-21,Customer Support,North America,Pending,6000.08,2959.24
TXN-003841,2023-10-01,Marketing,APAC,Completed,5430.69,2721.64
TXN-003842,2022-11-26,Operations,North America,Completed,6325.35,2207.19
TXN-003843,2022-06-03,Sales,EMEA,Completed,5662.73,2103.82
TXN-003844,2023-12-22,Sales,APAC,Completed,3925.54,3170.72
TXN-003845,2023-12-11,Operations,EMEA,Completed,4154.86,849.57
TXN-003846,2023-06-23,Customer Support,North America,Pending,5039.49,2481.27
TXN-003847,2023-04-07,Engineering,EMEA,Completed,5532.77,2122.23
TXN-003848,2023-09-21,Sales,LATAM,Completed,5501.38,2427.59
TXN-003849,2023-09-09,Customer Support,North America,Completed,6849.19,3431.48
TXN-003850,2022-02-01,Marketing,North America,Failed,5592.99,407.74
TXN-003851,2022-12-25,Customer Support,EMEA,Completed,5163.13,2638.54
TXN-003852,2023-01-29,Customer Support,North America,Pending,2123.24,2013.78
TXN-003853,2023-04-22,Operations,EMEA,Completed,4208.59,2557.63
TXN-003854,2022-08-28,Marketing,APAC,Failed,4062.44,1959.59
TXN-003855,2022-11-20,Customer Support,EMEA,Failed,4638.04,1669.03
TXN-003856,2023-10-27,Customer Support,EMEA,Completed,6081.38,1254.82
TXN-003857,2022-09-30,Operations,LATAM,Completed,4645.25,3682.79
TXN-003858,2023-10-18,Operations,EMEA,Pending,3959.24,0.0
TXN-003859,2023-04-22,Customer Support,North America,Failed,,2174.97
TXN-003860,2022-04-19,Sales,LATAM,Pending,1141.81,1648.87
TXN-003861,2022-08-11,Engineering,LATAM,Completed,5043.19,3223.68
TXN-003862,2022-02-25,Customer Support,EMEA,Completed,4049.0,869.07
TXN-003863,2023-12-13,Customer Support,APAC,Completed,5327.79,2394.65
TXN-003864,2023-12-14,Engineering,APAC,Completed,4582.3,1172.15
TXN-003865,2023-02-21,Engineering,EMEA,Pending,9286.06,1746.44
TXN-003866,2022-11-06,Sales,North America,Completed,4659.83,1846.43
TXN-003867,2023-11-19,Marketing,LATAM,Completed,6709.3,1704.89
TXN-003868,2022-07-25,Sales,APAC,Completed,6898.82,3553.81
TXN-003869,2022-08-26,Sales,APAC,Completed,4318.01,1470.8
TXN-003870,2023-04-01,Operations,APAC,Completed,4640.66,904.27
TXN-003871,2022-01-30,Marketing,APAC,Pending,4712.53,2034.92
TXN-003872,2022-11-29,Marketing,APAC,Failed,5861.86,964.7
TXN-003873,2022-01-04,Operations,EMEA,Completed,2678.03,2535.23
TXN-003874,2023-03-20,Sales,EMEA,Failed,4929.33,1905.34
TXN-003875,2022-04-20,Sales,APAC,Failed,5179.57,1077.88
TXN-003876,2022-04-22,Customer Support,APAC,Completed,6521.01,3134.96
TXN-003877,2023-05-27,Marketing,EMEA,Completed,4743.47,1572.39
TXN-003878,2022-07-23,Marketing,APAC,Failed,2756.42,3292.39
TXN-003879,2023-06-03,Customer Support,LATAM,Failed,1524.82,2550.67
TXN-003880,2023-04-04,Marketing,EMEA,Completed,4543.29,437.68
TXN-003881,2023-02-15,Operations,North America,Failed,4283.93,1853.67
TXN-003882,2023-01-05,Marketing,APAC,Completed,4409.66,2040.72
TXN-003883,2022-11-03,Operations,EMEA,Completed,5830.84,1361.9
TXN-003884,2023-08-22,Engineering,North America,Completed,6084.18,1675.75
TXN-003885,2023-05-04,Customer Support,APAC,Completed,4143.28,8476.060478892716
TXN-003886,2022-04-27,Marketing,EMEA,Pending,2833.96,1487.21
TXN-003887,2023-03-15,Marketing,APAC,Pending,4049.96,918.48
TXN-003888,2023-11-19,Marketing,APAC,Pending,2777.26,2783.5
TXN-003889,2022-02-14,Customer Support,APAC,Completed,3787.67,2056.96
TXN-003890,2023-04-16,Customer Support,EMEA,Failed,4735.12,2419.93
TXN-003891,2022-05-17,Marketing,APAC,Completed,5641.97,2219.93
TXN-003892,2023-04-06,Customer Support,APAC,Completed,,1876.06
TXN-003893,2023-11-14,Engineering,LATAM,Completed,4994.56,1985.52
TXN-003894,2022-07-20,Operations,EMEA,Failed,5974.49,520.46
TXN-003895,2023-05-27,Engineering,North America,Completed,6455.45,44.86
TXN-003896,2022-01-31,Marketing,APAC,Completed,5063.04,1024.83
TXN-003897,2023-02-03,Customer Support,EMEA,Completed,5949.58,2640.9
TXN-003898,2023-10-04,Operations,APAC,Completed,4306.81,1042.67
TXN-003899,2022-10-01,Customer Support,North America,Failed,2703.13,1214.15
TXN-003900,2022-12-16,Customer Support,North America,Pending,4524.33,2561.63
TXN-003901,2023-10-21,Customer Support,LATAM,Failed,4921.57,1211.79
TXN-003902,2022-12-15,Operations,EMEA,Completed,4347.15,2472.17
TXN-003903,2022-09-06,Sales,LATAM,Pending,2840.8,2175.34
TXN-003904,2023-09-04,Marketing,North America,Completed,3716.34,2967.82
TXN-003905,2022-01-24,Customer Support,APAC,Completed,3901.31,1740.57
TXN-003906,2023-11-25,Customer Support,LATAM,Completed,4327.87,1667.28
TXN-003907,2022-11-06,Operations,North America,Completed,7457.2,2368.43
TXN-003908,2023-03-21,Marketing,EMEA,Completed,6393.19,3218.73
TXN-003909,2023-09-01,Operations,APAC,Completed,4291.35,2339.09
TXN-003910,2022-10-30,Marketing,LATAM,Completed,5616.27,1928.78
TXN-003911,2023-09-10,Engineering,North America,Pending,2085.54,1359.09
TXN-003912,2022-03-12,Marketing,EMEA,Pending,5560.84,2192.28
TXN-003913,2022-10-31,Operations,APAC,Completed,2358.89,3530.97
TXN-003914,2022-10-04,Customer Support,APAC,Failed,2536.45,2157.55
TXN-003915,2023-09-09,Sales,LATAM,Pending,4411.11,1263.59
TXN-003916,2022-12-22,Sales,North America,Completed,3926.98,1742.88
TXN-003917,2023-03-20,Engineering,APAC,Completed,2777.82,2165.54
TXN-003918,2023-06-09,Sales,LATAM,Completed,5158.74,2221.98
TXN-003919,2023-08-25,Sales,EMEA,Pending,5064.82,2383.1
TXN-003920,2023-12-21,Sales,EMEA,Failed,4354.25,267.3
TXN-003921,2022-09-21,Marketing,APAC,Pending,1523.95,839.2
TXN-003922,2022-11-28,Operations,LATAM,Completed,5562.78,1329.81
TXN-003923,2023-08-02,Engineering,APAC,Pending,5455.53,2104.83
TXN-003924,2022-04-13,Marketing,EMEA,Completed,3715.31,1726.58
TXN-003925,2022-05-11,Customer Support,APAC,Pending,7186.07,1973.39
TXN-003926,2022-03-02,Customer Support,LATAM,Pending,4489.66,1740.53
TXN-003927,2022-07-07,Marketing,EMEA,Failed,6812.17,2521.58
TXN-003928,2022-10-16,Operations,North America,Completed,4273.71,939.16
TXN-003929,2023-03-18,Engineering,EMEA,Completed,7037.0,3023.06
TXN-003930,2023-05-06,Marketing,EMEA,Completed,2497.14,2526.01
TXN-003931,2023-05-31,Marketing,APAC,Completed,3276.7,2815.3680592955748
TXN-003932,2022-11-24,Sales,EMEA,Completed,6635.7,1411.09
TXN-003933,2022-03-18,Marketing,APAC,Completed,7394.46,1477.82
TXN-003934,2023-12-15,Marketing,North America,Failed,4617.38,868.57
TXN-003935,2022-06-15,Sales,LATAM,Completed,7978.22,2389.13
TXN-003936,2022-12-02,Engineering,LATAM,Completed,6347.06,934.75
TXN-003937,2023-01-27,Engineering,APAC,Failed,2297.72,2131.83
TXN-003938,2022-12-12,Marketing,APAC,Failed,7048.64,2101.65
TXN-003939,2023-09-22,Operations,North America,Failed,5918.08,1725.51
TXN-003940,2022-03-14,Engineering,LATAM,Pending,2989.25,2873.57
TXN-003941,2022-08-18,Operations,North America,Failed,6837.94,2100.87
TXN-003942,2023-09-12,Marketing,EMEA,Completed,4843.79,2403.54
TXN-003943,2022-11-25,Sales,LATAM,Failed,,2415.59
TXN-003944,2022-07-07,Marketing,LATAM,Completed,5989.24,966.36
TXN-003945,2023-01-04,Operations,APAC,Completed,5907.39,3135.29
TXN-003946,2022-01-02,Sales,EMEA,Completed,4196.97,3477.42
TXN-003947,2023-05-11,Marketing,EMEA,Completed,4187.41,1764.81
TXN-003948,2023-10-15,Sales,APAC,Failed,7514.03,2709.88
TXN-003949,2023-04-08,Marketing,APAC,Completed,3689.12,3161.33
TXN-003950,2022-03-10,Marketing,North America,Failed,4740.25,2315.6
TXN-003951,2023-02-07,Operations,LATAM,Pending,5578.57,4203.32
TXN-003952,2022-08-07,Sales,APAC,Completed,7381.77,2536.4
TXN-003953,2022-07-16,Engineering,North America,Completed,6782.74,2364.12
TXN-003954,2023-12-02,Operations,LATAM,Completed,7536.94,2523.0
TXN-003955,2023-01-26,Marketing,North America,Completed,5548.15,1765.91
TXN-003956,2022-12-24,Operations,APAC,Pending,3377.06,1531.55
TXN-003957,2022-12-04,Marketing,North America,Completed,,1563.11
TXN-003958,2022-09-01,Customer Support,LATAM,Completed,4525.0,2346.65
TXN-003959,2023-06-01,Operations,LATAM,Failed,6207.42,1670.25
TXN-003960,2023-05-16,Engineering,APAC,Completed,3354.81,9863.78612299526
TXN-003961,2023-08-07,Marketing,LATAM,Completed,4735.52,1580.51
TXN-003962,2023-07-18,Engineering,LATAM,Pending,3758.48,3853.55
TXN-003963,2022-05-05,Customer Support,LATAM,Completed,4512.56,1479.0
TXN-003964,2023-10-20,Operations,North America,Completed,4343.4,2762.57
TXN-003965,2023-09-05,Marketing,North America,Pending,4478.04,0.0
TXN-003966,2022-11-26,Customer Support,North America,Pending,4216.81,2462.27
TXN-003967,2022-04-20,Customer Support,EMEA,Completed,6776.65,1871.2
TXN-003968,2022-02-18,Customer Support,EMEA,Completed,3982.65,2414.74
TXN-003969,2022-08-18,Customer Support,North America,Completed,3528.19,3634.43
TXN-003970,2022-12-27,Operations,APAC,Completed,4181.32,2332.81
TXN-003971,2023-06-04,Sales,LATAM,Pending,4133.4,2248.37
TXN-003972,2022-11-24,Operations,EMEA,Pending,5517.22,3034.98
TXN-003973,2022-06-21,Operations,North America,Completed,4724.96,3548.14
TXN-003974,2023-10-06,Sales,LATAM,Completed,8232.91,2804.79
TXN-003975,2023-02-05,Engineering,LATAM,Completed,4586.77,1021.39
TXN-003976,2023-01-02,Engineering,EMEA,Failed,5243.92,
TXN-003977,2023-08-31,Sales,EMEA,Failed,6086.46,1248.01
TXN-003978,2023-06-06,Marketing,APAC,Completed,6048.02,3440.3313890330674
TXN-003979,2022-01-05,Operations,EMEA,Completed,4805.61,2966.75
TXN-003980,2022-07-12,Operations,EMEA,Pending,4437.59,2631.9
TXN-003981,2022-10-31,Engineering,LATAM,Pending,7155.43,1176.91
TXN-003982,2022-09-11,Marketing,LATAM,Completed,4012.55,1750.12
TXN-003983,2023-02-09,Operations,APAC,Completed,4363.34,2753.68
TXN-003984,2023-12-02,Customer Support,LATAM,Failed,5952.65,1387.63
TXN-003985,2022-12-01,Sales,APAC,Completed,3397.63,2128.7
TXN-003986,2023-04-16,Sales,North America,Failed,4803.54,2688.36
TXN-003987,2022-03-25,Engineering,EMEA,Pending,2870.52,697.04
TXN-003988,2022-01-04,Marketing,North America,Completed,4827.42,1616.37
TXN-003989,2022-07-02,Operations,EMEA,Completed,5926.99,2670.3
TXN-003990,2023-03-04,Engineering,EMEA,Failed,7075.25,3766.96
TXN-003991,2022-05-27,Marketing,North America,Failed,4974.7,2230.37
TXN-003992,2023-09-07,Customer Support,North America,Pending,5459.81,1801.52
TXN-003993,2023-09-19,Customer Support,APAC,Completed,4327.08,3239.47
TXN-003994,2023-03-25,Engineering,North America,Pending,6100.22,1464.44
TXN-003995,2022-01-24,Customer Support,LATAM,Failed,5996.73,3209.01
TXN-003996,2023-09-07,Sales,North America,Completed,5150.88,2514.91
TXN-003997,2023-09-27,Sales,APAC,Completed,4909.68,2541.71
TXN-003998,2023-10-18,Operations,LATAM,Failed,5125.08,2845.54
TXN-003999,2023-12-01,Customer Support,North America,Failed,4146.46,1890.44
TXN-004000,2022-07-20,Engineering,APAC,Pending,,1563.49
TXN-004001,2023-04-25,Marketing,EMEA,Completed,4507.0,3101.24
TXN-004002,2022-01-21,Sales,North America,Completed,5074.56,961.5
TXN-004003,2023-12-29,Sales,APAC,Completed,7061.18,2622.3
TXN-004004,2022-11-15,Sales,EMEA,Completed,3958.05,1132.72
TXN-004005,2022-04-15,Marketing,LATAM,Completed,1924.28,2256.06
TXN-004006,2022-02-20,Operations,APAC,Completed,2921.21,2519.68
TXN-004007,2023-12-08,Sales,APAC,Completed,6111.0,2170.65
TXN-004008,2023-10-01,Sales,EMEA,Completed,4337.61,3270.23
TXN-004009,2023-11-08,Customer Support,APAC,Completed,2737.74,1464.6
TXN-004010,2023-04-18,Sales,EMEA,Completed,5476.85,2928.9
TXN-004011,2023-09-15,Sales,North America,Failed,4424.39,2959.85
TXN-004012,2023-03-16,Operations,EMEA,Pending,2940.88,2494.36
TXN-004013,2022-09-22,Operations,APAC,Completed,3091.7,3090.13
TXN-004014,2023-12-05,Sales,LATAM,Failed,5573.12,1608.14
TXN-004015,2023-12-08,Sales,APAC,Pending,4317.68,2773.17
TXN-004016,2022-07-17,Operations,EMEA,Completed,4246.29,2613.73
TXN-004017,2023-09-26,Operations,North America,Pending,5355.47,2731.89
TXN-004018,2022-07-26,Engineering,APAC,Completed,4117.83,0.0
TXN-004019,2023-12-12,Customer Support,EMEA,Pending,5135.67,3800.93
TXN-004020,2023-07-13,Operations,North America,Failed,6886.84,1649.94
TXN-004021,2023-08-29,Operations,North America,Pending,4308.79,1909.99
TXN-004022,2022-12-03,Marketing,LATAM,Failed,3996.65,447.58
TXN-004023,2022-07-09,Customer Support,North America,Pending,4578.69,227.91
TXN-004024,2022-05-17,Engineering,EMEA,Failed,6855.14,2173.03
TXN-004025,2022-11-08,Sales,EMEA,Pending,4317.63,2127.41
TXN-004026,2022-10-21,Operations,LATAM,Completed,2753.7,1329.51
TXN-004027,2023-04-09,Sales,North America,Failed,4174.47,1846.19
TXN-004028,2022-05-29,Customer Support,LATAM,Completed,5108.26,2741.9
TXN-004029,2022-09-06,Customer Support,EMEA,Completed,6467.19,2801.16
TXN-004030,2023-07-23,Engineering,EMEA,Failed,5215.68,1857.73
TXN-004031,2022-05-16,Sales,LATAM,Completed,,3492.0
TXN-004032,2023-01-12,Sales,LATAM,Completed,3914.29,1912.52
TXN-004033,2022-09-06,Sales,North America,Pending,4611.86,639.44
TXN-004034,2023-08-23,Engineering,North America,Failed,7427.55,2396.83
TXN-004035,2022-06-29,Marketing,APAC,Completed,6355.32,1407.49
TXN-004036,2022-10-30,Operations,EMEA,Completed,4793.08,3084.54
TXN-004037,2023-01-16,Operations,EMEA,Completed,4084.73,2871.9
TXN-004038,2023-10-26,Customer Support,APAC,Completed,4524.37,2139.79
TXN-004039,2023-04-08,Engineering,LATAM,Completed,3664.58,3033.51
TXN-004040,2022-04-09,Operations,LATAM,Completed,7636.96,718.27
TXN-004041,2023-04-22,Operations,APAC,Completed,6204.8,1147.7
TXN-004042,2022-10-23,Engineering,EMEA,Completed,3185.99,2891.56
TXN-004043,2023-04-06,Operations,EMEA,Completed,6204.09,2252.56
TXN-004044,2022-03-17,Sales,North America,Failed,5107.43,2474.05
TXN-004045,2022-11-10,Operations,APAC,Completed,5595.58,2940.61
TXN-004046,2023-01-07,Sales,APAC,Completed,6149.97,729.32
TXN-004047,2022-02-28,Customer Support,North America,Completed,3195.85,2453.86
TXN-004048,2023-08-18,Operations,EMEA,Completed,5500.94,1424.03
TXN-004049,2022-12-23,Operations,LATAM,Failed,4796.36,1232.08
TXN-004050,2023-06-22,Sales,North America,Completed,3367.12,1509.58
TXN-004051,2023-12-12,Customer Support,EMEA,Completed,5280.04,3561.84
TXN-004052,2022-08-10,Operations,North America,Completed,4892.58,2762.32
TXN-004053,2022-09-10,Customer Support,North America,Completed,7316.37,2947.82
TXN-004054,2022-10-26,Sales,LATAM,Failed,4288.33,2142.3
TXN-004055,2022-07-03,Engineering,North America,Completed,4482.07,442.21
TXN-004056,2022-04-15,Engineering,APAC,Pending,4491.51,1498.01
TXN-004057,2023-08-17,Marketing,North America,Failed,5954.73,1752.81
TXN-004058,2023-02-02,Sales,EMEA,Completed,4122.25,898.07
TXN-004059,2023-11-12,Sales,North America,Pending,3566.77,2994.41
TXN-004060,2022-07-24,Sales,APAC,Pending,6407.67,952.52
TXN-004061,2023-02-28,Sales,EMEA,Completed,3621.32,1793.6
TXN-004062,2023-07-19,Customer Support,EMEA,Completed,6031.18,3603.15
TXN-004063,2022-11-13,Operations,EMEA,Completed,5988.49,2446.89
TXN-004064,2022-06-10,Sales,LATAM,Completed,1780.49,1304.97
TXN-004065,2023-01-17,Marketing,North America,Pending,3726.11,2645.64
TXN-004066,2022-05-09,Sales,EMEA,Failed,4968.99,2337.61
TXN-004067,2023-05-28,Operations,LATAM,Completed,6427.87,3125.85
TXN-004068,2023-11-26,Marketing,EMEA,Completed,5238.74,1628.17
TXN-004069,2022-08-13,Sales,APAC,Failed,5983.94,1447.21
TXN-004070,2023-12-13,Engineering,LATAM,Completed,5416.71,2437.8
TXN-004071,2023-01-03,Operations,LATAM,Completed,4502.15,2459.65
TXN-004072,2022-06-29,Marketing,North America,Completed,10515.45,1705.16
TXN-004073,2022-03-30,Engineering,EMEA,Completed,4562.63,2612.33
TXN-004074,2022-08-09,Customer Support,North America,Completed,3734.0,2769.82
TXN-004075,2023-04-20,Marketing,LATAM,Failed,4408.94,1346.76
TXN-004076,2023-03-09,Engineering,APAC,Failed,2760.5,2591.5
TXN-004077,2023-10-09,Engineering,APAC,Failed,6335.83,2002.03
TXN-004078,2023-07-16,Sales,EMEA,Completed,5177.41,1576.2
TXN-004079,2023-01-08,Customer Support,APAC,Completed,5754.03,1684.09
TXN-004080,2023-09-02,Sales,APAC,Pending,4443.1,2316.9
TXN-004081,2022-11-16,Operations,North America,Failed,4317.17,1051.87
TXN-004082,2023-05-03,Operations,North America,Completed,8086.53,2960.64
TXN-004083,2022-11-12,Customer Support,North America,Failed,5938.0,365.02
TXN-004084,2023-08-11,Customer Support,EMEA,Pending,5196.13,2181.88
TXN-004085,2022-08-08,Operations,LATAM,Completed,6961.21,3043.43
TXN-004086,2023-07-20,Marketing,APAC,Completed,5123.11,2904.41
TXN-004087,2022-08-16,Customer Support,APAC,Failed,4205.39,2105.38
TXN-004088,2023-03-26,Operations,EMEA,Failed,,2877.03
TXN-004089,2022-09-21,Operations,APAC,Completed,7739.5,448.07
TXN-004090,2023-10-26,Marketing,APAC,Completed,3115.23,1139.65
TXN-004091,2023-05-31,Marketing,North America,Failed,4459.74,1693.95
TXN-004092,2022-02-09,Operations,APAC,Failed,4751.86,2335.99
TXN-004093,2023-11-19,Engineering,APAC,Failed,3542.39,2779.8
TXN-004094,2023-03-28,Sales,LATAM,Completed,8650.67,3057.74
TXN-004095,2023-02-27,Operations,LATAM,Failed,5089.77,2749.1
TXN-004096,2023-05-14,Engineering,North America,Pending,4272.8,4698.79
TXN-004097,2023-02-02,Sales,LATAM,Failed,6126.6,567.08
TXN-004098,2023-05-07,Marketing,LATAM,Completed,4005.02,840.76
TXN-004099,2023-01-15,Customer Support,North America,Completed,7108.45,0.0
TXN-004100,2023-10-13,Sales,LATAM,Completed,6613.2,1601.2
TXN-004101,2023-01-06,Sales,North America,Completed,6472.42,1912.56
TXN-004102,2022-01-18,Customer Support,EMEA,Completed,1728.48,2755.42
TXN-004103,2022-02-27,Customer Support,APAC,Completed,,1013.43
TXN-004104,2023-11-14,Sales,North America,Completed,5684.18,2758.22
TXN-004105,2023-06-12,Sales,North America,Failed,2292.3,1590.6
TXN-004106,2023-08-27,Sales,EMEA,Failed,5279.88,2556.32
TXN-004107,2023-03-16,Sales,APAC,Completed,3626.86,2061.65
TXN-004108,2022-09-13,Engineering,North America,Pending,4903.94,2637.45
TXN-004109,2022-11-11,Customer Support,North America,Completed,3547.65,1521.24
TXN-004110,2023-02-06,Operations,APAC,Completed,7053.01,1085.38
TXN-004111,2023-01-25,Marketing,North America,Completed,1015.22,1096.27
TXN-004112,2023-11-08,Operations,LATAM,Completed,3521.8,1560.82
TXN-004113,2023-01-01,Sales,LATAM,Completed,4657.35,1840.97
TXN-004114,2023-05-20,Customer Support,North America,Pending,4381.0,3359.88
TXN-004115,2023-12-16,Operations,LATAM,Completed,5842.79,3391.16
TXN-004116,2023-06-29,Sales,EMEA,Completed,4564.19,1467.75
TXN-004117,2023-10-23,Customer Support,EMEA,Completed,5294.76,1608.79
TXN-004118,2023-04-21,Customer Support,North America,Completed,2558.75,1968.37
TXN-004119,2022-07-05,Sales,North America,Completed,2671.61,2474.96
TXN-004120,2022-06-27,Sales,EMEA,Failed,3660.98,2856.46
TXN-004121,2023-08-28,Sales,North America,Completed,5285.53,2439.13
TXN-004122,2022-04-22,Engineering,North America,Completed,5458.87,2502.91
TXN-004123,2023-04-03,Customer Support,APAC,Completed,4832.68,1909.66
TXN-004124,2023-09-08,Operations,APAC,Failed,8339.93,679.49
TXN-004125,2022-01-09,Customer Support,APAC,Completed,4092.08,1889.56
TXN-004126,2022-01-18,Operations,LATAM,Completed,4394.65,2195.57
TXN-004127,2022-06-04,Customer Support,EMEA,Pending,5752.49,2317.52
TXN-004128,2022-03-28,Operations,LATAM,Pending,6752.89,2812.46
TXN-004129,2022-06-12,Engineering,EMEA,Pending,5010.14,3549.04
TXN-004130,2022-07-30,Operations,LATAM,Completed,2898.48,1975.93
TXN-004131,2023-07-10,Sales,APAC,Completed,5048.8,1980.98
TXN-004132,2022-06-05,Operations,EMEA,Completed,6833.96,1186.93
TXN-004133,2023-08-16,Operations,North America,Completed,6332.1,2052.84
TXN-004134,2022-09-26,Marketing,North America,Pending,7464.54,1381.88
TXN-004135,2023-07-09,Marketing,APAC,Completed,6234.3,3342.39
TXN-004136,2022-03-31,Engineering,EMEA,Completed,2017.41,1037.42
TXN-004137,2023-02-28,Engineering,LATAM,Completed,8094.67,1008.22
TXN-004138,2023-11-17,Marketing,North America,Completed,4021.62,1991.55
TXN-004139,2022-04-20,Marketing,LATAM,Pending,4051.6,1513.43
TXN-004140,2022-07-07,Customer Support,APAC,Completed,6095.64,1971.8
TXN-004141,2022-11-05,Marketing,North America,Completed,5060.48,276.64
TXN-004142,2023-03-21,Engineering,APAC,Completed,2863.24,2347.95
TXN-004143,2023-10-31,Customer Support,LATAM,Completed,3343.33,1873.61
TXN-004144,2023-03-16,Operations,North America,Failed,4226.08,1686.04
TXN-004145,2023-12-02,Engineering,APAC,Pending,,
TXN-004146,2023-11-25,Engineering,North America,Completed,6326.61,2667.89
TXN-004147,2022-09-10,Engineering,LATAM,Pending,3455.1,3008.81
TXN-004148,2022-05-06,Customer Support,APAC,Completed,3343.48,1438.17
TXN-004149,2022-08-29,Customer Support,APAC,Failed,8135.73,2743.82
TXN-004150,2022-11-21,Sales,APAC,Completed,4371.27,2727.98
TXN-004151,2023-06-24,Operations,North America,Completed,4574.5,2662.89
TXN-004152,2022-10-28,Engineering,APAC,Completed,3711.23,2741.58
TXN-004153,2023-08-30,Sales,EMEA,Pending,5882.89,2107.84
TXN-004154,2022-05-17,Sales,EMEA,Completed,4612.54,1552.68
TXN-004155,2023-01-06,Marketing,LATAM,Failed,6409.43,2959.11
TXN-004156,2022-06-28,Operations,EMEA,Completed,3900.93,494.5
TXN-004157,2023-02-23,Engineering,EMEA,Failed,6421.18,2335.82
TXN-004158,2022-12-21,Marketing,North America,Completed,5206.76,1465.32
TXN-004159,2022-05-16,Marketing,APAC,Completed,4783.23,
TXN-004160,2023-07-15,Sales,LATAM,Completed,7341.62,0.0
TXN-004161,2022-05-24,Sales,North America,Completed,5644.3,2787.46
TXN-004162,2022-02-22,Marketing,North America,Completed,4964.27,2133.88
TXN-004163,2022-08-08,Customer Support,LATAM,Failed,3962.97,816.08
TXN-004164,2022-04-29,Engineering,North America,Completed,6833.54,957.01
TXN-004165,2022-12-26,Customer Support,LATAM,Pending,2431.55,1611.45
TXN-004166,2023-03-24,Operations,North America,Pending,4180.02,2102.11
TXN-004167,2023-07-28,Engineering,LATAM,Completed,5288.04,2131.54
TXN-004168,2022-11-08,Marketing,APAC,Completed,4971.94,563.35
TXN-004169,2023-10-14,Operations,North America,Completed,7365.79,2823.99
TXN-004170,2022-01-08,Customer Support,North America,Completed,5695.96,1040.47
TXN-004171,2022-11-24,Sales,LATAM,Completed,3172.03,1062.13
TXN-004172,2022-01-27,Customer Support,EMEA,Completed,6864.83,2550.37
TXN-004173,2022-03-19,Marketing,EMEA,Completed,6686.44,1773.15
TXN-004174,2023-12-26,Engineering,North America,Failed,6743.25,2025.02
TXN-004175,2023-11-10,Operations,LATAM,Failed,5513.7,619.18
TXN-004176,2023-11-09,Marketing,EMEA,Completed,6695.61,2914.36
TXN-004177,2022-09-19,Engineering,LATAM,Pending,3123.0,1800.04
TXN-004178,2023-10-02,Operations,LATAM,Completed,5750.32,752.96
TXN-004179,2023-09-13,Operations,North America,Completed,4652.42,3940.31
TXN-004180,2023-06-05,Sales,North America,Completed,7710.17,3201.83
TXN-004181,2023-03-23,Engineering,LATAM,Pending,2101.35,1252.11
TXN-004182,2023-03-16,Engineering,EMEA,Pending,941.86,2200.14
TXN-004183,2022-10-10,Marketing,APAC,Completed,5896.64,1382.71
TXN-004184,2022-07-27,Customer Support,North America,Completed,3895.19,1151.81
TXN-004185,2023-06-30,Operations,North America,Pending,4689.74,1743.4
TXN-004186,2023-04-27,Customer Support,LATAM,Completed,6704.11,1198.31
TXN-004187,2022-04-02,Sales,LATAM,Completed,6345.13,2827.95
TXN-004188,2023-12-09,Engineering,EMEA,Completed,6713.09,1309.36
TXN-004189,2022-10-08,Customer Support,EMEA,Pending,7712.5,2720.09
TXN-004190,2022-06-28,Engineering,LATAM,Failed,5316.08,2599.48
TXN-004191,2023-02-18,Engineering,EMEA,Pending,3701.14,1913.0
TXN-004192,2023-01-24,Customer Support,EMEA,Completed,4034.94,3234.77
TXN-004193,2023-09-01,Sales,EMEA,Pending,2784.83,3021.6
TXN-004194,2022-05-07,Sales,EMEA,Failed,4836.17,2390.81
TXN-004195,2022-10-28,Sales,EMEA,Pending,3932.94,2850.52
TXN-004196,2022-08-20,Operations,LATAM,Completed,6168.72,2049.29
TXN-004197,2022-03-30,Sales,EMEA,Pending,7252.02,2389.97
TXN-004198,2023-05-26,Engineering,North America,Pending,5413.11,2112.97
TXN-004199,2022-10-05,Operations,LATAM,Completed,6961.14,3279.59
TXN-004200,2022-05-28,Engineering,North America,Completed,4283.07,1392.14
TXN-004201,2022-08-04,Customer Support,North America,Completed,4012.52,2552.82
TXN-004202,2023-06-13,Operations,North America,Completed,655.98,878.2
TXN-004203,2022-08-10,Sales,EMEA,Completed,5918.4,985.96
TXN-004204,2023-12-09,Operations,North America,Completed,4245.82,2017.51
TXN-004205,2023-11-06,Operations,LATAM,Pending,4756.43,2834.75
TXN-004206,2022-11-22,Customer Support,LATAM,Completed,6761.78,2267.6
TXN-004207,2022-12-27,Operations,North America,Pending,2654.43,2446.33
TXN-004208,2022-09-29,Operations,LATAM,Completed,6428.55,2876.72
TXN-004209,2022-09-26,Engineering,APAC,Failed,4503.03,1931.25
TXN-004210,2023-11-22,Operations,APAC,Completed,1645.48,2665.16
TXN-004211,2023-02-14,Sales,APAC,Completed,3558.34,2001.3
TXN-004212,2023-07-14,Operations,APAC,Completed,6118.35,1988.27
TXN-004213,2022-09-22,Customer Support,North America,Pending,2163.18,708.62
TXN-004214,2023-11-06,Engineering,EMEA,Completed,5106.52,1644.17
TXN-004215,2023-11-30,Operations,LATAM,Completed,5151.79,2169.8
TXN-004216,2023-12-05,Operations,APAC,Completed,2669.13,3057.28
TXN-004217,2022-08-02,Customer Support,EMEA,Completed,4916.41,294.81
TXN-004218,2022-09-11,Customer Support,LATAM,Completed,7154.73,1128.29
TXN-004219,2022-06-07,Sales,APAC,Completed,3611.92,2560.85
TXN-004220,2022-01-25,Engineering,North America,Completed,7411.12,2078.84
TXN-004221,2022-06-16,Operations,North America,Pending,5044.18,2127.19
TXN-004222,2022-12-18,Customer Support,EMEA,Pending,3218.51,1754.46
TXN-004223,2022-07-09,Engineering,LATAM,Completed,6275.75,2930.69
TXN-004224,2023-05-10,Marketing,North America,Failed,6848.86,2482.14
TXN-004225,2022-04-13,Marketing,EMEA,Failed,6081.44,2940.0
TXN-004226,2023-12-14,Operations,LATAM,Completed,5765.87,3052.8
TXN-004227,2023-09-09,Marketing,North America,Failed,4278.42,1134.22
TXN-004228,2023-11-27,Customer Support,North America,Failed,3712.99,2196.01
TXN-004229,2022-08-24,Engineering,LATAM,Pending,5235.37,2123.45
TXN-004230,2023-03-02,Marketing,EMEA,Completed,3964.33,1246.03
TXN-004231,2023-06-24,Operations,APAC,Failed,6336.19,2851.86
TXN-004232,2022-07-12,Marketing,North America,Completed,5810.32,2952.61
TXN-004233,2022-08-07,Operations,North America,Completed,6757.02,1722.3
TXN-004234,2022-04-16,Operations,LATAM,Failed,5824.74,1987.65
TXN-004235,2022-04-12,Operations,APAC,Failed,6929.01,2325.58
TXN-004236,2023-06-19,Marketing,North America,Completed,5996.52,1761.79
TXN-004237,2023-07-12,Engineering,LATAM,Completed,5233.11,2369.97
TXN-004238,2023-01-19,Sales,North America,Failed,4217.69,3833.79
TXN-004239,2023-12-26,Customer Support,EMEA,Completed,4635.12,
TXN-004240,2022-12-02,Sales,APAC,Completed,4676.46,2115.9
TXN-004241,2023-10-13,Operations,APAC,Pending,6478.92,903.15
TXN-004242,2022-02-17,Sales,EMEA,Completed,5448.39,2913.33
TXN-004243,2022-12-12,Customer Support,North America,Completed,3953.3,1110.96
TXN-004244,2023-04-01,Engineering,North America,Completed,4598.44,1777.9
TXN-004245,2022-07-16,Customer Support,North America,Failed,5114.15,1028.89
TXN-004246,2022-11-17,Customer Support,LATAM,Failed,3935.12,912.97
TXN-004247,2022-06-19,Marketing,EMEA,Completed,5757.51,494.73
TXN-004248,2023-04-26,Customer Support,LATAM,Pending,6123.88,2350.81
TXN-004249,2022-01-04,Operations,APAC,Completed,6468.57,1243.89
TXN-004250,2023-02-18,Operations,North America,Pending,4415.81,725.31
TXN-004251,2023-01-19,Marketing,EMEA,Completed,5359.75,2839.04
TXN-004252,2023-12-12,Engineering,North America,Pending,3440.36,1937.57
TXN-004253,2022-01-21,Sales,APAC,Pending,2007.36,2407.1
TXN-004254,2022-05-26,Customer Support,APAC,Pending,5099.4,2217.46
TXN-004255,2022-04-08,Marketing,EMEA,Completed,5821.03,3684.05
TXN-004256,2023-07-19,Operations,LATAM,Failed,2520.13,1941.2
TXN-004257,2022-02-01,Sales,LATAM,Completed,4734.09,1963.82
TXN-004258,2022-01-11,Customer Support,EMEA,Failed,6952.77,2141.31
TXN-004259,2022-02-25,Engineering,APAC,Completed,8216.66,1564.24
TXN-004260,2022-02-20,Marketing,APAC,Completed,3788.14,2629.32
TXN-004261,2022-03-17,Operations,LATAM,Failed,2852.98,896.82
TXN-004262,2023-12-25,Engineering,EMEA,Completed,4795.95,1298.04
TXN-004263,2023-02-23,Customer Support,North America,Completed,4269.33,2412.37
TXN-004264,2022-05-02,Engineering,LATAM,Pending,4788.62,3241.16
TXN-004265,2022-04-11,Marketing,LATAM,Failed,6752.24,2701.48
TXN-004266,2023-02-20,Customer Support,EMEA,Failed,6717.83,2084.47
TXN-004267,2022-10-18,Marketing,North America,Pending,6314.41,2257.99
TXN-004268,2023-01-26,Sales,North America,Completed,6084.81,1864.55
TXN-004269,2023-08-22,Marketing,LATAM,Completed,6340.97,2380.04
TXN-004270,2023-06-17,Operations,EMEA,Failed,5368.62,2912.25
TXN-004271,2023-10-02,Operations,EMEA,Completed,5957.91,1202.11
TXN-004272,2023-11-25,Operations,EMEA,Failed,5373.86,2666.33
TXN-004273,2022-05-13,Sales,LATAM,Pending,2051.62,2634.64
TXN-004274,2022-03-11,Operations,EMEA,Failed,6867.08,1469.66
TXN-004275,2022-05-23,Customer Support,EMEA,Pending,7254.92,1930.86
TXN-004276,2023-11-05,Sales,APAC,Completed,4406.47,2306.83
TXN-004277,2023-08-14,Engineering,APAC,Failed,2320.35,2921.65
TXN-004278,2022-05-18,Engineering,North America,Failed,4147.47,2581.45
TXN-004279,2022-10-18,Customer Support,North America,Failed,5366.45,424.07
TXN-004280,2022-10-15,Marketing,North America,Pending,6308.72,1021.5
TXN-004281,2023-09-22,Sales,LATAM,Completed,7946.4,3262.68
TXN-004282,2023-10-09,Engineering,LATAM,Failed,5377.44,1333.8
TXN-004283,2023-09-15,Operations,North America,Pending,4981.92,2365.3
TXN-004284,2023-02-26,Sales,EMEA,Failed,6476.9,202.74
TXN-004285,2022-01-12,Operations,LATAM,Completed,4894.2,1364.68
TXN-004286,2023-03-11,Engineering,LATAM,Failed,3933.88,983.88
TXN-004287,2022-07-12,Engineering,North America,Pending,6025.75,1133.35
TXN-004288,2023-12-11,Customer Support,North America,Completed,5145.26,2425.07
TXN-004289,2022-11-03,Marketing,APAC,Failed,5914.43,2420.3
TXN-004290,2023-07-30,Customer Support,North America,Pending,5435.46,2104.84
TXN-004291,2022-03-12,Operations,EMEA,Failed,4706.66,840.93
TXN-004292,2023-11-03,Marketing,EMEA,Pending,5134.22,3418.74
TXN-004293,2023-12-01,Engineering,North America,Pending,5146.77,1427.8
TXN-004294,2022-09-13,Operations,LATAM,Completed,3728.44,1882.18
TXN-004295,2023-04-24,Sales,APAC,Completed,7218.88,2125.05
TXN-004296,2022-02-20,Marketing,APAC,Completed,1902.01,1155.71
TXN-004297,2022-03-18,Marketing,EMEA,Completed,6168.14,1568.28
TXN-004298,2023-11-27,Operations,APAC,Completed,4919.43,2582.16
TXN-004299,2023-12-22,Engineering,APAC,Failed,7654.77,1276.74
TXN-004300,2022-06-06,Engineering,LATAM,Pending,2253.51,2476.68
TXN-004301,2023-06-10,Operations,APAC,Completed,4412.39,10746.37364138428
TXN-004302,2022-03-13,Marketing,LATAM,Completed,7328.77,2032.56
TXN-004303,2022-06-28,Sales,EMEA,Failed,3562.52,2153.47
TXN-004304,2022-11-25,Operations,EMEA,Completed,4876.72,1569.48
TXN-004305,2023-09-09,Operations,EMEA,Pending,4344.41,808.21
TXN-004306,2023-07-12,Marketing,North America,Completed,3575.98,2351.94
TXN-004307,2022-02-06,Marketing,EMEA,Completed,5221.6,2044.43
TXN-004308,2022-02-12,Customer Support,LATAM,Pending,3427.64,343.68
TXN-004309,2023-01-29,Operations,North America,Completed,4239.51,771.01
TXN-004310,2022-02-05,Sales,APAC,Pending,2811.58,1682.06
TXN-004311,2023-10-05,Marketing,EMEA,Failed,6560.36,3234.09
TXN-004312,2023-09-03,Customer Support,EMEA,Pending,3939.6,853.68
TXN-004313,2022-02-11,Sales,APAC,Completed,5597.03,2321.85
TXN-004314,2022-11-25,Engineering,North America,Completed,9064.86,2496.3
TXN-004315,2023-09-13,Engineering,APAC,Completed,4644.7,2231.08
TXN-004316,2023-04-13,Engineering,LATAM,Completed,6248.95,2480.2
TXN-004317,2023-05-29,Customer Support,North America,Completed,5548.06,1712.17
TXN-004318,2022-06-22,Operations,LATAM,Failed,4873.23,2659.06
TXN-004319,2022-05-10,Engineering,EMEA,Completed,5167.66,2087.05
TXN-004320,2023-10-29,Sales,EMEA,Completed,6738.51,265.88
TXN-004321,2022-10-17,Customer Support,North America,Failed,5556.73,2603.38
TXN-004322,2023-05-24,Operations,LATAM,Failed,4514.18,3283.55
TXN-004323,2022-09-28,Operations,APAC,Completed,6915.42,1233.09
TXN-004324,2022-09-12,Operations,EMEA,Completed,3995.44,2207.06
TXN-004325,2023-12-18,Sales,LATAM,Failed,3304.08,2378.07
TXN-004326,2022-06-25,Sales,LATAM,Completed,6278.7,1531.23
TXN-004327,2022-06-25,Sales,APAC,Completed,5940.52,0.0
TXN-004328,2023-10-24,Engineering,EMEA,Failed,5160.4,996.81
TXN-004329,2023-02-10,Engineering,LATAM,Completed,4436.53,1584.42
TXN-004330,2023-01-02,Sales,LATAM,Failed,4685.55,2134.3
TXN-004331,2023-06-23,Operations,North America,Completed,4155.02,1547.68
TXN-004332,2022-02-26,Marketing,North America,Pending,5653.05,850.13
TXN-004333,2022-02-09,Operations,LATAM,Completed,3794.62,2200.72
TXN-004334,2023-06-02,Operations,EMEA,Completed,4078.39,1031.79
TXN-004335,2023-10-06,Customer Support,LATAM,Pending,6130.86,2434.17
TXN-004336,2022-10-07,Operations,North America,Completed,4498.03,1500.78
TXN-004337,2022-05-20,Operations,North America,Completed,4147.43,3378.19
TXN-004338,2022-08-02,Engineering,LATAM,Failed,6165.58,1445.65
TXN-004339,2023-10-11,Operations,LATAM,Completed,,3605.09
TXN-004340,2022-10-21,Engineering,North America,Completed,5284.95,82.82
TXN-004341,2022-08-07,Customer Support,LATAM,Pending,5450.64,2037.17
TXN-004342,2022-05-12,Engineering,LATAM,Completed,4540.81,2358.66
TXN-004343,2022-09-02,Marketing,APAC,Completed,6413.69,1627.11
TXN-004344,2022-12-06,Marketing,LATAM,Completed,6048.86,1171.04
TXN-004345,2022-09-17,Sales,APAC,Completed,7400.22,1656.67
TXN-004346,2022-08-17,Customer Support,EMEA,Completed,7410.87,1495.53
TXN-004347,2023-04-10,Operations,LATAM,Completed,4589.85,997.87
TXN-004348,2022-07-11,Marketing,North America,Failed,4113.35,2150.75
TXN-004349,2023-12-27,Operations,EMEA,Failed,5728.81,2179.44
TXN-004350,2023-08-06,Marketing,EMEA,Completed,3063.16,1973.45
TXN-004351,2022-01-02,Customer Support,LATAM,Failed,5866.05,1978.69
TXN-004352,2022-03-08,Marketing,EMEA,Completed,4026.31,1996.56
TXN-004353,2023-11-26,Customer Support,North America,Completed,3234.3,2845.36
TXN-004354,2023-05-04,Operations,LATAM,Completed,603.68,2210.95
TXN-004355,2022-10-31,Engineering,APAC,Completed,3986.95,1153.05
TXN-004356,2023-05-18,Marketing,LATAM,Completed,4216.47,1053.3
TXN-004357,2023-10-27,Engineering,APAC,Failed,8321.21,2141.64
TXN-004358,2023-09-27,Customer Support,APAC,Completed,4243.96,1961.33
TXN-004359,2023-06-21,Customer Support,APAC,Pending,2275.56,2409.97
TXN-004360,2023-01-15,Sales,APAC,Completed,4160.12,2366.97
TXN-004361,2023-09-30,Marketing,EMEA,Pending,5731.33,816.61
TXN-004362,2023-09-26,Operations,EMEA,Completed,4098.36,3542.68
TXN-004363,2022-03-25,Engineering,LATAM,Completed,3604.37,2108.12
TXN-004364,2023-03-18,Customer Support,North America,Completed,4470.27,3111.62
TXN-004365,2023-11-04,Marketing,North America,Completed,3994.62,2201.52
TXN-004366,2022-07-05,Customer Support,EMEA,Pending,5627.55,1140.71
TXN-004367,2023-08-06,Customer Support,North America,Completed,4854.67,283.64
TXN-004368,2023-12-03,Operations,APAC,Failed,4579.26,716.03
TXN-004369,2023-07-12,Engineering,EMEA,Completed,5066.98,3284.3
TXN-004370,2022-02-07,Operations,EMEA,Completed,3619.17,2230.5
TXN-004371,2023-05-22,Sales,North America,Completed,3241.26,1565.54
TXN-004372,2022-08-14,Marketing,North America,Completed,5187.1,2323.77
TXN-004373,2023-10-14,Operations,LATAM,Completed,2320.38,1324.96
TXN-004374,2022-10-12,Sales,EMEA,Failed,4291.24,1761.33
TXN-004375,2022-11-19,Operations,APAC,Pending,4529.26,1595.13
TXN-004376,2022-06-16,Customer Support,EMEA,Completed,4786.08,2601.68
TXN-004377,2022-08-18,Marketing,APAC,Completed,6749.05,1006.55
TXN-004378,2022-03-20,Sales,North America,Pending,2327.01,1294.32
TXN-004379,2023-05-08,Sales,APAC,Failed,4757.45,6330.88976385368
TXN-004380,2022-09-01,Engineering,North America,Pending,4503.97,2324.32
TXN-004381,2022-09-21,Operations,LATAM,Completed,5512.86,2705.91
TXN-004382,2022-08-17,Engineering,APAC,Failed,5541.33,1720.52
TXN-004383,2022-11-16,Marketing,APAC,Failed,5727.93,2792.96
TXN-004384,2023-11-26,Marketing,North America,Failed,5835.36,1530.12
TXN-004385,2022-03-08,Sales,North America,Pending,2348.15,1608.33
TXN-004386,2023-09-30,Engineering,LATAM,Completed,5491.74,2930.04
TXN-004387,2023-09-21,Engineering,LATAM,Pending,6970.74,1935.83
TXN-004388,2022-05-25,Customer Support,North America,Failed,4013.04,1987.47
TXN-004389,2022-08-09,Engineering,EMEA,Completed,4789.21,2219.27
TXN-004390,2023-10-13,Marketing,North America,Pending,1495.662,586.95
TXN-004391,2023-01-21,Operations,APAC,Completed,5197.21,1194.69
TXN-004392,2022-01-03,Marketing,APAC,Completed,6101.42,1551.18
TXN-004393,2023-11-12,Engineering,LATAM,Pending,3482.28,884.36
TXN-004394,2022-01-07,Sales,EMEA,Completed,6848.16,2012.58
TXN-004395,2023-12-09,Operations,LATAM,Failed,6557.79,2164.11
TXN-004396,2022-11-19,Operations,APAC,Failed,4418.36,1483.35
TXN-004397,2023-11-22,Operations,APAC,Pending,5819.83,921.24
TXN-004398,2022-01-08,Operations,LATAM,Pending,5866.5,3469.52
TXN-004399,2023-02-22,Marketing,North America,Completed,5365.77,1298.61
TXN-004400,2022-05-01,Operations,EMEA,Pending,5572.52,3718.0
TXN-004401,2023-08-13,Operations,North America,Pending,3913.67,1598.38
TXN-004402,2023-08-23,Operations,LATAM,Completed,6791.76,2187.42
TXN-004403,2023-10-05,Marketing,LATAM,Completed,7173.86,3238.25
TXN-004404,2022-12-18,Sales,LATAM,Completed,8912.04,1277.6
TXN-004405,2022-09-13,Engineering,EMEA,Pending,2829.69,2126.88
TXN-004406,2022-05-29,Operations,APAC,Failed,5894.8,204.66
TXN-004407,2022-01-07,Engineering,APAC,Completed,1778.08,1574.04
TXN-004408,2023-05-23,Sales,LATAM,Completed,3223.6,3397.67
TXN-004409,2023-05-06,Marketing,North America,Pending,5530.78,2013.15
TXN-004410,2023-06-25,Sales,LATAM,Completed,2814.53,1566.14
TXN-004411,2022-01-13,Marketing,EMEA,Completed,5225.91,1537.97
TXN-004412,2023-12-04,Marketing,LATAM,Completed,4979.81,1997.96
TXN-004413,2022-03-16,Engineering,LATAM,Completed,5425.19,2764.43
TXN-004414,2023-10-04,Engineering,North America,Completed,7235.8,2605.65
TXN-004415,2022-11-30,Engineering,North America,Completed,4007.84,1525.61
TXN-004416,2022-10-25,Engineering,LATAM,Failed,3752.55,1633.84
TXN-004417,2023-06-20,Engineering,EMEA,Completed,6735.73,743.3
TXN-004418,2023-12-16,Operations,APAC,Completed,4571.04,1908.95
TXN-004419,2023-02-19,Customer Support,APAC,Pending,3741.8,2353.85
TXN-004420,2022-06-01,Sales,APAC,Pending,5513.72,3772.48
TXN-004421,2022-01-22,Operations,LATAM,Completed,,1545.06
TXN-004422,2022-06-02,Operations,LATAM,Completed,4537.76,1457.98
TXN-004423,2022-01-27,Engineering,EMEA,Completed,6271.37,2267.74
TXN-004424,2022-06-26,Sales,North America,Failed,3677.43,1556.17
TXN-004425,2023-05-20,Operations,EMEA,Completed,4883.25,3650.57
TXN-004426,2022-06-22,Marketing,APAC,Completed,3178.59,2219.69
TXN-004427,2023-12-11,Engineering,North America,Completed,3870.66,1459.91
TXN-004428,2023-10-02,Customer Support,LATAM,Failed,3359.63,3950.79
TXN-004429,2023-09-17,Sales,APAC,Completed,6808.39,214.94
TXN-004430,2022-12-08,Sales,APAC,Completed,5882.75,1333.81
TXN-004431,2023-04-04,Marketing,LATAM,Pending,3268.88,2198.37
TXN-004432,2022-02-17,Marketing,EMEA,Pending,4727.56,1276.89
TXN-004433,2022-10-25,Customer Support,North America,Completed,4393.65,2708.67
TXN-004434,2023-08-22,Marketing,EMEA,Pending,6609.08,1487.87
TXN-004435,2022-05-05,Sales,LATAM,Failed,7008.64,2008.19
TXN-004436,2022-08-30,Engineering,EMEA,Completed,1836.42,1793.73
TXN-004437,2023-05-29,Sales,North America,Completed,5396.69,2144.15
TXN-004438,2022-08-20,Marketing,APAC,Pending,4100.2,3313.63
TXN-004439,2022-08-22,Operations,APAC,Completed,3340.34,2214.25
TXN-004440,2022-02-12,Engineering,LATAM,Completed,5441.77,2383.45
TXN-004441,2023-09-05,Operations,APAC,Completed,,2393.05
TXN-004442,2022-12-27,Engineering,APAC,Failed,3165.67,2145.23
TXN-004443,2022-01-09,Operations,LATAM,Pending,3546.36,1580.79
TXN-004444,2023-05-13,Engineering,North America,Completed,5893.72,3164.96
TXN-004445,2022-02-01,Operations,APAC,Completed,6164.6,879.16
TXN-004446,2023-06-21,Marketing,EMEA,Failed,6999.76,3020.06
TXN-004447,2022-04-11,Operations,EMEA,Failed,2992.75,3377.8
TXN-004448,2022-12-02,Operations,APAC,Pending,4783.24,2822.03
TXN-004449,2022-02-04,Operations,APAC,Failed,2726.08,2874.85
TXN-004450,2023-12-06,Sales,North America,Completed,3374.28,1914.77
TXN-004451,2023-05-14,Operations,LATAM,Completed,4052.04,2423.27
TXN-004452,2022-06-25,Sales,EMEA,Completed,5346.15,1225.55
TXN-004453,2022-08-06,Customer Support,EMEA,Completed,7759.83,1444.72
TXN-004454,2023-10-07,Sales,LATAM,Failed,4617.15,1224.74
TXN-004455,2022-05-05,Marketing,North America,Failed,6573.36,2524.51
TXN-004456,2023-11-18,Marketing,APAC,Pending,8464.4,2170.5
TXN-004457,2022-09-22,Marketing,LATAM,Failed,3238.4,3931.67
TXN-004458,2023-11-02,Sales,EMEA,Pending,5053.52,696.6
TXN-004459,2022-08-20,Sales,EMEA,Completed,5341.14,867.23
TXN-004460,2023-10-10,Engineering,EMEA,Completed,3253.75,1033.1
TXN-004461,2022-07-18,Sales,North America,Completed,4847.12,2328.7
TXN-004462,2022-01-19,Sales,North America,Completed,3586.43,1029.21
TXN-004463,2023-03-05,Engineering,APAC,Completed,5350.6,591.07
TXN-004464,2022-04-21,Sales,EMEA,Completed,4497.34,1512.85
TXN-004465,2023-03-10,Sales,EMEA,Pending,5136.58,1819.34
TXN-004466,2022-08-29,Sales,EMEA,Pending,4846.46,3136.62
TXN-004467,2022-08-25,Marketing,LATAM,Failed,2791.1,1736.32
TXN-004468,2022-02-23,Engineering,EMEA,Completed,6047.31,1143.33
TXN-004469,2022-09-23,Engineering,APAC,Completed,5343.69,431.24
TXN-004470,2022-02-04,Operations,EMEA,Completed,2945.64,2844.03
TXN-004471,2023-08-16,Engineering,LATAM,Completed,2947.24,946.38
TXN-004472,2023-01-20,Engineering,LATAM,Completed,6800.63,2009.21
TXN-004473,2023-10-17,Sales,APAC,Completed,7067.74,968.46
TXN-004474,2023-11-24,Engineering,North America,Completed,7250.33,2311.78
TXN-004475,2023-10-14,Marketing,EMEA,Completed,3886.27,1762.97
TXN-004476,2023-01-01,Customer Support,EMEA,Failed,1402.41,1589.99
TXN-004477,2023-08-04,Customer Support,EMEA,Completed,3421.68,2928.32
TXN-004478,2023-10-13,Sales,EMEA,Completed,3561.14,1769.33
TXN-004479,2023-04-27,Engineering,EMEA,Completed,6284.07,515.7
TXN-004480,2023-04-08,Operations,LATAM,Completed,5278.7,1585.12
TXN-004481,2022-03-09,Sales,North America,Completed,6258.56,699.21
TXN-004482,2023-04-17,Marketing,North America,Completed,3092.29,2581.89
TXN-004483,2023-10-11,Sales,APAC,Failed,3887.92,4098.96
TXN-004484,2022-01-01,Engineering,LATAM,Completed,3219.22,1019.47
TXN-004485,2023-07-29,Customer Support,APAC,Failed,4084.92,1764.07
TXN-004486,2023-05-12,Engineering,LATAM,Completed,7429.85,3928.45
TXN-004487,2022-06-20,Marketing,EMEA,Completed,2206.47,1469.0
TXN-004488,2023-01-26,Sales,LATAM,Completed,6009.12,2214.98
TXN-004489,2023-10-20,Engineering,North America,Completed,3297.65,3344.22
TXN-004490,2023-12-15,Marketing,APAC,Completed,6619.25,2097.67
TXN-004491,2022-09-01,Marketing,North America,Failed,2801.48,1702.49
TXN-004492,2022-11-10,Sales,APAC,Completed,5695.97,1028.8
TXN-004493,2022-09-14,Sales,EMEA,Completed,5411.48,3599.73
TXN-004494,2022-08-21,Marketing,APAC,Pending,6359.41,2125.9
TXN-004495,2022-01-23,Engineering,North America,Completed,4202.48,2693.68
TXN-004496,2023-03-14,Engineering,LATAM,Failed,8708.59,1950.41
TXN-004497,2023-11-14,Sales,EMEA,Pending,5188.86,1755.89
TXN-004498,2022-06-14,Customer Support,EMEA,Pending,4145.32,1668.21
TXN-004499,2022-06-07,Engineering,EMEA,Pending,7154.81,2683.93
TXN-004500,2023-12-23,Sales,APAC,Completed,5106.75,2461.06
TXN-004501,2022-09-16,Engineering,North America,Completed,6525.29,1706.23
TXN-004502,2023-02-08,Marketing,North America,Pending,5537.8,2647.78
TXN-004503,2022-06-22,Operations,APAC,Completed,5065.67,253.52
TXN-004504,2022-09-12,Sales,North America,Pending,7123.5,2306.9
TXN-004505,2023-05-06,Engineering,EMEA,Pending,4795.07,2656.64
TXN-004506,2023-11-17,Sales,LATAM,Failed,2253.78,1811.2
TXN-004507,2022-10-04,Engineering,North America,Completed,2793.73,2395.26
TXN-004508,2023-06-07,Customer Support,LATAM,Completed,3544.94,3176.9
TXN-004509,2022-07-30,Engineering,LATAM,Completed,4279.73,2631.89
TXN-004510,2022-07-22,Customer Support,APAC,Completed,5288.62,3901.13
TXN-004511,2023-04-18,Operations,LATAM,Completed,4914.21,1740.68
TXN-004512,2022-08-06,Marketing,North America,Pending,6278.34,957.95
TXN-004513,2022-02-12,Sales,APAC,Completed,5832.31,1328.96
TXN-004514,2022-11-04,Customer Support,LATAM,Completed,3633.95,3468.82
TXN-004515,2023-04-17,Engineering,APAC,Completed,5487.39,2554.14
TXN-004516,2022-08-16,Customer Support,North America,Failed,6695.48,1121.03
TXN-004517,2023-11-22,Engineering,North America,Completed,2711.03,1968.36
TXN-004518,2023-11-17,Engineering,EMEA,Completed,3340.64,2755.33
TXN-004519,2023-05-31,Customer Support,EMEA,Completed,4582.33,2866.26
TXN-004520,2022-08-17,Sales,EMEA,Completed,2886.03,3121.55
TXN-004521,2023-06-10,Customer Support,North America,Completed,4088.72,1242.72
TXN-004522,2022-03-26,Customer Support,APAC,Completed,3282.93,3410.64
TXN-004523,2023-07-25,Operations,EMEA,Completed,6230.37,1877.01
TXN-004524,2023-11-07,Marketing,LATAM,Pending,2495.27,1812.9
TXN-004525,2023-12-09,Engineering,North America,Failed,4467.15,1832.13
TXN-004526,2022-03-30,Operations,APAC,Failed,4476.45,3139.9
TXN-004527,2022-06-09,Operations,APAC,Pending,4956.79,2107.62
TXN-004528,2023-12-10,Engineering,APAC,Completed,3702.85,2765.29
TXN-004529,2022-10-22,Customer Support,LATAM,Failed,3921.85,1926.58
TXN-004530,2022-12-26,Marketing,APAC,Completed,3821.19,1763.6
TXN-004531,2022-06-30,Operations,APAC,Completed,5303.5,906.02
TXN-004532,2022-02-16,Operations,EMEA,Pending,6563.41,1430.36
TXN-004533,2023-12-27,Operations,EMEA,Pending,5938.14,1552.11
TXN-004534,2022-11-17,Customer Support,North America,Completed,7089.44,2788.74
TXN-004535,2022-12-11,Operations,APAC,Completed,5664.1,2163.06
TXN-004536,2022-07-03,Sales,APAC,Completed,3828.23,183.48
TXN-004537,2023-09-14,Engineering,LATAM,Completed,6403.02,2889.43
TXN-004538,2023-05-20,Marketing,LATAM,Pending,6342.36,1948.88
TXN-004539,2023-09-04,Engineering,EMEA,Completed,6245.06,1517.36
TXN-004540,2023-06-30,Marketing,EMEA,Completed,4471.59,2366.8
TXN-004541,2022-07-22,Marketing,EMEA,Pending,5539.81,1436.6
TXN-004542,2022-04-17,Marketing,North America,Completed,4667.1,2069.3
TXN-004543,2023-04-04,Customer Support,APAC,Completed,3792.05,2041.82
TXN-004544,2023-05-22,Marketing,LATAM,Pending,5603.81,1474.45
TXN-004545,2022-06-06,Marketing,EMEA,Completed,5874.56,3335.67
TXN-004546,2022-08-04,Customer Support,LATAM,Completed,5765.11,3367.28
TXN-004547,2023-04-13,Customer Support,APAC,Completed,3772.23,2571.71
TXN-004548,2022-04-20,Customer Support,LATAM,Failed,3849.0,997.98
TXN-004549,2022-04-13,Operations,APAC,Pending,4133.42,1981.9
TXN-004550,2022-10-15,Operations,APAC,Completed,8262.88,2183.32
TXN-004551,2022-01-27,Operations,EMEA,Completed,3120.65,790.95
TXN-004552,2022-04-13,Customer Support,North America,Completed,5710.99,1400.16
TXN-004553,2022-11-18,Operations,North America,Failed,4787.28,1871.85
TXN-004554,2022-10-22,Sales,North America,Pending,3544.21,956.5
TXN-004555,2022-04-28,Engineering,EMEA,Failed,2096.15,1893.71
TXN-004556,2023-11-22,Sales,North America,Completed,6837.82,537.38
TXN-004557,2023-07-15,Operations,APAC,Completed,5793.95,1345.3
TXN-004558,2023-04-09,Operations,EMEA,Completed,5047.21,2459.68
TXN-004559,2022-06-11,Marketing,APAC,Completed,3161.07,2829.81
TXN-004560,2023-08-14,Engineering,LATAM,Failed,5131.42,2500.38
TXN-004561,2023-08-30,Sales,EMEA,Completed,5814.5,1411.96
TXN-004562,2022-04-17,Customer Support,APAC,Completed,7300.85,1865.56
TXN-004563,2022-12-21,Sales,EMEA,Pending,4159.27,319.8
TXN-004564,2022-12-30,Marketing,North America,Pending,5318.32,1770.19
TXN-004565,2023-09-19,Engineering,North America,Pending,3566.67,2468.06
TXN-004566,2023-11-19,Customer Support,EMEA,Pending,6529.26,1604.5
TXN-004567,2022-11-27,Customer Support,LATAM,Failed,4440.46,2664.77
TXN-004568,2023-11-16,Sales,North America,Completed,6678.52,1358.34
TXN-004569,2022-09-19,Engineering,LATAM,Completed,5296.57,1344.08
TXN-004570,2022-04-02,Sales,APAC,Completed,3526.36,1341.6
TXN-004571,2023-11-14,Engineering,EMEA,Pending,5345.4,3232.0
TXN-004572,2022-06-30,Engineering,APAC,Pending,,2309.68
TXN-004573,2023-11-24,Marketing,EMEA,Failed,3275.77,0.0
TXN-004574,2023-03-26,Engineering,North America,Failed,7968.29,3056.48
TXN-004575,2023-05-31,Customer Support,EMEA,Completed,4228.6,2644.61
TXN-004576,2022-09-20,Sales,LATAM,Pending,6475.81,2283.19
TXN-004577,2023-12-15,Operations,EMEA,Completed,4930.06,1598.87
TXN-004578,2023-07-03,Sales,EMEA,Failed,4517.55,3147.01
TXN-004579,2022-01-19,Sales,North America,Pending,3024.01,732.0
TXN-004580,2022-04-12,Engineering,APAC,Completed,5869.29,2943.01
TXN-004581,2022-06-12,Operations,EMEA,Completed,5444.61,2934.49
TXN-004582,2022-02-08,Sales,APAC,Completed,5153.45,2752.06
TXN-004583,2022-06-11,Operations,LATAM,Pending,6390.37,2013.13
TXN-004584,2023-06-19,Sales,APAC,Pending,6474.44,2576.82
TXN-004585,2023-07-10,Marketing,EMEA,Pending,6046.56,2364.31
TXN-004586,2022-05-17,Engineering,North America,Failed,6228.53,2819.37
TXN-004587,2022-01-22,Customer Support,APAC,Completed,,2120.21
TXN-004588,2022-11-17,Sales,North America,Failed,5373.59,2045.58
TXN-004589,2023-01-20,Sales,North America,Completed,3774.0,3383.06
TXN-004590,2022-08-20,Engineering,APAC,Completed,5858.66,1918.04
TXN-004591,2023-02-15,Marketing,North America,Completed,4600.12,2235.34
TXN-004592,2022-06-07,Marketing,LATAM,Failed,5579.17,2344.54
TXN-004593,2023-09-02,Sales,LATAM,Failed,6372.38,1820.77
TXN-004594,2023-07-23,Engineering,APAC,Pending,3513.47,1014.31
TXN-004595,2022-07-23,Engineering,EMEA,Completed,3717.02,1902.01
TXN-004596,2022-11-19,Sales,North America,Failed,8765.97,714.98
TXN-004597,2023-04-07,Customer Support,LATAM,Pending,6573.26,1526.27
TXN-004598,2022-03-24,Sales,LATAM,Completed,5827.56,2042.95
TXN-004599,2022-02-24,Marketing,LATAM,Completed,4247.51,3771.65
TXN-004600,2022-11-12,Engineering,EMEA,Pending,4883.1,2155.42
TXN-004601,2022-01-30,Engineering,EMEA,Failed,3788.59,1117.47
TXN-004602,2022-11-20,Operations,APAC,Completed,5668.26,3809.89
TXN-004603,2022-12-08,Operations,APAC,Pending,6008.32,2414.31
TXN-004604,2022-01-30,Marketing,North America,Completed,6855.48,2860.34
TXN-004605,2022-08-18,Engineering,EMEA,Pending,5709.3,1103.36
TXN-004606,2023-09-22,Sales,North America,Pending,4599.94,2363.85
TXN-004607,2022-07-21,Customer Support,EMEA,Pending,3081.84,3106.86
TXN-004608,2023-01-13,Operations,North America,Failed,5800.98,2805.72
TXN-004609,2022-09-16,Sales,APAC,Completed,3229.69,1725.71
TXN-004610,2022-07-14,Marketing,North America,Completed,5197.52,1091.89
TXN-004611,2023-09-09,Marketing,APAC,Completed,4120.58,2765.3
TXN-004612,2022-04-28,Marketing,LATAM,Completed,5857.59,1631.69
TXN-004613,2022-10-29,Marketing,EMEA,Completed,5812.08,3069.67
TXN-004614,2022-09-23,Customer Support,EMEA,Failed,4884.59,1512.44
TXN-004615,2022-07-21,Sales,LATAM,Failed,2083.24,1987.91
TXN-004616,2023-08-03,Marketing,North America,Completed,4894.96,1736.77
TXN-004617,2022-04-13,Operations,LATAM,Completed,5306.96,1841.76
TXN-004618,2022-02-28,Customer Support,LATAM,Completed,4322.37,1608.69
TXN-004619,2022-04-29,Engineering,APAC,Completed,1894.4,1877.46
TXN-004620,2022-04-01,Customer Support,APAC,Completed,5020.93,2561.87
TXN-004621,2022-08-26,Marketing,North America,Failed,2929.63,2748.76
TXN-004622,2022-04-06,Customer Support,APAC,Completed,4127.43,554.24
TXN-004623,2023-11-19,Operations,North America,Completed,4728.74,1011.46
TXN-004624,2023-01-10,Customer Support,EMEA,Completed,4991.02,2989.17
TXN-004625,2023-06-02,Operations,EMEA,Pending,8333.9,2319.61
TXN-004626,2022-06-02,Customer Support,EMEA,Completed,3577.53,1819.36
TXN-004627,2023-04-01,Customer Support,LATAM,Completed,4249.47,3132.92
TXN-004628,2022-09-10,Engineering,North America,Completed,5113.55,2431.86
TXN-004629,2023-06-18,Engineering,EMEA,Failed,6432.67,1578.79
TXN-004630,2023-01-12,Operations,EMEA,Pending,5048.7,2474.69
TXN-004631,2022-09-26,Customer Support,APAC,Pending,5663.49,2994.48
TXN-004632,2022-11-05,Sales,North America,Failed,3762.29,1871.41
TXN-004633,2023-01-22,Marketing,LATAM,Pending,6304.47,3503.28
TXN-004634,2022-02-03,Customer Support,EMEA,Completed,4667.56,2849.05
TXN-004635,2022-10-23,Engineering,EMEA,Completed,6346.73,3047.47
TXN-004636,2022-02-15,Operations,APAC,Completed,2912.68,
TXN-004637,2023-11-17,Sales,APAC,Failed,4805.8,1821.36
TXN-004638,2023-01-13,Operations,North America,Completed,2482.67,2365.38
TXN-004639,2023-09-04,Customer Support,APAC,Completed,5202.15,1771.3
TXN-004640,2022-07-26,Engineering,North America,Completed,3820.61,442.09
TXN-004641,2023-12-01,Marketing,EMEA,Completed,3132.26,832.96
TXN-004642,2023-03-16,Operations,LATAM,Failed,5788.99,1288.41
TXN-004643,2023-07-23,Customer Support,APAC,Completed,2828.67,3721.29
TXN-004644,2022-06-15,Marketing,APAC,Completed,5606.43,2541.94
TXN-004645,2023-11-24,Customer Support,EMEA,Pending,5275.96,2239.74
TXN-004646,2023-03-06,Engineering,APAC,Completed,5689.9,2591.92
TXN-004647,2022-06-10,Operations,EMEA,Failed,4453.1,169.77
TXN-004648,2022-11-05,Engineering,APAC,Failed,4833.51,435.65
TXN-004649,2023-06-01,Sales,EMEA,Completed,2737.72,2521.53
TXN-004650,2022-02-13,Marketing,EMEA,Completed,4628.97,3367.0
TXN-004651,2022-03-09,Sales,LATAM,Completed,8281.98,1099.61
TXN-004652,2023-09-14,Engineering,LATAM,Completed,5219.4,1613.22
TXN-004653,2023-10-02,Operations,APAC,Completed,4526.74,2536.71
TXN-004654,2023-07-11,Engineering,APAC,Completed,6390.53,1333.12
TXN-004655,2023-03-04,Customer Support,LATAM,Completed,5242.26,1966.67
TXN-004656,2023-12-27,Operations,North America,Failed,2535.92,1086.36
TXN-004657,2023-02-11,Sales,APAC,Completed,3656.75,1123.19
TXN-004658,2022-12-22,Sales,LATAM,Completed,5454.37,2111.02
TXN-004659,2022-02-17,Marketing,North America,Completed,7366.57,1498.45
TXN-004660,2022-12-17,Operations,APAC,Completed,7719.12,4038.17
TXN-004661,2022-04-21,Marketing,LATAM,Completed,3384.63,2278.03
TXN-004662,2022-08-22,Sales,North America,Pending,3702.41,1260.01
TXN-004663,2022-06-07,Operations,EMEA,Completed,5048.66,2116.61
TXN-004664,2023-09-12,Sales,LATAM,Completed,3117.78,2358.01
TXN-004665,2023-12-31,Marketing,APAC,Completed,4515.66,2941.42
TXN-004666,2022-11-10,Marketing,LATAM,Failed,6296.15,2510.68
TXN-004667,2023-09-18,Engineering,LATAM,Completed,2213.48,1726.27
TXN-004668,2023-06-18,Marketing,LATAM,Pending,3323.69,3565.04
TXN-004669,2023-08-09,Customer Support,EMEA,Failed,5742.56,2167.96
TXN-004670,2023-04-09,Operations,LATAM,Pending,7074.15,2671.75
TXN-004671,2022-06-05,Marketing,LATAM,Failed,6386.32,2395.47
TXN-004672,2023-06-25,Customer Support,EMEA,Completed,3494.63,2397.64
TXN-004673,2023-02-07,Sales,EMEA,Pending,6262.36,1924.51
TXN-004674,2022-08-30,Operations,EMEA,Pending,2649.08,584.77
TXN-004675,2023-08-06,Engineering,LATAM,Pending,3564.7,2657.87
TXN-004676,2022-07-22,Marketing,EMEA,Completed,5410.41,3030.99
TXN-004677,2023-09-19,Customer Support,EMEA,Pending,6415.59,834.77
TXN-004678,2023-01-03,Operations,APAC,Failed,3295.09,1930.1
TXN-004679,2023-03-11,Marketing,North America,Completed,3997.33,1767.36
TXN-004680,2022-09-10,Marketing,APAC,Pending,6391.73,1713.24
TXN-004681,2023-08-16,Customer Support,APAC,Completed,4538.3,843.56
TXN-004682,2023-04-19,Marketing,LATAM,Completed,3340.09,3238.06
TXN-004683,2023-02-14,Customer Support,LATAM,Pending,7250.01,1762.96
TXN-004684,2022-09-27,Sales,LATAM,Failed,3064.11,1815.21
TXN-004685,2023-02-09,Sales,APAC,Failed,6915.11,2907.35
TXN-004686,2023-03-20,Engineering,LATAM,Completed,5194.54,2558.36
TXN-004687,2022-02-10,Engineering,North America,Failed,6041.3,1167.71
TXN-004688,2023-01-08,Marketing,LATAM,Pending,5243.23,1342.86
TXN-004689,2023-04-27,Marketing,North America,Completed,4326.5,1368.72
TXN-004690,2023-08-13,Engineering,EMEA,Failed,3888.72,1581.09
TXN-004691,2023-07-09,Engineering,APAC,Completed,5609.51,791.99
TXN-004692,2022-01-17,Customer Support,APAC,Completed,4946.76,732.49
TXN-004693,2023-10-19,Customer Support,North America,Completed,4235.23,2526.21
TXN-004694,2022-09-07,Operations,LATAM,Completed,5578.54,972.25
TXN-004695,2023-05-29,Engineering,EMEA,Completed,3581.93,40.09
TXN-004696,2022-03-20,Sales,EMEA,Completed,3570.26,1972.2
TXN-004697,2023-03-19,Engineering,LATAM,Pending,6101.28,2361.14
TXN-004698,2023-07-22,Customer Support,North America,Completed,6069.97,1546.21
TXN-004699,2023-01-08,Engineering,APAC,Completed,4994.19,1988.97
TXN-004700,2022-09-10,Customer Support,EMEA,Failed,5955.35,470.32
TXN-004701,2023-01-03,Operations,EMEA,Completed,3614.99,1710.69
TXN-004702,2023-04-23,Operations,EMEA,Pending,2714.71,2892.94
TXN-004703,2023-07-28,Operations,LATAM,Completed,6686.32,2777.57
TXN-004704,2022-11-13,Sales,LATAM,Completed,4401.12,1678.92
TXN-004705,2022-04-16,Sales,North America,Pending,4797.24,2356.8
TXN-004706,2022-11-25,Engineering,LATAM,Pending,7585.07,2149.72
TXN-004707,2022-10-23,Customer Support,EMEA,Pending,6182.7,1455.55
TXN-004708,2022-01-19,Marketing,EMEA,Failed,3845.12,1263.6
TXN-004709,2022-04-13,Customer Support,North America,Pending,6015.83,1856.82
TXN-004710,2022-06-25,Operations,North America,Completed,4637.9,1355.22
TXN-004711,2023-04-18,Operations,APAC,Completed,6465.87,1537.6
TXN-004712,2023-05-12,Sales,EMEA,Completed,5790.22,2533.08
TXN-004713,2023-05-04,Operations,North America,Pending,2913.8,3075.72
TXN-004714,2023-07-26,Customer Support,LATAM,Completed,4035.67,2718.51
TXN-004715,2023-04-03,Sales,APAC,Completed,4018.83,752.81
TXN-004716,2022-05-12,Operations,APAC,Completed,2613.57,1333.96
TXN-004717,2022-11-17,Marketing,APAC,Completed,6315.04,1409.39
TXN-004718,2022-03-02,Engineering,North America,Completed,2908.68,928.32
TXN-004719,2023-02-15,Sales,APAC,Failed,3975.57,516.39
TXN-004720,2022-06-16,Operations,APAC,Failed,4188.05,2520.02
TXN-004721,2022-10-20,Operations,APAC,Pending,4614.05,3339.45
TXN-004722,2022-06-18,Operations,LATAM,Pending,2700.78,1049.96
TXN-004723,2022-02-17,Engineering,APAC,Pending,4968.11,1341.02
TXN-004724,2023-07-23,Marketing,EMEA,Failed,4109.52,460.98
TXN-004725,2023-06-17,Operations,APAC,Completed,6213.43,1938.37
TXN-004726,2023-04-18,Engineering,APAC,Pending,4444.09,1257.32
TXN-004727,2022-12-12,Operations,APAC,Completed,4869.29,2119.47
TXN-004728,2022-05-29,Customer Support,EMEA,Completed,6252.36,2498.85
TXN-004729,2023-03-30,Engineering,EMEA,Completed,4120.3,2608.79
TXN-004730,2022-07-17,Operations,North America,Completed,4823.38,2163.57
TXN-004731,2023-01-14,Engineering,North America,Completed,2849.85,2512.31
TXN-004732,2023-02-10,Customer Support,APAC,Completed,3999.05,2239.03
TXN-004733,2022-12-15,Customer Support,EMEA,Failed,7461.05,865.75
TXN-004734,2023-03-06,Sales,North America,Failed,4561.55,3016.91
TXN-004735,2022-12-04,Sales,North America,Pending,5359.86,2724.07
TXN-004736,2022-08-08,Marketing,APAC,Pending,5619.98,888.09
TXN-004737,2022-04-01,Engineering,North America,Failed,4818.95,3179.96
TXN-004738,2023-10-12,Customer Support,LATAM,Failed,8068.43,1547.08
TXN-004739,2023-02-10,Marketing,EMEA,Completed,3594.13,3076.6
TXN-004740,2022-10-10,Customer Support,LATAM,Completed,6318.85,828.57
TXN-004741,2023-09-01,Engineering,EMEA,Pending,6702.28,1350.81
TXN-004742,2023-07-25,Engineering,EMEA,Failed,5676.82,2702.34
TXN-004743,2023-01-22,Customer Support,APAC,Failed,,1401.51
TXN-004744,2022-07-14,Operations,LATAM,Pending,3183.33,2281.99
TXN-004745,2023-04-07,Customer Support,North America,Pending,3189.32,3077.0
TXN-004746,2023-03-02,Engineering,LATAM,Completed,5652.36,2638.0
TXN-004747,2022-09-05,Sales,EMEA,Completed,6233.21,1516.69
TXN-004748,2023-04-06,Engineering,North America,Pending,4259.67,2649.08
TXN-004749,2023-01-27,Customer Support,North America,Pending,8317.53,1960.84
TXN-004750,2023-08-18,Sales,EMEA,Completed,5721.11,1680.48
TXN-004751,2022-12-04,Operations,North America,Failed,6462.31,2119.07
TXN-004752,2023-04-03,Sales,North America,Failed,6804.76,1273.48
TXN-004753,2022-04-28,Operations,LATAM,Completed,8278.27,371.48
TXN-004754,2023-07-08,Marketing,APAC,Completed,1870.77,2091.58
TXN-004755,2023-08-03,Operations,LATAM,Failed,6491.03,937.52
TXN-004756,2022-01-28,Sales,North America,Completed,1313.97,694.67
TXN-004757,2023-09-28,Engineering,LATAM,Completed,5273.11,912.72
TXN-004758,2023-04-26,Marketing,LATAM,Pending,5311.75,709.82
TXN-004759,2023-06-21,Operations,North America,Completed,6414.61,2116.21
TXN-004760,2022-12-27,Customer Support,North America,Completed,3131.21,1609.34
TXN-004761,2023-09-21,Engineering,LATAM,Completed,3048.41,2789.83
TXN-004762,2023-09-25,Engineering,EMEA,Completed,5389.71,1981.92
TXN-004763,2023-11-10,Sales,APAC,Failed,6108.8,1293.44
TXN-004764,2023-04-20,Marketing,APAC,Completed,5044.63,1960.09
TXN-004765,2022-12-23,Customer Support,EMEA,Completed,2468.41,1537.94
TXN-004766,2022-10-11,Operations,North America,Failed,5958.23,1651.42
TXN-004767,2022-01-11,Customer Support,EMEA,Failed,5301.53,1039.49
TXN-004768,2022-12-11,Customer Support,APAC,Completed,4665.76,3103.21
TXN-004769,2023-02-28,Engineering,LATAM,Pending,3863.28,948.49
TXN-004770,2022-04-20,Engineering,EMEA,Completed,3509.51,938.16
TXN-004771,2022-09-22,Customer Support,APAC,Completed,,1986.04
TXN-004772,2023-04-12,Sales,APAC,Completed,3084.49,3003.44
TXN-004773,2023-11-26,Customer Support,LATAM,Failed,4925.99,1019.64
TXN-004774,2022-01-15,Sales,North America,Completed,3073.0,1335.79
TXN-004775,2023-06-13,Operations,LATAM,Completed,2600.26,2604.04
TXN-004776,2022-09-20,Operations,North America,Completed,6380.49,2087.94
TXN-004777,2022-05-16,Operations,LATAM,Completed,4028.95,1188.62
TXN-004778,2022-12-04,Customer Support,LATAM,Completed,5105.89,1805.85
TXN-004779,2022-08-07,Customer Support,EMEA,Completed,5145.36,1153.97
TXN-004780,2022-09-06,Sales,LATAM,Failed,5058.81,1191.62
TXN-004781,2022-11-15,Customer Support,North America,Completed,5442.5,1408.97
TXN-004782,2022-11-12,Sales,APAC,Completed,3696.25,1889.19
TXN-004783,2023-05-17,Operations,APAC,Completed,4142.94,10766.556699187066
TXN-004784,2022-04-01,Marketing,EMEA,Completed,3628.45,1647.53
TXN-004785,2022-07-17,Engineering,EMEA,Completed,6504.3,2006.54
TXN-004786,2022-03-28,Operations,EMEA,Completed,3400.94,2060.69
TXN-004787,2022-03-10,Customer Support,APAC,Completed,4238.6,2001.8
TXN-004788,2022-10-30,Sales,LATAM,Failed,2606.09,2930.6
TXN-004789,2023-12-27,Operations,EMEA,Completed,5158.02,2615.64
TXN-004790,2023-06-04,Operations,EMEA,Completed,1919.66,2538.53
TXN-004791,2023-10-04,Marketing,North America,Completed,1536.624,3645.43
TXN-004792,2022-10-18,Operations,APAC,Completed,6437.2,2298.66
TXN-004793,2023-02-21,Operations,LATAM,Pending,5239.43,1849.74
TXN-004794,2022-04-30,Engineering,North America,Completed,5113.03,2087.64
TXN-004795,2022-03-10,Engineering,LATAM,Pending,4500.3,1707.4
TXN-004796,2022-08-12,Operations,APAC,Pending,5736.43,1785.73
TXN-004797,2023-06-21,Engineering,LATAM,Completed,6790.31,1771.61
TXN-004798,2023-02-12,Operations,LATAM,Completed,5637.98,2780.81
TXN-004799,2022-09-29,Engineering,North America,Pending,4007.36,3366.05
TXN-004800,2023-07-27,Engineering,EMEA,Pending,5474.41,464.76
TXN-004801,2023-06-25,Operations,North America,Failed,5735.2,2174.83
TXN-004802,2022-07-24,Marketing,LATAM,Completed,4256.94,1560.31
TXN-004803,2023-12-22,Operations,North America,Completed,8080.05,3125.84
TXN-004804,2022-05-07,Engineering,APAC,Completed,3800.96,2480.2
TXN-004805,2023-02-07,Marketing,LATAM,Completed,4217.03,1351.95
TXN-004806,2022-09-01,Customer Support,LATAM,Completed,2815.15,366.55
TXN-004807,2022-01-29,Customer Support,LATAM,Completed,4060.54,1446.99
TXN-004808,2022-06-01,Operations,APAC,Completed,5869.36,1411.26
TXN-004809,2022-10-25,Operations,APAC,Pending,5299.35,1823.24
TXN-004810,2023-01-01,Engineering,EMEA,Failed,1333.32,2108.66
TXN-004811,2022-10-13,Customer Support,LATAM,Completed,4942.99,3356.16
TXN-004812,2023-03-01,Operations,LATAM,Completed,5630.63,2280.91
TXN-004813,2022-08-26,Engineering,EMEA,Pending,4241.9,2700.49
TXN-004814,2022-02-20,Engineering,North America,Completed,,2214.05
TXN-004815,2023-03-31,Marketing,APAC,Completed,4963.42,3548.85
TXN-004816,2023-10-25,Customer Support,EMEA,Completed,5553.34,741.09
TXN-004817,2022-08-25,Sales,North America,Pending,4791.11,1005.57
TXN-004818,2022-12-21,Sales,EMEA,Failed,2532.07,3571.8
TXN-004819,2022-06-29,Operations,APAC,Completed,5245.39,1298.95
TXN-004820,2023-10-03,Customer Support,North America,Failed,5570.0,1340.82
TXN-004821,2022-08-27,Engineering,LATAM,Pending,6171.59,2293.76
TXN-004822,2022-05-22,Customer Support,North America,Pending,4788.52,1260.71
TXN-004823,2022-09-04,Engineering,EMEA,Pending,2951.84,3100.14
TXN-004824,2023-11-20,Sales,LATAM,Pending,6960.85,2543.71
TXN-004825,2022-04-08,Sales,North America,Failed,5654.55,1975.13
TXN-004826,2023-09-25,Operations,North America,Completed,3517.92,2207.65
TXN-004827,2022-05-13,Engineering,EMEA,Pending,5785.53,1250.84
TXN-004828,2022-12-17,Sales,LATAM,Completed,4365.13,1860.75
TXN-004829,2022-08-01,Customer Support,EMEA,Completed,4305.5,1160.27
TXN-004830,2023-11-08,Sales,North America,Pending,4920.39,2413.87
TXN-004831,2023-01-31,Engineering,APAC,Failed,5826.97,2703.71
TXN-004832,2023-12-28,Engineering,LATAM,Failed,6387.56,668.61
TXN-004833,2023-12-31,Customer Support,North America,Completed,3825.22,2409.01
TXN-004834,2022-11-27,Marketing,LATAM,Completed,4507.25,2191.95
TXN-004835,2023-07-29,Customer Support,North America,Completed,4828.25,
TXN-004836,2023-09-26,Engineering,North America,Failed,5549.58,1414.57
TXN-004837,2022-01-25,Operations,LATAM,Completed,4653.4,1637.76
TXN-004838,2023-03-24,Engineering,EMEA,Completed,6847.69,1338.0
TXN-004839,2022-01-19,Customer Support,North America,Failed,6673.38,843.49
TXN-004840,2023-07-01,Customer Support,EMEA,Failed,3879.72,2228.52
TXN-004841,2022-04-11,Engineering,APAC,Failed,4068.51,2904.78
TXN-004842,2023-08-07,Sales,APAC,Failed,4923.38,2538.9
TXN-004843,2022-01-29,Marketing,North America,Pending,4196.52,3179.54
TXN-004844,2023-09-13,Engineering,LATAM,Failed,5121.79,3001.37
TXN-004845,2023-11-14,Engineering,EMEA,Completed,3523.89,683.12
TXN-004846,2023-08-03,Marketing,EMEA,Completed,6452.59,2895.77
TXN-004847,2023-01-05,Customer Support,LATAM,Completed,3965.51,2260.87
TXN-004848,2023-03-12,Customer Support,EMEA,Completed,4583.42,3439.3
TXN-004849,2022-07-25,Engineering,EMEA,Completed,4962.69,3076.31
TXN-004850,2023-11-19,Marketing,LATAM,Completed,4107.95,924.12
TXN-004851,2022-06-06,Engineering,LATAM,Pending,1554.61,2177.51
TXN-004852,2022-01-27,Operations,EMEA,Pending,4860.88,1848.07
TXN-004853,2022-05-04,Marketing,APAC,Completed,3747.21,2385.77
TXN-004854,2023-05-15,Sales,APAC,Completed,5730.39,1262.3210790162148
TXN-004855,2022-09-07,Customer Support,LATAM,Completed,5574.29,2035.72
TXN-004856,2023-09-15,Sales,North America,Pending,4799.69,2855.38
TXN-004857,2022-04-04,Sales,APAC,Pending,,1734.9
TXN-004858,2022-11-08,Marketing,EMEA,Completed,4043.49,1493.25
TXN-004859,2023-10-31,Engineering,LATAM,Failed,6765.15,1685.5
TXN-004860,2023-11-04,Operations,EMEA,Pending,4662.06,806.61
TXN-004861,2022-04-30,Marketing,LATAM,Completed,5035.61,1915.59
TXN-004862,2022-09-15,Engineering,APAC,Completed,3582.2,1810.37
TXN-004863,2022-09-07,Sales,North America,Completed,4027.52,1208.99
TXN-004864,2023-02-01,Sales,North America,Completed,6582.54,1226.45
TXN-004865,2022-11-27,Sales,EMEA,Pending,3870.4,1921.26
TXN-004866,2022-03-31,Operations,EMEA,Pending,4952.27,1237.9
TXN-004867,2022-10-31,Engineering,LATAM,Pending,3755.98,2273.21
TXN-004868,2022-04-03,Marketing,APAC,Completed,4778.58,1460.69
TXN-004869,2022-03-30,Marketing,APAC,Completed,3760.9,1613.4
TXN-004870,2022-12-07,Customer Support,APAC,Failed,5599.79,3442.99
TXN-004871,2022-12-31,Operations,APAC,Failed,5449.4,1889.1
TXN-004872,2023-08-20,Engineering,LATAM,Completed,5232.61,2539.1
TXN-004873,2023-03-30,Operations,LATAM,Pending,4301.92,2016.9
TXN-004874,2023-03-16,Operations,LATAM,Failed,5996.52,1892.01
TXN-004875,2023-10-28,Marketing,North America,Completed,1503.693,856.61
TXN-004876,2023-01-11,Marketing,North America,Failed,5740.0,1100.06
TXN-004877,2022-07-07,Operations,North America,Failed,6094.21,1293.62
TXN-004878,2022-07-15,Marketing,EMEA,Completed,8319.94,1615.68
TXN-004879,2023-08-29,Customer Support,North America,Pending,5454.57,3316.07
TXN-004880,2022-08-07,Marketing,North America,Completed,3637.56,2036.29
TXN-004881,2023-05-03,Sales,North America,Failed,5899.65,917.79
TXN-004882,2023-12-08,Sales,APAC,Completed,3449.92,2932.03
TXN-004883,2022-06-25,Engineering,North America,Completed,4690.42,1810.9
TXN-004884,2022-03-02,Customer Support,APAC,Failed,1517.97,1985.62
TXN-004885,2022-03-20,Customer Support,APAC,Completed,4623.41,1970.24
TXN-004886,2022-07-11,Sales,EMEA,Completed,6123.11,2317.83
TXN-004887,2023-11-13,Operations,North America,Completed,4378.62,1959.29
TXN-004888,2023-07-26,Operations,LATAM,Completed,3668.13,2180.03
TXN-004889,2022-06-23,Customer Support,APAC,Completed,6423.41,2384.36
TXN-004890,2023-05-27,Engineering,APAC,Failed,2461.99,10198.023551469609
TXN-004891,2022-04-08,Marketing,APAC,Completed,7567.47,3692.92
TXN-004892,2023-09-25,Operations,LATAM,Failed,4970.07,3069.84
TXN-004893,2023-12-29,Marketing,APAC,Completed,3274.11,1826.86
TXN-004894,2023-03-10,Operations,LATAM,Failed,3705.29,2761.69
TXN-004895,2023-12-19,Operations,EMEA,Completed,6583.68,2687.33
TXN-004896,2022-03-09,Sales,LATAM,Completed,5566.6,2129.13
TXN-004897,2023-10-17,Operations,North America,Completed,3885.57,2738.15
TXN-004898,2023-05-24,Customer Support,APAC,Completed,2725.0,4181.749838931351
TXN-004899,2023-06-01,Operations,North America,Completed,6720.48,2439.03
TXN-004900,2023-04-27,Marketing,North America,Completed,6164.14,2781.98
TXN-004901,2022-06-10,Engineering,North America,Completed,6840.58,1338.19
TXN-004902,2022-06-29,Marketing,APAC,Failed,5676.77,2991.84
TXN-004903,2022-06-15,Sales,EMEA,Completed,3601.05,2491.66
TXN-004904,2023-08-30,Marketing,APAC,Completed,3724.87,2038.11
TXN-004905,2023-10-24,Sales,EMEA,Completed,,1721.66
TXN-004906,2023-01-30,Engineering,APAC,Completed,5719.78,849.64
TXN-004907,2022-09-24,Operations,APAC,Pending,6036.18,3660.74
TXN-004908,2023-08-18,Marketing,North America,Completed,5065.27,1497.05
TXN-004909,2023-06-10,Customer Support,LATAM,Failed,6067.71,3451.07
TXN-004910,2023-10-25,Engineering,APAC,Completed,3660.91,3154.51
TXN-004911,2023-03-17,Sales,LATAM,Completed,5402.17,2271.31
TXN-004912,2023-01-02,Sales,EMEA,Completed,5209.9,2009.0
TXN-004913,2022-09-03,Marketing,EMEA,Completed,6221.23,1229.57
TXN-004914,2023-10-03,Sales,APAC,Completed,5407.13,1803.07
TXN-004915,2022-11-20,Customer Support,EMEA,Completed,6074.75,4514.72
TXN-004916,2023-04-08,Marketing,APAC,Completed,4259.95,1005.86
TXN-004917,2023-02-26,Engineering,LATAM,Failed,2147.77,2528.04
TXN-004918,2022-02-18,Engineering,LATAM,Completed,5518.82,2278.97
TXN-004919,2023-04-25,Customer Support,North America,Pending,3718.68,2571.77
TXN-004920,2022-10-03,Customer Support,EMEA,Completed,7347.97,2554.95
TXN-004921,2022-11-22,Customer Support,EMEA,Completed,7742.69,2688.51
TXN-004922,2022-10-10,Sales,LATAM,Pending,,1701.23
TXN-004923,2023-12-28,Engineering,EMEA,Failed,4547.23,3062.17
TXN-004924,2023-04-09,Customer Support,LATAM,Completed,3855.9,1010.23
TXN-004925,2023-05-20,Marketing,APAC,Failed,4736.79,5982.048638638912
TXN-004926,2022-08-27,Operations,EMEA,Pending,2389.11,
TXN-004927,2022-12-31,Operations,LATAM,Completed,5750.6,1304.23
TXN-004928,2023-09-27,Marketing,APAC,Failed,3477.34,1838.5
TXN-004929,2022-03-04,Customer Support,APAC,Completed,4585.95,1507.14
TXN-004930,2023-04-19,Marketing,APAC,Failed,5603.37,2582.02
TXN-004931,2023-07-09,Customer Support,LATAM,Completed,,2238.11
TXN-004932,2022-06-18,Sales,EMEA,Completed,3622.91,2963.24
TXN-004933,2022-10-17,Engineering,North America,Pending,5011.99,1574.08
TXN-004934,2022-09-29,Sales,APAC,Completed,3580.75,2549.26
TXN-004935,2022-09-06,Operations,EMEA,Completed,1389.59,2418.83
TXN-004936,2023-08-14,Sales,North America,Completed,5034.47,1566.99
TXN-004937,2022-09-26,Sales,EMEA,Completed,3841.78,1608.55
TXN-004938,2022-06-12,Operations,EMEA,Completed,3629.13,2328.88
TXN-004939,2023-08-28,Operations,EMEA,Completed,5663.6,2442.22
TXN-004940,2022-12-20,Marketing,EMEA,Failed,5943.7,2766.11
TXN-004941,2023-09-28,Marketing,APAC,Pending,2257.85,1607.63
TXN-004942,2023-09-16,Operations,LATAM,Completed,6075.86,1747.47
TXN-004943,2023-11-14,Sales,LATAM,Completed,5325.0,3209.77
TXN-004944,2022-11-12,Engineering,LATAM,Completed,4925.58,2706.9
TXN-004945,2022-02-21,Marketing,LATAM,Completed,5437.9,3232.4
TXN-004946,2022-01-20,Engineering,North America,Failed,6837.24,3427.54
TXN-004947,2022-01-21,Marketing,LATAM,Completed,4543.58,1246.45
TXN-004948,2023-09-21,Marketing,LATAM,Completed,4892.76,1103.52
TXN-004949,2022-09-20,Marketing,LATAM,Pending,7317.55,2256.73
TXN-004950,2023-02-23,Marketing,EMEA,Completed,5462.77,
TXN-004951,2022-01-16,Customer Support,EMEA,Completed,5482.21,1219.14
TXN-004952,2023-09-21,Customer Support,APAC,Pending,5378.01,615.52
TXN-004953,2023-05-06,Sales,North America,Failed,4893.75,1863.43
TXN-004954,2023-08-15,Marketing,APAC,Completed,4627.52,1642.56
TXN-004955,2022-12-08,Operations,EMEA,Pending,4455.33,2329.86
TXN-004956,2022-08-13,Operations,North America,Completed,4512.46,1002.31
TXN-004957,2023-02-14,Engineering,APAC,Completed,5911.96,2821.58
TXN-004958,2022-05-31,Marketing,North America,Failed,2876.87,2815.35
TXN-004959,2022-01-08,Engineering,EMEA,Failed,3982.88,258.14
TXN-004960,2023-08-29,Marketing,LATAM,Completed,6782.75,2503.6
TXN-004961,2023-03-25,Marketing,EMEA,Failed,4839.37,1362.42
TXN-004962,2023-05-19,Operations,EMEA,Completed,6810.2,2164.96
TXN-004963,2022-02-09,Marketing,APAC,Completed,3437.95,2549.0
TXN-004964,2022-08-10,Sales,North America,Completed,5162.39,3474.03
TXN-004965,2023-06-22,Marketing,APAC,Failed,5517.21,2398.12
TXN-004966,2023-05-09,Engineering,North America,Pending,2254.41,2196.32
TXN-004967,2022-12-20,Engineering,LATAM,Completed,3921.89,910.41
TXN-004968,2022-10-01,Engineering,LATAM,Completed,3119.76,2254.37
TXN-004969,2022-10-26,Sales,North America,Completed,6444.43,3965.68
TXN-004970,2023-06-08,Operations,LATAM,Completed,7359.61,3040.76
TXN-004971,2022-12-22,Marketing,LATAM,Failed,3039.35,2374.43
TXN-004972,2022-11-17,Operations,North America,Failed,3595.02,2530.08
TXN-004973,2023-02-06,Engineering,APAC,Completed,6997.23,684.99
TXN-004974,2023-12-22,Customer Support,LATAM,Pending,5269.53,3195.72
TXN-004975,2022-12-12,Customer Support,LATAM,Completed,2000.72,620.13
TXN-004976,2023-02-14,Customer Support,North America,Completed,3493.19,14.9
TXN-004977,2023-06-13,Marketing,APAC,Completed,5756.34,8967.493596896004
TXN-004978,2022-07-09,Customer Support,North America,Completed,2614.57,3054.97
TXN-004979,2023-06-07,Customer Support,APAC,Completed,8287.62,5681.175040409988
TXN-004980,2023-08-27,Customer Support,EMEA,Completed,7837.86,1442.97
TXN-004981,2023-05-05,Sales,LATAM,Pending,1828.87,2504.91
TXN-004982,2023-07-25,Marketing,EMEA,Completed,5370.26,1328.59
TXN-004983,2023-09-18,Operations,LATAM,Completed,4139.52,2889.67
TXN-004984,2023-07-06,Sales,EMEA,Completed,2681.01,1833.18
TXN-004985,2022-08-02,Customer Support,EMEA,Completed,5513.56,2553.54
TXN-004986,2022-12-30,Operations,LATAM,Completed,6889.83,1822.95
TXN-004987,2022-04-27,Customer Support,North America,Completed,4606.55,2511.36
TXN-004988,2023-10-26,Engineering,APAC,Completed,,366.83
TXN-004989,2023-11-16,Operations,EMEA,Completed,6031.43,1753.2
TXN-004990,2023-10-15,Customer Support,LATAM,Pending,7055.81,
TXN-004991,2023-04-22,Operations,LATAM,Completed,5367.64,1411.37
TXN-004992,2023-04-11,Sales,APAC,Pending,5433.48,2431.81
TXN-004993,2023-10-08,Customer Support,LATAM,Failed,6402.87,2131.51
TXN-004994,2022-01-31,Marketing,EMEA,Pending,3137.17,560.9
TXN-004995,2022-03-14,Sales,North America,Completed,7314.4,824.2
TXN-004996,2022-07-02,Customer Support,EMEA,Pending,6614.94,1855.41
TXN-004997,2023-10-05,Customer Support,LATAM,Completed,5619.98,1482.9
TXN-004998,2023-01-17,Sales,LATAM,Completed,7258.03,2354.22
TXN-004999,2023-11-18,Sales,EMEA,Pending,2986.83,1904.19
TXN-005000,2022-10-15,Engineering,North America,Completed,4983.59,1919.58
TXN-005001,2022-04-10,Customer Support,North America,Completed,2840.8,1424.73
TXN-005002,2023-08-28,Sales,North America,Pending,6371.32,2796.58
TXN-005003,2023-05-11,Customer Support,APAC,Completed,4017.14,4911.185768427239
TXN-005004,2022-02-22,Engineering,North America,Completed,6987.81,1429.77
TXN-005005,2022-09-26,Engineering,APAC,Failed,5091.13,2239.31
TXN-005006,2023-02-10,Engineering,LATAM,Pending,4542.06,1901.98
TXN-005007,2023-05-21,Engineering,APAC,Completed,6025.28,6989.029696955308
TXN-005008,2022-06-08,Engineering,EMEA,Failed,4570.82,2884.03
TXN-005009,2022-06-26,Customer Support,North America,Failed,4964.24,2202.8
TXN-005010,2023-02-03,Marketing,North America,Completed,4449.0,2015.67
TXN-005011,2022-08-08,Sales,North America,Completed,4563.61,1722.23
TXN-005012,2022-01-27,Operations,APAC,Failed,5737.71,2104.27
TXN-005013,2022-06-17,Customer Support,APAC,Completed,5968.37,1617.53
TXN-005014,2022-08-19,Engineering,North America,Failed,5652.4,2964.59
TXN-005015,2022-07-08,Operations,North America,Failed,3154.26,2734.01
TXN-005016,2022-10-10,Marketing,LATAM,Pending,5676.47,3152.0
TXN-005017,2022-11-27,Sales,North America,Completed,4672.67,3197.88
TXN-005018,2023-07-26,Operations,APAC,Completed,7185.87,2176.83
TXN-005019,2023-04-04,Engineering,North America,Completed,6346.39,1977.58
TXN-005020,2023-03-01,Customer Support,LATAM,Pending,3227.95,4138.73
TXN-005021,2022-10-11,Operations,EMEA,Completed,5402.26,144.74
TXN-005022,2022-06-18,Marketing,LATAM,Completed,5891.5,2024.58
TXN-005023,2022-01-28,Engineering,LATAM,Pending,3875.18,2115.78
TXN-005024,2023-05-25,Engineering,North America,Completed,6176.88,2556.23
TXN-005025,2022-01-30,Engineering,APAC,Failed,5620.46,2599.27
TXN-005026,2022-10-20,Marketing,EMEA,Completed,8895.78,1728.89
TXN-005027,2023-02-15,Engineering,APAC,Completed,5335.34,1758.44
TXN-005028,2023-11-04,Engineering,APAC,Failed,4280.5,1285.22
TXN-005029,2023-11-15,Engineering,EMEA,Completed,3316.33,1708.38
TXN-005030,2023-02-02,Sales,North America,Completed,6398.99,1844.08
TXN-005031,2022-06-18,Marketing,LATAM,Completed,6446.26,1835.31
TXN-005032,2022-03-05,Sales,LATAM,Completed,6318.88,1529.39
TXN-005033,2022-02-04,Sales,APAC,Pending,5923.29,977.1
TXN-005034,2022-02-27,Engineering,LATAM,Completed,7061.16,2833.38
TXN-005035,2023-12-15,Operations,APAC,Completed,4319.66,2488.08
TXN-005036,2023-06-15,Sales,EMEA,Pending,3550.23,517.56
TXN-005037,2022-04-26,Engineering,APAC,Completed,5212.45,2944.94
TXN-005038,2022-08-08,Operations,APAC,Completed,5531.94,1910.82
TXN-005039,2023-01-20,Customer Support,EMEA,Completed,5217.61,3221.49
TXN-005040,2023-02-09,Engineering,APAC,Completed,5396.79,2410.59
TXN-005041,2022-03-18,Engineering,LATAM,Completed,4966.38,2614.08
TXN-005042,2023-05-31,Sales,EMEA,Completed,5028.57,1739.56
TXN-005043,2022-01-08,Customer Support,North America,Failed,3566.03,106.19
TXN-005044,2022-08-30,Operations,EMEA,Pending,4430.67,1900.52
TXN-005045,2023-06-07,Operations,APAC,Completed,4357.25,3128.598631689471
TXN-005046,2023-10-30,Marketing,EMEA,Completed,6166.7,2644.47
TXN-005047,2023-02-17,Marketing,North America,Pending,6366.52,2779.09
TXN-005048,2022-08-23,Marketing,North America,Pending,5086.52,681.78
TXN-005049,2022-07-19,Engineering,North America,Failed,4569.57,2970.84
TXN-005050,2022-03-09,Customer Support,APAC,Failed,3650.06,2049.95
TXN-005051,2023-07-07,Operations,North America,Completed,4116.31,1832.26
TXN-005052,2023-12-21,Customer Support,North America,Completed,5553.87,1846.35
TXN-005053,2023-06-03,Customer Support,LATAM,Completed,5896.02,1501.25
TXN-005054,2022-11-21,Marketing,LATAM,Completed,5529.08,1507.34
TXN-005055,2023-02-22,Sales,LATAM,Completed,4922.88,772.89
TXN-005056,2023-04-08,Engineering,LATAM,Completed,3764.75,1747.59
TXN-005057,2022-09-08,Sales,APAC,Completed,5330.13,1636.83
TXN-005058,2023-10-20,Engineering,North America,Completed,4868.91,1256.71
TXN-005059,2022-06-25,Sales,LATAM,Failed,2855.03,1916.21
TXN-005060,2022-10-27,Customer Support,North America,Failed,5094.79,4004.79
TXN-005061,2023-09-24,Engineering,APAC,Completed,7899.47,1839.1
TXN-005062,2023-02-08,Engineering,North America,Pending,3104.38,1934.09
TXN-005063,2023-02-18,Customer Support,LATAM,Failed,4369.02,1575.8
TXN-005064,2023-04-02,Operations,North America,Completed,4823.14,2570.45
TXN-005065,2022-04-11,Customer Support,APAC,Failed,6792.64,1033.97
TXN-005066,2022-06-23,Operations,EMEA,Pending,5512.96,1175.66
TXN-005067,2022-12-10,Customer Support,LATAM,Pending,8003.13,1793.43
TXN-005068,2023-09-12,Operations,APAC,Failed,3864.68,2161.51
TXN-005069,2022-05-12,Customer Support,North America,Completed,6275.84,1405.11
TXN-005070,2023-06-14,Engineering,APAC,Pending,7616.33,5132.824950495316
TXN-005071,2022-01-30,Customer Support,LATAM,Failed,4310.07,2757.3
TXN-005072,2023-03-20,Marketing,APAC,Completed,3565.23,1228.53
TXN-005073,2023-02-20,Customer Support,EMEA,Pending,4729.05,1521.66
TXN-005074,2023-04-11,Engineering,LATAM,Completed,6183.47,1638.98
TXN-005075,2023-09-16,Sales,EMEA,Pending,5879.98,1481.75
TXN-005076,2023-02-19,Customer Support,LATAM,Completed,3282.2,3264.41
TXN-005077,2023-05-14,Marketing,EMEA,Completed,4707.62,763.07
TXN-005078,2023-12-26,Operations,North America,Completed,3035.71,2138.87
TXN-005079,2023-10-26,Marketing,North America,Completed,1707.4319999999998,1742.29
TXN-005080,2022-09-14,Customer Support,APAC,Completed,7249.79,1773.41
TXN-005081,2022-12-26,Operations,APAC,Failed,4938.24,1097.72
TXN-005082,2023-06-04,Operations,APAC,Completed,6396.07,6484.752814895703
TXN-005083,2022-07-17,Engineering,EMEA,Pending,5593.5,2187.38
TXN-005084,2023-09-11,Sales,APAC,Completed,7631.83,881.12
TXN-005085,2022-03-20,Marketing,LATAM,Completed,4570.16,1561.18
TXN-005086,2023-08-07,Customer Support,APAC,Failed,3327.28,416.38
TXN-005087,2022-11-08,Customer Support,APAC,Pending,5310.1,1868.13
TXN-005088,2023-07-17,Customer Support,EMEA,Completed,6438.35,1449.07
TXN-005089,2023-12-26,Sales,EMEA,Completed,4960.73,2121.84
TXN-005090,2023-02-07,Customer Support,LATAM,Completed,7985.54,2805.43
TXN-005091,2023-03-16,Operations,North America,Completed,5667.57,529.94
TXN-005092,2023-02-20,Sales,LATAM,Failed,5600.86,2561.1
TXN-005093,2023-08-08,Marketing,EMEA,Completed,6525.95,1063.51
TXN-005094,2023-11-05,Sales,North America,Completed,6529.39,3163.47
TXN-005095,2022-12-14,Engineering,North America,Failed,2555.0,2235.76
TXN-005096,2022-02-19,Marketing,LATAM,Pending,6011.27,2476.43
TXN-005097,2022-01-28,Operations,APAC,Completed,5155.8,1132.92
TXN-005098,2022-12-31,Marketing,North America,Completed,4567.02,3117.94
TXN-005099,2023-06-18,Customer Support,North America,Pending,5069.03,2081.0
TXN-005100,2023-08-13,Engineering,North America,Completed,4390.44,2456.49
TXN-005101,2023-05-11,Engineering,LATAM,Completed,6735.34,767.79
TXN-005102,2022-05-10,Engineering,North America,Failed,6896.61,820.93
TXN-005103,2022-08-14,Customer Support,LATAM,Completed,4953.59,2246.95
TXN-005104,2023-12-31,Customer Support,North America,Pending,4945.28,3240.12
TXN-005105,2023-10-30,Engineering,North America,Completed,4442.01,3252.55
TXN-005106,2022-07-08,Engineering,North America,Completed,6292.07,2166.24
TXN-005107,2023-12-18,Engineering,APAC,Failed,5803.46,3256.82
TXN-005108,2022-12-26,Operations,North America,Completed,2775.47,3088.18
TXN-005109,2022-09-25,Sales,APAC,Completed,5609.46,2307.16
TXN-005110,2023-04-08,Engineering,LATAM,Completed,7296.59,1621.13
TXN-005111,2023-06-30,Engineering,APAC,Completed,6745.37,1505.49
TXN-005112,2023-10-19,Customer Support,EMEA,Failed,6565.14,1795.77
TXN-005113,2022-08-21,Operations,APAC,Completed,3531.55,877.12
TXN-005114,2023-08-06,Operations,EMEA,Completed,5391.82,1483.95
TXN-005115,2022-03-12,Customer Support,LATAM,Pending,4846.59,2496.59
TXN-005116,2023-08-06,Marketing,LATAM,Pending,3339.05,2524.28
TXN-005117,2023-08-15,Sales,APAC,Pending,6637.01,2238.57
TXN-005118,2023-12-09,Operations,North America,Completed,3637.16,2938.49
TXN-005119,2022-03-16,Operations,LATAM,Failed,5635.61,2875.24
TXN-005120,2022-05-21,Marketing,North America,Completed,3954.88,
TXN-005121,2023-05-20,Operations,LATAM,Completed,3932.58,
TXN-005122,2022-02-07,Engineering,EMEA,Completed,4818.3,805.57
TXN-005123,2023-06-03,Marketing,LATAM,Failed,3274.29,2073.35
TXN-005124,2022-05-10,Marketing,North America,Failed,5511.5,1545.55
TXN-005125,2022-11-22,Operations,LATAM,Pending,4981.5,2230.11
TXN-005126,2022-06-22,Sales,APAC,Completed,2065.08,1557.61
TXN-005127,2022-10-07,Operations,EMEA,Pending,6627.38,3849.4
TXN-005128,2022-08-28,Engineering,North America,Pending,5985.56,1013.22
TXN-005129,2022-06-21,Sales,LATAM,Completed,7138.06,2097.86
TXN-005130,2022-03-02,Operations,LATAM,Completed,3728.24,1726.68
TXN-005131,2022-06-05,Marketing,LATAM,Pending,5598.14,1828.78
TXN-005132,2022-10-19,Customer Support,LATAM,Pending,6197.46,1115.53
TXN-005133,2023-09-19,Sales,LATAM,Completed,5374.42,3632.32
TXN-005134,2022-04-20,Customer Support,APAC,Completed,6906.95,1241.88
TXN-005135,2022-06-20,Engineering,EMEA,Failed,5343.08,656.66
TXN-005136,2022-10-30,Engineering,North America,Pending,4148.76,1559.17
TXN-005137,2023-03-29,Operations,LATAM,Completed,3991.04,2782.54
TXN-005138,2023-11-08,Operations,LATAM,Pending,3518.89,1585.38
TXN-005139,2022-04-03,Customer Support,APAC,Completed,4093.43,904.91
TXN-005140,2022-08-29,Engineering,LATAM,Pending,8469.54,2068.45
TXN-005141,2022-03-06,Sales,APAC,Completed,6345.95,1210.12
TXN-005142,2022-10-02,Sales,North America,Completed,1928.52,2165.23
TXN-005143,2022-05-18,Sales,APAC,Completed,4880.89,1959.75
TXN-005144,2023-11-28,Sales,EMEA,Failed,7247.59,660.8
TXN-005145,2022-08-31,Customer Support,LATAM,Completed,4976.91,665.92
TXN-005146,2023-12-03,Customer Support,LATAM,Pending,4046.84,1639.15
TXN-005147,2022-04-23,Customer Support,North America,Failed,5543.83,1294.64
TXN-005148,2023-12-29,Customer Support,LATAM,Completed,4971.01,1279.24
TXN-005149,2023-10-31,Operations,EMEA,Failed,3718.13,2651.49
TXN-005150,2022-05-28,Customer Support,LATAM,Completed,5722.59,2343.25
TXN-005151,2023-04-24,Sales,APAC,Failed,3797.08,424.02
TXN-005152,2023-07-24,Sales,EMEA,Pending,5617.73,2128.74
TXN-005153,2022-01-31,Sales,North America,Completed,6597.21,2471.18
TXN-005154,2023-03-06,Operations,LATAM,Pending,4073.38,638.23
TXN-005155,2023-10-24,Engineering,EMEA,Completed,4470.18,1473.74
TXN-005156,2023-06-08,Operations,APAC,Completed,4986.81,6851.979619852898
TXN-005157,2022-05-06,Marketing,LATAM,Completed,3680.09,3085.46
TXN-005158,2022-03-26,Marketing,APAC,Completed,4760.35,2149.49
TXN-005159,2023-06-09,Operations,North America,Completed,6144.9,1581.79
TXN-005160,2022-10-02,Sales,LATAM,Completed,6749.98,3331.1
TXN-005161,2022-03-25,Customer Support,EMEA,Completed,4323.75,2609.49
TXN-005162,2022-09-13,Operations,North America,Completed,3954.84,1865.75
TXN-005163,2022-04-01,Operations,APAC,Completed,4936.16,2316.43
TXN-005164,2022-09-08,Marketing,APAC,Failed,6681.76,2244.39
TXN-005165,2022-07-05,Operations,LATAM,Failed,5279.63,1062.03
TXN-005166,2023-12-08,Marketing,EMEA,Completed,5912.83,1488.32
TXN-005167,2023-12-01,Customer Support,APAC,Failed,4358.86,1673.73
TXN-005168,2023-05-07,Sales,EMEA,Pending,6091.83,887.67
TXN-005169,2023-02-13,Engineering,EMEA,Pending,4596.01,2022.37
TXN-005170,2022-05-03,Customer Support,EMEA,Completed,4210.37,3228.27
TXN-005171,2023-03-26,Customer Support,North America,Completed,2500.14,1880.43
TXN-005172,2022-08-06,Sales,EMEA,Completed,4792.91,2189.26
TXN-005173,2022-04-27,Engineering,LATAM,Completed,3883.93,1080.65
TXN-005174,2023-08-20,Marketing,EMEA,Failed,7169.8,1472.94
TXN-005175,2023-08-29,Customer Support,EMEA,Completed,5286.06,488.43
TXN-005176,2022-12-09,Sales,LATAM,Failed,6883.59,995.55
TXN-005177,2022-07-23,Marketing,North America,Completed,3711.34,2942.79
TXN-005178,2022-05-12,Marketing,APAC,Completed,5536.37,2550.8
TXN-005179,2023-12-20,Customer Support,North America,Completed,4778.77,1434.95
TXN-005180,2022-02-22,Customer Support,North America,Completed,4477.99,1946.22
TXN-005181,2022-06-01,Customer Support,LATAM,Completed,5864.53,1625.04
TXN-005182,2022-06-08,Engineering,APAC,Completed,7557.13,1822.97
TXN-005183,2022-08-17,Engineering,APAC,Failed,6968.02,1438.08
TXN-005184,2022-09-15,Operations,EMEA,Completed,7242.72,395.63
TXN-005185,2023-06-30,Customer Support,EMEA,Failed,4880.17,1906.11
TXN-005186,2022-10-16,Operations,APAC,Completed,3841.85,2349.06
TXN-005187,2023-03-30,Sales,APAC,Failed,2095.04,2282.62
TXN-005188,2022-03-23,Sales,LATAM,Completed,5896.87,2911.63
TXN-005189,2023-10-13,Customer Support,LATAM,Completed,3759.1,1464.07
TXN-005190,2023-05-09,Marketing,North America,Failed,4617.17,2377.53
TXN-005191,2022-05-22,Marketing,North America,Completed,6525.32,410.78
TXN-005192,2022-12-28,Customer Support,APAC,Completed,3611.86,334.99
TXN-005193,2022-09-13,Operations,North America,Failed,5129.05,1933.1
TXN-005194,2023-07-31,Sales,EMEA,Failed,4457.19,1076.6
TXN-005195,2023-07-06,Marketing,EMEA,Completed,,3184.08
TXN-005196,2022-08-21,Engineering,APAC,Pending,4822.0,2583.95
TXN-005197,2023-08-20,Marketing,LATAM,Completed,5192.37,1591.48
TXN-005198,2023-11-06,Marketing,EMEA,Failed,4591.59,3071.38
TXN-005199,2023-03-01,Operations,EMEA,Failed,7160.81,1842.84
TXN-005200,2023-06-24,Customer Support,LATAM,Pending,3327.22,1041.64
TXN-005201,2022-04-20,Customer Support,LATAM,Completed,6553.65,3071.77
TXN-005202,2023-11-12,Operations,APAC,Completed,6757.18,
TXN-005203,2022-04-18,Engineering,EMEA,Pending,4398.47,1871.92
TXN-005204,2022-04-03,Sales,EMEA,Failed,5576.54,2212.13
TXN-005205,2022-06-12,Sales,North America,Completed,7239.8,2093.85
TXN-005206,2023-08-22,Sales,EMEA,Completed,5639.1,2561.16
TXN-005207,2022-06-02,Operations,APAC,Pending,4477.66,2157.18
TXN-005208,2022-07-16,Sales,LATAM,Completed,5652.26,2277.87
TXN-005209,2023-01-19,Customer Support,North America,Pending,5223.55,2305.33
TXN-005210,2023-08-07,Marketing,EMEA,Pending,5429.24,2324.53
TXN-005211,2023-04-01,Customer Support,LATAM,Failed,5390.27,1244.76
TXN-005212,2023-11-07,Customer Support,LATAM,Completed,2987.72,2627.17
TXN-005213,2022-06-15,Operations,LATAM,Completed,5151.34,1988.77
TXN-005214,2022-04-05,Marketing,APAC,Failed,3417.61,3384.0
TXN-005215,2022-10-18,Customer Support,APAC,Failed,4619.25,696.95
TXN-005216,2022-11-27,Marketing,North America,Failed,824.0,1605.39
TXN-005217,2023-06-07,Engineering,LATAM,Pending,9470.48,1342.67
TXN-005218,2023-10-16,Customer Support,EMEA,Completed,5996.56,1594.3
TXN-005219,2022-04-27,Marketing,LATAM,Completed,6959.58,2198.1
TXN-005220,2023-08-20,Customer Support,EMEA,Completed,3576.67,1895.18
TXN-005221,2023-04-11,Customer Support,EMEA,Failed,3426.21,910.89
TXN-005222,2023-10-28,Sales,EMEA,Pending,7215.42,1581.27
TXN-005223,2022-09-17,Operations,EMEA,Completed,7258.08,2933.82
TXN-005224,2022-01-09,Marketing,EMEA,Completed,5531.55,2597.62
TXN-005225,2022-12-24,Sales,APAC,Completed,5214.55,2589.06
TXN-005226,2023-11-30,Operations,EMEA,Completed,2728.36,1370.16
TXN-005227,2023-03-23,Operations,EMEA,Pending,3129.76,1129.24
TXN-005228,2023-09-03,Sales,North America,Completed,1536.94,2375.59
TXN-005229,2022-10-23,Customer Support,LATAM,Pending,2664.11,1779.21
TXN-005230,2022-04-22,Engineering,LATAM,Completed,4433.53,2463.29
TXN-005231,2022-08-16,Marketing,APAC,Completed,4195.19,1639.6
TXN-005232,2022-11-07,Operations,APAC,Pending,6951.67,1903.01
TXN-005233,2022-07-24,Customer Support,North America,Completed,3717.35,2001.44
TXN-005234,2023-04-07,Marketing,LATAM,Completed,4780.31,1692.79
TXN-005235,2023-12-29,Sales,North America,Completed,5452.04,2181.24
TXN-005236,2023-07-04,Sales,APAC,Completed,7264.39,2303.31
TXN-005237,2023-04-12,Customer Support,APAC,Failed,6042.67,1671.9
TXN-005238,2022-04-24,Engineering,APAC,Failed,5292.39,313.42
TXN-005239,2023-10-16,Engineering,APAC,Completed,3408.91,3779.48
TXN-005240,2022-01-26,Engineering,APAC,Completed,8012.27,1943.39
TXN-005241,2023-05-01,Customer Support,North America,Failed,7726.81,2400.56
TXN-005242,2023-07-02,Sales,APAC,Pending,6038.71,3435.88
TXN-005243,2023-04-06,Operations,APAC,Failed,2871.11,2893.68
TXN-005244,2023-04-23,Marketing,North America,Completed,5247.74,1620.85
TXN-005245,2022-05-21,Engineering,North America,Completed,1584.18,720.32
TXN-005246,2022-06-29,Operations,North America,Pending,4188.05,1119.15
TXN-005247,2022-06-12,Marketing,LATAM,Failed,6222.79,719.71
TXN-005248,2023-02-11,Marketing,EMEA,Pending,7927.36,2177.51
TXN-005249,2022-04-07,Engineering,North America,Pending,4837.06,2815.75
TXN-005250,2023-05-20,Sales,LATAM,Failed,2951.29,1858.38
TXN-005251,2022-01-09,Engineering,EMEA,Pending,4566.42,1086.91
TXN-005252,2023-01-03,Marketing,EMEA,Completed,5618.34,2061.3
TXN-005253,2023-02-01,Customer Support,LATAM,Completed,5609.39,1540.22
TXN-005254,2022-05-18,Marketing,APAC,Completed,6568.95,1478.0
TXN-005255,2023-10-13,Engineering,APAC,Pending,3253.75,1563.96
TXN-005256,2023-06-07,Operations,APAC,Completed,5414.21,7781.673421573837
TXN-005257,2022-08-15,Engineering,LATAM,Failed,5384.74,421.71
TXN-005258,2022-04-06,Sales,LATAM,Failed,5256.81,2782.06
TXN-005259,2022-11-01,Operations,EMEA,Pending,6471.14,2695.92
TXN-005260,2022-04-01,Customer Support,LATAM,Completed,4714.24,1558.94
TXN-005261,2022-02-03,Customer Support,LATAM,Completed,3281.38,2727.01
TXN-005262,2022-11-08,Customer Support,LATAM,Failed,5313.55,2080.69
TXN-005263,2022-11-06,Sales,APAC,Completed,6324.08,2045.5
TXN-005264,2023-01-10,Sales,North America,Pending,6002.95,1225.56
TXN-005265,2022-05-08,Customer Support,EMEA,Pending,4714.37,1496.63
TXN-005266,2023-07-13,Marketing,EMEA,Completed,4871.86,2789.92
TXN-005267,2023-11-24,Operations,LATAM,Pending,4555.33,1995.87
TXN-005268,2022-12-16,Operations,LATAM,Completed,5690.95,1271.08
TXN-005269,2023-08-15,Marketing,EMEA,Completed,5183.47,1723.72
TXN-005270,2023-06-23,Operations,APAC,Completed,4638.48,1997.82
TXN-005271,2023-11-11,Sales,APAC,Completed,4103.38,613.45
TXN-005272,2022-07-01,Customer Support,LATAM,Failed,8119.76,774.1
TXN-005273,2022-11-02,Engineering,LATAM,Completed,4241.69,1629.57
TXN-005274,2023-11-05,Customer Support,APAC,Completed,3812.79,2540.94
TXN-005275,2022-06-10,Marketing,North America,Failed,4781.38,4094.97
TXN-005276,2023-08-01,Marketing,APAC,Completed,3467.17,2098.25
TXN-005277,2023-08-30,Engineering,North America,Completed,2658.7,2805.86
TXN-005278,2023-06-14,Customer Support,LATAM,Completed,2444.68,2094.87
TXN-005279,2023-01-01,Customer Support,APAC,Failed,4131.52,1674.01
TXN-005280,2022-08-19,Sales,North America,Completed,7207.78,1094.03
TXN-005281,2022-02-02,Customer Support,North America,Pending,5836.1,3190.96
TXN-005282,2023-05-09,Operations,North America,Completed,5244.51,1203.37
TXN-005283,2023-11-27,Engineering,APAC,Failed,5413.6,925.5
TXN-005284,2022-01-20,Engineering,APAC,Completed,3298.12,2159.33
TXN-005285,2022-04-10,Sales,EMEA,Completed,3086.98,3636.59
TXN-005286,2022-06-08,Sales,North America,Completed,2659.08,2790.5
TXN-005287,2023-09-14,Marketing,LATAM,Completed,4506.35,2241.42
TXN-005288,2022-11-06,Operations,LATAM,Completed,7626.74,1418.86
TXN-005289,2023-11-14,Engineering,North America,Completed,4192.24,2036.03
TXN-005290,2023-10-30,Customer Support,APAC,Failed,6566.72,2302.35
TXN-005291,2022-03-21,Marketing,APAC,Failed,2933.76,2490.62
TXN-005292,2023-09-27,Operations,APAC,Failed,3989.2,2441.06
TXN-005293,2022-12-18,Marketing,North America,Completed,5187.74,911.75
TXN-005294,2022-03-22,Sales,EMEA,Pending,4079.81,2564.64
TXN-005295,2023-08-03,Customer Support,LATAM,Completed,4718.4,2218.55
TXN-005296,2022-12-13,Customer Support,North America,Pending,7544.5,1568.33
TXN-005297,2022-01-14,Marketing,LATAM,Completed,3461.0,1723.37
TXN-005298,2023-06-15,Sales,LATAM,Failed,5149.41,2229.19
TXN-005299,2022-11-04,Customer Support,APAC,Failed,6509.83,2081.78
TXN-005300,2022-01-18,Operations,EMEA,Completed,8355.22,2426.49
TXN-005301,2023-02-18,Engineering,APAC,Completed,5181.96,2664.16
TXN-005302,2023-07-02,Sales,EMEA,Failed,6801.02,1222.03
TXN-005303,2023-10-19,Customer Support,APAC,Failed,3468.27,2247.91
TXN-005304,2023-04-10,Sales,EMEA,Completed,5986.78,1089.88
TXN-005305,2022-05-31,Customer Support,APAC,Completed,4253.6,2402.6
TXN-005306,2022-10-08,Operations,North America,Completed,2016.37,2748.42
TXN-005307,2023-04-08,Operations,EMEA,Pending,3685.54,1246.7
TXN-005308,2023-04-02,Customer Support,EMEA,Pending,2854.25,541.7
TXN-005309,2023-09-03,Engineering,APAC,Pending,4572.97,2409.86
TXN-005310,2023-04-13,Operations,APAC,Completed,8453.25,2236.32
TXN-005311,2023-04-02,Engineering,EMEA,Failed,1711.41,1531.67
TXN-005312,2022-06-26,Customer Support,APAC,Completed,6243.67,978.51
TXN-005313,2022-11-11,Engineering,APAC,Completed,4533.38,2586.14
TXN-005314,2023-01-29,Sales,LATAM,Pending,8376.65,1089.78
TXN-005315,2023-05-15,Marketing,North America,Pending,4955.05,2509.81
TXN-005316,2023-11-23,Engineering,APAC,Completed,3140.82,753.49
TXN-005317,2022-10-24,Operations,LATAM,Completed,4986.64,1938.4
TXN-005318,2023-01-30,Engineering,EMEA,Pending,2276.08,2021.81
TXN-005319,2022-03-19,Operations,North America,Pending,5137.94,1597.5
TXN-005320,2022-08-20,Operations,EMEA,Completed,4173.78,1874.73
TXN-005321,2022-08-28,Customer Support,North America,Completed,5897.94,2287.45
TXN-005322,2022-10-02,Sales,North America,Failed,5922.32,4521.06
TXN-005323,2023-01-14,Marketing,APAC,Completed,2709.17,740.33
TXN-005324,2022-07-30,Customer Support,LATAM,Completed,4191.78,2559.87
TXN-005325,2023-04-19,Operations,EMEA,Failed,5247.23,1703.46
TXN-005326,2023-08-31,Customer Support,LATAM,Failed,3694.78,1650.66
TXN-005327,2023-08-30,Engineering,APAC,Completed,6059.56,788.06
TXN-005328,2023-02-21,Engineering,APAC,Completed,3861.83,2502.14
TXN-005329,2022-09-22,Marketing,APAC,Completed,4179.64,3772.84
TXN-005330,2023-05-21,Engineering,EMEA,Failed,3873.83,972.61
TXN-005331,2023-06-26,Customer Support,APAC,Pending,4349.47,713.05
TXN-005332,2022-08-29,Sales,LATAM,Pending,5676.41,2710.63
TXN-005333,2023-11-02,Marketing,North America,Completed,6138.13,1777.56
TXN-005334,2022-09-30,Customer Support,North America,Failed,4241.9,2098.32
TXN-005335,2022-09-19,Customer Support,LATAM,Completed,5789.04,1179.9
TXN-005336,2022-05-24,Marketing,North America,Pending,5027.52,3156.52
TXN-005337,2022-05-12,Sales,APAC,Completed,5264.34,2254.06
TXN-005338,2023-06-16,Customer Support,LATAM,Pending,5934.34,3654.77
TXN-005339,2022-01-18,Sales,North America,Completed,3445.19,1902.06
TXN-005340,2023-07-04,Customer Support,APAC,Failed,4780.13,1705.89
TXN-005341,2023-01-01,Customer Support,EMEA,Completed,5987.27,1175.41
TXN-005342,2023-09-02,Engineering,North America,Completed,2883.58,1855.03
TXN-005343,2022-01-31,Operations,EMEA,Completed,4934.29,740.9
TXN-005344,2022-01-24,Marketing,EMEA,Pending,5672.54,1075.69
TXN-005345,2022-08-24,Operations,EMEA,Pending,3572.03,1200.05
TXN-005346,2022-08-24,Customer Support,APAC,Pending,,3676.67
TXN-005347,2022-09-26,Engineering,North America,Completed,7131.15,2037.5
TXN-005348,2022-10-18,Sales,EMEA,Completed,2662.35,
TXN-005349,2022-03-24,Engineering,APAC,Completed,6448.92,1783.36
TXN-005350,2023-12-01,Marketing,APAC,Pending,5454.38,2015.75
TXN-005351,2022-09-26,Marketing,APAC,Failed,1903.94,3333.9
TXN-005352,2023-02-11,Marketing,EMEA,Failed,4338.78,1330.74
TXN-005353,2022-02-16,Marketing,EMEA,Failed,3816.34,1207.59
TXN-005354,2023-05-30,Customer Support,EMEA,Failed,3761.65,1861.36
TXN-005355,2022-04-24,Sales,APAC,Completed,3139.9,2921.46
TXN-005356,2022-05-07,Operations,APAC,Completed,4827.54,2242.68
TXN-005357,2023-01-15,Marketing,EMEA,Pending,6735.62,1793.86
TXN-005358,2023-03-25,Sales,APAC,Completed,5197.79,2179.13
TXN-005359,2022-07-05,Operations,LATAM,Failed,5463.18,1733.83
TXN-005360,2022-03-29,Sales,LATAM,Failed,5054.66,1003.64
TXN-005361,2023-11-26,Marketing,LATAM,Failed,4118.07,2742.33
TXN-005362,2023-08-13,Sales,APAC,Failed,5521.13,1072.99
TXN-005363,2023-02-14,Marketing,North America,Completed,5168.44,3060.58
TXN-005364,2023-04-07,Operations,EMEA,Completed,5250.1,2373.39
TXN-005365,2023-07-31,Sales,LATAM,Failed,5912.07,2664.13
TXN-005366,2023-02-26,Customer Support,APAC,Completed,3114.86,3907.3
TXN-005367,2023-02-10,Engineering,North America,Completed,3801.63,115.9
TXN-005368,2023-01-21,Engineering,APAC,Pending,1806.18,1863.63
TXN-005369,2022-08-23,Engineering,EMEA,Completed,5624.85,1509.32
TXN-005370,2023-06-22,Operations,LATAM,Completed,6261.25,2859.44
TXN-005371,2022-04-13,Operations,APAC,Completed,6397.2,2273.51
TXN-005372,2023-05-15,Engineering,North America,Completed,6138.96,924.66
TXN-005373,2023-02-26,Engineering,APAC,Completed,5753.18,3344.13
TXN-005374,2023-09-04,Customer Support,LATAM,Completed,4796.97,2375.74
TXN-005375,2022-09-12,Engineering,EMEA,Failed,4169.72,1970.27
TXN-005376,2022-04-05,Operations,APAC,Completed,3574.19,
TXN-005377,2022-04-30,Marketing,EMEA,Completed,4859.75,2578.77
TXN-005378,2022-05-19,Sales,APAC,Completed,7987.3,3299.29
TXN-005379,2023-08-27,Operations,EMEA,Pending,5658.1,909.31
TXN-005380,2022-12-30,Customer Support,LATAM,Completed,5194.6,2090.58
TXN-005381,2023-03-25,Customer Support,EMEA,Pending,1823.99,557.15
TXN-005382,2022-09-01,Operations,APAC,Completed,,2541.37
TXN-005383,2022-11-16,Operations,APAC,Completed,4934.66,2650.52
TXN-005384,2023-12-20,Customer Support,LATAM,Pending,5455.72,997.3
TXN-005385,2022-03-26,Sales,APAC,Completed,2437.79,2908.27
TXN-005386,2023-06-25,Operations,North America,Failed,3865.14,2372.7
TXN-005387,2023-10-23,Marketing,LATAM,Completed,5174.74,4093.33
TXN-005388,2023-12-22,Engineering,EMEA,Completed,4273.84,3277.79
TXN-005389,2023-10-22,Engineering,APAC,Completed,4292.51,2303.05
TXN-005390,2023-03-22,Sales,North America,Pending,8143.16,2617.22
TXN-005391,2023-07-12,Marketing,LATAM,Completed,4772.76,280.88
TXN-005392,2022-11-03,Marketing,APAC,Completed,6092.96,2563.3
TXN-005393,2023-08-22,Customer Support,EMEA,Failed,5730.44,2066.34
TXN-005394,2022-06-09,Operations,EMEA,Failed,6309.18,1646.79
TXN-005395,2023-07-04,Marketing,APAC,Pending,6873.17,3352.44
TXN-005396,2022-09-30,Marketing,North America,Pending,5170.0,2089.41
TXN-005397,2022-10-13,Sales,LATAM,Completed,6595.96,2989.08
TXN-005398,2023-11-09,Engineering,North America,Pending,6920.2,2363.68
TXN-005399,2023-09-11,Sales,APAC,Completed,3438.24,1957.36
TXN-005400,2022-02-23,Operations,EMEA,Completed,4636.25,2564.05
TXN-005401,2023-02-16,Customer Support,APAC,Completed,4551.11,3536.49
TXN-005402,2022-07-06,Customer Support,EMEA,Completed,3643.37,2037.53
TXN-005403,2022-05-01,Engineering,APAC,Completed,4654.71,2014.23
TXN-005404,2023-08-19,Engineering,LATAM,Completed,5369.01,1865.36
TXN-005405,2023-04-15,Operations,EMEA,Completed,4259.81,2323.76
TXN-005406,2022-02-26,Engineering,North America,Completed,6429.26,1602.37
TXN-005407,2022-06-15,Sales,APAC,Completed,5434.06,1416.96
TXN-005408,2023-02-12,Marketing,APAC,Completed,6950.18,1957.47
TXN-005409,2023-11-14,Sales,LATAM,Completed,7353.24,2221.3
TXN-005410,2023-07-23,Marketing,APAC,Completed,4105.52,2520.91
TXN-005411,2022-10-28,Engineering,LATAM,Pending,6823.69,2488.78
TXN-005412,2023-07-03,Operations,LATAM,Failed,8528.29,2241.57
TXN-005413,2022-01-30,Marketing,APAC,Completed,6405.19,2102.56
TXN-005414,2022-11-28,Operations,APAC,Failed,6558.7,1731.79
TXN-005415,2023-07-22,Sales,North America,Pending,4325.5,2736.16
TXN-005416,2023-03-25,Customer Support,LATAM,Completed,5020.67,1876.06
TXN-005417,2022-08-30,Customer Support,EMEA,Completed,3805.7,1353.32
TXN-005418,2022-02-18,Engineering,LATAM,Completed,4566.14,1082.82
TXN-005419,2022-06-17,Engineering,EMEA,Pending,5706.34,2686.53
TXN-005420,2023-01-17,Engineering,North America,Failed,5252.92,2362.69
TXN-005421,2022-08-01,Marketing,EMEA,Completed,6096.13,757.95
TXN-005422,2022-12-05,Customer Support,LATAM,Pending,4985.88,1649.72
TXN-005423,2022-05-25,Customer Support,LATAM,Failed,2147.07,1050.45
TXN-005424,2023-02-03,Engineering,APAC,Completed,5961.93,366.93
TXN-005425,2022-03-15,Operations,EMEA,Pending,4575.93,1841.54
TXN-005426,2022-05-01,Customer Support,North America,Completed,,794.19
TXN-005427,2023-11-12,Marketing,North America,Completed,5916.19,2850.64
TXN-005428,2022-02-11,Sales,APAC,Completed,4595.28,1826.12
TXN-005429,2022-02-27,Marketing,EMEA,Completed,8978.92,3354.73
TXN-005430,2022-07-28,Engineering,EMEA,Pending,,2265.29
TXN-005431,2022-01-17,Sales,North America,Completed,3172.59,2665.19
TXN-005432,2022-12-11,Engineering,LATAM,Completed,7959.47,3132.6
TXN-005433,2023-03-26,Customer Support,LATAM,Pending,5591.51,2801.85
TXN-005434,2023-02-26,Customer Support,APAC,Pending,,2081.95
TXN-005435,2023-08-27,Customer Support,APAC,Completed,4565.38,1346.93
TXN-005436,2022-12-09,Customer Support,APAC,Failed,4000.51,4057.4
TXN-005437,2023-03-22,Sales,LATAM,Completed,5388.57,1312.18
TXN-005438,2023-03-09,Operations,APAC,Failed,4866.62,2605.9
TXN-005439,2023-03-09,Customer Support,North America,Completed,5599.83,1120.42
TXN-005440,2022-07-20,Engineering,LATAM,Completed,3558.42,1873.58
TXN-005441,2022-06-26,Sales,APAC,Failed,4991.0,899.18
TXN-005442,2022-01-16,Marketing,North America,Failed,4417.53,3346.33
TXN-005443,2023-11-22,Operations,North America,Pending,1595.42,1779.37
TXN-005444,2023-10-24,Engineering,North America,Completed,3640.7,131.52
TXN-005445,2023-10-23,Customer Support,APAC,Completed,3852.25,3648.91
TXN-005446,2023-08-11,Operations,APAC,Pending,5887.91,1567.44
TXN-005447,2022-10-02,Marketing,North America,Failed,4664.55,3106.48
TXN-005448,2022-10-20,Sales,APAC,Pending,6225.47,1654.25
TXN-005449,2022-11-28,Operations,EMEA,Completed,5923.93,3402.02
TXN-005450,2022-11-18,Operations,APAC,Completed,8613.71,1726.31
TXN-005451,2022-08-31,Customer Support,North America,Failed,6378.01,2269.71
TXN-005452,2023-07-08,Marketing,LATAM,Failed,5970.64,1354.33
TXN-005453,2022-04-22,Marketing,North America,Completed,2209.63,2187.73
TXN-005454,2023-01-16,Marketing,LATAM,Completed,5236.95,1532.5
TXN-005455,2022-08-25,Operations,EMEA,Pending,3177.44,3164.49
TXN-005456,2023-09-23,Customer Support,EMEA,Failed,6312.48,2332.93
TXN-005457,2022-09-01,Engineering,North America,Completed,6531.75,3274.56
TXN-005458,2022-06-28,Sales,LATAM,Failed,5343.11,2212.4
TXN-005459,2023-11-16,Operations,LATAM,Failed,2056.33,1115.39
TXN-005460,2023-07-03,Marketing,LATAM,Pending,5575.89,1881.29
TXN-005461,2023-12-12,Customer Support,EMEA,Completed,4148.62,1955.35
TXN-005462,2023-05-20,Sales,APAC,Completed,7315.67,7723.970096761047
TXN-005463,2023-02-02,Operations,North America,Completed,4131.42,1142.07
TXN-005464,2022-07-17,Marketing,North America,Failed,3705.87,3515.62
TXN-005465,2022-03-17,Operations,APAC,Completed,6977.08,2005.32
TXN-005466,2022-12-15,Operations,North America,Completed,6500.21,864.64
TXN-005467,2023-04-03,Engineering,LATAM,Failed,4884.85,1737.76
TXN-005468,2022-04-15,Customer Support,North America,Failed,9344.4,2439.15
TXN-005469,2023-04-17,Customer Support,LATAM,Completed,5488.83,1316.43
TXN-005470,2022-11-13,Sales,EMEA,Completed,3764.11,2480.68
TXN-005471,2023-12-08,Engineering,APAC,Completed,4084.25,1162.65
TXN-005472,2022-08-12,Marketing,APAC,Completed,5315.26,1946.6
TXN-005473,2022-12-08,Customer Support,EMEA,Completed,4204.14,1559.37
TXN-005474,2023-01-10,Sales,APAC,Pending,7273.19,3059.33
TXN-005475,2022-02-01,Customer Support,LATAM,Failed,7083.86,2405.01
TXN-005476,2023-11-01,Engineering,LATAM,Failed,4872.99,2780.8
TXN-005477,2022-04-14,Operations,APAC,Completed,5711.71,4593.45
TXN-005478,2023-06-18,Customer Support,APAC,Failed,5215.49,614.44
TXN-005479,2022-09-25,Marketing,North America,Completed,6677.02,3448.38
TXN-005480,2023-06-18,Marketing,APAC,Completed,7406.31,1667.97
TXN-005481,2023-04-13,Operations,LATAM,Completed,6240.72,2917.4
TXN-005482,2023-01-17,Customer Support,EMEA,Failed,3558.21,2667.04
TXN-005483,2022-03-01,Engineering,APAC,Completed,3090.65,1951.95
TXN-005484,2022-11-18,Operations,North America,Pending,3841.1,3360.78
TXN-005485,2022-03-21,Operations,LATAM,Failed,3555.14,1554.72
TXN-005486,2023-04-17,Customer Support,LATAM,Failed,6354.17,1917.11
TXN-005487,2022-09-22,Engineering,EMEA,Completed,,3442.56
TXN-005488,2022-05-21,Sales,LATAM,Failed,6369.1,749.03
TXN-005489,2023-07-06,Marketing,North America,Completed,5174.23,1256.07
TXN-005490,2023-04-12,Customer Support,APAC,Completed,7535.6,2205.98
TXN-005491,2023-03-29,Customer Support,LATAM,Completed,2045.09,1844.77
TXN-005492,2023-12-25,Engineering,APAC,Failed,4343.94,297.44
TXN-005493,2023-02-22,Sales,APAC,Pending,2509.3,1044.21
TXN-005494,2022-08-13,Operations,EMEA,Failed,6096.55,2073.5
TXN-005495,2023-02-14,Operations,APAC,Completed,3952.74,2667.12
TXN-005496,2023-10-04,Sales,North America,Pending,2210.11,759.55
TXN-005497,2022-12-12,Operations,APAC,Completed,7221.67,2535.99
TXN-005498,2022-01-22,Sales,APAC,Pending,6348.3,1493.69
TXN-005499,2023-08-17,Customer Support,LATAM,Completed,5541.85,2664.54
TXN-005500,2023-04-29,Customer Support,North America,Completed,7226.02,2809.0
TXN-005501,2022-09-04,Engineering,LATAM,Pending,6313.93,2401.05
TXN-005502,2022-02-22,Customer Support,LATAM,Completed,4078.57,
TXN-005503,2022-09-07,Marketing,LATAM,Pending,6168.19,624.96
TXN-005504,2022-02-23,Marketing,APAC,Completed,7416.25,2041.05
TXN-005505,2023-10-16,Operations,North America,Completed,4289.88,2435.66
TXN-005506,2022-03-02,Marketing,EMEA,Completed,6808.09,1518.01
TXN-005507,2023-03-02,Operations,EMEA,Completed,6087.3,1351.0
TXN-005508,2023-10-15,Marketing,EMEA,Completed,5165.44,1522.8
TXN-005509,2022-10-11,Customer Support,EMEA,Completed,6179.02,1961.68
TXN-005510,2023-08-06,Marketing,APAC,Failed,5891.83,1892.36
TXN-005511,2023-01-10,Operations,LATAM,Completed,5105.3,2842.42
TXN-005512,2022-04-15,Marketing,EMEA,Completed,5340.54,2767.67
TXN-005513,2022-03-23,Marketing,EMEA,Failed,5207.81,3471.68
TXN-005514,2023-03-14,Engineering,LATAM,Completed,4490.44,2224.18
TXN-005515,2023-06-06,Engineering,APAC,Completed,6112.74,6889.874340625477
TXN-005516,2022-12-28,Customer Support,APAC,Completed,2659.28,2250.17
TXN-005517,2023-02-23,Customer Support,LATAM,Pending,1485.01,2485.81
TXN-005518,2023-12-17,Operations,APAC,Pending,5890.96,2869.71
TXN-005519,2022-10-12,Customer Support,LATAM,Pending,3106.4,2134.22
TXN-005520,2022-01-17,Customer Support,LATAM,Failed,8626.76,2472.26
TXN-005521,2023-10-02,Engineering,APAC,Completed,4499.43,465.65
TXN-005522,2023-05-29,Operations,North America,Completed,6856.85,1667.59
TXN-005523,2022-05-08,Engineering,LATAM,Completed,6236.47,1694.42
TXN-005524,2022-04-30,Sales,APAC,Pending,4858.18,1679.99
TXN-005525,2023-08-05,Customer Support,APAC,Pending,8599.54,2054.73
TXN-005526,2022-10-03,Customer Support,APAC,Completed,7774.57,3314.33
TXN-005527,2022-12-04,Customer Support,EMEA,Failed,6499.48,2134.17
TXN-005528,2023-01-25,Customer Support,North America,Failed,4295.18,2732.63
TXN-005529,2023-04-02,Engineering,APAC,Completed,6499.0,3576.95
TXN-005530,2023-03-25,Marketing,EMEA,Completed,5373.27,1663.96
TXN-005531,2023-07-21,Sales,EMEA,Completed,6141.49,1898.71
TXN-005532,2022-07-20,Operations,LATAM,Failed,6618.48,2396.81
TXN-005533,2023-02-11,Sales,EMEA,Pending,6033.15,2706.39
TXN-005534,2022-03-25,Marketing,EMEA,Failed,10203.4,2064.36
TXN-005535,2022-04-07,Engineering,EMEA,Failed,7345.98,1271.01
TXN-005536,2023-12-22,Customer Support,North America,Failed,4299.1,2121.11
TXN-005537,2022-07-11,Engineering,EMEA,Pending,4642.51,2785.86
TXN-005538,2023-01-04,Sales,LATAM,Pending,6853.41,1993.18
TXN-005539,2022-04-01,Operations,LATAM,Completed,3598.9,2242.42
TXN-005540,2023-02-14,Engineering,LATAM,Failed,4217.68,861.5
TXN-005541,2023-11-25,Customer Support,EMEA,Completed,4500.63,3132.49
TXN-005542,2022-12-29,Customer Support,EMEA,Completed,4815.76,2573.86
TXN-005543,2022-01-28,Sales,APAC,Pending,2901.34,976.02
TXN-005544,2023-03-17,Operations,North America,Failed,3627.42,1028.32
TXN-005545,2022-11-17,Sales,LATAM,Completed,4816.26,1099.14
TXN-005546,2023-05-18,Engineering,APAC,Completed,5402.22,10107.443186302742
TXN-005547,2023-07-10,Sales,EMEA,Completed,5606.89,1783.64
TXN-005548,2022-04-18,Marketing,EMEA,Completed,2807.74,332.9
TXN-005549,2023-03-05,Marketing,LATAM,Completed,4402.65,1808.77
TXN-005550,2023-12-29,Customer Support,EMEA,Completed,2757.59,2176.47
TXN-005551,2023-06-30,Engineering,LATAM,Failed,2080.19,2456.64
TXN-005552,2023-01-31,Engineering,LATAM,Pending,4038.37,2008.44
TXN-005553,2022-07-13,Sales,APAC,Pending,6372.84,592.07
TXN-005554,2023-01-07,Customer Support,LATAM,Failed,3740.38,3179.09
TXN-005555,2022-11-16,Marketing,EMEA,Completed,,2443.37
TXN-005556,2023-08-08,Operations,APAC,Completed,3475.4,2059.44
TXN-005557,2023-03-07,Customer Support,LATAM,Completed,4766.9,3254.39
TXN-005558,2022-10-04,Customer Support,North America,Failed,3906.1,2475.23
TXN-005559,2023-02-22,Engineering,APAC,Pending,4413.97,1294.86
TXN-005560,2023-10-07,Engineering,North America,Pending,4504.12,1756.99
TXN-005561,2023-01-19,Operations,North America,Completed,4379.77,1675.4
TXN-005562,2022-12-19,Marketing,LATAM,Failed,3933.96,2249.41
TXN-005563,2022-10-20,Engineering,LATAM,Pending,4418.64,2531.59
TXN-005564,2023-04-18,Sales,North America,Failed,5462.38,3299.9
TXN-005565,2022-01-31,Marketing,LATAM,Pending,5388.84,3198.82
TXN-005566,2022-09-18,Customer Support,EMEA,Completed,4793.66,3337.02
TXN-005567,2022-11-29,Operations,LATAM,Pending,5019.97,2024.29
TXN-005568,2022-09-15,Customer Support,North America,Failed,4036.1,2568.45
TXN-005569,2022-09-29,Engineering,LATAM,Pending,4560.0,937.93
TXN-005570,2022-01-06,Marketing,APAC,Completed,4035.37,2132.64
TXN-005571,2022-10-09,Engineering,North America,Failed,3691.25,2660.35
TXN-005572,2022-01-12,Customer Support,EMEA,Pending,5031.97,2629.21
TXN-005573,2022-10-11,Engineering,LATAM,Completed,3727.22,2618.61
TXN-005574,2023-04-28,Sales,APAC,Failed,4395.58,2270.43
TXN-005575,2022-06-12,Engineering,APAC,Completed,5790.03,3489.01
TXN-005576,2022-01-12,Operations,EMEA,Pending,5795.6,3373.35
TXN-005577,2022-12-03,Operations,APAC,Pending,4976.32,1583.67
TXN-005578,2023-04-08,Sales,APAC,Completed,4006.25,2145.87
TXN-005579,2023-04-02,Marketing,LATAM,Completed,4455.03,1984.32
TXN-005580,2022-04-20,Marketing,LATAM,Failed,5033.99,1870.04
TXN-005581,2022-11-18,Engineering,APAC,Completed,3947.23,2246.3
TXN-005582,2023-09-18,Operations,EMEA,Failed,2277.61,1512.56
TXN-005583,2022-08-15,Marketing,North America,Completed,4488.05,1450.89
TXN-005584,2023-10-07,Customer Support,APAC,Failed,4732.95,3128.09
TXN-005585,2022-10-12,Operations,EMEA,Completed,2584.42,1476.41
TXN-005586,2022-08-24,Engineering,EMEA,Completed,4826.27,226.49
TXN-005587,2022-10-23,Sales,EMEA,Failed,5095.94,1695.53
TXN-005588,2023-10-20,Marketing,North America,Pending,1565.712,2074.92
TXN-005589,2022-04-06,Customer Support,North America,Completed,4940.69,3819.9
TXN-005590,2023-02-07,Operations,EMEA,Completed,2885.99,1106.19
TXN-005591,2022-03-31,Sales,North America,Failed,4407.89,685.59
TXN-005592,2022-01-11,Customer Support,LATAM,Completed,6433.54,1866.73
TXN-005593,2022-11-11,Operations,APAC,Completed,3526.92,1206.2
TXN-005594,2022-08-13,Operations,APAC,Completed,3271.67,2541.17
TXN-005595,2023-03-16,Sales,EMEA,Completed,6169.08,3003.18
TXN-005596,2023-01-16,Marketing,LATAM,Completed,4602.82,2203.84
TXN-005597,2022-08-18,Operations,North America,Completed,4012.72,1671.48
TXN-005598,2023-06-25,Engineering,EMEA,Pending,5671.52,2222.31
TXN-005599,2023-02-15,Marketing,North America,Completed,5656.63,389.7
TXN-005600,2022-07-10,Engineering,APAC,Completed,4452.95,2160.22
TXN-005601,2023-10-19,Engineering,LATAM,Pending,1701.4,3166.69
TXN-005602,2023-01-21,Marketing,EMEA,Completed,5553.3,
TXN-005603,2022-02-01,Operations,EMEA,Completed,1942.6,1880.1
TXN-005604,2023-01-04,Customer Support,North America,Completed,6122.22,1796.04
TXN-005605,2023-10-15,Operations,EMEA,Failed,3680.39,3341.55
TXN-005606,2022-05-25,Engineering,LATAM,Pending,4581.29,2599.44
TXN-005607,2023-12-13,Operations,EMEA,Completed,3932.95,2031.87
TXN-005608,2023-10-01,Marketing,North America,Completed,4333.23,932.08
TXN-005609,2023-10-17,Engineering,APAC,Completed,5379.04,1919.92
TXN-005610,2022-02-08,Operations,EMEA,Pending,4819.56,1989.36
TXN-005611,2023-09-06,Marketing,LATAM,Completed,3975.62,3247.04
TXN-005612,2022-10-06,Sales,LATAM,Completed,2554.86,1977.3
TXN-005613,2023-08-14,Sales,LATAM,Pending,3698.42,2086.33
TXN-005614,2022-08-28,Operations,LATAM,Completed,5003.66,3054.69
TXN-005615,2023-06-25,Customer Support,EMEA,Completed,5018.91,487.64
TXN-005616,2022-12-05,Engineering,LATAM,Completed,7034.9,2683.27
TXN-005617,2022-04-03,Marketing,EMEA,Failed,6555.72,894.58
TXN-005618,2023-03-03,Operations,LATAM,Completed,4055.3,1619.19
TXN-005619,2022-03-18,Sales,LATAM,Failed,2919.19,1530.8
TXN-005620,2023-07-06,Operations,EMEA,Completed,5913.86,1435.69
TXN-005621,2022-02-15,Customer Support,EMEA,Completed,5034.16,1870.59
TXN-005622,2023-11-23,Engineering,APAC,Completed,5217.51,0.0
TXN-005623,2022-10-19,Marketing,EMEA,Completed,4779.59,1709.96
TXN-005624,2022-06-11,Operations,North America,Completed,6374.01,2756.84
TXN-005625,2023-04-09,Engineering,LATAM,Completed,5317.94,1916.37
TXN-005626,2023-04-18,Sales,LATAM,Failed,1588.72,1872.21
TXN-005627,2022-05-21,Engineering,North America,Completed,3305.57,2551.52
TXN-005628,2022-05-20,Operations,APAC,Completed,2817.56,2572.26
TXN-005629,2023-01-13,Operations,EMEA,Completed,5518.62,2468.51
TXN-005630,2023-04-14,Sales,APAC,Pending,3154.85,1545.59
TXN-005631,2023-05-07,Marketing,North America,Completed,2527.27,1026.38
TXN-005632,2022-03-26,Customer Support,APAC,Pending,8125.05,3178.49
TXN-005633,2023-11-13,Operations,EMEA,Failed,6788.34,129.78
TXN-005634,2022-07-19,Operations,North America,Pending,5529.56,2369.98
TXN-005635,2023-11-18,Operations,APAC,Pending,8274.69,1394.06
TXN-005636,2023-04-08,Marketing,EMEA,Completed,5925.79,1106.87
TXN-005637,2022-03-20,Sales,APAC,Completed,6264.53,1823.52
TXN-005638,2023-11-09,Sales,North America,Completed,4808.45,1695.77
TXN-005639,2022-03-15,Sales,North America,Failed,4308.59,2772.62
TXN-005640,2022-01-01,Customer Support,EMEA,Failed,2883.23,0.0
TXN-005641,2023-06-16,Engineering,LATAM,Completed,5287.35,749.48
TXN-005642,2023-01-08,Engineering,LATAM,Completed,5666.8,1378.6
TXN-005643,2023-09-23,Sales,North America,Pending,5247.48,1564.95
TXN-005644,2023-04-23,Marketing,APAC,Pending,,1490.06
TXN-005645,2023-12-29,Sales,APAC,Failed,3835.74,1929.36
TXN-005646,2022-08-01,Operations,APAC,Completed,5024.13,1077.29
TXN-005647,2022-10-29,Sales,APAC,Completed,3773.69,2351.98
TXN-005648,2023-11-12,Marketing,LATAM,Pending,7903.69,1099.33
TXN-005649,2022-08-28,Customer Support,North America,Pending,7920.4,3024.93
TXN-005650,2023-06-29,Customer Support,APAC,Completed,6752.56,3105.23
TXN-005651,2022-10-31,Marketing,EMEA,Completed,4128.51,2203.04
TXN-005652,2022-07-22,Sales,APAC,Completed,6543.65,1488.94
TXN-005653,2022-03-04,Marketing,EMEA,Completed,7918.36,2589.79
TXN-005654,2023-12-22,Customer Support,EMEA,Completed,3487.6,2727.29
TXN-005655,2022-05-22,Engineering,APAC,Completed,4140.85,2566.53
TXN-005656,2023-04-18,Marketing,EMEA,Completed,7127.45,2394.61
TXN-005657,2022-10-28,Operations,LATAM,Completed,3926.08,2668.84
TXN-005658,2023-11-16,Engineering,EMEA,Completed,5498.87,2674.09
TXN-005659,2022-10-22,Customer Support,EMEA,Completed,5508.4,3034.44
TXN-005660,2023-03-07,Sales,LATAM,Completed,4559.23,2273.29
TXN-005661,2023-08-19,Operations,APAC,Completed,5406.35,2089.07
TXN-005662,2023-07-10,Marketing,EMEA,Completed,4027.88,2634.65
TXN-005663,2023-09-02,Operations,LATAM,Completed,1491.5,2828.69
TXN-005664,2022-04-11,Sales,APAC,Completed,4027.92,944.35
TXN-005665,2023-02-05,Operations,EMEA,Completed,5769.95,59.2
TXN-005666,2023-05-26,Engineering,EMEA,Completed,4012.64,315.73
TXN-005667,2023-11-10,Sales,EMEA,Failed,6490.18,2465.71
TXN-005668,2022-07-24,Marketing,LATAM,Failed,5835.83,1652.69
TXN-005669,2023-12-28,Operations,APAC,Failed,6081.04,1286.35
TXN-005670,2023-08-25,Operations,North America,Completed,1690.94,1417.76
TXN-005671,2023-11-21,Operations,North America,Completed,4206.46,1475.48
TXN-005672,2022-05-06,Engineering,APAC,Failed,5774.43,1789.36
TXN-005673,2023-07-07,Engineering,North America,Pending,6389.39,1550.51
TXN-005674,2023-07-29,Customer Support,EMEA,Completed,5877.36,973.6
TXN-005675,2022-06-15,Engineering,North America,Completed,5005.67,2080.12
TXN-005676,2022-08-02,Marketing,LATAM,Completed,6331.08,2973.3
TXN-005677,2022-06-18,Marketing,EMEA,Completed,6918.03,3194.38
TXN-005678,2023-11-26,Marketing,APAC,Failed,4677.03,1632.46
TXN-005679,2022-02-10,Customer Support,EMEA,Completed,4046.38,1917.48
TXN-005680,2023-10-26,Engineering,APAC,Completed,7173.82,1638.0
TXN-005681,2022-02-07,Operations,EMEA,Completed,6756.42,1397.27
TXN-005682,2023-07-28,Operations,EMEA,Pending,6662.32,1979.95
TXN-005683,2023-01-10,Customer Support,APAC,Failed,3601.97,2305.13
TXN-005684,2023-02-28,Sales,LATAM,Completed,3793.59,1367.77
TXN-005685,2022-06-27,Customer Support,North America,Completed,3598.74,1857.18
TXN-005686,2022-03-12,Engineering,North America,Completed,1937.25,647.71
TXN-005687,2023-07-30,Sales,LATAM,Completed,6940.2,898.65
TXN-005688,2023-12-27,Marketing,EMEA,Completed,7817.66,3112.31
TXN-005689,2022-10-28,Customer Support,North America,Completed,4038.55,2736.83
TXN-005690,2023-03-04,Operations,APAC,Failed,5390.93,
TXN-005691,2023-12-12,Marketing,North America,Completed,4815.67,1500.05
TXN-005692,2022-11-25,Customer Support,North America,Completed,1523.09,2371.0
TXN-005693,2023-02-25,Engineering,North America,Completed,7305.85,2203.93
TXN-005694,2023-11-20,Engineering,North America,Failed,2593.52,1213.39
TXN-005695,2023-09-29,Engineering,North America,Completed,3110.77,2728.04
TXN-005696,2023-11-18,Customer Support,EMEA,Pending,3792.25,2484.07
TXN-005697,2022-10-13,Engineering,North America,Failed,4594.77,2735.03
TXN-005698,2022-06-05,Sales,North America,Completed,5430.99,2312.77
TXN-005699,2022-11-08,Marketing,APAC,Completed,7656.26,1353.43
TXN-005700,2023-06-07,Customer Support,EMEA,Pending,1729.55,1724.58
TXN-005701,2022-05-12,Sales,EMEA,Failed,5560.68,2645.99
TXN-005702,2022-02-18,Marketing,North America,Failed,5976.73,2930.04
TXN-005703,2023-06-07,Customer Support,LATAM,Completed,2803.72,2123.73
TXN-005704,2022-03-19,Engineering,APAC,Completed,2850.15,417.38
TXN-005705,2023-08-17,Sales,APAC,Completed,3946.4,2376.43
TXN-005706,2022-02-08,Customer Support,EMEA,Pending,5159.2,641.13
TXN-005707,2023-12-17,Engineering,North America,Failed,4600.77,2010.68
TXN-005708,2023-12-20,Sales,APAC,Failed,4709.15,3495.96
TXN-005709,2022-01-11,Engineering,APAC,Pending,6919.43,2771.7
TXN-005710,2022-09-25,Engineering,EMEA,Pending,5662.82,1903.91
TXN-005711,2022-04-02,Engineering,APAC,Completed,6307.57,2265.48
TXN-005712,2022-04-10,Customer Support,APAC,Completed,4538.82,1369.83
TXN-005713,2023-06-27,Operations,LATAM,Failed,,2305.25
TXN-005714,2022-02-06,Operations,North America,Pending,6179.23,2089.35
TXN-005715,2023-07-06,Operations,LATAM,Completed,5542.65,1273.45
TXN-005716,2022-07-28,Sales,APAC,Pending,5074.5,2002.37
TXN-005717,2022-09-18,Marketing,EMEA,Failed,6571.92,
TXN-005718,2022-01-31,Operations,LATAM,Completed,5849.82,1159.34
TXN-005719,2023-11-14,Sales,LATAM,Completed,5485.55,1634.67
TXN-005720,2023-05-31,Customer Support,EMEA,Failed,2403.95,848.95
TXN-005721,2023-03-11,Operations,LATAM,Failed,3098.11,2500.58
TXN-005722,2022-08-31,Marketing,North America,Failed,5606.57,1005.88
TXN-005723,2023-10-02,Customer Support,North America,Pending,5539.03,1478.35
TXN-005724,2023-10-19,Marketing,North America,Completed,752.487,3766.25
TXN-005725,2022-06-10,Marketing,North America,Pending,3752.29,2338.11
TXN-005726,2022-08-22,Sales,EMEA,Completed,4821.75,1601.7
TXN-005727,2022-12-01,Operations,APAC,Failed,5438.19,2471.31
TXN-005728,2022-05-26,Customer Support,EMEA,Failed,6282.52,1430.35
TXN-005729,2023-09-24,Sales,APAC,Completed,4453.89,1800.98
TXN-005730,2023-12-05,Sales,APAC,Pending,5548.53,2193.75
TXN-005731,2022-07-02,Operations,EMEA,Completed,8965.13,1196.64
TXN-005732,2022-06-15,Operations,LATAM,Completed,4669.66,2042.16
TXN-005733,2023-09-05,Engineering,North America,Failed,4519.1,1708.72
TXN-005734,2023-03-25,Operations,APAC,Failed,6134.41,2727.52
TXN-005735,2023-10-09,Engineering,LATAM,Completed,1097.66,1294.52
TXN-005736,2023-03-20,Engineering,LATAM,Completed,3812.78,862.17
TXN-005737,2022-07-01,Engineering,EMEA,Completed,5821.66,1500.41
TXN-005738,2022-06-24,Marketing,EMEA,Completed,2584.14,2769.45
TXN-005739,2023-12-20,Operations,North America,Completed,4715.62,1889.77
TXN-005740,2022-03-15,Marketing,North America,Completed,5844.23,1716.72
TXN-005741,2022-01-10,Marketing,North America,Failed,4098.88,1859.44
TXN-005742,2023-03-07,Engineering,North America,Completed,7612.4,1841.05
TXN-005743,2023-07-20,Operations,LATAM,Completed,3890.66,2846.21
TXN-005744,2022-03-11,Marketing,APAC,Completed,2507.18,1559.19
TXN-005745,2023-08-26,Engineering,EMEA,Pending,4440.18,975.93
TXN-005746,2023-09-07,Customer Support,APAC,Completed,6449.67,2357.59
TXN-005747,2022-01-11,Operations,EMEA,Completed,5080.85,3211.11
TXN-005748,2023-07-24,Engineering,EMEA,Pending,4976.35,3364.19
TXN-005749,2022-03-29,Marketing,LATAM,Failed,4917.9,1917.27
TXN-005750,2022-06-18,Sales,North America,Completed,6284.08,2458.46
TXN-005751,2022-09-28,Engineering,APAC,Pending,6817.97,1039.18
TXN-005752,2022-02-02,Customer Support,EMEA,Completed,4017.79,4088.56
TXN-005753,2023-06-28,Marketing,LATAM,Completed,5352.82,2613.77
TXN-005754,2022-05-13,Engineering,EMEA,Pending,3452.66,2054.17
TXN-005755,2023-04-03,Operations,North America,Completed,3978.14,1502.79
TXN-005756,2023-01-14,Marketing,LATAM,Completed,6403.62,2387.56
TXN-005757,2022-11-25,Sales,APAC,Completed,3871.09,1801.31
TXN-005758,2023-04-19,Operations,LATAM,Pending,6453.66,2784.56
TXN-005759,2023-10-14,Sales,EMEA,Pending,6296.06,1130.39
TXN-005760,2022-06-05,Customer Support,LATAM,Pending,7193.09,3750.82
TXN-005761,2023-02-07,Customer Support,APAC,Pending,4276.24,2243.83
TXN-005762,2023-12-29,Sales,EMEA,Completed,,1336.79
TXN-005763,2023-08-16,Marketing,LATAM,Pending,4777.73,2412.7
TXN-005764,2023-10-20,Customer Support,North America,Completed,5840.98,1372.86
TXN-005765,2023-05-05,Marketing,North America,Pending,7108.48,1338.71
TXN-005766,2022-02-03,Sales,North America,Completed,4773.96,1785.93
TXN-005767,2022-04-19,Marketing,North America,Completed,5829.58,1948.04
TXN-005768,2023-03-22,Sales,EMEA,Completed,1999.81,1925.27
TXN-005769,2022-01-14,Engineering,EMEA,Completed,5738.81,2800.83
TXN-005770,2022-12-04,Operations,APAC,Failed,613.16,2944.38
TXN-005771,2022-01-30,Sales,APAC,Completed,5960.44,
TXN-005772,2023-10-24,Engineering,APAC,Completed,3965.43,1303.38
TXN-005773,2023-05-05,Operations,EMEA,Failed,4868.51,1413.31
TXN-005774,2023-03-21,Sales,APAC,Completed,3849.27,1863.25
TXN-005775,2023-01-22,Sales,EMEA,Completed,6074.38,1584.31
TXN-005776,2022-06-21,Sales,APAC,Failed,2586.46,453.68
TXN-005777,2022-03-23,Operations,LATAM,Completed,3273.56,1200.31
TXN-005778,2023-07-31,Marketing,APAC,Completed,4775.21,3526.39
TXN-005779,2022-05-01,Engineering,LATAM,Pending,6165.64,2072.73
TXN-005780,2022-06-05,Engineering,North America,Completed,4960.98,2006.28
TXN-005781,2022-11-05,Marketing,APAC,Completed,6465.54,981.79
TXN-005782,2023-02-19,Customer Support,LATAM,Pending,5465.21,2665.96
TXN-005783,2023-06-25,Engineering,LATAM,Completed,2028.31,2901.38
TXN-005784,2022-11-12,Operations,APAC,Failed,5131.22,1290.4
TXN-005785,2023-05-17,Engineering,North America,Failed,4917.76,2018.74
TXN-005786,2022-09-19,Customer Support,LATAM,Pending,8773.24,3178.78
TXN-005787,2022-08-28,Customer Support,LATAM,Failed,4055.5,2473.53
TXN-005788,2022-06-03,Operations,EMEA,Completed,6220.69,2189.25
TXN-005789,2022-05-22,Operations,APAC,Completed,4293.57,1831.95
TXN-005790,2022-03-31,Customer Support,EMEA,Completed,6878.79,2712.33
TXN-005791,2022-10-05,Operations,North America,Completed,2619.68,2487.6
TXN-005792,2023-03-17,Operations,APAC,Completed,1690.02,2466.69
TXN-005793,2022-10-14,Marketing,APAC,Pending,5086.56,3570.73
TXN-005794,2023-12-25,Sales,LATAM,Failed,5405.39,54.94
TXN-005795,2022-03-13,Customer Support,LATAM,Completed,3229.24,1967.77
TXN-005796,2023-10-23,Customer Support,APAC,Pending,6961.19,1415.5
TXN-005797,2023-10-20,Engineering,North America,Failed,5601.5,2592.01
TXN-005798,2023-10-29,Marketing,LATAM,Failed,4745.07,1297.16
TXN-005799,2022-10-21,Customer Support,EMEA,Completed,5805.88,3296.78
TXN-005800,2022-06-26,Customer Support,EMEA,Failed,6520.8,1337.65
TXN-005801,2022-09-27,Customer Support,APAC,Completed,3990.37,1620.8
TXN-005802,2023-07-11,Engineering,LATAM,Completed,7590.15,2902.64
TXN-005803,2022-04-09,Marketing,LATAM,Completed,3851.31,2615.94
TXN-005804,2023-12-19,Sales,North America,Completed,5241.32,3088.93
TXN-005805,2023-02-06,Sales,EMEA,Pending,7509.45,2727.71
TXN-005806,2022-02-15,Customer Support,LATAM,Failed,,1155.92
TXN-005807,2022-12-04,Sales,EMEA,Completed,5514.8,2759.67
TXN-005808,2023-05-30,Sales,LATAM,Completed,6685.46,1912.33
TXN-005809,2023-03-21,Engineering,LATAM,Completed,4738.94,3134.6
TXN-005810,2023-07-11,Marketing,North America,Pending,4624.82,366.13
TXN-005811,2023-04-24,Marketing,North America,Completed,5680.01,1816.61
TXN-005812,2022-10-15,Sales,EMEA,Completed,3599.52,406.59
TXN-005813,2022-01-26,Marketing,EMEA,Failed,5589.06,1651.75
TXN-005814,2023-10-04,Sales,EMEA,Completed,,1745.83
TXN-005815,2022-03-15,Marketing,EMEA,Completed,6323.29,475.22
TXN-005816,2023-03-07,Marketing,EMEA,Pending,4148.63,2683.85
TXN-005817,2023-06-05,Customer Support,EMEA,Completed,6420.19,1479.39
TXN-005818,2023-03-14,Customer Support,EMEA,Pending,8021.98,3266.96
TXN-005819,2022-05-08,Marketing,LATAM,Completed,3750.1,831.76
TXN-005820,2023-10-03,Sales,EMEA,Completed,4189.1,1058.97
TXN-005821,2022-05-07,Engineering,LATAM,Completed,6533.67,2128.77
TXN-005822,2023-06-12,Engineering,North America,Completed,7793.68,1822.87
TXN-005823,2023-08-26,Sales,North America,Pending,5674.25,2822.98
TXN-005824,2022-05-31,Customer Support,North America,Failed,5691.48,3594.48
TXN-005825,2023-11-05,Engineering,North America,Completed,3795.08,2824.99
TXN-005826,2023-03-24,Marketing,EMEA,Failed,4086.94,1812.52
TXN-005827,2023-02-24,Operations,EMEA,Pending,6008.31,1936.75
TXN-005828,2022-10-28,Customer Support,LATAM,Completed,,2321.32
TXN-005829,2022-10-09,Customer Support,EMEA,Failed,4893.19,1757.24
TXN-005830,2022-03-17,Operations,APAC,Pending,4843.69,2679.08
TXN-005831,2022-11-06,Customer Support,LATAM,Pending,5561.45,2229.16
TXN-005832,2023-06-21,Customer Support,APAC,Completed,4731.53,2541.81
TXN-005833,2022-09-21,Sales,North America,Completed,4099.16,3235.5
TXN-005834,2023-09-26,Customer Support,APAC,Pending,3409.63,1645.97
TXN-005835,2022-07-06,Operations,EMEA,Completed,3454.15,1799.63
TXN-005836,2023-08-01,Operations,EMEA,Completed,2893.19,684.44
TXN-005837,2022-10-22,Engineering,LATAM,Failed,2378.13,2315.65
TXN-005838,2022-01-17,Customer Support,North America,Completed,2849.72,942.41
TXN-005839,2022-10-21,Sales,North America,Completed,4323.61,2741.15
TXN-005840,2022-06-19,Sales,North America,Pending,4847.33,2028.6
TXN-005841,2022-02-11,Engineering,LATAM,Completed,4827.05,2496.04
TXN-005842,2022-09-18,Sales,North America,Pending,4526.31,2103.21
TXN-005843,2022-06-20,Marketing,EMEA,Pending,2616.63,780.19
TXN-005844,2022-12-29,Operations,APAC,Completed,6342.76,1883.84
TXN-005845,2022-09-04,Customer Support,APAC,Completed,7699.3,1341.78
TXN-005846,2023-07-24,Sales,LATAM,Completed,6548.34,2572.81
TXN-005847,2023-11-17,Sales,LATAM,Failed,1717.43,1840.19
TXN-005848,2023-07-20,Sales,EMEA,Completed,3245.49,2661.29
TXN-005849,2023-06-15,Engineering,North America,Completed,5081.28,2314.09
TXN-005850,2023-12-05,Customer Support,LATAM,Pending,5122.4,2307.16
TXN-005851,2023-02-13,Engineering,EMEA,Completed,8244.62,2827.23
TXN-005852,2023-06-19,Customer Support,LATAM,Completed,3418.91,2250.59
TXN-005853,2022-11-12,Customer Support,EMEA,Failed,2156.11,2039.15
TXN-005854,2022-07-26,Sales,LATAM,Completed,6460.51,2862.44
TXN-005855,2023-07-25,Engineering,North America,Completed,5948.48,1187.83
TXN-005856,2022-07-06,Marketing,APAC,Completed,3928.35,3345.18
TXN-005857,2022-04-09,Marketing,APAC,Failed,4716.58,1245.95
TXN-005858,2022-11-17,Operations,LATAM,Completed,5493.22,2132.84
TXN-005859,2022-08-01,Engineering,EMEA,Completed,5671.74,1551.3
TXN-005860,2023-05-12,Sales,APAC,Completed,5404.26,9493.039452669862
TXN-005861,2022-10-08,Engineering,North America,Completed,2762.47,2126.55
TXN-005862,2023-07-07,Engineering,APAC,Completed,4684.85,1791.68
TXN-005863,2022-10-17,Customer Support,North America,Pending,6290.07,2400.69
TXN-005864,2022-07-21,Engineering,LATAM,Failed,3377.52,1895.1
TXN-005865,2023-06-14,Sales,LATAM,Completed,7751.57,2052.87
TXN-005866,2023-12-12,Engineering,APAC,Pending,5272.66,1275.64
TXN-005867,2023-10-10,Customer Support,North America,Completed,5891.1,937.55
TXN-005868,2022-05-15,Operations,LATAM,Pending,6080.6,3193.06
TXN-005869,2022-07-31,Engineering,EMEA,Completed,3472.71,1429.07
TXN-005870,2023-04-13,Sales,EMEA,Completed,3880.54,1082.14
TXN-005871,2022-09-16,Customer Support,APAC,Completed,6255.95,3848.51
TXN-005872,2023-09-19,Customer Support,APAC,Completed,5757.09,2773.3
TXN-005873,2023-12-16,Engineering,North America,Failed,4528.41,2505.89
TXN-005874,2022-01-23,Operations,LATAM,Completed,5690.98,1159.07
TXN-005875,2022-05-01,Sales,EMEA,Completed,4112.77,2068.73
TXN-005876,2023-05-16,Engineering,LATAM,Completed,7433.64,2415.31
TXN-005877,2023-04-18,Sales,APAC,Completed,5181.93,3860.89
TXN-005878,2022-03-22,Sales,EMEA,Completed,4006.56,2383.39
TXN-005879,2023-12-10,Engineering,APAC,Completed,4478.64,1267.38
TXN-005880,2023-07-14,Sales,APAC,Completed,4246.77,1873.92
TXN-005881,2023-12-24,Engineering,APAC,Completed,7824.97,3008.63
TXN-005882,2023-02-15,Sales,LATAM,Completed,3592.54,193.92
TXN-005883,2022-09-20,Sales,North America,Completed,2344.65,1449.44
TXN-005884,2023-07-13,Sales,APAC,Completed,6968.58,1202.54
TXN-005885,2022-04-21,Engineering,EMEA,Completed,4968.96,2425.49
TXN-005886,2023-04-05,Sales,APAC,Completed,5106.53,1947.71
TXN-005887,2023-10-12,Customer Support,EMEA,Completed,5319.54,3035.86
TXN-005888,2023-08-01,Marketing,North America,Completed,5223.17,3903.67
TXN-005889,2022-09-18,Customer Support,North America,Pending,2143.38,795.09
TXN-005890,2022-02-25,Customer Support,APAC,Completed,4624.85,2150.48
TXN-005891,2022-06-29,Customer Support,APAC,Completed,4523.77,2211.34
TXN-005892,2023-09-12,Engineering,EMEA,Failed,8052.43,2677.19
TXN-005893,2023-01-30,Operations,APAC,Completed,4401.29,2142.36
TXN-005894,2022-06-16,Sales,APAC,Completed,3178.72,1869.78
TXN-005895,2023-09-07,Operations,EMEA,Completed,5785.35,987.74
TXN-005896,2022-01-02,Operations,North America,Pending,,2125.77
TXN-005897,2023-06-02,Sales,EMEA,Pending,5099.74,1660.21
TXN-005898,2023-02-08,Sales,LATAM,Pending,4839.21,1674.71
TXN-005899,2023-08-31,Engineering,EMEA,Pending,6383.45,1001.75
TXN-005900,2022-02-18,Marketing,EMEA,Failed,5429.54,2135.65
TXN-005901,2022-09-08,Sales,LATAM,Failed,3701.77,2852.25
TXN-005902,2023-05-23,Marketing,LATAM,Pending,3220.03,1666.49
TXN-005903,2023-02-25,Engineering,LATAM,Completed,5849.68,3284.06
TXN-005904,2023-07-31,Engineering,LATAM,Failed,6299.1,1962.17
TXN-005905,2023-02-27,Customer Support,APAC,Pending,4609.77,3950.09
TXN-005906,2023-12-15,Operations,APAC,Completed,4969.95,2517.26
TXN-005907,2022-03-06,Marketing,North America,Completed,4172.55,3338.2
TXN-005908,2022-07-15,Customer Support,North America,Failed,3652.21,2264.21
TXN-005909,2022-02-20,Sales,LATAM,Completed,5988.33,2772.42
TXN-005910,2022-02-06,Engineering,North America,Completed,3077.92,1327.66
TXN-005911,2023-12-11,Operations,APAC,Failed,5070.19,2096.19
TXN-005912,2022-07-31,Operations,EMEA,Completed,3858.17,937.8
TXN-005913,2022-04-17,Engineering,North America,Failed,4941.37,2028.52
TXN-005914,2023-11-03,Marketing,North America,Completed,,3426.75
TXN-005915,2022-03-01,Marketing,LATAM,Pending,6020.04,2656.46
TXN-005916,2022-08-08,Operations,North America,Completed,6358.06,2504.71
TXN-005917,2023-05-09,Sales,North America,Completed,,1423.09
TXN-005918,2023-12-23,Operations,APAC,Failed,6065.03,2953.73
TXN-005919,2022-11-24,Engineering,LATAM,Failed,6560.76,1612.29
TXN-005920,2022-09-19,Operations,APAC,Completed,6040.03,2138.21
TXN-005921,2022-01-16,Marketing,LATAM,Completed,6753.02,
TXN-005922,2022-11-27,Operations,APAC,Failed,4543.7,2482.38
TXN-005923,2022-12-27,Sales,LATAM,Completed,5549.07,894.38
TXN-005924,2023-10-13,Customer Support,North America,Completed,3498.17,2272.57
TXN-005925,2023-09-19,Operations,LATAM,Completed,5494.84,1084.02
TXN-005926,2023-06-02,Marketing,EMEA,Failed,3108.25,2775.58
TXN-005927,2023-02-06,Engineering,APAC,Completed,5695.72,1767.37
TXN-005928,2023-01-01,Customer Support,LATAM,Completed,5481.76,2679.62
TXN-005929,2023-06-01,Sales,North America,Completed,4697.34,1165.52
TXN-005930,2023-05-28,Engineering,LATAM,Completed,6779.32,1399.25
TXN-005931,2022-09-29,Marketing,North America,Failed,3168.55,2071.36
TXN-005932,2022-03-20,Operations,EMEA,Completed,3119.74,1945.61
TXN-005933,2022-08-04,Operations,LATAM,Completed,4516.87,1092.58
TXN-005934,2022-06-09,Marketing,LATAM,Completed,5032.52,2348.51
TXN-005935,2022-05-20,Operations,APAC,Completed,6663.39,3138.79
TXN-005936,2022-10-15,Marketing,LATAM,Pending,7708.39,2551.03
TXN-005937,2023-07-15,Sales,North America,Pending,2168.32,1871.61
TXN-005938,2022-01-22,Engineering,North America,Pending,4652.45,1852.34
TXN-005939,2023-07-27,Engineering,APAC,Completed,5919.13,4216.96
TXN-005940,2022-05-19,Customer Support,LATAM,Completed,3717.89,2022.05
TXN-005941,2023-02-16,Operations,LATAM,Completed,5795.61,1116.6
TXN-005942,2022-01-08,Engineering,APAC,Completed,4681.31,2398.63
TXN-005943,2023-12-02,Engineering,North America,Completed,2701.39,847.57
TXN-005944,2023-07-09,Operations,APAC,Completed,6261.83,210.06
TXN-005945,2023-07-03,Customer Support,LATAM,Completed,3473.48,1881.22
TXN-005946,2023-09-06,Sales,EMEA,Completed,6627.47,2295.69
TXN-005947,2023-12-04,Sales,APAC,Pending,6885.3,2474.7
TXN-005948,2023-08-15,Customer Support,EMEA,Completed,2430.04,2376.64
TXN-005949,2022-08-20,Operations,North America,Completed,3115.81,1590.49
TXN-005950,2023-08-12,Operations,LATAM,Completed,5712.03,1512.62
TXN-005951,2023-07-11,Sales,LATAM,Failed,4980.77,1510.72
TXN-005952,2023-01-04,Marketing,North America,Completed,5690.05,1346.12
TXN-005953,2023-04-27,Marketing,North America,Completed,6170.76,2718.11
TXN-005954,2023-12-22,Operations,LATAM,Completed,8096.38,955.34
TXN-005955,2022-05-21,Engineering,LATAM,Pending,5495.48,2508.31
TXN-005956,2023-02-16,Engineering,EMEA,Completed,5307.56,1303.64
TXN-005957,2022-05-07,Operations,North America,Completed,6904.49,3120.33
TXN-005958,2023-03-22,Sales,APAC,Completed,3987.27,1869.28
TXN-005959,2022-05-16,Marketing,APAC,Failed,,1437.77
TXN-005960,2022-07-23,Engineering,APAC,Completed,4337.12,1281.61
TXN-005961,2023-03-07,Operations,EMEA,Completed,9233.32,2253.61
TXN-005962,2023-04-24,Marketing,North America,Completed,3779.82,1076.57
TXN-005963,2022-03-28,Operations,LATAM,Completed,4251.29,2268.82
TXN-005964,2023-04-19,Marketing,North America,Completed,3699.93,2735.49
TXN-005965,2022-03-18,Marketing,North America,Failed,4090.85,2698.24
TXN-005966,2022-08-26,Customer Support,EMEA,Pending,4283.94,3149.62
TXN-005967,2022-03-31,Engineering,LATAM,Completed,6994.58,2961.87
TXN-005968,2022-01-19,Marketing,North America,Completed,4876.46,2138.38
TXN-005969,2023-09-30,Marketing,APAC,Pending,3492.47,2925.49
TXN-005970,2023-10-08,Engineering,LATAM,Pending,3946.06,2318.68
TXN-005971,2023-04-18,Customer Support,North America,Failed,4596.66,948.01
TXN-005972,2022-01-05,Operations,APAC,Pending,7826.19,1792.5
TXN-005973,2023-11-06,Marketing,EMEA,Completed,5445.19,1215.63
TXN-005974,2022-11-15,Engineering,North America,Completed,7658.95,3264.62
TXN-005975,2023-06-06,Engineering,North America,Failed,8038.8,2612.85
TXN-005976,2022-09-04,Customer Support,EMEA,Completed,3715.94,1095.45
TXN-005977,2023-08-26,Marketing,EMEA,Completed,6196.03,723.66
TXN-005978,2023-09-05,Sales,APAC,Failed,2602.84,2096.67
TXN-005979,2022-10-06,Marketing,APAC,Completed,2991.95,3145.84
TXN-005980,2023-12-19,Operations,EMEA,Failed,7078.55,628.71
TXN-005981,2023-10-16,Marketing,EMEA,Pending,5953.08,1821.28
TXN-005982,2022-09-28,Sales,APAC,Completed,3334.68,1582.39
TXN-005983,2022-09-11,Sales,LATAM,Completed,5986.01,1467.05
TXN-005984,2022-04-17,Operations,APAC,Completed,4755.65,3122.05
TXN-005985,2022-05-19,Customer Support,EMEA,Completed,5069.21,2297.64
TXN-005986,2022-09-29,Marketing,North America,Completed,5503.77,3238.95
TXN-005987,2022-06-06,Customer Support,APAC,Completed,5019.63,2702.74
TXN-005988,2022-11-06,Marketing,EMEA,Failed,2850.97,2147.64
TXN-005989,2022-12-25,Sales,EMEA,Completed,3944.1,1423.25
TXN-005990,2023-12-10,Customer Support,EMEA,Completed,2939.8,962.06
TXN-005991,2022-05-02,Customer Support,APAC,Completed,5792.18,2800.06
TXN-005992,2023-10-04,Engineering,EMEA,Pending,7999.08,540.93
TXN-005993,2022-07-21,Customer Support,LATAM,Completed,3626.49,1091.4
TXN-005994,2022-07-16,Sales,EMEA,Completed,5568.62,1975.61
TXN-005995,2022-02-05,Engineering,LATAM,Completed,5555.2,2080.36
TXN-005996,2022-12-24,Engineering,North America,Completed,4661.07,2127.71
TXN-005997,2023-05-15,Marketing,North America,Pending,3795.73,2137.93
TXN-005998,2023-11-27,Marketing,APAC,Completed,5044.32,1459.75
TXN-005999,2023-02-14,Customer Support,APAC,Pending,4716.2,1592.15
TXN-006000,2022-07-06,Sales,APAC,Completed,3560.86,794.15
TXN-006001,2022-09-06,Marketing,North America,Completed,,2086.98
TXN-006002,2023-04-24,Marketing,EMEA,Completed,4339.81,705.95
TXN-006003,2022-09-17,Customer Support,LATAM,Completed,5959.73,2389.21
TXN-006004,2023-03-26,Marketing,North America,Completed,4354.4,1494.94
TXN-006005,2023-12-03,Customer Support,North America,Completed,4928.93,3729.24
TXN-006006,2023-12-24,Marketing,APAC,Completed,3275.52,1589.88
TXN-006007,2022-11-03,Operations,LATAM,Completed,4411.66,3375.84
TXN-006008,2022-10-05,Engineering,LATAM,Completed,5926.23,1061.83
TXN-006009,2023-06-27,Operations,APAC,Failed,6313.84,2533.85
TXN-006010,2022-03-21,Sales,North America,Pending,2963.99,2277.3
TXN-006011,2023-10-30,Engineering,North America,Completed,6266.28,2324.49
TXN-006012,2023-06-13,Engineering,APAC,Completed,8017.09,11105.062900554767
TXN-006013,2023-11-30,Marketing,EMEA,Pending,5359.18,1849.29
TXN-006014,2022-07-08,Marketing,APAC,Pending,6707.85,2894.47
TXN-006015,2022-08-08,Marketing,North America,Failed,5758.74,2264.8
TXN-006016,2022-12-09,Engineering,APAC,Pending,4895.37,2462.69
TXN-006017,2022-07-18,Marketing,North America,Completed,7876.08,3113.66
TXN-006018,2022-01-30,Sales,APAC,Pending,6378.14,2067.03
TXN-006019,2023-01-18,Marketing,LATAM,Completed,5160.19,1855.27
TXN-006020,2022-12-27,Engineering,LATAM,Failed,6222.7,1934.2
TXN-006021,2022-01-10,Customer Support,LATAM,Failed,4885.88,2132.15
TXN-006022,2022-12-28,Sales,LATAM,Completed,6793.39,927.48
TXN-006023,2023-12-13,Operations,LATAM,Completed,3364.49,1972.11
TXN-006024,2023-04-16,Marketing,North America,Completed,5087.1,2241.1
TXN-006025,2022-10-26,Marketing,EMEA,Completed,3490.88,723.57
TXN-006026,2023-08-13,Engineering,North America,Completed,6550.64,2400.47
TXN-006027,2023-08-27,Customer Support,North America,Failed,5037.42,969.8
TXN-006028,2022-01-25,Marketing,LATAM,Failed,4326.15,2698.44
TXN-006029,2023-11-27,Sales,North America,Pending,6462.87,
TXN-006030,2022-02-06,Marketing,North America,Pending,4296.46,942.41
TXN-006031,2023-05-11,Marketing,EMEA,Failed,4206.83,2717.57
TXN-006032,2023-02-03,Operations,APAC,Failed,3779.74,3096.4
TXN-006033,2023-04-29,Sales,LATAM,Failed,5184.01,2502.37
TXN-006034,2022-09-09,Sales,EMEA,Completed,4359.08,2394.81
TXN-006035,2022-08-01,Sales,EMEA,Completed,5011.33,2835.52
TXN-006036,2023-11-24,Engineering,EMEA,Completed,5637.33,2672.5
TXN-006037,2022-05-20,Operations,EMEA,Completed,4957.45,2244.27
TXN-006038,2023-07-07,Customer Support,EMEA,Failed,4151.81,2951.71
TXN-006039,2023-10-29,Operations,LATAM,Pending,3059.81,1843.85
TXN-006040,2023-06-14,Marketing,EMEA,Pending,5741.03,2987.96
TXN-006041,2023-07-08,Sales,LATAM,Failed,7380.23,2168.9
TXN-006042,2023-05-11,Engineering,APAC,Pending,7311.59,8449.511707126154
TXN-006043,2022-11-04,Operations,North America,Completed,6104.19,1948.66
TXN-006044,2022-12-11,Operations,North America,Failed,1996.07,1954.26
TXN-006045,2023-10-10,Customer Support,EMEA,Failed,,2863.39
TXN-006046,2022-04-25,Sales,North America,Pending,6344.11,1079.27
TXN-006047,2022-01-06,Customer Support,APAC,Completed,7069.36,2606.97
TXN-006048,2023-04-11,Sales,APAC,Completed,4460.1,2407.51
TXN-006049,2022-04-23,Operations,LATAM,Completed,4686.88,2539.23
TXN-006050,2023-04-10,Customer Support,APAC,Completed,5949.91,2580.85
TXN-006051,2022-03-06,Sales,LATAM,Pending,2487.36,492.86
TXN-006052,2023-12-21,Customer Support,EMEA,Completed,5268.01,3511.5
TXN-006053,2023-03-03,Sales,EMEA,Pending,5094.97,959.74
TXN-006054,2023-08-09,Engineering,LATAM,Completed,5887.37,2513.03
TXN-006055,2023-05-12,Engineering,North America,Failed,4982.38,2601.84
TXN-006056,2023-03-24,Sales,APAC,Failed,4650.32,2070.76
TXN-006057,2022-05-13,Sales,LATAM,Completed,6234.73,1966.51
TXN-006058,2023-03-26,Operations,EMEA,Completed,7424.76,1972.53
TXN-006059,2022-12-19,Customer Support,APAC,Pending,6218.64,818.51
TXN-006060,2023-11-06,Sales,EMEA,Completed,5755.36,1497.47
TXN-006061,2023-07-06,Operations,APAC,Completed,5609.61,1391.27
TXN-006062,2022-01-24,Sales,EMEA,Completed,3228.33,1786.42
TXN-006063,2022-08-25,Marketing,LATAM,Completed,7497.99,1220.27
TXN-006064,2022-10-09,Customer Support,LATAM,Completed,3312.53,976.4
TXN-006065,2023-07-16,Engineering,APAC,Failed,4824.28,2417.48
TXN-006066,2022-12-28,Customer Support,EMEA,Completed,4034.94,2196.25
TXN-006067,2022-05-21,Operations,APAC,Failed,5060.17,1710.99
TXN-006068,2023-02-11,Sales,EMEA,Failed,5012.89,1552.71
TXN-006069,2022-09-18,Marketing,North America,Completed,4506.45,2888.85
TXN-006070,2023-08-02,Operations,North America,Completed,7306.66,2832.6
TXN-006071,2023-01-15,Marketing,North America,Completed,5541.85,2933.4
TXN-006072,2023-06-05,Marketing,APAC,Pending,3521.47,8600.716136453895
TXN-006073,2023-08-03,Marketing,North America,Pending,3899.01,1401.05
TXN-006074,2023-07-23,Marketing,North America,Completed,4862.61,2737.76
TXN-006075,2023-08-27,Customer Support,LATAM,Completed,4992.97,476.77
TXN-006076,2023-10-05,Engineering,APAC,Pending,3867.38,2772.22
TXN-006077,2022-07-24,Sales,LATAM,Pending,2561.58,3223.86
TXN-006078,2023-06-03,Customer Support,LATAM,Completed,3773.24,1194.52
TXN-006079,2022-10-24,Marketing,LATAM,Completed,6044.37,3032.8
TXN-006080,2023-12-07,Marketing,North America,Completed,2531.84,517.59
TXN-006081,2022-05-31,Engineering,APAC,Failed,3734.27,1617.92
TXN-006082,2022-05-25,Marketing,North America,Pending,8523.06,2011.91
TXN-006083,2022-07-30,Engineering,APAC,Failed,6771.54,1010.35
TXN-006084,2022-10-04,Operations,LATAM,Failed,4800.76,1763.19
TXN-006085,2023-11-15,Customer Support,North America,Failed,3260.96,2345.0
TXN-006086,2023-02-06,Operations,North America,Completed,,2293.83
TXN-006087,2022-11-11,Customer Support,EMEA,Completed,6084.13,1860.14
TXN-006088,2022-01-12,Customer Support,APAC,Completed,5152.91,1014.58
TXN-006089,2022-08-13,Sales,LATAM,Pending,5469.51,1368.53
TXN-006090,2022-01-29,Engineering,EMEA,Failed,5227.0,2125.54
TXN-006091,2023-01-25,Sales,North America,Completed,4327.67,1845.46
TXN-006092,2022-10-11,Engineering,APAC,Failed,4374.99,2945.61
TXN-006093,2023-01-26,Operations,APAC,Completed,5025.13,851.88
TXN-006094,2022-07-17,Marketing,EMEA,Completed,5200.22,1914.42
TXN-006095,2023-09-09,Marketing,APAC,Completed,6169.08,1963.53
TXN-006096,2023-03-02,Engineering,APAC,Pending,3819.52,2706.06
TXN-006097,2023-02-26,Sales,EMEA,Completed,5877.48,2403.66
TXN-006098,2023-02-19,Sales,APAC,Completed,5251.05,1960.47
TXN-006099,2023-05-01,Customer Support,EMEA,Failed,5948.19,103.31
TXN-006100,2022-10-07,Operations,LATAM,Completed,6376.26,1233.6
TXN-006101,2023-09-17,Marketing,LATAM,Completed,5190.42,2227.45
TXN-006102,2023-08-11,Sales,APAC,Completed,4094.31,2269.69
TXN-006103,2022-04-16,Sales,APAC,Completed,6526.12,2732.84
TXN-006104,2022-01-09,Marketing,APAC,Completed,6377.84,1411.25
TXN-006105,2023-08-26,Operations,LATAM,Completed,6588.57,2006.51
TXN-006106,2023-10-08,Operations,North America,Failed,6748.52,1423.1
TXN-006107,2023-12-01,Marketing,EMEA,Completed,6047.74,1878.2
TXN-006108,2023-08-04,Marketing,North America,Completed,6503.3,2152.43
TXN-006109,2023-12-20,Sales,LATAM,Pending,4600.81,2702.88
TXN-006110,2022-07-16,Customer Support,EMEA,Pending,4464.47,2887.81
TXN-006111,2023-03-05,Operations,North America,Pending,4364.48,3351.79
TXN-006112,2023-01-12,Engineering,North America,Failed,7250.3,1540.63
TXN-006113,2023-03-20,Operations,APAC,Completed,6331.78,1613.82
TXN-006114,2022-08-23,Engineering,EMEA,Pending,3167.43,2356.71
TXN-006115,2023-03-31,Engineering,North America,Completed,6798.0,1982.96
TXN-006116,2022-05-19,Operations,APAC,Pending,3874.62,565.19
TXN-006117,2023-04-26,Sales,LATAM,Completed,2208.55,2420.17
TXN-006118,2023-02-20,Sales,North America,Pending,5233.01,2165.93
TXN-006119,2023-09-03,Marketing,EMEA,Completed,5735.41,4444.59
TXN-006120,2023-04-08,Sales,North America,Completed,3297.34,0.15
TXN-006121,2022-07-22,Sales,LATAM,Completed,8726.61,1580.12
TXN-006122,2023-07-01,Sales,EMEA,Completed,6378.44,1579.55
TXN-006123,2022-10-31,Sales,LATAM,Completed,4120.09,2473.87
TXN-006124,2022-03-28,Customer Support,APAC,Completed,5637.63,1702.82
TXN-006125,2022-03-08,Customer Support,North America,Completed,3188.11,1379.43
TXN-006126,2023-10-01,Operations,APAC,Pending,5243.36,3254.6
TXN-006127,2022-04-20,Marketing,APAC,Pending,4501.06,2002.56
TXN-006128,2022-07-26,Marketing,North America,Pending,812.38,1742.3
TXN-006129,2023-01-10,Sales,EMEA,Failed,7429.6,1747.54
TXN-006130,2023-06-19,Operations,APAC,Completed,3049.28,522.21
TXN-006131,2022-01-18,Operations,North America,Completed,7584.56,1637.82
TXN-006132,2022-06-09,Marketing,LATAM,Pending,4617.23,2053.58
TXN-006133,2022-06-09,Customer Support,North America,Completed,4587.57,725.32
TXN-006134,2022-07-23,Customer Support,North America,Completed,2682.55,1789.18
TXN-006135,2023-04-08,Engineering,APAC,Completed,,1205.83
TXN-006136,2022-03-24,Engineering,APAC,Completed,7642.02,1544.81
TXN-006137,2022-12-15,Marketing,North America,Completed,3414.76,587.79
TXN-006138,2022-08-10,Operations,APAC,Failed,4830.21,1717.42
TXN-006139,2023-04-25,Sales,North America,Completed,,3024.36
TXN-006140,2022-07-02,Marketing,North America,Failed,6296.21,1733.57
TXN-006141,2023-09-04,Marketing,North America,Completed,5167.69,2334.34
TXN-006142,2023-02-22,Operations,LATAM,Completed,4127.59,1991.8
TXN-006143,2022-07-30,Marketing,North America,Failed,5572.95,2470.06
TXN-006144,2022-04-11,Marketing,APAC,Pending,5040.8,2324.59
TXN-006145,2023-10-24,Customer Support,North America,Completed,5800.04,346.04
TXN-006146,2022-09-14,Engineering,EMEA,Completed,4667.04,1753.42
TXN-006147,2022-08-15,Marketing,EMEA,Failed,5345.08,
TXN-006148,2022-07-06,Customer Support,EMEA,Completed,7167.19,2779.99
TXN-006149,2022-04-29,Engineering,APAC,Completed,6058.65,980.6
TXN-006150,2023-09-14,Sales,North America,Completed,3724.42,1099.81
TXN-006151,2022-09-27,Customer Support,EMEA,Failed,5391.38,1640.98
TXN-006152,2022-10-24,Engineering,EMEA,Completed,3878.11,2469.65
TXN-006153,2022-09-02,Operations,North America,Failed,1133.66,1274.38
TXN-006154,2023-05-09,Marketing,LATAM,Failed,3672.09,2280.82
TXN-006155,2022-09-30,Customer Support,APAC,Completed,4558.45,1540.07
TXN-006156,2022-10-05,Marketing,APAC,Failed,5939.03,1461.92
TXN-006157,2023-12-19,Customer Support,APAC,Completed,6478.66,1939.81
TXN-006158,2022-03-23,Marketing,North America,Completed,8786.07,2935.26
TXN-006159,2023-07-03,Marketing,EMEA,Completed,6936.18,1297.57
TXN-006160,2023-09-08,Sales,APAC,Failed,6337.85,1451.27
TXN-006161,2023-07-01,Engineering,EMEA,Failed,3310.94,3220.03
TXN-006162,2022-02-23,Customer Support,APAC,Pending,3213.4,1550.53
TXN-006163,2022-10-09,Operations,APAC,Completed,4451.56,1696.04
TXN-006164,2023-05-26,Operations,North America,Completed,2311.48,1929.06
TXN-006165,2023-11-18,Marketing,North America,Completed,3531.71,2159.62
TXN-006166,2022-08-30,Customer Support,LATAM,Completed,6592.92,1237.44
TXN-006167,2023-04-06,Customer Support,APAC,Completed,5065.34,1422.48
TXN-006168,2022-10-31,Engineering,LATAM,Completed,6752.82,1175.22
TXN-006169,2022-11-17,Customer Support,EMEA,Completed,4671.26,1066.2
TXN-006170,2023-01-24,Sales,APAC,Failed,2211.3,2950.91
TXN-006171,2023-10-22,Customer Support,North America,Failed,4966.37,941.31
TXN-006172,2023-03-07,Sales,North America,Pending,3366.44,3015.3
TXN-006173,2022-10-22,Operations,EMEA,Completed,3661.01,1884.78
TXN-006174,2022-01-01,Marketing,EMEA,Failed,6158.18,1080.02
TXN-006175,2022-05-27,Customer Support,APAC,Completed,3782.56,
TXN-006176,2022-05-24,Marketing,North America,Pending,5261.71,2728.68
TXN-006177,2022-03-21,Customer Support,EMEA,Pending,3042.18,2751.99
TXN-006178,2023-03-05,Customer Support,LATAM,Failed,3499.47,2378.64
TXN-006179,2022-06-27,Engineering,APAC,Completed,3109.62,2627.32
TXN-006180,2022-02-18,Engineering,LATAM,Completed,5106.91,1339.95
TXN-006181,2022-04-25,Engineering,EMEA,Completed,5964.66,1637.76
TXN-006182,2022-07-09,Engineering,North America,Completed,4266.46,3488.01
TXN-006183,2023-04-09,Customer Support,EMEA,Completed,8647.72,1642.79
TXN-006184,2022-02-11,Operations,LATAM,Pending,4809.5,1795.39
TXN-006185,2023-01-11,Marketing,North America,Pending,5119.49,1158.93
TXN-006186,2023-12-11,Operations,LATAM,Failed,6925.18,1785.47
TXN-006187,2022-09-26,Operations,APAC,Failed,4981.31,2828.28
TXN-006188,2023-12-21,Engineering,LATAM,Pending,4515.05,1425.92
TXN-006189,2022-07-27,Marketing,APAC,Completed,4575.44,2843.61
TXN-006190,2022-05-01,Operations,EMEA,Failed,5209.03,861.84
TXN-006191,2023-04-17,Sales,APAC,Completed,5499.59,2760.01
TXN-006192,2023-09-03,Operations,North America,Pending,3700.82,3069.97
TXN-006193,2023-10-11,Engineering,LATAM,Completed,4213.72,2212.27
TXN-006194,2023-10-04,Customer Support,LATAM,Pending,4650.99,1604.58
TXN-006195,2023-06-22,Engineering,APAC,Failed,3713.11,1821.63
TXN-006196,2023-03-29,Marketing,APAC,Completed,5057.24,2370.01
TXN-006197,2022-09-04,Customer Support,North America,Completed,2658.7,2021.39
TXN-006198,2023-11-10,Engineering,EMEA,Completed,4581.82,1460.71
TXN-006199,2023-01-17,Sales,APAC,Completed,4911.43,1461.09
TXN-006200,2022-08-18,Marketing,APAC,Completed,5690.03,401.46
TXN-006201,2022-03-20,Engineering,APAC,Completed,5100.32,1058.24
TXN-006202,2023-05-22,Operations,EMEA,Completed,,1930.04
TXN-006203,2022-10-10,Marketing,APAC,Completed,5583.45,1079.96
TXN-006204,2023-01-08,Engineering,LATAM,Failed,4258.69,1482.48
TXN-006205,2023-04-18,Customer Support,LATAM,Pending,,887.12
TXN-006206,2023-01-05,Customer Support,North America,Completed,7072.52,2486.26
TXN-006207,2023-03-09,Sales,North America,Completed,2052.63,2584.27
TXN-006208,2023-12-03,Marketing,North America,Completed,5770.88,547.53
TXN-006209,2022-05-07,Engineering,North America,Failed,2294.49,2685.42
TXN-006210,2023-10-22,Sales,North America,Completed,5692.96,792.62
TXN-006211,2022-05-01,Engineering,North America,Completed,4228.76,1228.27
TXN-006212,2023-03-11,Customer Support,North America,Completed,,405.1
TXN-006213,2023-12-04,Customer Support,North America,Pending,4359.46,1667.55
TXN-006214,2022-08-17,Operations,LATAM,Completed,5730.33,2486.05
TXN-006215,2022-04-15,Engineering,LATAM,Pending,5354.52,3559.85
TXN-006216,2023-08-11,Sales,APAC,Completed,5809.67,469.4
TXN-006217,2023-09-30,Operations,North America,Failed,5379.83,2183.59
TXN-006218,2023-09-17,Operations,EMEA,Completed,3932.05,2275.38
TXN-006219,2023-06-06,Engineering,North America,Completed,5864.17,1834.82
TXN-006220,2023-12-24,Customer Support,LATAM,Completed,1901.52,564.26
TXN-006221,2022-01-20,Engineering,LATAM,Pending,4967.0,2034.32
TXN-006222,2023-05-29,Engineering,APAC,Completed,7475.8,7004.9439818647415
TXN-006223,2023-10-18,Customer Support,LATAM,Pending,4981.65,1031.64
TXN-006224,2023-07-26,Customer Support,LATAM,Completed,,2125.66
TXN-006225,2023-01-26,Customer Support,EMEA,Pending,4917.85,2008.02
TXN-006226,2023-10-27,Customer Support,North America,Completed,5591.16,1592.23
TXN-006227,2023-11-03,Operations,LATAM,Completed,,1535.97
TXN-006228,2023-02-04,Sales,LATAM,Pending,4786.26,3828.05
TXN-006229,2023-01-31,Customer Support,APAC,Failed,6308.73,2564.65
TXN-006230,2022-04-29,Sales,EMEA,Failed,2700.81,652.53
TXN-006231,2023-04-20,Operations,LATAM,Pending,5089.11,2444.49
TXN-006232,2022-12-16,Sales,EMEA,Completed,6483.68,1974.41
TXN-006233,2023-03-22,Customer Support,LATAM,Completed,6194.59,2454.9
TXN-006234,2022-03-24,Customer Support,LATAM,Completed,7604.99,2107.15
TXN-006235,2022-06-19,Customer Support,LATAM,Completed,3894.1,737.76
TXN-006236,2022-12-11,Customer Support,North America,Completed,6239.09,1239.16
TXN-006237,2022-11-29,Marketing,North America,Completed,6663.7,1219.07
TXN-006238,2023-11-24,Customer Support,APAC,Failed,5020.15,2020.9
TXN-006239,2023-09-06,Operations,LATAM,Completed,3877.43,2379.8
TXN-006240,2023-08-19,Sales,APAC,Failed,5793.88,922.08
TXN-006241,2023-07-17,Sales,APAC,Pending,4883.1,1771.51
TXN-006242,2022-01-22,Customer Support,North America,Completed,5355.87,1405.65
TXN-006243,2022-10-23,Customer Support,APAC,Completed,5998.38,2968.01
TXN-006244,2022-06-04,Engineering,LATAM,Completed,3986.65,1172.51
TXN-006245,2023-08-11,Sales,North America,Pending,4796.03,2227.16
TXN-006246,2022-02-05,Engineering,EMEA,Completed,5179.97,1727.01
TXN-006247,2022-09-03,Marketing,LATAM,Completed,1980.41,3330.12
TXN-006248,2023-09-09,Engineering,North America,Pending,4272.19,2684.07
TXN-006249,2023-12-27,Sales,North America,Failed,5455.49,2048.2
TXN-006250,2022-03-09,Sales,LATAM,Failed,1482.85,3249.25
TXN-006251,2022-11-24,Engineering,North America,Failed,6257.01,0.0
TXN-006252,2022-09-10,Sales,APAC,Failed,4786.06,3258.95
TXN-006253,2022-01-22,Marketing,LATAM,Completed,5145.54,2422.36
TXN-006254,2023-08-25,Sales,APAC,Pending,5016.88,1457.59
TXN-006255,2022-02-25,Sales,EMEA,Completed,7712.38,3777.28
TXN-006256,2023-02-11,Customer Support,North America,Pending,4974.27,2699.14
TXN-006257,2023-09-16,Customer Support,APAC,Failed,4384.92,2617.54
TXN-006258,2023-07-13,Sales,North America,Completed,6001.19,780.21
TXN-006259,2023-07-07,Operations,APAC,Completed,6245.73,1999.79
TXN-006260,2022-08-14,Customer Support,EMEA,Failed,7383.94,1538.39
TXN-006261,2022-03-11,Operations,EMEA,Completed,5086.6,1903.19
TXN-006262,2023-04-17,Operations,APAC,Failed,5705.89,1888.95
TXN-006263,2022-11-04,Sales,APAC,Completed,3018.97,2031.97
TXN-006264,2022-01-22,Sales,LATAM,Failed,6182.52,1749.69
TXN-006265,2022-11-25,Engineering,North America,Pending,5404.2,2247.76
TXN-006266,2022-01-01,Marketing,EMEA,Pending,5115.51,1759.52
TXN-006267,2023-10-03,Sales,North America,Completed,6060.5,2611.94
TXN-006268,2023-02-07,Engineering,North America,Completed,,3726.8
TXN-006269,2022-08-11,Customer Support,EMEA,Pending,3182.34,1068.91
TXN-006270,2022-11-03,Marketing,North America,Failed,7042.3,1952.67
TXN-006271,2023-01-30,Sales,North America,Failed,7158.68,1432.49
TXN-006272,2022-07-04,Marketing,North America,Completed,7868.04,3598.75
TXN-006273,2023-12-04,Operations,North America,Completed,4629.34,2233.83
TXN-006274,2023-05-31,Engineering,North America,Failed,8535.71,2314.98
TXN-006275,2023-07-23,Sales,North America,Failed,6038.77,1490.25
TXN-006276,2022-01-06,Sales,APAC,Pending,4726.92,2581.67
TXN-006277,2022-12-05,Marketing,APAC,Failed,5186.46,1980.24
TXN-006278,2023-11-30,Sales,EMEA,Completed,4481.54,2867.35
TXN-006279,2023-04-25,Marketing,LATAM,Failed,5077.17,
TXN-006280,2022-11-02,Sales,EMEA,Failed,3577.14,1439.15
TXN-006281,2022-04-25,Marketing,APAC,Completed,5656.98,2552.37
TXN-006282,2022-09-02,Sales,LATAM,Failed,2368.28,964.76
TXN-006283,2022-05-26,Marketing,LATAM,Failed,5387.29,2234.84
TXN-006284,2023-01-05,Operations,LATAM,Completed,4962.84,3207.92
TXN-006285,2022-10-01,Marketing,North America,Pending,3522.91,2249.71
TXN-006286,2022-04-08,Operations,APAC,Pending,5067.43,2971.17
TXN-006287,2023-04-06,Operations,North America,Completed,4441.22,3097.82
TXN-006288,2022-04-28,Engineering,EMEA,Completed,8735.44,1878.08
TXN-006289,2023-09-04,Customer Support,EMEA,Pending,3802.98,2220.11
TXN-006290,2023-07-11,Engineering,EMEA,Completed,5812.28,1756.25
TXN-006291,2022-06-17,Operations,EMEA,Pending,5820.24,3460.12
TXN-006292,2023-02-08,Engineering,North America,Completed,4181.32,2433.15
TXN-006293,2023-03-13,Customer Support,APAC,Completed,3836.48,2061.18
TXN-006294,2023-09-13,Marketing,North America,Pending,4599.66,2049.08
TXN-006295,2023-11-14,Customer Support,LATAM,Completed,5171.7,2050.43
TXN-006296,2022-04-04,Engineering,LATAM,Completed,4475.52,1982.79
TXN-006297,2023-12-18,Marketing,APAC,Failed,5728.56,2260.03
TXN-006298,2023-12-22,Customer Support,APAC,Failed,9117.62,2550.46
TXN-006299,2022-02-28,Engineering,EMEA,Completed,5710.75,1905.37
TXN-006300,2022-10-31,Engineering,APAC,Completed,,1952.26
TXN-006301,2023-03-03,Marketing,North America,Completed,6773.47,1496.11
TXN-006302,2022-11-20,Operations,APAC,Completed,7513.55,2567.01
TXN-006303,2022-07-28,Operations,APAC,Failed,5295.68,2913.55
TXN-006304,2022-07-21,Engineering,EMEA,Pending,4544.13,2114.0
TXN-006305,2022-02-06,Engineering,APAC,Completed,6340.07,2708.91
TXN-006306,2023-05-29,Sales,APAC,Completed,3909.68,9173.817620074768
TXN-006307,2023-11-30,Sales,LATAM,Completed,5382.59,1235.52
TXN-006308,2023-10-21,Operations,North America,Pending,5848.62,1569.13
TXN-006309,2023-03-08,Marketing,North America,Completed,5995.74,1291.57
TXN-006310,2023-06-07,Sales,APAC,Completed,7580.54,13513.212493050149
TXN-006311,2022-04-16,Operations,LATAM,Completed,6409.0,846.41
TXN-006312,2022-02-12,Customer Support,EMEA,Completed,4684.83,2422.02
TXN-006313,2023-09-08,Customer Support,LATAM,Pending,4739.81,1997.13
TXN-006314,2023-10-07,Operations,North America,Completed,6058.26,1427.0
TXN-006315,2023-02-16,Customer Support,APAC,Completed,6712.23,2403.51
TXN-006316,2022-06-10,Customer Support,EMEA,Completed,2329.28,1178.99
TXN-006317,2023-07-01,Sales,APAC,Completed,5959.0,2727.06
TXN-006318,2022-11-21,Operations,APAC,Completed,4373.63,175.89
TXN-006319,2023-09-16,Engineering,EMEA,Completed,5403.09,2681.7
TXN-006320,2022-12-01,Sales,North America,Completed,,2690.97
TXN-006321,2023-12-25,Engineering,LATAM,Completed,3710.92,2362.36
TXN-006322,2023-09-28,Marketing,North America,Pending,3261.51,2713.82
TXN-006323,2022-04-29,Marketing,APAC,Pending,6009.24,3198.74
TXN-006324,2023-11-23,Operations,EMEA,Pending,4196.55,1951.09
TXN-006325,2023-08-07,Customer Support,LATAM,Completed,4385.17,2729.96
TXN-006326,2023-08-07,Sales,North America,Completed,6127.61,1732.49
TXN-006327,2022-01-24,Sales,North America,Completed,4698.56,1092.91
TXN-006328,2023-02-17,Operations,LATAM,Failed,3460.0,2074.03
TXN-006329,2023-04-09,Customer Support,North America,Failed,5805.02,1198.17
TXN-006330,2023-09-30,Operations,APAC,Completed,4143.51,1994.32
TXN-006331,2023-02-08,Sales,LATAM,Pending,4791.02,2716.49
TXN-006332,2022-11-26,Engineering,APAC,Completed,8147.32,2379.29
TXN-006333,2022-10-16,Marketing,EMEA,Failed,4823.82,1587.88
TXN-006334,2023-03-05,Engineering,EMEA,Completed,4153.33,1917.93
TXN-006335,2022-06-16,Marketing,North America,Pending,5177.39,1245.95
TXN-006336,2023-05-17,Operations,EMEA,Completed,3614.89,955.75
TXN-006337,2022-11-22,Engineering,North America,Failed,6113.69,1430.84
TXN-006338,2023-11-10,Engineering,North America,Completed,6009.81,2786.96
TXN-006339,2023-07-07,Operations,EMEA,Failed,4245.39,2936.79
TXN-006340,2022-02-01,Engineering,EMEA,Pending,5058.38,1316.21
TXN-006341,2023-10-21,Sales,EMEA,Completed,5100.79,3152.72
TXN-006342,2022-02-09,Marketing,North America,Failed,4349.31,2117.58
TXN-006343,2023-09-10,Customer Support,North America,Pending,7850.23,4011.46
TXN-006344,2022-06-06,Operations,APAC,Completed,4352.72,1152.36
TXN-006345,2023-02-14,Sales,APAC,Pending,3590.39,2071.89
TXN-006346,2023-12-23,Customer Support,EMEA,Failed,4225.7,2194.94
TXN-006347,2022-08-06,Operations,APAC,Completed,4688.07,2102.03
TXN-006348,2022-12-09,Marketing,North America,Pending,4439.92,1441.04
TXN-006349,2022-05-27,Operations,LATAM,Completed,4601.65,2642.05
TXN-006350,2023-07-19,Sales,LATAM,Completed,4923.8,2170.62
TXN-006351,2022-04-12,Operations,EMEA,Pending,4939.79,2154.87
TXN-006352,2023-03-15,Marketing,LATAM,Pending,6299.53,2219.89
TXN-006353,2023-12-14,Engineering,LATAM,Pending,6407.82,2310.53
TXN-006354,2023-06-30,Operations,APAC,Completed,5734.52,2298.74
TXN-006355,2022-05-31,Customer Support,LATAM,Completed,5207.29,837.77
TXN-006356,2022-09-01,Engineering,EMEA,Completed,4835.51,2908.9
TXN-006357,2023-08-06,Sales,EMEA,Completed,3385.66,2975.66
TXN-006358,2023-11-13,Customer Support,APAC,Completed,6394.68,1497.45
TXN-006359,2022-08-21,Engineering,LATAM,Failed,6596.59,1795.47
TXN-006360,2023-12-27,Engineering,LATAM,Failed,4684.41,2064.62
TXN-006361,2022-06-15,Sales,APAC,Completed,2959.74,1576.93
TXN-006362,2023-01-07,Marketing,North America,Failed,4260.5,3068.77
TXN-006363,2023-06-05,Customer Support,EMEA,Pending,6511.94,1791.06
TXN-006364,2022-08-10,Marketing,LATAM,Completed,6688.14,2260.58
TXN-006365,2023-12-21,Sales,APAC,Completed,7160.18,2860.04
TXN-006366,2022-10-31,Marketing,EMEA,Failed,6000.15,2476.75
TXN-006367,2023-05-10,Sales,APAC,Completed,3971.89,13348.490282893454
TXN-006368,2022-11-17,Operations,EMEA,Completed,3942.73,3376.57
TXN-006369,2023-04-25,Operations,EMEA,Completed,3134.33,2206.99
TXN-006370,2022-06-30,Operations,EMEA,Pending,3673.66,3796.65
TXN-006371,2022-01-07,Sales,LATAM,Completed,8464.71,2492.3
TXN-006372,2022-09-11,Customer Support,EMEA,Completed,6312.44,3279.46
TXN-006373,2023-04-06,Sales,EMEA,Failed,4568.14,2218.1
TXN-006374,2023-06-13,Operations,North America,Pending,4813.56,3149.84
TXN-006375,2022-08-08,Customer Support,North America,Failed,4836.32,1968.3
TXN-006376,2023-03-06,Operations,EMEA,Pending,5321.38,1983.45
TXN-006377,2023-02-28,Engineering,LATAM,Failed,6558.0,2195.82
TXN-006378,2023-08-27,Marketing,LATAM,Completed,3698.28,2162.57
TXN-006379,2022-06-22,Marketing,EMEA,Completed,2816.73,3599.73
TXN-006380,2023-06-01,Marketing,APAC,Completed,5749.11,11379.762180779708
TXN-006381,2022-01-01,Engineering,APAC,Completed,6007.5,2584.22
TXN-006382,2022-04-22,Operations,North America,Completed,6078.93,1857.17
TXN-006383,2023-06-15,Engineering,North America,Pending,4724.78,1643.51
TXN-006384,2023-03-03,Engineering,LATAM,Pending,6200.74,1847.97
TXN-006385,2023-12-26,Customer Support,EMEA,Completed,4337.66,1578.26
TXN-006386,2022-03-12,Operations,LATAM,Failed,6746.4,1970.21
TXN-006387,2023-06-23,Engineering,APAC,Completed,4992.12,2056.28
TXN-006388,2022-02-10,Operations,EMEA,Pending,4312.13,2447.27
TXN-006389,2022-10-08,Marketing,EMEA,Completed,5720.46,3077.9
TXN-006390,2023-07-16,Marketing,LATAM,Completed,6115.39,2703.83
TXN-006391,2022-09-27,Customer Support,EMEA,Completed,5903.21,2633.59
TXN-006392,2023-06-11,Customer Support,APAC,Failed,4701.55,7765.759136664405
TXN-006393,2022-01-19,Engineering,North America,Completed,6119.46,
TXN-006394,2022-05-31,Marketing,North America,Pending,2216.48,2896.78
TXN-006395,2023-12-07,Engineering,LATAM,Completed,5672.6,458.03
TXN-006396,2023-09-24,Sales,North America,Completed,5503.75,960.39
TXN-006397,2023-05-02,Customer Support,APAC,Completed,5512.74,11223.802188667265
TXN-006398,2023-09-15,Operations,EMEA,Pending,4941.35,2309.64
TXN-006399,2022-08-05,Sales,North America,Failed,5434.34,2028.66
TXN-006400,2023-04-03,Engineering,North America,Failed,,1955.46
TXN-006401,2022-07-20,Customer Support,EMEA,Completed,5073.4,2387.47
TXN-006402,2023-04-22,Sales,North America,Failed,3247.18,1664.75
TXN-006403,2022-09-04,Sales,North America,Completed,5373.13,3623.88
TXN-006404,2023-09-18,Customer Support,EMEA,Completed,4640.56,1912.66
TXN-006405,2023-10-01,Sales,North America,Completed,5751.82,2778.52
TXN-006406,2022-08-03,Sales,APAC,Failed,2911.22,3164.13
TXN-006407,2023-11-26,Marketing,LATAM,Completed,5821.95,1175.19
TXN-006408,2023-08-09,Engineering,North America,Completed,8437.51,1314.13
TXN-006409,2023-03-14,Engineering,LATAM,Pending,5140.63,833.71
TXN-006410,2023-01-16,Marketing,APAC,Completed,5813.24,2296.09
TXN-006411,2022-06-26,Customer Support,APAC,Completed,4503.88,1588.95
TXN-006412,2022-07-19,Operations,North America,Failed,,2768.97
TXN-006413,2023-08-08,Customer Support,North America,Completed,5845.03,2874.88
TXN-006414,2022-05-03,Marketing,EMEA,Failed,6533.87,2485.43
TXN-006415,2022-08-09,Engineering,APAC,Failed,4073.73,807.79
TXN-006416,2022-08-01,Operations,LATAM,Completed,3642.06,1964.56
TXN-006417,2022-10-24,Operations,APAC,Failed,3210.27,1307.55
TXN-006418,2023-12-27,Sales,LATAM,Pending,6122.71,726.42
TXN-006419,2023-01-29,Sales,North America,Failed,4985.38,926.08
TXN-006420,2022-11-30,Marketing,EMEA,Pending,5635.97,1794.93
TXN-006421,2022-08-27,Customer Support,LATAM,Completed,,1033.9
TXN-006422,2022-09-16,Marketing,APAC,Completed,3539.72,1226.43
TXN-006423,2023-01-29,Engineering,North America,Completed,6842.09,2235.48
TXN-006424,2023-11-26,Marketing,APAC,Completed,5187.74,1732.6
TXN-006425,2022-05-04,Sales,North America,Failed,3688.77,19.11
TXN-006426,2023-05-13,Operations,EMEA,Failed,3601.61,3539.05
TXN-006427,2022-04-02,Customer Support,LATAM,Failed,4794.51,2423.48
TXN-006428,2022-07-02,Operations,LATAM,Completed,8066.87,1967.61
TXN-006429,2022-04-06,Sales,EMEA,Pending,5218.53,840.61
TXN-006430,2022-11-07,Customer Support,LATAM,Failed,5329.58,2741.29
TXN-006431,2022-10-30,Engineering,APAC,Completed,7179.86,2793.9
TXN-006432,2023-10-20,Marketing,APAC,Completed,7207.01,2815.88
TXN-006433,2023-10-30,Customer Support,North America,Failed,4885.28,1440.78
TXN-006434,2022-09-19,Customer Support,EMEA,Completed,,1620.34
TXN-006435,2022-09-17,Customer Support,EMEA,Pending,3923.37,3590.36
TXN-006436,2022-01-09,Marketing,APAC,Completed,4137.16,3046.5
TXN-006437,2022-01-15,Marketing,APAC,Completed,3940.66,1774.67
TXN-006438,2022-12-26,Sales,North America,Pending,6268.55,3502.93
TXN-006439,2023-10-30,Customer Support,APAC,Pending,5942.44,1674.06
TXN-006440,2023-05-29,Engineering,North America,Completed,7146.55,3248.91
TXN-006441,2023-06-07,Marketing,APAC,Completed,3589.19,6735.898953454682
TXN-006442,2022-10-03,Marketing,North America,Completed,5810.14,1132.12
TXN-006443,2022-03-07,Operations,EMEA,Completed,3726.41,1975.67
TXN-006444,2022-12-11,Sales,North America,Completed,2415.6,1246.88
TXN-006445,2022-06-12,Operations,APAC,Failed,4518.68,1795.19
TXN-006446,2023-05-01,Engineering,APAC,Completed,6800.6,2004.72
TXN-006447,2023-09-10,Sales,North America,Completed,5025.18,1599.31
TXN-006448,2023-02-05,Operations,North America,Failed,2357.42,2646.26
TXN-006449,2023-08-02,Customer Support,EMEA,Completed,2417.1,1248.52
TXN-006450,2022-02-15,Marketing,EMEA,Completed,6946.14,2101.93
TXN-006451,2023-06-10,Marketing,APAC,Completed,5223.62,7869.969618788996
TXN-006452,2022-12-26,Customer Support,North America,Completed,5267.79,1788.74
TXN-006453,2022-06-18,Sales,APAC,Failed,7754.08,3326.08
TXN-006454,2023-11-16,Sales,APAC,Completed,6164.32,1232.98
TXN-006455,2023-12-30,Marketing,EMEA,Completed,4910.62,1324.96
TXN-006456,2023-12-11,Operations,North America,Pending,5000.23,1696.27
TXN-006457,2023-02-05,Sales,APAC,Pending,4015.17,4146.76
TXN-006458,2023-09-30,Marketing,North America,Completed,6685.87,1378.9
TXN-006459,2023-09-04,Operations,EMEA,Failed,4539.02,3024.21
TXN-006460,2023-03-06,Engineering,APAC,Pending,4573.57,1257.43
TXN-006461,2023-05-08,Engineering,North America,Completed,3189.0,1156.22
TXN-006462,2023-08-20,Operations,North America,Completed,4164.32,1520.25
TXN-006463,2023-10-25,Marketing,LATAM,Completed,5058.01,2872.27
TXN-006464,2022-09-05,Engineering,EMEA,Completed,5962.21,218.67
TXN-006465,2022-11-11,Operations,North America,Completed,,2096.73
TXN-006466,2022-11-12,Sales,APAC,Completed,4268.95,3100.68
TXN-006467,2023-06-16,Marketing,APAC,Completed,3541.62,3489.34
TXN-006468,2022-01-24,Sales,North America,Completed,5660.87,837.2
TXN-006469,2022-12-04,Sales,North America,Completed,5404.52,1306.95
TXN-006470,2023-01-14,Customer Support,EMEA,Completed,7694.87,1881.15
TXN-006471,2023-02-27,Operations,LATAM,Failed,6701.94,1998.84
TXN-006472,2023-01-14,Engineering,APAC,Completed,3403.75,1834.12
TXN-006473,2023-03-31,Sales,North America,Completed,3708.13,683.9
TXN-006474,2022-08-13,Sales,North America,Failed,5273.63,1492.54
TXN-006475,2023-03-19,Marketing,EMEA,Completed,6289.36,1640.96
TXN-006476,2022-01-10,Operations,North America,Pending,1776.27,1000.5
TXN-006477,2023-07-16,Operations,APAC,Completed,3861.12,1053.42
TXN-006478,2023-02-20,Operations,EMEA,Pending,2683.74,1714.15
TXN-006479,2022-03-02,Engineering,APAC,Completed,5504.56,1262.43
TXN-006480,2022-09-02,Sales,North America,Completed,6768.02,1743.98
TXN-006481,2022-03-04,Sales,EMEA,Failed,6304.46,845.6
TXN-006482,2022-05-03,Operations,APAC,Completed,5713.94,1820.25
TXN-006483,2023-12-05,Sales,North America,Completed,6702.04,1450.88
TXN-006484,2022-06-15,Marketing,APAC,Completed,7669.95,1731.8
TXN-006485,2023-08-22,Engineering,LATAM,Completed,5546.31,2506.54
TXN-006486,2023-05-20,Customer Support,APAC,Completed,5400.9,5859.93926666324
TXN-006487,2023-02-11,Customer Support,LATAM,Pending,7601.05,1470.3
TXN-006488,2023-02-03,Marketing,North America,Pending,3181.65,3206.1
TXN-006489,2022-05-12,Engineering,LATAM,Pending,6640.26,1369.87
TXN-006490,2022-04-25,Customer Support,EMEA,Pending,3113.58,1634.36
TXN-006491,2023-04-02,Engineering,EMEA,Completed,5790.0,3599.97
TXN-006492,2023-02-06,Marketing,LATAM,Completed,5224.9,1715.42
TXN-006493,2023-03-04,Sales,North America,Completed,4361.05,1681.57
TXN-006494,2023-10-02,Operations,North America,Completed,3512.3,1760.55
TXN-006495,2023-10-01,Customer Support,EMEA,Failed,6304.94,2331.5
TXN-006496,2022-01-24,Sales,EMEA,Completed,5121.15,2005.31
TXN-006497,2022-07-13,Marketing,APAC,Pending,3688.28,
TXN-006498,2023-10-16,Marketing,EMEA,Failed,6005.54,2248.15
TXN-006499,2023-08-01,Engineering,LATAM,Completed,5156.27,360.42
TXN-006500,2022-03-20,Customer Support,LATAM,Pending,,2075.96
TXN-006501,2023-01-18,Engineering,LATAM,Failed,3765.35,2572.12
TXN-006502,2022-09-09,Customer Support,APAC,Pending,4049.36,691.66
TXN-006503,2022-12-25,Customer Support,LATAM,Completed,7331.44,3445.71
TXN-006504,2022-03-06,Marketing,EMEA,Completed,4076.16,2337.4
TXN-006505,2022-09-25,Sales,North America,Completed,3790.43,1169.2
TXN-006506,2023-05-05,Sales,LATAM,Pending,4137.3,2361.47
TXN-006507,2022-09-10,Sales,LATAM,Pending,6008.98,2959.48
TXN-006508,2023-08-19,Operations,APAC,Pending,6718.64,2096.03
TXN-006509,2022-09-21,Customer Support,North America,Completed,6701.71,2270.53
TXN-006510,2023-09-05,Marketing,LATAM,Completed,4192.31,2375.69
TXN-006511,2022-07-02,Operations,APAC,Completed,3355.44,1794.08
TXN-006512,2022-11-21,Operations,LATAM,Completed,7958.61,1078.78
TXN-006513,2023-09-09,Customer Support,APAC,Failed,3500.72,2043.18
TXN-006514,2023-04-12,Customer Support,APAC,Completed,5809.61,2811.37
TXN-006515,2023-01-19,Engineering,North America,Failed,4328.64,1519.29
TXN-006516,2023-10-19,Customer Support,LATAM,Completed,1690.21,1654.1
TXN-006517,2022-05-03,Customer Support,EMEA,Completed,4571.7,634.42
TXN-006518,2023-02-13,Customer Support,North America,Completed,6040.24,1093.4
TXN-006519,2022-11-23,Customer Support,LATAM,Pending,3312.95,2415.36
TXN-006520,2023-12-14,Customer Support,EMEA,Pending,3436.23,1997.73
TXN-006521,2022-10-26,Marketing,APAC,Completed,5223.26,3300.33
TXN-006522,2022-02-07,Sales,LATAM,Completed,1360.19,2200.07
TXN-006523,2023-04-06,Operations,North America,Pending,3087.6,2371.57
TXN-006524,2022-08-09,Engineering,APAC,Completed,2910.73,979.31
TXN-006525,2023-05-31,Engineering,LATAM,Completed,5504.72,2454.05
TXN-006526,2023-06-23,Engineering,North America,Pending,6884.42,1773.16
TXN-006527,2022-04-17,Customer Support,EMEA,Pending,3664.98,1958.2
TXN-006528,2023-10-19,Customer Support,LATAM,Completed,6987.78,1317.89
TXN-006529,2023-10-27,Engineering,LATAM,Failed,4097.24,1513.08
TXN-006530,2022-05-01,Operations,LATAM,Completed,3965.54,545.26
TXN-006531,2023-10-30,Engineering,North America,Completed,3771.6,3103.68
TXN-006532,2022-11-13,Operations,LATAM,Completed,5333.44,685.38
TXN-006533,2023-04-25,Customer Support,LATAM,Pending,4496.06,3120.77
TXN-006534,2022-03-16,Sales,EMEA,Completed,2241.78,2769.73
TXN-006535,2023-11-17,Operations,North America,Completed,4144.39,2412.52
TXN-006536,2022-11-23,Operations,North America,Pending,6110.18,1711.64
TXN-006537,2022-09-27,Engineering,LATAM,Failed,3643.93,2268.45
TXN-006538,2022-03-14,Engineering,LATAM,Pending,4174.72,2689.4
TXN-006539,2023-07-04,Operations,APAC,Failed,7955.21,1529.78
TXN-006540,2022-01-03,Engineering,North America,Completed,7371.31,789.22
TXN-006541,2022-08-26,Customer Support,APAC,Completed,4064.65,2034.41
TXN-006542,2023-10-08,Operations,APAC,Completed,2340.65,2069.2
TXN-006543,2023-04-09,Operations,EMEA,Failed,4254.8,2378.98
TXN-006544,2023-11-24,Operations,APAC,Pending,6154.87,1638.24
TXN-006545,2023-07-10,Sales,APAC,Completed,3052.4,3970.73
TXN-006546,2022-08-30,Sales,North America,Completed,4452.89,2056.17
TXN-006547,2023-04-12,Marketing,LATAM,Completed,5043.57,0.0
TXN-006548,2022-01-04,Marketing,EMEA,Failed,5752.0,
TXN-006549,2022-06-24,Marketing,EMEA,Pending,2977.1,2059.54
TXN-006550,2023-12-08,Operations,APAC,Completed,6620.06,2263.41
TXN-006551,2023-06-21,Engineering,LATAM,Failed,5957.71,252.59
TXN-006552,2022-06-07,Marketing,EMEA,Completed,4497.29,3034.51
TXN-006553,2023-07-11,Sales,APAC,Failed,6687.21,1216.27
TXN-006554,2022-04-24,Marketing,LATAM,Completed,5206.44,1682.66
TXN-006555,2022-03-22,Customer Support,EMEA,Pending,2685.79,3182.95
TXN-006556,2022-10-15,Customer Support,APAC,Completed,4107.92,1892.92
TXN-006557,2023-07-01,Marketing,APAC,Completed,5903.1,3759.57
TXN-006558,2022-05-09,Marketing,EMEA,Completed,3118.08,2665.6
TXN-006559,2022-11-23,Engineering,APAC,Completed,5369.35,3217.97
TXN-006560,2022-03-18,Marketing,EMEA,Failed,5071.17,3504.0
TXN-006561,2023-06-23,Operations,APAC,Completed,4446.15,1533.65
TXN-006562,2023-10-30,Sales,APAC,Completed,3087.32,1804.95
TXN-006563,2023-03-04,Marketing,EMEA,Completed,5730.68,3220.95
TXN-006564,2022-12-13,Sales,North America,Failed,4390.47,2218.04
TXN-006565,2023-06-25,Engineering,LATAM,Completed,4388.72,1506.7
TXN-006566,2022-09-30,Marketing,EMEA,Completed,,2380.11
TXN-006567,2023-05-28,Sales,EMEA,Completed,4814.64,1727.15
TXN-006568,2022-06-12,Sales,LATAM,Completed,5724.95,3297.37
TXN-006569,2022-12-24,Marketing,APAC,Completed,3856.47,1698.09
TXN-006570,2023-08-25,Sales,EMEA,Completed,4847.69,1779.93
TXN-006571,2023-11-22,Sales,EMEA,Completed,5524.41,1842.35
TXN-006572,2023-04-28,Engineering,North America,Completed,3781.01,3165.5
TXN-006573,2022-08-06,Marketing,North America,Completed,6533.9,2546.39
TXN-006574,2022-09-25,Engineering,North America,Completed,4733.86,2010.43
TXN-006575,2022-01-13,Marketing,EMEA,Failed,2081.26,2446.81
TXN-006576,2023-03-17,Engineering,APAC,Failed,4834.6,821.05
TXN-006577,2022-10-27,Operations,EMEA,Completed,5081.08,1348.83
TXN-006578,2023-12-24,Engineering,LATAM,Completed,6704.04,3314.01
TXN-006579,2022-11-16,Operations,North America,Completed,7899.3,832.96
TXN-006580,2022-05-21,Marketing,APAC,Completed,5503.44,1287.32
TXN-006581,2023-07-12,Sales,North America,Completed,8181.79,2082.55
TXN-006582,2022-12-30,Operations,LATAM,Completed,,2132.27
TXN-006583,2022-10-17,Operations,APAC,Completed,5993.02,1441.68
TXN-006584,2023-03-04,Engineering,APAC,Pending,6945.97,1283.53
TXN-006585,2023-06-03,Customer Support,EMEA,Completed,6606.13,2137.28
TXN-006586,2023-04-11,Engineering,North America,Completed,4763.2,2188.74
TXN-006587,2022-07-28,Marketing,North America,Completed,5356.15,1367.4
TXN-006588,2023-06-11,Engineering,LATAM,Completed,5785.09,801.21
TXN-006589,2022-08-17,Operations,EMEA,Pending,7155.98,2703.78
TXN-006590,2022-02-14,Sales,APAC,Completed,5741.79,2779.7
TXN-006591,2022-04-08,Sales,APAC,Pending,2423.5,2055.81
TXN-006592,2023-07-21,Marketing,APAC,Failed,5560.91,2559.19
TXN-006593,2023-04-26,Customer Support,LATAM,Completed,4709.57,1253.25
TXN-006594,2023-04-19,Customer Support,EMEA,Completed,3417.73,1832.61
TXN-006595,2022-12-29,Operations,EMEA,Completed,4877.89,2321.39
TXN-006596,2023-12-20,Operations,EMEA,Completed,5977.72,2368.69
TXN-006597,2022-07-17,Sales,North America,Completed,3651.97,2401.34
TXN-006598,2022-06-19,Operations,LATAM,Completed,1609.83,1188.38
TXN-006599,2022-04-07,Marketing,APAC,Failed,3590.45,2118.59
TXN-006600,2022-07-20,Marketing,EMEA,Completed,2733.28,2015.55
TXN-006601,2023-10-02,Customer Support,LATAM,Completed,4435.98,2455.56
TXN-006602,2022-08-30,Marketing,EMEA,Failed,4012.05,1132.89
TXN-006603,2023-02-25,Customer Support,North America,Pending,4954.76,2597.95
TXN-006604,2022-07-11,Operations,APAC,Pending,4278.76,1756.53
TXN-006605,2022-09-11,Customer Support,APAC,Pending,6700.26,1993.97
TXN-006606,2023-06-24,Marketing,APAC,Completed,5688.85,2147.19
TXN-006607,2023-09-11,Sales,LATAM,Failed,6257.57,3391.31
TXN-006608,2022-04-22,Marketing,LATAM,Pending,5556.98,2325.9
TXN-006609,2023-05-17,Marketing,APAC,Completed,4624.0,10412.473221296248
TXN-006610,2022-09-12,Operations,North America,Completed,5223.77,2505.63
TXN-006611,2022-04-05,Marketing,North America,Failed,3507.11,1698.6
TXN-006612,2023-08-17,Sales,North America,Pending,5710.76,1453.48
TXN-006613,2023-12-19,Engineering,LATAM,Failed,4382.28,1907.99
TXN-006614,2023-09-16,Operations,EMEA,Failed,2912.65,2288.09
TXN-006615,2022-09-10,Engineering,APAC,Pending,7538.09,2326.15
TXN-006616,2023-05-21,Marketing,LATAM,Completed,6693.8,1286.84
TXN-006617,2022-01-18,Sales,LATAM,Completed,5174.93,2927.74
TXN-006618,2023-10-08,Customer Support,APAC,Failed,3064.2,1780.74
TXN-006619,2023-08-22,Engineering,North America,Pending,6948.42,4196.18
TXN-006620,2022-12-03,Sales,APAC,Completed,5851.86,2915.32
TXN-006621,2022-10-01,Customer Support,EMEA,Completed,6386.22,2646.55
TXN-006622,2022-10-09,Operations,North America,Pending,3100.88,1480.81
TXN-006623,2023-10-20,Customer Support,APAC,Completed,3042.18,1498.67
TXN-006624,2022-01-16,Engineering,EMEA,Pending,3348.97,1789.94
TXN-006625,2023-05-10,Customer Support,LATAM,Failed,8212.83,2785.01
TXN-006626,2022-05-26,Customer Support,North America,Completed,4659.62,1382.9
TXN-006627,2022-10-15,Marketing,EMEA,Failed,4457.78,2356.0
TXN-006628,2022-04-28,Operations,North America,Completed,5321.75,3726.16
TXN-006629,2022-10-24,Engineering,North America,Completed,1463.31,1928.18
TXN-006630,2023-06-05,Engineering,North America,Completed,3967.69,3081.57
TXN-006631,2023-05-04,Customer Support,EMEA,Pending,5621.2,2696.85
TXN-006632,2023-06-28,Customer Support,APAC,Completed,5217.81,2108.41
TXN-006633,2022-04-30,Operations,LATAM,Completed,4243.13,3059.59
TXN-006634,2023-04-28,Sales,North America,Completed,4976.24,1976.09
TXN-006635,2023-05-06,Customer Support,APAC,Completed,5716.87,8898.257096195905
TXN-006636,2023-03-11,Marketing,LATAM,Completed,3505.11,1248.5
TXN-006637,2022-06-29,Sales,LATAM,Completed,6046.71,1534.62
TXN-006638,2022-10-17,Sales,LATAM,Completed,5747.67,747.13
TXN-006639,2022-06-17,Sales,LATAM,Completed,,3033.24
TXN-006640,2022-12-03,Customer Support,APAC,Completed,5173.39,2737.4
TXN-006641,2022-04-14,Engineering,APAC,Failed,5153.17,1341.63
TXN-006642,2022-06-18,Customer Support,EMEA,Pending,4991.78,2254.01
TXN-006643,2022-09-25,Customer Support,EMEA,Pending,4205.36,2073.75
TXN-006644,2022-04-20,Marketing,APAC,Failed,3319.3,2046.96
TXN-006645,2023-11-02,Marketing,North America,Completed,4757.31,4160.53
TXN-006646,2022-03-13,Operations,LATAM,Failed,2945.46,2150.21
TXN-006647,2023-02-27,Operations,North America,Failed,6238.87,2266.1
TXN-006648,2023-09-13,Customer Support,LATAM,Completed,5578.08,2144.23
TXN-006649,2022-06-25,Customer Support,EMEA,Completed,4958.7,1874.25
TXN-006650,2023-10-09,Operations,LATAM,Completed,3834.52,0.0
TXN-006651,2023-02-24,Marketing,EMEA,Pending,6257.36,1888.14
TXN-006652,2023-04-17,Marketing,APAC,Completed,5203.38,2090.89
TXN-006653,2023-07-14,Operations,LATAM,Failed,6035.39,
TXN-006654,2023-01-08,Engineering,APAC,Completed,6639.8,1852.12
TXN-006655,2023-10-15,Engineering,APAC,Completed,5094.35,957.18
TXN-006656,2022-08-10,Operations,EMEA,Failed,4828.69,3149.32
TXN-006657,2022-12-11,Marketing,APAC,Failed,3184.68,2831.89
TXN-006658,2023-02-25,Sales,North America,Pending,3877.92,1190.81
TXN-006659,2022-09-14,Operations,North America,Completed,4542.19,1802.02
TXN-006660,2023-08-24,Customer Support,EMEA,Completed,5007.54,1366.17
TXN-006661,2022-02-14,Operations,LATAM,Completed,6953.02,1901.72
TXN-006662,2022-07-11,Marketing,EMEA,Completed,3404.17,1093.44
TXN-006663,2023-07-10,Operations,North America,Pending,7065.1,958.25
TXN-006664,2022-03-31,Customer Support,APAC,Failed,4756.78,2646.97
TXN-006665,2022-08-16,Sales,North America,Completed,3753.67,2654.83
TXN-006666,2023-07-06,Sales,APAC,Completed,2328.89,2349.99
TXN-006667,2022-12-02,Marketing,LATAM,Completed,3910.58,2977.69
TXN-006668,2023-10-04,Marketing,LATAM,Completed,971.3,2220.42
TXN-006669,2022-01-23,Engineering,LATAM,Completed,4386.31,774.37
TXN-006670,2023-03-23,Sales,LATAM,Failed,6424.79,2268.44
TXN-006671,2022-03-31,Marketing,North America,Pending,3395.27,2733.69
TXN-006672,2022-03-06,Marketing,LATAM,Completed,5608.64,
TXN-006673,2022-07-03,Engineering,EMEA,Pending,5551.93,3097.49
TXN-006674,2023-04-21,Engineering,LATAM,Completed,5911.91,1756.28
TXN-006675,2022-12-24,Marketing,EMEA,Pending,4172.66,2690.85
TXN-006676,2022-04-10,Customer Support,LATAM,Completed,4727.38,1664.32
TXN-006677,2022-08-04,Marketing,EMEA,Completed,2043.9,2157.34
TXN-006678,2022-10-31,Sales,LATAM,Completed,4607.26,2267.06
TXN-006679,2022-09-08,Customer Support,North America,Completed,1878.32,3380.61
TXN-006680,2022-11-22,Engineering,APAC,Completed,5329.34,1681.69
TXN-006681,2022-12-23,Marketing,EMEA,Completed,3327.62,1001.36
TXN-006682,2022-03-03,Operations,LATAM,Completed,7616.23,
TXN-006683,2022-06-04,Operations,EMEA,Completed,0.0,2553.71
TXN-006684,2022-06-04,Engineering,APAC,Failed,4222.65,403.64
TXN-006685,2022-05-19,Customer Support,North America,Completed,5648.73,2539.23
TXN-006686,2023-03-08,Engineering,APAC,Completed,,2487.66
TXN-006687,2023-09-04,Customer Support,APAC,Completed,2695.9,452.2
TXN-006688,2022-07-16,Sales,North America,Completed,5516.86,3228.24
TXN-006689,2022-11-23,Engineering,APAC,Completed,5746.01,2359.86
TXN-006690,2022-08-01,Engineering,LATAM,Completed,4281.53,1164.58
TXN-006691,2023-09-04,Marketing,LATAM,Pending,4826.61,2510.3
TXN-006692,2023-02-23,Customer Support,EMEA,Completed,6225.09,2508.83
TXN-006693,2022-07-23,Marketing,APAC,Failed,3974.62,105.87
TXN-006694,2022-04-20,Engineering,APAC,Completed,2035.67,1272.7
TXN-006695,2022-01-09,Customer Support,North America,Completed,5295.46,934.12
TXN-006696,2023-08-16,Engineering,LATAM,Completed,5372.56,2259.02
TXN-006697,2022-06-30,Customer Support,North America,Completed,3949.2,2445.27
TXN-006698,2022-10-15,Engineering,EMEA,Completed,3922.64,1329.21
TXN-006699,2022-04-04,Marketing,APAC,Failed,3766.6,2808.31
TXN-006700,2023-03-22,Sales,EMEA,Completed,4631.4,2129.38
TXN-006701,2023-04-02,Operations,North America,Completed,3938.45,1783.5
TXN-006702,2022-10-13,Marketing,North America,Completed,2883.39,1080.02
TXN-006703,2023-10-23,Marketing,APAC,Completed,5396.44,1901.77
TXN-006704,2023-04-19,Marketing,EMEA,Completed,3810.45,3723.19
TXN-006705,2022-08-05,Operations,EMEA,Completed,6202.16,1477.05
TXN-006706,2023-02-26,Sales,North America,Completed,3543.46,1760.4
TXN-006707,2023-09-29,Operations,EMEA,Pending,4678.51,1183.25
TXN-006708,2022-12-09,Sales,EMEA,Completed,4576.04,2247.37
TXN-006709,2022-09-25,Sales,LATAM,Failed,3931.98,1663.26
TXN-006710,2023-11-23,Engineering,North America,Completed,3771.59,699.18
TXN-006711,2023-08-22,Customer Support,APAC,Completed,4969.75,2807.68
TXN-006712,2023-04-02,Marketing,APAC,Completed,5953.37,2397.52
TXN-006713,2023-10-25,Marketing,North America,Failed,1325.9550000000002,2010.47
TXN-006714,2023-01-13,Marketing,North America,Failed,5927.65,2290.56
TXN-006715,2022-10-27,Marketing,LATAM,Pending,4691.43,3312.84
TXN-006716,2022-01-03,Sales,EMEA,Completed,5973.55,1267.13
TXN-006717,2022-12-18,Customer Support,EMEA,Pending,4767.45,2283.36
TXN-006718,2023-12-30,Sales,LATAM,Completed,5678.97,2057.63
TXN-006719,2023-10-28,Engineering,North America,Pending,5673.54,1870.88
TXN-006720,2023-11-13,Customer Support,APAC,Completed,5085.01,2425.92
TXN-006721,2023-01-06,Engineering,APAC,Completed,4342.54,2035.17
TXN-006722,2023-01-23,Sales,APAC,Pending,5762.73,1833.58
TXN-006723,2022-08-18,Marketing,LATAM,Completed,6909.68,2471.68
TXN-006724,2023-03-21,Operations,EMEA,Completed,4419.92,2590.47
TXN-006725,2023-10-07,Customer Support,North America,Pending,4090.55,2305.43
TXN-006726,2022-07-03,Operations,APAC,Completed,5764.78,1815.7
TXN-006727,2023-12-26,Customer Support,North America,Completed,4829.49,1878.76
TXN-006728,2022-12-23,Operations,APAC,Pending,5297.72,1589.62
TXN-006729,2023-08-29,Customer Support,North America,Completed,2836.86,1425.74
TXN-006730,2023-10-28,Engineering,North America,Completed,5658.82,1299.88
TXN-006731,2023-11-15,Engineering,APAC,Failed,7610.37,1047.43
TXN-006732,2022-10-16,Engineering,APAC,Completed,5669.34,2800.71
TXN-006733,2022-09-23,Customer Support,EMEA,Failed,4400.09,2981.48
TXN-006734,2022-05-17,Sales,APAC,Pending,3533.0,2199.95
TXN-006735,2023-09-18,Sales,APAC,Pending,4479.95,2470.32
TXN-006736,2022-06-15,Engineering,EMEA,Completed,6588.45,1794.02
TXN-006737,2022-05-13,Customer Support,LATAM,Completed,5976.27,3310.24
TXN-006738,2023-08-04,Marketing,APAC,Failed,4513.03,1823.45
TXN-006739,2023-09-08,Engineering,APAC,Completed,6633.51,3063.6
TXN-006740,2022-06-25,Sales,LATAM,Completed,9550.41,995.73
TXN-006741,2022-02-05,Operations,APAC,Pending,4053.73,1536.21
TXN-006742,2022-12-17,Operations,EMEA,Failed,5747.23,1864.87
TXN-006743,2022-03-19,Sales,EMEA,Failed,1256.24,1469.88
TXN-006744,2023-01-14,Engineering,EMEA,Failed,7981.06,2752.33
TXN-006745,2022-10-10,Operations,LATAM,Completed,4059.78,2764.71
TXN-006746,2022-04-18,Sales,LATAM,Completed,5184.58,2491.11
TXN-006747,2023-12-05,Marketing,North America,Completed,4012.8,1707.68
TXN-006748,2022-08-20,Sales,North America,Completed,4507.0,1293.34
TXN-006749,2023-09-05,Engineering,APAC,Completed,3004.1,1408.76
TXN-006750,2022-11-05,Operations,APAC,Completed,3955.64,2001.72
TXN-006751,2022-01-16,Marketing,North America,Completed,4254.83,1913.28
TXN-006752,2023-11-08,Sales,LATAM,Completed,5781.03,1890.99
TXN-006753,2022-12-07,Customer Support,APAC,Completed,4202.93,2519.78
TXN-006754,2022-05-16,Engineering,North America,Failed,4115.8,0.0
TXN-006755,2022-05-18,Marketing,North America,Pending,4774.54,1076.29
TXN-006756,2022-08-04,Sales,APAC,Completed,5311.42,3071.52
TXN-006757,2022-05-26,Operations,LATAM,Completed,2409.76,1702.76
TXN-006758,2023-09-23,Customer Support,LATAM,Completed,5329.7,2244.29
TXN-006759,2022-03-12,Sales,EMEA,Completed,6558.75,1915.66
TXN-006760,2023-09-01,Engineering,EMEA,Failed,4179.68,2751.65
TXN-006761,2023-04-30,Customer Support,North America,Completed,5100.24,3659.48
TXN-006762,2022-12-10,Customer Support,APAC,Completed,3630.15,1071.44
TXN-006763,2023-02-02,Customer Support,LATAM,Failed,6366.12,2642.53
TXN-006764,2023-08-20,Sales,EMEA,Completed,4242.41,2382.63
TXN-006765,2022-07-05,Customer Support,APAC,Completed,4253.4,2091.63
TXN-006766,2023-01-25,Customer Support,EMEA,Completed,4825.67,2680.45
TXN-006767,2022-10-25,Customer Support,LATAM,Pending,4479.16,1810.72
TXN-006768,2022-09-16,Engineering,APAC,Failed,7477.27,496.09
TXN-006769,2022-01-01,Engineering,EMEA,Completed,3169.84,2088.76
TXN-006770,2023-07-20,Sales,North America,Completed,2394.89,1225.84
TXN-006771,2023-08-16,Customer Support,LATAM,Failed,4191.62,1887.7
TXN-006772,2023-11-09,Engineering,LATAM,Pending,3632.71,3958.38
TXN-006773,2022-05-15,Customer Support,APAC,Completed,,1569.04
TXN-006774,2023-07-16,Operations,LATAM,Completed,1881.82,2424.36
TXN-006775,2022-11-30,Sales,LATAM,Failed,6446.02,1391.91
TXN-006776,2023-11-09,Sales,LATAM,Pending,5784.88,2610.7
TXN-006777,2022-10-02,Operations,North America,Pending,5250.6,2840.61
TXN-006778,2023-05-10,Operations,APAC,Completed,6552.72,11067.879641931078
TXN-006779,2022-03-20,Sales,North America,Completed,6863.14,1363.0
TXN-006780,2023-11-21,Sales,APAC,Completed,5181.12,1545.39
TXN-006781,2023-09-28,Customer Support,EMEA,Completed,4996.53,3038.48
TXN-006782,2022-04-14,Sales,EMEA,Completed,2852.17,3762.76
TXN-006783,2022-11-18,Sales,North America,Completed,3598.13,2116.43
TXN-006784,2023-02-04,Marketing,LATAM,Completed,5611.2,2478.72
TXN-006785,2022-09-28,Marketing,APAC,Completed,5984.58,361.53
TXN-006786,2022-10-28,Marketing,LATAM,Completed,6197.19,2854.67
TXN-006787,2023-09-18,Customer Support,North America,Completed,7610.91,1997.69
TXN-006788,2023-09-10,Engineering,LATAM,Completed,812.07,2609.54
TXN-006789,2023-08-24,Customer Support,North America,Completed,5391.7,1426.1
TXN-006790,2022-02-27,Engineering,APAC,Completed,6232.9,1832.51
TXN-006791,2022-06-20,Engineering,EMEA,Pending,4102.2,1132.6
TXN-006792,2023-06-29,Marketing,LATAM,Completed,3384.55,1614.52
TXN-006793,2023-10-06,Customer Support,North America,Completed,6339.94,2864.08
TXN-006794,2023-11-04,Marketing,EMEA,Completed,5155.08,2556.16
TXN-006795,2022-12-16,Customer Support,North America,Completed,4502.52,2803.48
TXN-006796,2023-07-10,Engineering,North America,Completed,2516.54,2389.1
TXN-006797,2023-06-19,Marketing,LATAM,Pending,2728.47,1674.47
TXN-006798,2023-10-15,Marketing,APAC,Completed,4491.11,2642.49
TXN-006799,2022-11-10,Operations,North America,Completed,2740.64,2324.11
TXN-006800,2023-06-28,Marketing,EMEA,Completed,4381.98,983.84
TXN-006801,2023-12-18,Engineering,EMEA,Completed,0.0,1455.16
TXN-006802,2023-01-07,Marketing,North America,Completed,7246.59,2820.97
TXN-006803,2022-03-24,Engineering,EMEA,Pending,4625.65,2298.66
TXN-006804,2023-07-19,Marketing,EMEA,Completed,805.58,2251.16
TXN-006805,2023-01-05,Operations,EMEA,Pending,4764.79,1832.72
TXN-006806,2022-01-04,Sales,APAC,Pending,5317.1,1868.21
TXN-006807,2022-03-25,Engineering,APAC,Completed,4176.05,1203.85
TXN-006808,2023-05-27,Sales,APAC,Failed,7028.51,5183.488544571699
TXN-006809,2022-01-08,Sales,North America,Completed,5442.57,
TXN-006810,2022-04-21,Customer Support,APAC,Pending,4580.05,1296.64
TXN-006811,2023-09-22,Sales,LATAM,Completed,4891.75,2586.49
TXN-006812,2022-05-23,Customer Support,North America,Completed,6358.62,1031.87
TXN-006813,2023-03-13,Operations,North America,Completed,3502.44,2011.34
TXN-006814,2022-06-07,Marketing,APAC,Completed,3754.11,2498.24
TXN-006815,2023-04-01,Marketing,EMEA,Completed,4756.88,2811.09
TXN-006816,2023-01-20,Operations,APAC,Completed,5627.09,1834.82
TXN-006817,2022-04-04,Marketing,North America,Completed,5054.63,2202.62
TXN-006818,2023-02-13,Customer Support,North America,Pending,3810.71,1970.92
TXN-006819,2023-11-01,Customer Support,North America,Completed,3738.46,2218.33
TXN-006820,2022-09-04,Operations,APAC,Pending,6204.55,1444.18
TXN-006821,2022-08-20,Operations,LATAM,Completed,3667.27,2044.66
TXN-006822,2022-05-28,Operations,APAC,Pending,5390.25,3010.36
TXN-006823,2022-05-24,Engineering,North America,Failed,7111.45,1910.19
TXN-006824,2023-04-29,Marketing,APAC,Completed,2421.47,198.51
TXN-006825,2023-05-31,Customer Support,North America,Completed,8614.13,1764.1
TXN-006826,2023-08-28,Sales,APAC,Completed,4558.87,2400.31
TXN-006827,2023-09-25,Engineering,APAC,Completed,7738.63,2168.81
TXN-006828,2022-03-02,Customer Support,APAC,Failed,5738.33,3353.66
TXN-006829,2023-04-16,Marketing,APAC,Completed,3170.45,2062.48
TXN-006830,2023-10-23,Operations,North America,Completed,3105.03,2109.22
TXN-006831,2022-08-25,Sales,LATAM,Completed,4859.72,1693.46
TXN-006832,2022-06-21,Operations,EMEA,Completed,3476.86,2476.56
TXN-006833,2023-07-03,Customer Support,North America,Completed,3243.17,2635.81
TXN-006834,2023-01-31,Sales,LATAM,Failed,5059.77,1823.77
TXN-006835,2023-03-29,Customer Support,APAC,Failed,4894.39,1278.56
TXN-006836,2023-06-20,Marketing,APAC,Pending,5684.5,2180.17
TXN-006837,2022-08-04,Sales,EMEA,Completed,5572.08,3078.66
TXN-006838,2023-06-27,Marketing,EMEA,Pending,7799.72,1047.33
TXN-006839,2022-07-11,Operations,EMEA,Pending,5267.85,1577.96
TXN-006840,2023-02-01,Engineering,LATAM,Completed,3882.49,2261.7
TXN-006841,2022-11-18,Operations,North America,Completed,5279.05,1524.27
TXN-006842,2022-06-22,Engineering,EMEA,Pending,8429.51,1668.89
TXN-006843,2023-07-30,Marketing,APAC,Pending,4258.07,1034.52
TXN-006844,2023-09-15,Sales,EMEA,Completed,3359.07,1012.87
TXN-006845,2022-09-24,Customer Support,APAC,Pending,6990.89,1483.53
TXN-006846,2023-02-24,Marketing,APAC,Failed,5395.4,2568.92
TXN-006847,2023-02-04,Engineering,North America,Failed,6041.51,2741.59
TXN-006848,2022-06-03,Operations,LATAM,Completed,5220.31,3469.23
TXN-006849,2022-05-20,Customer Support,LATAM,Completed,6547.11,1891.29
TXN-006850,2023-06-04,Sales,LATAM,Completed,6097.74,2106.46
TXN-006851,2023-07-23,Marketing,North America,Completed,6890.94,2033.35
TXN-006852,2023-05-09,Operations,LATAM,Pending,4843.98,2203.36
TXN-006853,2023-08-03,Engineering,APAC,Completed,2804.55,2062.23
TXN-006854,2022-02-07,Sales,LATAM,Completed,4501.08,2489.61
TXN-006855,2023-04-05,Sales,North America,Completed,3930.42,2880.39
TXN-006856,2022-09-08,Customer Support,APAC,Failed,6042.58,2807.86
TXN-006857,2023-07-30,Customer Support,APAC,Failed,4630.14,1665.57
TXN-006858,2022-03-31,Engineering,EMEA,Completed,4031.82,1896.78
TXN-006859,2023-01-08,Marketing,LATAM,Pending,3787.75,1886.86
TXN-006860,2023-01-28,Operations,APAC,Failed,2903.09,2092.77
TXN-006861,2023-02-21,Sales,North America,Failed,5060.17,1619.36
TXN-006862,2022-06-08,Engineering,North America,Failed,5373.29,2580.58
TXN-006863,2023-02-24,Operations,North America,Pending,5168.04,2730.51
TXN-006864,2023-07-11,Operations,LATAM,Completed,6149.42,1927.33
TXN-006865,2022-08-22,Operations,EMEA,Completed,7527.39,2486.42
TXN-006866,2023-05-01,Marketing,EMEA,Completed,3311.73,3264.27
TXN-006867,2023-07-17,Marketing,North America,Pending,3329.26,1548.51
TXN-006868,2022-02-12,Engineering,North America,Pending,5582.61,3111.05
TXN-006869,2022-11-10,Customer Support,LATAM,Pending,4188.02,1837.73
TXN-006870,2022-01-19,Engineering,North America,Completed,5021.2,2851.38
TXN-006871,2022-01-25,Customer Support,EMEA,Completed,4864.42,1556.97
TXN-006872,2022-10-27,Operations,EMEA,Completed,4867.75,1560.26
TXN-006873,2022-02-13,Sales,APAC,Completed,4297.44,1273.04
TXN-006874,2022-06-20,Operations,LATAM,Completed,3368.75,3022.41
TXN-006875,2023-06-11,Sales,EMEA,Completed,28.53,2164.22
TXN-006876,2022-02-04,Marketing,North America,Pending,6433.77,1407.84
TXN-006877,2022-07-03,Sales,APAC,Failed,7830.28,1597.93
TXN-006878,2023-09-21,Operations,APAC,Failed,4793.64,3586.23
TXN-006879,2023-08-21,Engineering,LATAM,Failed,2278.41,3023.16
TXN-006880,2023-04-25,Marketing,North America,Failed,5311.74,1983.01
TXN-006881,2023-03-23,Engineering,EMEA,Failed,4338.98,612.58
TXN-006882,2023-05-09,Engineering,EMEA,Completed,3218.26,3141.92
TXN-006883,2023-10-03,Marketing,North America,Pending,1962.441,1411.19
TXN-006884,2023-01-21,Engineering,APAC,Completed,5231.68,3156.01
TXN-006885,2022-04-28,Customer Support,EMEA,Completed,2553.07,1464.34
TXN-006886,2022-01-29,Operations,LATAM,Completed,5110.56,2171.42
TXN-006887,2022-05-26,Engineering,EMEA,Completed,8085.54,720.85
TXN-006888,2022-12-28,Engineering,EMEA,Completed,5817.95,1962.25
TXN-006889,2023-08-12,Customer Support,North America,Completed,6719.1,2393.03
TXN-006890,2022-10-09,Operations,APAC,Completed,3650.98,1281.72
TXN-006891,2023-07-01,Operations,EMEA,Completed,4181.82,1983.24
TXN-006892,2022-03-24,Operations,EMEA,Completed,5439.84,2024.01
TXN-006893,2022-11-27,Customer Support,EMEA,Completed,5339.3,2386.21
TXN-006894,2022-03-14,Engineering,EMEA,Completed,5328.89,1150.51
TXN-006895,2022-09-03,Customer Support,EMEA,Pending,5247.89,2700.24
TXN-006896,2022-04-06,Customer Support,EMEA,Pending,4370.83,2394.07
TXN-006897,2023-08-20,Sales,North America,Completed,6665.31,2203.72
TXN-006898,2022-04-10,Operations,EMEA,Pending,5195.86,775.15
TXN-006899,2023-06-27,Engineering,APAC,Completed,6002.08,540.9
TXN-006900,2022-08-21,Operations,APAC,Failed,5108.51,1968.53
TXN-006901,2023-09-02,Engineering,EMEA,Failed,5684.56,2373.44
TXN-006902,2023-12-01,Operations,APAC,Completed,6726.97,1606.55
TXN-006903,2023-04-15,Operations,EMEA,Failed,3809.21,2549.42
TXN-006904,2023-05-22,Marketing,LATAM,Completed,3650.23,1349.85
TXN-006905,2022-03-30,Customer Support,North America,Completed,4358.07,3956.43
TXN-006906,2022-02-01,Operations,LATAM,Completed,4278.19,875.92
TXN-006907,2023-01-23,Engineering,North America,Completed,6428.27,1927.05
TXN-006908,2023-06-30,Marketing,North America,Pending,4042.86,2602.02
TXN-006909,2022-07-30,Customer Support,LATAM,Failed,7004.25,3452.25
TXN-006910,2022-04-27,Marketing,APAC,Completed,5303.25,3561.88
TXN-006911,2023-10-22,Sales,North America,Pending,3507.11,966.9
TXN-006912,2022-02-07,Marketing,LATAM,Pending,5370.36,2335.67
TXN-006913,2022-05-13,Marketing,LATAM,Failed,5292.04,1746.83
TXN-006914,2023-06-14,Sales,LATAM,Pending,4365.64,2588.44
TXN-006915,2022-07-09,Sales,APAC,Pending,2654.15,2912.25
TXN-006916,2022-07-10,Customer Support,LATAM,Completed,7191.3,1118.82
TXN-006917,2022-03-24,Sales,APAC,Completed,6289.79,1182.21
TXN-006918,2022-03-20,Marketing,North America,Failed,4132.74,2686.67
TXN-006919,2022-06-05,Marketing,EMEA,Completed,5175.25,939.28
TXN-006920,2023-07-20,Marketing,North America,Completed,3896.95,1178.99
TXN-006921,2023-02-22,Customer Support,EMEA,Completed,6641.77,1786.09
TXN-006922,2023-01-21,Marketing,APAC,Pending,6050.36,2317.1
TXN-006923,2022-09-26,Engineering,North America,Completed,5080.99,1819.23
TXN-006924,2022-08-01,Customer Support,APAC,Completed,4616.97,1741.08
TXN-006925,2023-04-18,Sales,North America,Completed,4999.71,2905.87
TXN-006926,2022-12-16,Sales,EMEA,Completed,5240.62,1001.13
TXN-006927,2023-01-01,Sales,LATAM,Completed,5665.2,3237.56
TXN-006928,2022-11-11,Sales,North America,Completed,2336.17,1670.32
TXN-006929,2023-03-26,Customer Support,APAC,Completed,4461.64,2816.63
TXN-006930,2023-03-02,Marketing,North America,Completed,6257.97,1100.13
TXN-006931,2023-12-18,Operations,LATAM,Completed,5717.88,2928.38
TXN-006932,2022-11-04,Customer Support,North America,Completed,5877.9,2296.73
TXN-006933,2023-04-30,Engineering,APAC,Failed,3555.37,1477.81
TXN-006934,2023-10-01,Engineering,North America,Pending,7965.16,2510.37
TXN-006935,2023-09-07,Operations,LATAM,Completed,6897.89,2966.57
TXN-006936,2022-08-31,Marketing,APAC,Completed,3296.0,2025.54
TXN-006937,2023-04-22,Sales,LATAM,Completed,4050.87,2869.76
TXN-006938,2022-01-31,Operations,LATAM,Failed,3884.22,2140.47
TXN-006939,2023-04-04,Customer Support,EMEA,Pending,5472.87,2231.62
TXN-006940,2022-09-16,Customer Support,APAC,Completed,4373.53,762.42
TXN-006941,2023-07-21,Customer Support,LATAM,Completed,4213.28,327.6
TXN-006942,2022-10-22,Sales,APAC,Completed,3403.15,2626.93
TXN-006943,2022-06-14,Sales,APAC,Failed,4180.18,2101.96
TXN-006944,2023-09-27,Sales,APAC,Completed,4868.01,2822.02
TXN-006945,2022-08-01,Customer Support,EMEA,Completed,4195.77,2420.51
TXN-006946,2022-02-03,Marketing,LATAM,Failed,4283.79,1256.35
TXN-006947,2023-10-28,Customer Support,LATAM,Failed,4521.9,1803.97
TXN-006948,2023-06-21,Marketing,North America,Failed,3696.21,3120.62
TXN-006949,2023-12-03,Operations,LATAM,Completed,3300.63,1887.17
TXN-006950,2023-04-22,Marketing,EMEA,Completed,3772.47,631.56
TXN-006951,2023-04-11,Engineering,North America,Completed,4492.99,1838.49
TXN-006952,2022-03-31,Customer Support,LATAM,Completed,3603.97,2353.24
TXN-006953,2023-09-25,Engineering,APAC,Completed,3916.68,2094.71
TXN-006954,2022-03-13,Sales,North America,Completed,4359.36,1937.21
TXN-006955,2023-12-14,Engineering,North America,Pending,3261.45,413.11
TXN-006956,2023-05-19,Marketing,LATAM,Completed,5349.86,2802.39
TXN-006957,2023-04-30,Operations,North America,Pending,4286.76,3018.14
TXN-006958,2023-03-13,Marketing,APAC,Failed,5715.78,893.37
TXN-006959,2022-08-08,Customer Support,LATAM,Completed,6384.12,2232.72
TXN-006960,2022-01-27,Operations,APAC,Completed,4848.31,1419.51
TXN-006961,2023-02-19,Operations,LATAM,Completed,4576.16,0.0
TXN-006962,2023-05-18,Operations,North America,Completed,4232.8,428.55
TXN-006963,2023-03-25,Engineering,LATAM,Failed,2240.02,2569.42
TXN-006964,2023-01-11,Operations,LATAM,Completed,2841.6,2089.93
TXN-006965,2023-07-09,Customer Support,APAC,Failed,8170.02,2077.47
TXN-006966,2022-01-24,Customer Support,APAC,Pending,3644.84,2841.32
TXN-006967,2023-03-03,Sales,LATAM,Completed,3343.94,3215.88
TXN-006968,2022-10-17,Sales,APAC,Completed,,2550.15
TXN-006969,2022-10-28,Sales,EMEA,Pending,5754.12,2008.98
TXN-006970,2023-02-06,Customer Support,APAC,Completed,4014.48,1599.06
TXN-006971,2023-08-15,Engineering,EMEA,Pending,3246.69,849.37
TXN-006972,2023-05-15,Sales,LATAM,Completed,4280.47,147.28
TXN-006973,2023-06-26,Marketing,North America,Failed,3727.24,4369.73
TXN-006974,2022-06-06,Engineering,LATAM,Pending,5614.22,641.2
TXN-006975,2023-02-09,Sales,LATAM,Failed,5880.87,2000.2
TXN-006976,2023-12-12,Sales,North America,Failed,4313.6,2710.51
TXN-006977,2023-01-06,Customer Support,EMEA,Completed,3067.9,2317.07
TXN-006978,2023-11-17,Sales,EMEA,Completed,1554.8,1489.86
TXN-006979,2023-11-25,Customer Support,LATAM,Failed,5985.91,1483.98
TXN-006980,2022-05-04,Engineering,APAC,Failed,6520.72,1447.23
TXN-006981,2023-02-26,Engineering,EMEA,Completed,4538.86,2995.84
TXN-006982,2022-04-04,Operations,LATAM,Pending,6177.79,1609.86
TXN-006983,2023-04-19,Operations,EMEA,Failed,7422.7,1254.53
TXN-006984,2022-09-08,Customer Support,EMEA,Pending,4910.75,672.81
TXN-006985,2023-11-22,Sales,North America,Completed,6107.8,2051.04
TXN-006986,2022-11-18,Operations,LATAM,Completed,4869.22,2957.33
TXN-006987,2022-07-02,Engineering,APAC,Pending,4343.64,2083.67
TXN-006988,2022-09-04,Operations,LATAM,Completed,7131.72,1507.29
TXN-006989,2023-04-26,Sales,APAC,Completed,5869.84,3454.65
TXN-006990,2022-05-18,Operations,LATAM,Pending,3105.71,1537.88
TXN-006991,2022-07-07,Operations,LATAM,Completed,3905.02,2906.59
TXN-006992,2022-11-06,Marketing,LATAM,Completed,4540.48,2839.86
TXN-006993,2023-03-23,Customer Support,APAC,Failed,3001.86,3500.12
TXN-006994,2023-09-14,Operations,EMEA,Failed,3336.82,2298.4
TXN-006995,2023-01-16,Customer Support,North America,Pending,5417.08,2236.47
TXN-006996,2022-08-16,Sales,LATAM,Completed,1280.56,2169.34
TXN-006997,2023-05-01,Marketing,North America,Completed,4044.11,1075.76
TXN-006998,2022-01-30,Customer Support,APAC,Completed,5033.12,1254.39
TXN-006999,2023-01-09,Sales,EMEA,Completed,3502.17,2937.78
TXN-007000,2023-03-05,Engineering,North America,Pending,,1831.52
TXN-007001,2023-09-25,Operations,APAC,Completed,1161.33,1307.22
TXN-007002,2023-07-25,Customer Support,APAC,Pending,4723.21,139.85
TXN-007003,2022-03-05,Engineering,EMEA,Failed,5396.54,1076.14
TXN-007004,2023-06-28,Marketing,APAC,Completed,3886.5,1046.55
TXN-007005,2022-07-31,Engineering,APAC,Completed,4813.37,2281.51
TXN-007006,2023-03-04,Marketing,North America,Failed,3827.69,358.14
TXN-007007,2022-08-23,Marketing,APAC,Completed,3772.79,1389.77
TXN-007008,2023-01-06,Customer Support,APAC,Completed,3154.57,1731.55
TXN-007009,2023-12-30,Marketing,EMEA,Pending,4442.0,2012.68
TXN-007010,2022-11-25,Engineering,EMEA,Completed,6597.76,1493.6
TXN-007011,2022-06-26,Customer Support,LATAM,Completed,4494.94,1407.68
TXN-007012,2022-12-31,Marketing,North America,Completed,6018.09,1737.87
TXN-007013,2023-10-12,Engineering,LATAM,Completed,2911.45,1812.46
TXN-007014,2023-12-12,Sales,LATAM,Pending,7617.67,0.0
TXN-007015,2023-02-21,Operations,North America,Completed,6167.95,1066.73
TXN-007016,2022-02-11,Sales,EMEA,Completed,4618.07,1040.91
TXN-007017,2023-11-14,Sales,APAC,Failed,6046.98,1917.41
TXN-007018,2023-05-12,Sales,LATAM,Pending,8103.14,2080.94
TXN-007019,2023-09-11,Engineering,EMEA,Completed,2462.93,2051.34
TXN-007020,2022-10-26,Engineering,North America,Completed,2544.09,1473.38
TXN-007021,2023-06-15,Customer Support,North America,Completed,4134.53,1621.73
TXN-007022,2022-08-18,Engineering,LATAM,Failed,3857.29,2961.14
TXN-007023,2023-02-02,Customer Support,EMEA,Completed,7531.31,1684.8
TXN-007024,2023-09-10,Customer Support,North America,Completed,5043.08,879.44
TXN-007025,2023-04-29,Marketing,LATAM,Pending,3244.63,2588.49
TXN-007026,2023-06-04,Customer Support,APAC,Completed,5429.16,8350.655913806384
TXN-007027,2022-02-11,Engineering,EMEA,Completed,5656.8,2207.01
TXN-007028,2022-03-30,Sales,APAC,Completed,6822.06,2795.22
TXN-007029,2022-12-21,Engineering,North America,Completed,4614.95,1607.73
TXN-007030,2023-03-31,Marketing,North America,Pending,4551.92,1860.14
TXN-007031,2022-05-08,Customer Support,LATAM,Pending,3557.6,2789.77
TXN-007032,2022-07-28,Operations,LATAM,Completed,3709.23,718.8
TXN-007033,2022-08-14,Engineering,EMEA,Completed,6332.78,912.99
TXN-007034,2023-02-23,Customer Support,LATAM,Completed,2286.13,1920.74
TXN-007035,2023-09-14,Sales,APAC,Completed,8656.38,2234.1
TXN-007036,2022-10-14,Operations,APAC,Completed,5839.44,1900.66
TXN-007037,2023-09-09,Sales,APAC,Completed,4665.24,1218.83
TXN-007038,2022-10-13,Sales,North America,Failed,7400.82,1498.35
TXN-007039,2023-08-07,Customer Support,North America,Pending,5777.49,2735.25
TXN-007040,2022-07-03,Sales,North America,Completed,3220.86,756.53
TXN-007041,2023-02-01,Sales,LATAM,Completed,5411.12,2010.17
TXN-007042,2022-01-22,Operations,APAC,Completed,6400.92,1950.45
TXN-007043,2022-10-26,Sales,LATAM,Completed,3761.55,2462.22
TXN-007044,2022-06-29,Customer Support,North America,Completed,4756.16,1959.42
TXN-007045,2023-12-06,Sales,North America,Failed,2942.39,1765.0
TXN-007046,2022-02-06,Customer Support,APAC,Failed,4339.5,1832.49
TXN-007047,2022-06-15,Operations,North America,Completed,6524.41,2922.83
TXN-007048,2023-07-27,Operations,APAC,Completed,3895.01,1554.34
TXN-007049,2022-02-20,Marketing,APAC,Completed,,3172.61
TXN-007050,2022-09-26,Customer Support,EMEA,Completed,5135.36,2073.33
TXN-007051,2022-12-15,Engineering,North America,Completed,5172.06,3046.4
TXN-007052,2022-11-27,Sales,North America,Completed,4635.25,1801.45
TXN-007053,2023-08-18,Marketing,APAC,Failed,4990.83,1564.45
TXN-007054,2022-04-18,Marketing,LATAM,Completed,3667.27,4250.57
TXN-007055,2022-11-14,Engineering,LATAM,Pending,4466.96,312.13
TXN-007056,2022-02-05,Engineering,North America,Failed,6130.59,718.39
TXN-007057,2023-04-17,Operations,APAC,Completed,4721.76,1094.97
TXN-007058,2023-11-29,Operations,LATAM,Completed,4122.41,2407.9
TXN-007059,2022-04-07,Engineering,EMEA,Pending,3967.62,2291.39
TXN-007060,2022-03-10,Engineering,North America,Failed,3285.91,1859.86
TXN-007061,2023-10-24,Sales,LATAM,Completed,4513.54,1942.28
TXN-007062,2023-06-18,Operations,North America,Completed,4868.97,1965.23
TXN-007063,2022-03-10,Operations,North America,Completed,3573.21,3092.45
TXN-007064,2022-08-01,Engineering,North America,Pending,6408.09,1614.19
TXN-007065,2022-10-03,Engineering,EMEA,Pending,3849.77,2794.07
TXN-007066,2023-08-08,Sales,LATAM,Completed,4787.0,2025.16
TXN-007067,2022-06-18,Customer Support,North America,Completed,1734.39,3090.11
TXN-007068,2023-02-09,Customer Support,LATAM,Completed,5541.08,2140.91
TXN-007069,2023-09-13,Marketing,EMEA,Pending,4974.51,2746.25
TXN-007070,2022-06-22,Sales,APAC,Completed,5713.37,1897.79
TXN-007071,2022-01-25,Operations,North America,Completed,5498.74,1595.35
TXN-007072,2023-11-21,Operations,EMEA,Completed,6835.43,3099.38
TXN-007073,2022-02-19,Operations,LATAM,Completed,5080.93,2483.78
TXN-007074,2023-06-14,Engineering,North America,Failed,7203.59,870.73
TXN-007075,2023-12-19,Operations,LATAM,Completed,4223.82,2525.05
TXN-007076,2022-09-29,Engineering,LATAM,Pending,3921.15,3092.32
TXN-007077,2023-10-30,Customer Support,LATAM,Completed,5800.56,2516.19
TXN-007078,2023-01-04,Marketing,North America,Completed,5371.5,1914.45
TXN-007079,2023-08-25,Sales,APAC,Completed,5885.5,1964.56
TXN-007080,2022-05-26,Sales,LATAM,Completed,4896.71,2004.5
TXN-007081,2023-02-28,Sales,LATAM,Failed,8733.44,2760.28
TXN-007082,2022-07-16,Operations,LATAM,Pending,4511.94,1622.01
TXN-007083,2022-01-19,Operations,North America,Completed,3683.97,2119.93
TXN-007084,2022-08-17,Operations,North America,Failed,6356.0,2536.3
TXN-007085,2022-07-02,Operations,APAC,Pending,4871.81,1885.66
TXN-007086,2022-06-11,Operations,LATAM,Completed,6100.04,2590.23
TXN-007087,2022-03-13,Customer Support,LATAM,Pending,3866.21,770.09
TXN-007088,2022-07-02,Engineering,EMEA,Completed,,2025.86
TXN-007089,2022-03-19,Engineering,North America,Completed,6378.99,3416.65
TXN-007090,2023-08-30,Engineering,North America,Failed,6317.66,2410.25
TXN-007091,2022-05-08,Marketing,APAC,Failed,4487.65,1948.85
TXN-007092,2023-10-28,Marketing,North America,Completed,1549.224,1866.91
TXN-007093,2023-02-28,Operations,North America,Pending,4055.48,2133.48
TXN-007094,2022-07-19,Operations,LATAM,Pending,3913.56,1467.86
TXN-007095,2023-10-08,Operations,APAC,Pending,4006.23,2445.87
TXN-007096,2023-05-21,Customer Support,EMEA,Completed,7161.09,2963.84
TXN-007097,2023-07-18,Marketing,North America,Completed,3287.74,1337.68
TXN-007098,2022-01-11,Customer Support,EMEA,Completed,2314.66,3392.43
TXN-007099,2022-08-10,Marketing,EMEA,Completed,6791.04,1533.39
TXN-007100,2022-01-07,Sales,LATAM,Pending,3344.13,2124.27
TXN-007101,2023-08-06,Marketing,LATAM,Completed,3902.03,1148.72
TXN-007102,2022-05-04,Marketing,North America,Completed,4746.6,2574.43
TXN-007103,2023-11-11,Operations,North America,Completed,4483.76,1901.2
TXN-007104,2022-06-01,Operations,LATAM,Failed,2888.77,1939.84
TXN-007105,2022-06-01,Operations,APAC,Pending,4163.24,725.25
TXN-007106,2023-03-05,Engineering,APAC,Completed,5154.61,2983.09
TXN-007107,2023-10-11,Engineering,LATAM,Completed,5164.02,1785.45
TXN-007108,2023-09-09,Customer Support,LATAM,Pending,3351.48,3786.7
TXN-007109,2022-08-28,Marketing,North America,Pending,,2817.53
TXN-007110,2022-12-28,Engineering,EMEA,Completed,2324.66,
TXN-007111,2023-06-04,Sales,APAC,Pending,4674.71,2302.9655305880938
TXN-007112,2022-12-28,Engineering,LATAM,Completed,4845.59,1489.43
TXN-007113,2023-06-18,Engineering,APAC,Completed,5035.74,1488.22
TXN-007114,2022-10-07,Engineering,North America,Pending,6818.17,1899.96
TXN-007115,2023-12-30,Engineering,LATAM,Pending,5674.63,3426.07
TXN-007116,2022-10-16,Engineering,APAC,Completed,5371.6,2347.23
TXN-007117,2023-08-16,Customer Support,LATAM,Completed,4093.59,2025.06
TXN-007118,2023-07-27,Marketing,APAC,Completed,1797.94,2026.8
TXN-007119,2022-07-29,Engineering,EMEA,Failed,5311.94,2208.1
TXN-007120,2023-10-05,Engineering,APAC,Completed,3894.29,1360.68
TXN-007121,2022-10-15,Operations,EMEA,Completed,8100.12,2375.15
TXN-007122,2023-04-30,Marketing,EMEA,Completed,6411.76,1084.14
TXN-007123,2022-01-01,Customer Support,North America,Completed,4829.0,1488.85
TXN-007124,2022-01-02,Sales,North America,Pending,8194.34,969.79
TXN-007125,2023-05-26,Customer Support,LATAM,Failed,7023.31,
TXN-007126,2022-08-12,Customer Support,LATAM,Completed,2279.3,2149.95
TXN-007127,2022-09-06,Customer Support,North America,Completed,5083.42,1996.29
TXN-007128,2023-05-29,Operations,EMEA,Completed,6558.88,1915.33
TXN-007129,2023-07-24,Operations,APAC,Failed,5603.6,2614.63
TXN-007130,2022-05-09,Customer Support,LATAM,Completed,3257.78,2098.41
TXN-007131,2023-01-06,Engineering,APAC,Completed,4983.46,1379.27
TXN-007132,2023-05-17,Sales,LATAM,Failed,7288.35,1769.48
TXN-007133,2022-09-30,Operations,APAC,Completed,4852.69,2299.43
TXN-007134,2022-03-04,Operations,EMEA,Completed,4737.39,2590.53
TXN-007135,2022-08-31,Marketing,North America,Completed,3028.09,2885.69
TXN-007136,2022-08-17,Marketing,LATAM,Completed,3702.84,86.09
TXN-007137,2023-05-13,Marketing,APAC,Completed,3295.59,7756.098229589972
TXN-007138,2023-12-21,Customer Support,EMEA,Completed,5515.42,2164.12
TXN-007139,2023-05-22,Engineering,LATAM,Completed,4484.51,1778.92
TXN-007140,2022-03-27,Engineering,EMEA,Completed,3751.58,1774.03
TXN-007141,2023-07-07,Sales,LATAM,Completed,5428.14,2017.07
TXN-007142,2022-09-03,Marketing,North America,Completed,4966.89,2802.24
TXN-007143,2022-03-13,Marketing,LATAM,Completed,3592.78,1193.67
TXN-007144,2022-04-02,Sales,APAC,Failed,4484.62,1470.23
TXN-007145,2023-09-28,Marketing,North America,Completed,5177.01,1841.06
TXN-007146,2023-05-21,Marketing,North America,Completed,3364.41,2909.61
TXN-007147,2023-07-24,Marketing,LATAM,Completed,1676.93,1319.57
TXN-007148,2022-08-28,Customer Support,APAC,Pending,4667.07,1532.38
TXN-007149,2023-03-18,Marketing,LATAM,Pending,4838.48,1656.37
TXN-007150,2022-02-03,Sales,North America,Failed,5064.53,1620.0
TXN-007151,2022-09-02,Engineering,North America,Completed,5996.17,2749.61
TXN-007152,2022-02-13,Operations,LATAM,Completed,3667.91,1389.47
TXN-007153,2022-09-05,Operations,EMEA,Completed,4331.57,3072.75
TXN-007154,2023-01-13,Sales,LATAM,Pending,4399.07,2743.93
TXN-007155,2023-11-01,Sales,APAC,Completed,5341.95,1788.94
TXN-007156,2022-02-25,Customer Support,North America,Completed,4409.32,1837.25
TXN-007157,2023-09-15,Marketing,North America,Failed,6031.12,2326.68
TXN-007158,2022-07-10,Operations,APAC,Pending,5431.75,1460.91
TXN-007159,2022-09-16,Operations,LATAM,Completed,5018.24,2527.8
TXN-007160,2022-09-07,Marketing,APAC,Completed,3390.25,3477.06
TXN-007161,2022-12-07,Engineering,North America,Failed,6436.86,3331.09
TXN-007162,2022-10-17,Customer Support,North America,Pending,4517.96,543.9
TXN-007163,2023-08-23,Customer Support,North America,Completed,5702.13,2715.07
TXN-007164,2023-02-05,Customer Support,APAC,Pending,6063.36,2320.11
TXN-007165,2022-02-19,Operations,EMEA,Pending,4575.89,1360.54
TXN-007166,2022-08-26,Customer Support,APAC,Pending,4073.82,2049.05
TXN-007167,2022-07-21,Sales,EMEA,Failed,4902.09,1639.29
TXN-007168,2023-01-05,Operations,LATAM,Failed,5461.6,1598.6
TXN-007169,2022-07-14,Marketing,LATAM,Completed,2119.13,2086.42
TXN-007170,2022-01-10,Sales,APAC,Completed,5306.89,1434.66
TXN-007171,2023-02-21,Operations,EMEA,Completed,2500.65,2060.47
TXN-007172,2022-12-02,Customer Support,LATAM,Completed,4611.15,1827.03
TXN-007173,2022-07-09,Operations,EMEA,Completed,1304.98,2086.98
TXN-007174,2023-02-18,Engineering,North America,Failed,5482.7,1979.35
TXN-007175,2023-05-18,Sales,EMEA,Completed,4872.47,2650.57
TXN-007176,2022-04-29,Marketing,APAC,Completed,5399.09,1457.76
TXN-007177,2022-05-10,Marketing,North America,Failed,3740.01,2518.19
TXN-007178,2022-07-12,Customer Support,LATAM,Completed,6921.17,2205.98
TXN-007179,2022-02-26,Engineering,EMEA,Completed,4625.77,1890.18
TXN-007180,2023-11-17,Marketing,North America,Completed,5649.43,2670.06
TXN-007181,2022-12-26,Marketing,LATAM,Pending,6388.36,2651.2
TXN-007182,2022-10-31,Sales,APAC,Completed,2171.79,1924.05
TXN-007183,2023-10-31,Customer Support,APAC,Completed,3922.76,1653.36
TXN-007184,2022-01-18,Marketing,North America,Completed,4864.58,2086.74
TXN-007185,2022-02-20,Sales,EMEA,Completed,6023.86,2127.74
TXN-007186,2022-09-30,Marketing,LATAM,Completed,4339.87,2331.84
TXN-007187,2022-12-20,Sales,APAC,Completed,5936.85,1000.34
TXN-007188,2022-02-05,Operations,APAC,Completed,4445.01,2547.33
TXN-007189,2023-02-18,Sales,EMEA,Completed,4958.09,1156.19
TXN-007190,2022-01-10,Customer Support,EMEA,Pending,2338.23,2718.49
TXN-007191,2022-04-22,Operations,EMEA,Failed,4894.53,1942.13
TXN-007192,2022-10-02,Customer Support,APAC,Completed,5067.02,1667.64
TXN-007193,2023-04-25,Engineering,APAC,Completed,4075.96,1111.99
TXN-007194,2023-12-03,Operations,APAC,Failed,4953.73,2039.19
TXN-007195,2022-04-02,Engineering,APAC,Completed,,2366.25
TXN-007196,2022-05-31,Sales,LATAM,Completed,6793.54,3298.43
TXN-007197,2022-08-06,Customer Support,APAC,Completed,3732.71,2402.0
TXN-007198,2023-08-24,Sales,North America,Pending,879.93,1647.1
TXN-007199,2022-11-20,Sales,APAC,Pending,7068.6,1634.1
TXN-007200,2023-10-06,Marketing,APAC,Completed,3451.15,2582.77
TXN-007201,2023-11-18,Marketing,LATAM,Completed,5827.72,934.74
TXN-007202,2022-08-20,Engineering,EMEA,Completed,2159.94,3475.07
TXN-007203,2022-01-20,Marketing,LATAM,Completed,5595.25,1185.36
TXN-007204,2022-04-17,Marketing,APAC,Completed,4958.97,2263.35
TXN-007205,2023-02-24,Engineering,APAC,Failed,6350.91,2890.18
TXN-007206,2023-02-05,Operations,North America,Completed,6260.56,4187.85
TXN-007207,2022-10-30,Operations,EMEA,Completed,7053.5,2365.79
TXN-007208,2023-10-17,Sales,EMEA,Failed,2530.56,3703.94
TXN-007209,2023-07-21,Customer Support,North America,Completed,4156.03,3139.69
TXN-007210,2023-01-24,Marketing,EMEA,Pending,2457.72,1857.81
TXN-007211,2022-10-15,Engineering,LATAM,Failed,2610.88,782.96
TXN-007212,2022-07-24,Engineering,North America,Pending,4854.36,206.69
TXN-007213,2023-07-22,Customer Support,LATAM,Pending,5283.32,3997.53
TXN-007214,2023-05-15,Operations,North America,Pending,5375.75,1953.3
TXN-007215,2023-04-05,Customer Support,APAC,Completed,4804.49,1728.9
TXN-007216,2022-09-10,Operations,EMEA,Failed,3123.26,2689.06
TXN-007217,2022-04-06,Operations,APAC,Completed,5123.57,1243.43
TXN-007218,2022-05-27,Engineering,APAC,Completed,5891.22,865.11
TXN-007219,2023-12-20,Marketing,APAC,Failed,3978.29,2383.52
TXN-007220,2022-01-26,Sales,APAC,Failed,4018.6,2010.08
TXN-007221,2023-08-02,Operations,EMEA,Completed,5307.69,1339.86
TXN-007222,2022-03-07,Sales,EMEA,Completed,5259.97,768.94
TXN-007223,2022-02-04,Marketing,LATAM,Pending,6929.46,1633.02
TXN-007224,2022-08-08,Marketing,LATAM,Pending,4143.69,2030.0
TXN-007225,2022-03-06,Engineering,APAC,Completed,,1438.68
TXN-007226,2022-06-27,Customer Support,LATAM,Completed,4323.71,785.92
TXN-007227,2022-09-27,Engineering,North America,Completed,6231.91,3344.29
TXN-007228,2022-10-03,Engineering,LATAM,Failed,3147.47,754.67
TXN-007229,2022-11-03,Operations,APAC,Pending,5435.97,1672.71
TXN-007230,2023-07-09,Customer Support,EMEA,Completed,3286.86,576.82
TXN-007231,2023-01-10,Sales,North America,Pending,3385.05,1864.4
TXN-007232,2023-01-18,Engineering,EMEA,Completed,7539.63,1265.33
TXN-007233,2022-09-13,Operations,APAC,Failed,4077.91,2962.72
TXN-007234,2023-06-27,Sales,North America,Failed,4983.3,2059.29
TXN-007235,2023-03-22,Customer Support,APAC,Completed,4152.79,2856.01
TXN-007236,2023-01-09,Marketing,APAC,Failed,3448.48,2678.76
TXN-007237,2022-05-19,Engineering,North America,Completed,5609.41,2048.4
TXN-007238,2022-09-01,Marketing,LATAM,Completed,3633.33,2953.72
TXN-007239,2023-05-03,Customer Support,North America,Failed,6649.46,2480.4
TXN-007240,2023-04-07,Customer Support,EMEA,Completed,6599.38,1308.46
TXN-007241,2022-05-04,Customer Support,EMEA,Failed,6487.83,1778.93
TXN-007242,2022-10-06,Operations,EMEA,Completed,3341.23,980.76
TXN-007243,2022-09-14,Engineering,EMEA,Completed,3251.69,2032.04
TXN-007244,2023-09-28,Engineering,North America,Completed,4682.52,2276.37
TXN-007245,2022-09-12,Sales,North America,Failed,6541.22,1435.42
TXN-007246,2022-07-10,Sales,APAC,Completed,2880.29,2396.09
TXN-007247,2022-09-27,Marketing,North America,Completed,8116.04,1980.4
TXN-007248,2022-03-17,Sales,EMEA,Pending,6795.46,2711.77
TXN-007249,2022-11-21,Operations,EMEA,Completed,3981.13,0.0
TXN-007250,2022-08-20,Operations,EMEA,Completed,1512.56,935.19
TXN-007251,2023-04-14,Engineering,APAC,Failed,5596.06,360.3
TXN-007252,2022-08-01,Engineering,APAC,Failed,6201.32,455.35
TXN-007253,2022-04-01,Customer Support,APAC,Completed,3981.29,2059.86
TXN-007254,2023-08-26,Sales,North America,Failed,6564.53,1737.17
TXN-007255,2022-11-07,Customer Support,North America,Completed,2280.58,1362.09
TXN-007256,2023-12-07,Customer Support,APAC,Failed,3058.01,1924.24
TXN-007257,2023-03-16,Operations,APAC,Completed,5492.31,2829.79
TXN-007258,2022-12-18,Engineering,EMEA,Completed,5456.21,3010.24
TXN-007259,2022-03-25,Operations,LATAM,Completed,2630.71,2825.43
TXN-007260,2022-10-16,Customer Support,APAC,Completed,7091.19,1935.13
TXN-007261,2023-12-04,Engineering,LATAM,Failed,1832.08,2859.99
TXN-007262,2022-10-23,Engineering,APAC,Failed,7435.63,2135.04
TXN-007263,2023-05-01,Sales,North America,Failed,5653.0,1065.7
TXN-007264,2023-04-23,Marketing,EMEA,Pending,4835.21,2085.94
TXN-007265,2023-08-30,Customer Support,APAC,Completed,6441.62,1806.82
TXN-007266,2023-06-26,Marketing,LATAM,Pending,3748.77,93.03
TXN-007267,2022-12-20,Sales,EMEA,Completed,6720.4,1808.62
TXN-007268,2022-04-17,Customer Support,APAC,Completed,6000.96,1801.89
TXN-007269,2023-03-21,Operations,LATAM,Failed,4690.43,799.83
TXN-007270,2022-11-02,Engineering,EMEA,Completed,3399.6,2813.35
TXN-007271,2023-07-21,Operations,North America,Completed,5445.63,2708.55
TXN-007272,2023-09-24,Customer Support,APAC,Completed,8732.6,532.44
TXN-007273,2022-10-15,Marketing,LATAM,Completed,5654.11,2798.5
TXN-007274,2022-12-11,Marketing,LATAM,Completed,7814.43,154.42
TXN-007275,2022-09-08,Marketing,EMEA,Failed,6091.16,2209.38
TXN-007276,2022-11-18,Sales,EMEA,Completed,4936.43,1472.94
TXN-007277,2023-11-18,Sales,EMEA,Pending,2184.33,1762.98
TXN-007278,2022-09-26,Marketing,North America,Completed,4399.38,949.93
TXN-007279,2023-09-16,Operations,APAC,Completed,4588.02,2150.46
TXN-007280,2023-11-08,Operations,LATAM,Pending,5267.61,1947.73
TXN-007281,2023-10-04,Customer Support,LATAM,Pending,6022.67,3345.68
TXN-007282,2023-07-16,Operations,APAC,Completed,4900.9,2938.72
TXN-007283,2022-09-05,Customer Support,North America,Pending,6244.42,949.82
TXN-007284,2022-08-05,Customer Support,North America,Completed,3814.28,926.13
TXN-007285,2022-12-31,Operations,LATAM,Completed,,1766.7
TXN-007286,2022-12-14,Operations,North America,Completed,2873.98,858.34
TXN-007287,2022-04-11,Engineering,LATAM,Completed,4049.88,2177.15
TXN-007288,2023-11-09,Engineering,LATAM,Completed,7054.84,254.63
TXN-007289,2022-05-10,Customer Support,LATAM,Failed,3622.42,
TXN-007290,2022-12-16,Engineering,EMEA,Completed,4784.8,2469.27
TXN-007291,2023-02-08,Operations,EMEA,Pending,4344.56,2021.15
TXN-007292,2022-11-05,Sales,APAC,Completed,4992.42,0.0
TXN-007293,2023-08-01,Engineering,LATAM,Completed,5235.49,3010.66
TXN-007294,2023-04-03,Customer Support,North America,Completed,6048.76,1008.84
TXN-007295,2022-09-14,Customer Support,APAC,Completed,6879.48,2288.69
TXN-007296,2022-11-02,Operations,APAC,Completed,2835.16,3680.54
TXN-007297,2023-12-04,Customer Support,EMEA,Pending,764.47,2040.75
TXN-007298,2023-05-22,Marketing,LATAM,Completed,4538.96,1232.76
TXN-007299,2023-08-03,Sales,EMEA,Failed,5649.36,3097.48
TXN-007300,2022-04-09,Sales,North America,Completed,6231.71,3059.69
TXN-007301,2022-04-19,Customer Support,EMEA,Pending,9753.96,1882.32
TXN-007302,2022-05-15,Engineering,North America,Completed,4488.11,2222.0
TXN-007303,2023-02-05,Marketing,LATAM,Failed,5919.27,1368.56
TXN-007304,2023-08-28,Marketing,North America,Completed,5019.56,1472.78
TXN-007305,2022-05-14,Engineering,APAC,Completed,3714.59,1029.34
TXN-007306,2023-12-24,Operations,APAC,Pending,6685.98,2442.63
TXN-007307,2023-03-16,Customer Support,APAC,Completed,2992.21,2065.8
TXN-007308,2022-11-07,Sales,APAC,Failed,3816.75,1934.66
TXN-007309,2022-11-24,Marketing,EMEA,Completed,6982.7,1318.39
TXN-007310,2023-06-09,Customer Support,North America,Completed,5109.07,2456.63
TXN-007311,2023-10-03,Sales,APAC,Failed,1616.36,2446.23
TXN-007312,2023-02-15,Marketing,APAC,Completed,3888.61,2389.74
TXN-007313,2023-03-10,Operations,LATAM,Pending,4622.78,2403.4
TXN-007314,2023-09-26,Customer Support,North America,Completed,7781.16,1270.44
TXN-007315,2022-12-02,Customer Support,North America,Completed,5940.04,2206.48
TXN-007316,2022-10-01,Sales,EMEA,Pending,2888.92,1984.69
TXN-007317,2023-01-25,Marketing,EMEA,Completed,5610.8,2404.39
TXN-007318,2023-01-21,Marketing,North America,Pending,2412.96,2756.56
TXN-007319,2022-11-11,Operations,EMEA,Completed,4579.08,3509.99
TXN-007320,2023-03-16,Sales,APAC,Completed,3951.0,2863.23
TXN-007321,2022-11-26,Customer Support,APAC,Completed,5192.67,2063.99
TXN-007322,2023-07-31,Sales,APAC,Pending,2820.5,1391.93
TXN-007323,2022-05-19,Sales,LATAM,Pending,5585.96,2240.88
TXN-007324,2022-10-29,Customer Support,EMEA,Completed,4356.81,2840.94
TXN-007325,2023-02-20,Marketing,EMEA,Completed,4110.25,1297.14
TXN-007326,2022-07-14,Customer Support,EMEA,Completed,4728.74,1427.96
TXN-007327,2023-09-03,Operations,EMEA,Failed,3561.79,1130.06
TXN-007328,2022-09-07,Operations,EMEA,Completed,5652.77,1651.14
TXN-007329,2022-05-25,Sales,North America,Completed,5034.95,1371.78
TXN-007330,2023-10-25,Operations,LATAM,Completed,6570.18,1764.55
TXN-007331,2023-09-05,Marketing,APAC,Completed,7994.78,2231.59
TXN-007332,2022-03-26,Engineering,LATAM,Completed,6121.08,1144.59
TXN-007333,2022-11-28,Operations,APAC,Pending,5308.73,1900.64
TXN-007334,2023-04-25,Engineering,LATAM,Pending,6558.65,2672.24
TXN-007335,2022-07-15,Engineering,APAC,Completed,5272.63,2601.51
TXN-007336,2023-05-01,Sales,North America,Completed,2955.99,1605.76
TXN-007337,2022-01-26,Sales,APAC,Failed,8002.84,1107.37
TXN-007338,2022-10-23,Engineering,APAC,Pending,10227.6,1348.33
TXN-007339,2022-12-27,Engineering,EMEA,Completed,4629.95,3005.23
TXN-007340,2023-04-08,Operations,APAC,Completed,6310.88,1921.59
TXN-007341,2023-12-18,Engineering,LATAM,Completed,,926.16
TXN-007342,2023-02-22,Operations,LATAM,Completed,4434.7,2981.72
TXN-007343,2023-07-01,Sales,EMEA,Completed,1914.07,3184.95
TXN-007344,2023-11-29,Sales,APAC,Completed,3769.86,1251.02
TXN-007345,2022-12-05,Engineering,LATAM,Failed,4000.3,597.2
TXN-007346,2022-04-12,Operations,North America,Failed,6453.47,2139.03
TXN-007347,2022-09-11,Marketing,North America,Completed,6479.66,2708.44
TXN-007348,2023-11-04,Customer Support,North America,Completed,5571.96,2401.3
TXN-007349,2023-01-01,Sales,LATAM,Completed,3576.5,1489.05
TXN-007350,2022-10-01,Sales,APAC,Failed,5964.31,2406.96
TXN-007351,2022-07-25,Customer Support,EMEA,Completed,4935.91,3119.56
TXN-007352,2022-12-20,Marketing,APAC,Completed,5957.12,2563.61
TXN-007353,2023-06-14,Sales,APAC,Pending,4306.45,8142.796630201062
TXN-007354,2023-09-23,Sales,EMEA,Completed,6997.51,1812.14
TXN-007355,2023-07-19,Customer Support,APAC,Completed,6593.96,2590.86
TXN-007356,2022-09-04,Marketing,LATAM,Completed,6850.27,3396.57
TXN-007357,2022-12-29,Operations,EMEA,Completed,8368.39,1660.35
TXN-007358,2023-01-29,Sales,LATAM,Completed,4509.22,2305.14
TXN-007359,2023-07-07,Marketing,APAC,Completed,5771.67,3527.59
TXN-007360,2023-08-28,Marketing,APAC,Completed,4900.76,1889.41
TXN-007361,2022-12-08,Sales,North America,Completed,3148.58,2013.97
TXN-007362,2023-12-24,Engineering,LATAM,Completed,2477.56,2150.81
TXN-007363,2022-04-03,Customer Support,North America,Completed,4610.29,748.78
TXN-007364,2023-10-30,Sales,North America,Failed,4834.99,1801.93
TXN-007365,2022-05-08,Operations,LATAM,Failed,4285.78,1153.13
TXN-007366,2023-06-16,Marketing,APAC,Completed,4334.61,2083.39
TXN-007367,2023-07-21,Customer Support,North America,Pending,4163.57,432.5
TXN-007368,2022-07-17,Operations,APAC,Failed,6053.01,1627.91
TXN-007369,2023-10-10,Customer Support,APAC,Failed,5770.86,3265.31
TXN-007370,2022-03-20,Sales,EMEA,Pending,,3961.42
TXN-007371,2023-11-23,Marketing,APAC,Completed,3320.33,1899.6
TXN-007372,2023-06-08,Customer Support,North America,Completed,2678.05,1661.12
TXN-007373,2022-04-21,Marketing,APAC,Completed,3411.9,2365.46
TXN-007374,2022-10-25,Marketing,EMEA,Completed,7344.02,788.37
TXN-007375,2022-08-02,Customer Support,LATAM,Pending,4095.08,960.87
TXN-007376,2022-10-26,Engineering,LATAM,Failed,6984.27,2315.76
TXN-007377,2023-05-23,Marketing,APAC,Completed,3648.37,3212.1392661199293
TXN-007378,2023-03-02,Sales,APAC,Completed,6161.71,1834.01
TXN-007379,2023-09-30,Customer Support,North America,Failed,4195.15,1844.19
TXN-007380,2022-10-24,Operations,North America,Completed,4859.18,2433.21
TXN-007381,2023-03-14,Operations,North America,Completed,3001.27,1190.2
TXN-007382,2023-07-27,Sales,APAC,Completed,4258.04,1202.43
TXN-007383,2022-04-26,Operations,North America,Completed,5523.54,1177.1
TXN-007384,2022-01-29,Engineering,LATAM,Completed,3171.0,427.96
TXN-007385,2023-08-09,Sales,APAC,Completed,5387.35,2368.78
TXN-007386,2023-05-03,Marketing,North America,Failed,4889.4,833.08
TXN-007387,2022-05-26,Marketing,North America,Completed,4701.85,2169.67
TXN-007388,2023-05-19,Marketing,EMEA,Pending,5630.51,1947.18
TXN-007389,2022-02-14,Engineering,North America,Pending,7890.17,2189.07
TXN-007390,2023-12-17,Operations,North America,Pending,4775.19,739.36
TXN-007391,2023-11-14,Engineering,LATAM,Completed,3888.12,2619.83
TXN-007392,2023-09-06,Operations,EMEA,Completed,4629.54,1788.89
TXN-007393,2022-07-16,Operations,LATAM,Pending,7286.97,2842.43
TXN-007394,2022-11-09,Marketing,LATAM,Pending,4121.31,3055.57
TXN-007395,2023-12-12,Sales,North America,Completed,4081.62,1109.64
TXN-007396,2022-05-31,Operations,North America,Completed,5961.25,1817.34
TXN-007397,2022-10-03,Marketing,EMEA,Completed,3805.85,1979.63
TXN-007398,2022-07-13,Sales,APAC,Completed,4512.95,1216.95
TXN-007399,2022-11-29,Marketing,North America,Completed,6710.85,1810.51
TXN-007400,2022-01-30,Marketing,LATAM,Completed,6630.05,2269.47
TXN-007401,2023-06-06,Marketing,North America,Pending,4333.8,971.91
TXN-007402,2023-07-25,Sales,EMEA,Completed,4964.88,1438.25
TXN-007403,2022-04-25,Sales,EMEA,Failed,5547.74,1954.64
TXN-007404,2022-07-18,Engineering,North America,Completed,5675.03,1724.85
TXN-007405,2023-11-02,Engineering,LATAM,Completed,3597.83,1155.31
TXN-007406,2023-09-06,Marketing,LATAM,Completed,4407.82,3196.47
TXN-007407,2022-01-03,Engineering,LATAM,Failed,3027.54,1404.09
TXN-007408,2022-12-11,Sales,North America,Completed,6632.5,1450.21
TXN-007409,2022-10-20,Sales,LATAM,Completed,2756.09,2521.78
TXN-007410,2022-12-06,Sales,LATAM,Completed,2576.21,1677.96
TXN-007411,2022-11-19,Marketing,APAC,Completed,2391.88,2168.47
TXN-007412,2023-12-23,Engineering,North America,Pending,7320.27,1279.91
TXN-007413,2022-06-05,Engineering,EMEA,Failed,4937.73,2022.9
TXN-007414,2022-07-02,Marketing,North America,Pending,5642.04,2583.14
TXN-007415,2023-01-05,Operations,North America,Failed,4989.21,2795.68
TXN-007416,2023-08-05,Operations,EMEA,Completed,4972.98,2784.09
TXN-007417,2023-10-09,Sales,APAC,Completed,6871.45,1486.68
TXN-007418,2023-08-22,Marketing,APAC,Completed,6118.72,2354.65
TXN-007419,2022-11-09,Customer Support,APAC,Pending,5962.23,2937.78
TXN-007420,2023-05-04,Sales,LATAM,Failed,3209.47,2574.94
TXN-007421,2022-08-02,Sales,North America,Failed,6422.22,2076.3
TXN-007422,2022-06-23,Customer Support,LATAM,Completed,3743.53,1565.34
TXN-007423,2022-05-23,Sales,APAC,Completed,6856.73,1369.99
TXN-007424,2023-12-28,Marketing,LATAM,Completed,5343.36,3230.13
TXN-007425,2022-11-26,Engineering,EMEA,Completed,5561.89,2820.33
TXN-007426,2022-06-18,Engineering,LATAM,Pending,7536.94,3530.93
TXN-007427,2023-12-03,Operations,EMEA,Pending,2714.9,3822.77
TXN-007428,2023-06-08,Marketing,North America,Completed,5759.48,0.0
TXN-007429,2022-12-10,Engineering,APAC,Completed,6253.35,3012.39
TXN-007430,2022-08-24,Sales,LATAM,Completed,4274.83,968.43
TXN-007431,2023-04-10,Customer Support,APAC,Completed,5887.56,1864.88
TXN-007432,2022-02-12,Engineering,North America,Completed,6545.69,1174.85
TXN-007433,2022-05-01,Sales,APAC,Pending,3796.62,2823.9
TXN-007434,2023-01-18,Sales,EMEA,Pending,5041.31,384.36
TXN-007435,2023-03-24,Sales,APAC,Completed,2088.2,1616.25
TXN-007436,2022-10-24,Marketing,LATAM,Completed,2974.02,2133.5
TXN-007437,2022-01-03,Customer Support,LATAM,Completed,,2924.7
TXN-007438,2022-04-08,Engineering,North America,Completed,3463.56,2192.41
TXN-007439,2023-01-18,Customer Support,EMEA,Failed,3749.53,2571.1
TXN-007440,2022-04-10,Engineering,EMEA,Completed,4391.99,2715.88
TXN-007441,2022-07-16,Customer Support,EMEA,Completed,6517.08,2253.43
TXN-007442,2023-01-26,Marketing,North America,Completed,5552.59,3193.23
TXN-007443,2023-07-09,Operations,North America,Completed,3099.65,847.21
TXN-007444,2023-04-08,Engineering,APAC,Failed,6158.28,2013.44
TXN-007445,2023-09-30,Engineering,EMEA,Failed,2671.56,1559.16
TXN-007446,2022-01-22,Customer Support,EMEA,Failed,5185.83,1466.05
TXN-007447,2022-12-07,Marketing,EMEA,Failed,4269.54,1965.81
TXN-007448,2023-07-04,Engineering,EMEA,Failed,6097.18,1247.96
TXN-007449,2022-11-10,Operations,LATAM,Pending,3234.21,2789.77
TXN-007450,2023-11-27,Sales,North America,Completed,4471.97,1868.27
TXN-007451,2022-11-30,Operations,LATAM,Completed,6709.0,405.46
TXN-007452,2023-02-12,Operations,APAC,Completed,4968.88,995.63
TXN-007453,2023-08-19,Engineering,North America,Failed,3587.72,2369.9
TXN-007454,2023-11-27,Operations,LATAM,Completed,3866.2,3993.79
TXN-007455,2022-07-25,Engineering,North America,Completed,3578.94,2722.41
TXN-007456,2023-06-25,Engineering,APAC,Failed,4140.28,2264.16
TXN-007457,2022-06-23,Operations,APAC,Pending,2898.31,2354.88
TXN-007458,2022-04-13,Sales,APAC,Failed,5300.1,1323.14
TXN-007459,2023-05-19,Operations,APAC,Failed,1568.95,9470.459890786595
TXN-007460,2023-04-16,Operations,North America,Pending,4935.53,3159.54
TXN-007461,2022-03-29,Operations,North America,Completed,3654.99,877.85
TXN-007462,2023-05-28,Marketing,North America,Failed,4009.04,2390.11
TXN-007463,2022-05-06,Sales,APAC,Completed,4888.92,1960.38
TXN-007464,2022-10-31,Marketing,APAC,Completed,5719.49,2089.53
TXN-007465,2023-07-04,Marketing,EMEA,Pending,4944.83,3433.46
TXN-007466,2022-12-06,Engineering,EMEA,Completed,4512.58,3249.66
TXN-007467,2022-07-21,Operations,LATAM,Pending,5823.51,2183.78
TXN-007468,2022-12-29,Sales,North America,Failed,5680.91,2017.76
TXN-007469,2022-08-01,Sales,EMEA,Pending,5377.65,2991.89
TXN-007470,2023-05-18,Marketing,APAC,Completed,5895.47,5184.724241988197
TXN-007471,2023-03-05,Engineering,EMEA,Failed,4966.49,1106.65
TXN-007472,2023-03-09,Sales,EMEA,Completed,5315.27,875.59
TXN-007473,2022-05-12,Customer Support,North America,Completed,5418.0,2835.28
TXN-007474,2022-06-19,Customer Support,APAC,Completed,3112.1,2075.04
TXN-007475,2023-08-15,Engineering,North America,Pending,4679.99,3293.28
TXN-007476,2022-02-11,Customer Support,LATAM,Completed,6068.63,2403.43
TXN-007477,2023-05-13,Customer Support,APAC,Completed,4405.85,7304.769109558457
TXN-007478,2022-04-15,Customer Support,APAC,Completed,3176.57,2992.88
TXN-007479,2023-07-01,Sales,LATAM,Failed,5521.0,3580.76
TXN-007480,2023-10-11,Engineering,APAC,Failed,5669.71,
TXN-007481,2023-08-20,Marketing,EMEA,Pending,5155.26,1767.35
TXN-007482,2022-08-12,Operations,APAC,Pending,5145.21,810.75
TXN-007483,2023-03-13,Marketing,North America,Completed,7149.1,2729.71
TXN-007484,2023-01-05,Customer Support,North America,Completed,1118.74,1323.36
TXN-007485,2022-07-23,Sales,EMEA,Failed,1697.68,2011.41
TXN-007486,2023-08-29,Marketing,North America,Completed,6577.86,3424.91
TXN-007487,2023-04-15,Engineering,APAC,Completed,5999.97,1778.52
TXN-007488,2023-07-25,Engineering,EMEA,Completed,2418.92,1351.69
TXN-007489,2022-04-29,Customer Support,APAC,Completed,6617.38,1353.24
TXN-007490,2023-04-04,Engineering,LATAM,Completed,4604.76,1622.3
TXN-007491,2022-08-17,Marketing,EMEA,Pending,6715.54,2633.93
TXN-007492,2023-05-04,Engineering,APAC,Pending,4611.95,8771.204934554245
TXN-007493,2022-08-15,Marketing,North America,Failed,4136.33,2827.07
TXN-007494,2022-09-03,Sales,North America,Completed,4664.75,2213.54
TXN-007495,2023-02-06,Engineering,North America,Completed,,3988.79
TXN-007496,2023-12-25,Customer Support,EMEA,Completed,4849.08,1107.73
TXN-007497,2023-08-02,Sales,APAC,Completed,6727.37,1890.26
TXN-007498,2023-03-06,Sales,EMEA,Completed,5615.26,1530.81
TXN-007499,2023-10-02,Marketing,EMEA,Failed,8156.83,2867.34
TXN-007500,2023-01-10,Marketing,APAC,Completed,7892.23,1437.89
TXN-007501,2023-05-04,Engineering,LATAM,Completed,5513.52,2052.96
TXN-007502,2023-01-24,Operations,LATAM,Pending,5581.48,1678.56
TXN-007503,2023-05-13,Engineering,APAC,Completed,3662.52,8339.08529254282
TXN-007504,2022-12-11,Marketing,North America,Completed,5429.74,3549.68
TXN-007505,2022-01-12,Sales,APAC,Completed,3646.26,1381.04
TXN-007506,2023-04-23,Operations,EMEA,Completed,6622.44,780.81
TXN-007507,2023-08-14,Customer Support,APAC,Completed,6063.32,2671.53
TXN-007508,2023-08-27,Marketing,LATAM,Completed,5806.16,2631.91
TXN-007509,2022-03-13,Customer Support,North America,Pending,4392.78,2487.94
TXN-007510,2022-05-14,Operations,LATAM,Failed,5487.5,1933.25
TXN-007511,2022-08-13,Marketing,EMEA,Completed,4391.25,3041.63
TXN-007512,2022-10-03,Marketing,EMEA,Failed,4585.9,1897.09
TXN-007513,2023-01-09,Sales,LATAM,Completed,3774.58,2471.8
TXN-007514,2022-06-23,Engineering,APAC,Failed,7018.81,1622.26
TXN-007515,2023-02-27,Sales,APAC,Completed,5253.03,3720.67
TXN-007516,2023-09-29,Sales,EMEA,Completed,5561.82,2897.14
TXN-007517,2023-03-02,Sales,EMEA,Completed,3931.52,3571.46
TXN-007518,2022-01-04,Operations,APAC,Failed,3305.74,1518.4
TXN-007519,2022-11-23,Engineering,LATAM,Pending,6505.81,1571.46
TXN-007520,2022-07-29,Sales,EMEA,Completed,6050.63,3017.34
TXN-007521,2022-11-25,Engineering,APAC,Completed,5524.55,2315.61
TXN-007522,2022-04-28,Sales,EMEA,Failed,6183.36,2498.84
TXN-007523,2023-05-16,Marketing,LATAM,Completed,5939.4,2957.0
TXN-007524,2022-07-05,Engineering,EMEA,Completed,4452.12,1980.92
TXN-007525,2022-03-08,Marketing,LATAM,Failed,4001.46,1737.89
TXN-007526,2022-03-26,Marketing,EMEA,Completed,,861.83
TXN-007527,2023-10-12,Sales,North America,Completed,3675.51,2577.0
TXN-007528,2022-04-20,Engineering,EMEA,Completed,3472.17,1526.21
TXN-007529,2022-09-21,Sales,LATAM,Pending,7108.73,3696.53
TXN-007530,2023-07-28,Sales,EMEA,Completed,3420.15,975.84
TXN-007531,2022-01-26,Customer Support,APAC,Completed,7543.57,2275.75
TXN-007532,2022-05-24,Marketing,APAC,Completed,5589.07,2055.89
TXN-007533,2023-11-05,Operations,North America,Completed,7365.42,2151.41
TXN-007534,2022-09-27,Operations,LATAM,Failed,1754.69,0.0
TXN-007535,2023-03-16,Engineering,EMEA,Completed,5838.88,1569.17
TXN-007536,2022-07-01,Sales,EMEA,Pending,5377.15,1981.56
TXN-007537,2022-04-22,Marketing,EMEA,Completed,8095.63,2088.9
TXN-007538,2022-11-19,Customer Support,North America,Failed,8614.43,1486.43
TXN-007539,2022-07-17,Marketing,EMEA,Pending,5434.25,2491.54
TXN-007540,2023-01-31,Customer Support,APAC,Completed,4238.6,2130.29
TXN-007541,2022-06-29,Marketing,APAC,Pending,7740.83,4543.55
TXN-007542,2022-10-01,Sales,EMEA,Completed,4286.5,2229.41
TXN-007543,2023-12-09,Sales,APAC,Failed,5483.13,1244.75
TXN-007544,2023-12-05,Marketing,North America,Completed,8841.37,2349.73
TXN-007545,2023-06-09,Customer Support,LATAM,Completed,6195.45,1841.59
TXN-007546,2022-09-02,Sales,EMEA,Pending,1931.26,2148.92
TXN-007547,2023-08-31,Marketing,EMEA,Completed,6599.91,1385.77
TXN-007548,2023-04-28,Customer Support,LATAM,Completed,2812.9,1196.53
TXN-007549,2023-06-21,Sales,APAC,Pending,4370.01,3385.32
TXN-007550,2023-01-29,Engineering,North America,Completed,4075.07,2538.98
TXN-007551,2023-10-08,Sales,APAC,Completed,3852.35,485.21
TXN-007552,2022-03-19,Operations,EMEA,Pending,6746.05,1710.92
TXN-007553,2022-04-09,Customer Support,North America,Completed,3813.36,2561.18
TXN-007554,2022-01-05,Marketing,APAC,Completed,5713.64,2043.62
TXN-007555,2023-06-03,Customer Support,North America,Completed,4299.98,1751.01
TXN-007556,2023-02-25,Engineering,APAC,Completed,5636.75,227.91
TXN-007557,2022-01-14,Customer Support,EMEA,Completed,2972.15,1538.65
TXN-007558,2023-10-31,Marketing,EMEA,Completed,5336.49,1647.44
TXN-007559,2022-09-27,Engineering,LATAM,Completed,4066.35,2793.26
TXN-007560,2023-11-13,Sales,APAC,Completed,3510.51,1204.5
TXN-007561,2022-04-02,Sales,North America,Pending,3711.64,1939.94
TXN-007562,2022-04-22,Marketing,EMEA,Completed,6161.77,2082.67
TXN-007563,2023-01-28,Operations,APAC,Completed,5214.93,2414.55
TXN-007564,2022-11-20,Marketing,APAC,Pending,9794.34,2556.21
TXN-007565,2022-11-05,Customer Support,APAC,Pending,3938.12,2755.43
TXN-007566,2022-08-06,Engineering,North America,Completed,5689.51,3633.33
TXN-007567,2022-03-31,Marketing,LATAM,Completed,6922.39,3259.14
TXN-007568,2023-06-11,Marketing,LATAM,Completed,3805.28,2467.8
TXN-007569,2023-05-01,Marketing,LATAM,Completed,4893.04,3028.28
TXN-007570,2022-09-21,Engineering,LATAM,Completed,5473.31,1290.31
TXN-007571,2023-05-19,Operations,EMEA,Failed,7393.39,576.84
TXN-007572,2022-07-31,Marketing,North America,Completed,3540.64,2641.16
TXN-007573,2022-11-03,Customer Support,North America,Failed,2297.36,1290.11
TXN-007574,2022-09-17,Operations,APAC,Completed,4336.64,2298.57
TXN-007575,2023-04-24,Sales,EMEA,Completed,2593.11,3006.15
TXN-007576,2023-06-18,Customer Support,APAC,Completed,4011.57,2048.78
TXN-007577,2023-09-13,Engineering,EMEA,Completed,8274.21,1293.76
TXN-007578,2022-12-21,Operations,North America,Failed,,2734.4
TXN-007579,2023-04-18,Marketing,APAC,Completed,3578.98,1333.86
TXN-007580,2023-06-28,Operations,APAC,Completed,5505.82,2535.89
TXN-007581,2023-06-25,Sales,LATAM,Completed,4905.96,1543.48
TXN-007582,2022-12-15,Sales,LATAM,Completed,5549.75,2063.17
TXN-007583,2023-02-27,Sales,LATAM,Completed,4228.1,2499.78
TXN-007584,2022-06-12,Sales,EMEA,Completed,5284.25,958.98
TXN-007585,2022-07-25,Sales,APAC,Failed,5974.83,1808.38
TXN-007586,2023-04-24,Customer Support,EMEA,Failed,4084.15,0.0
TXN-007587,2023-09-01,Sales,North America,Completed,6158.56,1231.01
TXN-007588,2023-06-17,Sales,APAC,Completed,4335.01,1806.08
TXN-007589,2022-09-04,Customer Support,LATAM,Pending,3981.84,1924.17
TXN-007590,2022-11-30,Engineering,LATAM,Completed,1286.38,2222.28
TXN-007591,2023-01-23,Engineering,LATAM,Pending,5040.03,2704.18
TXN-007592,2023-12-08,Marketing,APAC,Pending,3527.55,3345.07
TXN-007593,2022-05-21,Customer Support,North America,Pending,4665.08,2772.51
TXN-007594,2022-11-24,Sales,EMEA,Completed,4233.81,2438.11
TXN-007595,2023-09-13,Engineering,EMEA,Completed,4377.04,1219.98
TXN-007596,2022-04-13,Engineering,LATAM,Pending,7267.12,2157.31
TXN-007597,2023-01-02,Engineering,EMEA,Completed,6117.52,1528.35
TXN-007598,2022-06-20,Marketing,APAC,Completed,5238.11,431.77
TXN-007599,2023-03-20,Operations,North America,Completed,4794.64,1934.0
TXN-007600,2023-06-12,Customer Support,EMEA,Failed,4409.24,1577.45
TXN-007601,2023-07-30,Customer Support,APAC,Pending,4385.73,2661.38
TXN-007602,2022-09-12,Engineering,APAC,Completed,0.0,2026.79
TXN-007603,2022-07-14,Engineering,APAC,Completed,3258.51,2124.0
TXN-007604,2023-08-13,Engineering,APAC,Failed,5249.6,2237.24
TXN-007605,2023-12-15,Engineering,APAC,Completed,8027.2,1889.17
TXN-007606,2022-07-14,Engineering,LATAM,Completed,5345.03,1798.61
TXN-007607,2023-12-10,Operations,North America,Completed,3934.43,884.53
TXN-007608,2023-03-27,Sales,North America,Pending,,
TXN-007609,2023-02-08,Engineering,APAC,Failed,5867.53,3689.49
TXN-007610,2022-09-01,Engineering,LATAM,Completed,3062.97,1748.45
TXN-007611,2022-04-08,Marketing,APAC,Pending,4403.34,1899.63
TXN-007612,2022-09-15,Customer Support,EMEA,Completed,1944.75,2505.11
TXN-007613,2022-03-16,Sales,EMEA,Failed,3343.8,3972.57
TXN-007614,2023-07-27,Marketing,LATAM,Completed,4189.57,2592.53
TXN-007615,2022-04-19,Engineering,North America,Completed,4249.06,1343.7
TXN-007616,2023-06-16,Engineering,LATAM,Completed,6639.23,2009.77
TXN-007617,2023-03-24,Customer Support,LATAM,Failed,5605.96,2723.3
TXN-007618,2023-04-14,Marketing,North America,Pending,4298.48,1467.32
TXN-007619,2022-01-29,Sales,LATAM,Completed,4392.74,2606.36
TXN-007620,2022-04-10,Sales,APAC,Completed,5646.06,3097.44
TXN-007621,2022-11-07,Marketing,EMEA,Failed,3060.54,2854.51
TXN-007622,2023-12-25,Marketing,North America,Failed,4966.59,2768.91
TXN-007623,2022-05-25,Sales,EMEA,Failed,4829.21,4154.1
TXN-007624,2022-11-14,Marketing,EMEA,Completed,3319.55,1556.95
TXN-007625,2023-12-12,Customer Support,North America,Pending,6337.62,2882.95
TXN-007626,2023-08-06,Operations,North America,Completed,7484.95,1795.69
TXN-007627,2022-03-19,Sales,EMEA,Completed,3365.46,291.78
TXN-007628,2022-12-28,Sales,APAC,Failed,3868.91,2148.44
TXN-007629,2023-12-08,Marketing,North America,Completed,3985.07,1749.46
TXN-007630,2023-07-26,Customer Support,APAC,Failed,3952.05,1818.9
TXN-007631,2022-07-21,Engineering,North America,Completed,3324.7,703.4
TXN-007632,2022-12-31,Engineering,LATAM,Completed,4217.18,2122.77
TXN-007633,2022-08-01,Operations,North America,Completed,4386.89,2322.21
TXN-007634,2023-07-11,Sales,APAC,Pending,4777.24,3279.23
TXN-007635,2023-12-26,Customer Support,LATAM,Completed,4733.77,1968.55
TXN-007636,2022-03-02,Marketing,APAC,Completed,2761.29,2977.01
TXN-007637,2023-07-09,Engineering,EMEA,Pending,8112.59,1819.07
TXN-007638,2022-11-20,Sales,EMEA,Failed,4500.46,1624.89
TXN-007639,2022-04-22,Customer Support,North America,Pending,5264.7,1885.92
TXN-007640,2022-12-25,Sales,APAC,Completed,5453.73,966.95
TXN-007641,2023-06-30,Sales,APAC,Completed,5872.83,1656.57
TXN-007642,2023-02-15,Operations,North America,Completed,5584.01,2165.22
TXN-007643,2022-11-13,Operations,North America,Failed,3445.6,1048.65
TXN-007644,2022-05-26,Sales,APAC,Completed,4504.52,1377.93
TXN-007645,2022-02-12,Marketing,LATAM,Completed,4326.76,2361.77
TXN-007646,2022-01-31,Operations,North America,Completed,5914.63,2474.4
TXN-007647,2023-09-19,Sales,EMEA,Failed,6074.05,2854.78
TXN-007648,2023-10-13,Customer Support,North America,Pending,6406.5,2158.32
TXN-007649,2023-11-23,Engineering,North America,Completed,6564.83,1722.41
TXN-007650,2022-03-08,Sales,APAC,Failed,6364.68,1157.03
TXN-007651,2023-03-01,Customer Support,North America,Completed,,3223.9
TXN-007652,2022-11-01,Sales,LATAM,Completed,4298.94,2091.99
TXN-007653,2023-08-29,Customer Support,EMEA,Completed,3208.86,1446.52
TXN-007654,2023-05-07,Operations,North America,Failed,5907.18,1869.38
TXN-007655,2022-08-12,Customer Support,LATAM,Completed,6674.18,1611.87
TXN-007656,2022-09-04,Sales,APAC,Completed,5189.26,2143.33
TXN-007657,2023-08-20,Engineering,LATAM,Failed,5246.0,2316.49
TXN-007658,2023-04-24,Marketing,EMEA,Completed,4160.05,2505.53
TXN-007659,2022-02-01,Customer Support,North America,Completed,5739.28,1864.48
TXN-007660,2022-02-19,Operations,APAC,Failed,3383.89,1597.9
TXN-007661,2022-08-07,Customer Support,LATAM,Pending,7086.85,2790.49
TXN-007662,2022-09-21,Engineering,North America,Pending,4775.95,2470.95
TXN-007663,2022-10-29,Operations,APAC,Completed,2810.88,2505.32
TXN-007664,2022-09-07,Customer Support,North America,Completed,4923.5,2039.27
TXN-007665,2022-08-03,Customer Support,APAC,Completed,3126.83,1897.99
TXN-007666,2022-08-15,Customer Support,APAC,Completed,3534.72,2905.94
TXN-007667,2023-07-27,Customer Support,LATAM,Completed,4824.54,2934.86
TXN-007668,2023-03-02,Marketing,LATAM,Completed,5033.64,2275.58
TXN-007669,2023-05-08,Operations,North America,Pending,6015.69,2327.33
TXN-007670,2022-12-14,Customer Support,EMEA,Completed,4830.67,2993.44
TXN-007671,2023-06-08,Sales,EMEA,Completed,6565.73,2370.21
TXN-007672,2022-08-27,Operations,EMEA,Completed,6252.24,1778.07
TXN-007673,2023-02-13,Marketing,EMEA,Pending,5188.15,
TXN-007674,2022-07-19,Sales,EMEA,Pending,2156.84,2100.54
TXN-007675,2023-02-22,Customer Support,LATAM,Failed,3426.59,2799.11
TXN-007676,2022-03-30,Engineering,APAC,Pending,3016.28,1179.59
TXN-007677,2022-11-21,Marketing,EMEA,Failed,7700.74,1165.99
TXN-007678,2023-02-05,Operations,North America,Pending,5557.98,2026.44
TXN-007679,2023-11-18,Engineering,North America,Completed,3920.41,169.56
TXN-007680,2022-01-17,Marketing,North America,Pending,4578.8,1709.42
TXN-007681,2023-09-18,Customer Support,EMEA,Completed,5181.01,2020.04
TXN-007682,2023-12-12,Engineering,APAC,Completed,6459.12,1906.7
TXN-007683,2022-07-29,Customer Support,EMEA,Completed,6584.09,971.01
TXN-007684,2023-07-05,Engineering,APAC,Completed,6131.92,675.9
TXN-007685,2022-03-29,Engineering,LATAM,Completed,3880.19,2802.71
TXN-007686,2022-03-13,Customer Support,APAC,Completed,3141.32,2618.24
TXN-007687,2022-12-25,Customer Support,LATAM,Completed,4693.75,2931.56
TXN-007688,2023-04-25,Customer Support,North America,Completed,5623.13,2240.36
TXN-007689,2023-01-16,Operations,North America,Completed,4670.88,866.46
TXN-007690,2022-11-13,Engineering,APAC,Failed,6376.64,1352.69
TXN-007691,2023-11-19,Customer Support,EMEA,Completed,3685.4,2858.08
TXN-007692,2023-09-30,Customer Support,LATAM,Completed,3629.17,1220.48
TXN-007693,2023-10-24,Sales,LATAM,Completed,4500.65,1424.4
TXN-007694,2022-11-18,Sales,APAC,Completed,4563.45,1070.97
TXN-007695,2023-12-01,Customer Support,APAC,Pending,3327.93,2749.73
TXN-007696,2023-06-22,Sales,LATAM,Completed,7132.0,1679.65
TXN-007697,2022-07-12,Customer Support,APAC,Pending,5928.7,2878.55
TXN-007698,2023-10-20,Customer Support,North America,Failed,5061.85,1626.78
TXN-007699,2022-06-08,Customer Support,APAC,Pending,3474.68,2359.61
TXN-007700,2022-07-27,Marketing,North America,Failed,6913.04,1430.26
TXN-007701,2023-05-20,Customer Support,LATAM,Failed,5628.54,1155.22
TXN-007702,2022-08-05,Customer Support,North America,Pending,5100.06,2890.19
TXN-007703,2022-08-24,Marketing,EMEA,Completed,3145.0,2637.81
TXN-007704,2022-06-08,Operations,North America,Completed,4803.65,2420.51
TXN-007705,2022-03-29,Engineering,North America,Completed,5408.14,1380.75
TXN-007706,2022-02-09,Engineering,EMEA,Completed,5669.86,2142.03
TXN-007707,2022-08-24,Engineering,North America,Completed,1799.16,2389.67
TXN-007708,2023-08-07,Marketing,EMEA,Completed,6564.2,3150.15
TXN-007709,2023-09-26,Sales,LATAM,Pending,4949.49,1057.05
TXN-007710,2023-08-01,Customer Support,APAC,Completed,4232.76,2578.78
TXN-007711,2022-10-10,Engineering,EMEA,Pending,3197.69,1456.4
TXN-007712,2022-01-13,Operations,APAC,Pending,3349.66,2552.61
TXN-007713,2023-03-30,Operations,North America,Pending,5143.56,2484.23
TXN-007714,2023-01-26,Sales,North America,Pending,4975.45,3152.88
TXN-007715,2022-10-02,Marketing,APAC,Pending,5190.28,3208.26
TXN-007716,2023-10-20,Operations,LATAM,Completed,6599.76,2164.09
TXN-007717,2022-12-03,Engineering,EMEA,Completed,5475.93,2470.53
TXN-007718,2022-04-19,Marketing,North America,Pending,4196.94,2436.13
TXN-007719,2022-08-25,Marketing,North America,Completed,4638.25,1703.33
TXN-007720,2022-06-28,Engineering,North America,Completed,4352.57,2085.98
TXN-007721,2022-09-01,Engineering,APAC,Pending,8628.08,979.9
TXN-007722,2023-09-05,Engineering,APAC,Completed,6632.98,2313.59
TXN-007723,2023-02-18,Marketing,North America,Failed,5680.6,595.06
TXN-007724,2022-03-28,Engineering,North America,Failed,6110.72,609.89
TXN-007725,2023-05-22,Engineering,LATAM,Failed,4389.28,1452.9
TXN-007726,2022-03-02,Marketing,LATAM,Pending,2926.85,2467.9
TXN-007727,2022-11-11,Sales,APAC,Completed,3920.26,1488.69
TXN-007728,2023-11-07,Customer Support,North America,Completed,2166.56,2259.53
TXN-007729,2023-04-08,Sales,North America,Completed,4022.99,2607.86
TXN-007730,2022-07-23,Engineering,LATAM,Completed,5955.71,1170.84
TXN-007731,2022-06-25,Operations,EMEA,Failed,5539.21,2199.16
TXN-007732,2023-04-01,Customer Support,APAC,Pending,4706.88,1075.45
TXN-007733,2022-05-16,Marketing,North America,Completed,7180.75,2158.47
TXN-007734,2023-02-12,Sales,North America,Completed,3533.09,2269.2
TXN-007735,2023-06-06,Operations,EMEA,Completed,6344.59,912.75
TXN-007736,2023-07-08,Customer Support,EMEA,Completed,3227.26,1704.94
TXN-007737,2022-06-22,Engineering,EMEA,Completed,6001.33,2639.72
TXN-007738,2022-01-05,Sales,APAC,Pending,4750.78,
TXN-007739,2022-07-26,Operations,LATAM,Completed,7054.82,2452.85
TXN-007740,2023-04-09,Sales,APAC,Completed,3549.55,1909.11
TXN-007741,2023-04-15,Sales,LATAM,Completed,6836.17,2247.16
TXN-007742,2023-11-09,Operations,North America,Completed,2622.87,3098.62
TXN-007743,2022-10-01,Customer Support,APAC,Pending,4491.9,693.51
TXN-007744,2023-10-14,Operations,LATAM,Failed,4571.27,2040.33
TXN-007745,2022-12-17,Sales,EMEA,Completed,4572.74,3298.29
TXN-007746,2023-12-17,Operations,APAC,Completed,4112.73,1856.24
TXN-007747,2023-03-15,Customer Support,EMEA,Failed,3812.7,3112.27
TXN-007748,2023-12-04,Operations,LATAM,Pending,5182.43,2198.99
TXN-007749,2023-01-31,Customer Support,LATAM,Failed,8430.58,135.29
TXN-007750,2023-09-10,Sales,North America,Completed,6489.83,819.23
TXN-007751,2022-09-06,Sales,EMEA,Completed,3048.6,1884.17
TXN-007752,2022-02-03,Operations,EMEA,Failed,6562.58,304.66
TXN-007753,2023-03-13,Operations,APAC,Failed,7762.2,2123.18
TXN-007754,2022-10-03,Operations,LATAM,Failed,6662.29,1599.78
TXN-007755,2023-01-31,Operations,EMEA,Completed,7048.46,4252.06
TXN-007756,2023-01-29,Customer Support,EMEA,Failed,2895.26,2509.48
TXN-007757,2022-09-12,Marketing,APAC,Completed,4417.87,3674.09
TXN-007758,2023-09-12,Sales,APAC,Pending,,2337.1
TXN-007759,2022-01-22,Customer Support,North America,Completed,2912.08,1643.23
TXN-007760,2023-02-12,Customer Support,EMEA,Pending,6267.46,2416.74
TXN-007761,2023-01-31,Engineering,LATAM,Pending,5465.07,1025.99
TXN-007762,2022-05-12,Operations,North America,Completed,5935.41,2032.44
TXN-007763,2023-02-05,Marketing,APAC,Pending,6279.3,0.0
TXN-007764,2023-09-20,Marketing,North America,Completed,1092.0,3062.85
TXN-007765,2023-05-15,Marketing,APAC,Completed,3982.6,13088.581926290222
TXN-007766,2023-12-03,Engineering,LATAM,Completed,,2140.73
TXN-007767,2022-10-20,Operations,EMEA,Pending,5211.19,1601.45
TXN-007768,2023-05-14,Operations,EMEA,Completed,7481.97,2124.58
TXN-007769,2022-04-30,Sales,APAC,Completed,1815.43,2044.66
TXN-007770,2023-11-02,Operations,EMEA,Completed,5386.07,1260.44
TXN-007771,2022-09-26,Operations,North America,Completed,5157.02,1665.3
TXN-007772,2023-06-05,Marketing,North America,Completed,4536.9,1470.44
TXN-007773,2022-07-05,Marketing,EMEA,Completed,5123.23,2697.49
TXN-007774,2022-05-21,Customer Support,North America,Failed,3187.87,2059.32
TXN-007775,2023-04-05,Sales,LATAM,Failed,4140.09,2347.09
TXN-007776,2022-05-18,Sales,LATAM,Completed,5920.34,1390.24
TXN-007777,2023-12-05,Engineering,EMEA,Pending,4755.71,2853.27
TXN-007778,2023-10-28,Operations,APAC,Completed,3970.76,1716.14
TXN-007779,2023-09-17,Customer Support,North America,Completed,7925.47,2505.12
TXN-007780,2023-10-21,Customer Support,LATAM,Completed,5207.9,2139.53
TXN-007781,2022-04-24,Operations,LATAM,Pending,6850.91,3458.67
TXN-007782,2023-05-26,Sales,EMEA,Failed,3795.54,3054.89
TXN-007783,2022-12-22,Marketing,LATAM,Failed,6142.87,1033.04
TXN-007784,2023-05-15,Marketing,APAC,Completed,6164.01,5249.916642052485
TXN-007785,2022-11-20,Marketing,North America,Completed,4864.96,2686.8
TXN-007786,2022-11-11,Engineering,EMEA,Completed,2459.83,1969.41
TXN-007787,2022-04-23,Engineering,EMEA,Completed,2983.07,2949.68
TXN-007788,2023-05-31,Marketing,North America,Completed,5941.91,1421.12
TXN-007789,2023-06-23,Operations,EMEA,Completed,7148.99,2507.19
TXN-007790,2023-03-29,Marketing,LATAM,Pending,7458.43,1939.61
TXN-007791,2023-03-29,Operations,EMEA,Pending,4971.9,1953.52
TXN-007792,2022-12-02,Operations,LATAM,Completed,4553.42,2270.1
TXN-007793,2023-06-19,Marketing,North America,Completed,5375.68,2845.98
TXN-007794,2022-08-02,Operations,EMEA,Completed,4476.73,1569.26
TXN-007795,2022-05-19,Operations,EMEA,Pending,5883.93,2127.82
TXN-007796,2023-06-09,Sales,North America,Failed,3906.98,2872.12
TXN-007797,2023-08-07,Customer Support,North America,Completed,2921.32,2400.86
TXN-007798,2023-03-13,Operations,APAC,Failed,4579.1,3199.69
TXN-007799,2022-05-10,Engineering,APAC,Completed,4493.92,2246.49
TXN-007800,2022-09-21,Sales,EMEA,Completed,3810.63,2056.43
TXN-007801,2023-10-04,Engineering,North America,Completed,4528.58,2462.59
TXN-007802,2022-09-29,Customer Support,LATAM,Pending,5472.51,1048.74
TXN-007803,2023-12-26,Operations,LATAM,Completed,7405.55,945.33
TXN-007804,2023-04-27,Engineering,EMEA,Completed,4082.98,
TXN-007805,2023-09-16,Engineering,LATAM,Completed,3293.85,3141.09
TXN-007806,2023-12-05,Engineering,APAC,Pending,4907.71,
TXN-007807,2023-01-05,Marketing,APAC,Failed,5350.34,3443.43
TXN-007808,2022-06-26,Marketing,North America,Completed,4382.73,1387.12
TXN-007809,2022-02-27,Sales,APAC,Completed,5873.84,2783.18
TXN-007810,2023-04-27,Operations,North America,Completed,5768.49,2314.12
TXN-007811,2022-08-31,Customer Support,North America,Completed,6951.77,1774.19
TXN-007812,2022-02-15,Marketing,EMEA,Completed,4992.45,1745.43
TXN-007813,2022-02-03,Customer Support,EMEA,Completed,7059.71,0.0
TXN-007814,2022-02-13,Marketing,North America,Completed,5888.68,1875.72
TXN-007815,2023-08-21,Engineering,North America,Pending,3282.63,1160.38
TXN-007816,2023-01-31,Marketing,LATAM,Failed,5587.12,3053.12
TXN-007817,2022-12-16,Sales,North America,Completed,3604.4,3099.44
TXN-007818,2023-11-16,Operations,North America,Completed,4716.41,2278.42
TXN-007819,2023-08-30,Operations,APAC,Completed,6596.41,1500.01
TXN-007820,2022-07-19,Customer Support,LATAM,Completed,4103.47,1683.07
TXN-007821,2023-09-06,Sales,North America,Completed,6432.26,2315.71
TXN-007822,2023-08-06,Marketing,LATAM,Completed,5828.75,1952.59
TXN-007823,2022-10-25,Operations,North America,Pending,4287.16,1887.81
TXN-007824,2023-02-17,Sales,APAC,Failed,5213.57,2678.97
TXN-007825,2023-09-23,Customer Support,North America,Completed,5870.44,1906.46
TXN-007826,2023-07-29,Customer Support,North America,Pending,4393.69,4174.33
TXN-007827,2022-05-09,Engineering,EMEA,Pending,2667.36,882.5
TXN-007828,2023-04-01,Customer Support,LATAM,Completed,3872.59,2041.44
TXN-007829,2023-04-27,Sales,APAC,Pending,2590.22,3228.61
TXN-007830,2023-04-16,Marketing,APAC,Completed,5607.86,3083.65
TXN-007831,2023-11-15,Marketing,North America,Failed,3539.79,1163.73
TXN-007832,2022-05-11,Sales,EMEA,Failed,7158.44,2872.15
TXN-007833,2023-04-03,Engineering,LATAM,Completed,6315.18,1428.69
TXN-007834,2022-01-28,Engineering,APAC,Completed,3709.82,1849.23
TXN-007835,2022-08-04,Marketing,North America,Completed,,657.67
TXN-007836,2023-05-17,Sales,LATAM,Completed,4783.46,2698.06
TXN-007837,2022-07-15,Operations,APAC,Completed,7013.43,1586.42
TXN-007838,2023-12-19,Sales,LATAM,Failed,5172.49,2069.97
TXN-007839,2022-08-09,Operations,APAC,Completed,4482.33,266.14
TXN-007840,2022-04-15,Operations,LATAM,Completed,5246.49,2107.81
TXN-007841,2023-08-14,Operations,APAC,Completed,4724.52,1103.81
TXN-007842,2022-05-21,Customer Support,APAC,Pending,3334.0,1025.55
TXN-007843,2022-08-06,Customer Support,APAC,Pending,4994.69,1932.66
TXN-007844,2023-08-29,Sales,EMEA,Failed,7287.81,1713.2
TXN-007845,2022-12-19,Sales,EMEA,Completed,6843.9,2532.94
TXN-007846,2023-08-13,Operations,LATAM,Completed,3945.34,2736.16
TXN-007847,2023-02-08,Engineering,APAC,Pending,5269.55,2054.29
TXN-007848,2023-01-19,Customer Support,North America,Failed,4460.09,1357.96
TXN-007849,2022-07-05,Operations,LATAM,Completed,4613.31,3053.04
TXN-007850,2022-05-28,Engineering,EMEA,Pending,6820.42,1157.8
TXN-007851,2022-08-16,Engineering,EMEA,Pending,4518.68,2851.09
TXN-007852,2023-01-15,Marketing,North America,Completed,4627.4,1666.33
TXN-007853,2022-02-17,Sales,North America,Completed,3671.66,782.84
TXN-007854,2023-07-19,Sales,APAC,Pending,3971.23,2433.21
TXN-007855,2022-02-03,Marketing,North America,Failed,4778.72,1126.34
TXN-007856,2023-06-27,Operations,EMEA,Completed,5311.05,3141.52
TXN-007857,2022-04-05,Operations,North America,Completed,4780.64,1797.49
TXN-007858,2022-10-05,Engineering,APAC,Failed,6412.66,918.52
TXN-007859,2023-02-09,Marketing,LATAM,Completed,5672.29,2545.64
TXN-007860,2022-02-08,Marketing,APAC,Pending,4880.78,4046.58
TXN-007861,2023-01-01,Operations,APAC,Pending,4756.46,2616.63
TXN-007862,2023-07-02,Engineering,EMEA,Pending,3800.19,1316.34
TXN-007863,2023-11-09,Engineering,North America,Pending,4710.42,1079.68
TXN-007864,2023-10-23,Engineering,LATAM,Failed,4427.55,1789.57
TXN-007865,2023-02-28,Sales,EMEA,Completed,6246.42,2294.86
TXN-007866,2022-05-21,Sales,North America,Completed,5534.25,1978.4
TXN-007867,2023-06-25,Engineering,North America,Completed,6118.38,716.91
TXN-007868,2022-11-12,Customer Support,North America,Failed,2699.31,2613.07
TXN-007869,2023-03-25,Sales,LATAM,Completed,7300.07,2311.34
TXN-007870,2022-08-03,Customer Support,LATAM,Pending,5530.21,2730.79
TXN-007871,2023-11-14,Marketing,APAC,Completed,3586.47,
TXN-007872,2023-07-02,Operations,LATAM,Completed,5675.25,3329.4
TXN-007873,2023-07-17,Sales,APAC,Completed,3932.64,2925.48
TXN-007874,2023-06-18,Operations,North America,Completed,4827.59,975.57
TXN-007875,2022-01-12,Customer Support,North America,Failed,7078.4,1780.37
TXN-007876,2022-03-24,Operations,EMEA,Completed,,2436.74
TXN-007877,2023-02-13,Marketing,North America,Failed,6649.69,2748.26
TXN-007878,2022-01-10,Sales,EMEA,Failed,4823.82,1431.68
TXN-007879,2023-01-15,Engineering,APAC,Completed,4078.22,2023.55
TXN-007880,2022-01-31,Sales,LATAM,Pending,2830.25,2486.56
TXN-007881,2023-02-21,Customer Support,APAC,Completed,5886.52,1480.34
TXN-007882,2023-12-04,Operations,APAC,Failed,3983.7,2075.84
TXN-007883,2023-03-06,Engineering,EMEA,Completed,6713.72,2263.71
TXN-007884,2022-06-03,Operations,North America,Completed,5772.33,2515.17
TXN-007885,2022-08-22,Sales,LATAM,Completed,5350.55,1213.02
TXN-007886,2023-05-11,Engineering,North America,Pending,3936.46,2804.39
TXN-007887,2022-02-23,Marketing,APAC,Completed,7136.28,2413.21
TXN-007888,2023-10-07,Operations,North America,Failed,3556.88,1138.53
TXN-007889,2022-09-16,Sales,LATAM,Completed,5007.6,1565.21
TXN-007890,2023-02-10,Engineering,APAC,Pending,3957.31,1902.68
TXN-007891,2023-07-01,Sales,EMEA,Completed,8244.66,0.0
TXN-007892,2022-02-03,Marketing,North America,Failed,5966.03,1854.69
TXN-007893,2022-03-01,Engineering,EMEA,Completed,2637.94,1228.51
TXN-007894,2022-05-02,Sales,North America,Completed,8282.3,2633.76
TXN-007895,2022-08-22,Customer Support,APAC,Completed,5440.38,1839.21
TXN-007896,2022-06-04,Sales,EMEA,Failed,5379.5,1163.76
TXN-007897,2023-07-25,Marketing,LATAM,Completed,4365.98,1991.44
TXN-007898,2023-04-21,Sales,APAC,Completed,6742.22,1277.33
TXN-007899,2022-07-17,Customer Support,EMEA,Pending,,3000.02
TXN-007900,2022-02-16,Engineering,LATAM,Pending,6027.06,3417.8
TXN-007901,2022-08-18,Marketing,LATAM,Failed,6649.17,3004.74
TXN-007902,2023-10-28,Operations,EMEA,Completed,4526.94,1412.86
TXN-007903,2023-08-16,Customer Support,APAC,Completed,6225.03,844.92
TXN-007904,2023-06-01,Engineering,EMEA,Completed,6604.61,1658.33
TXN-007905,2023-01-18,Customer Support,LATAM,Pending,7732.15,2329.61
TXN-007906,2023-08-20,Customer Support,LATAM,Pending,7747.5,2017.61
TXN-007907,2022-06-16,Sales,LATAM,Completed,5341.33,1457.81
TXN-007908,2022-08-02,Customer Support,EMEA,Completed,5333.07,1888.19
TXN-007909,2023-09-10,Operations,EMEA,Completed,5343.83,1721.37
TXN-007910,2023-06-16,Sales,EMEA,Completed,3984.21,896.2
TXN-007911,2022-04-20,Sales,North America,Completed,4231.25,3352.23
TXN-007912,2023-02-17,Marketing,APAC,Completed,6388.24,1533.23
TXN-007913,2023-12-30,Engineering,North America,Pending,3060.46,2667.11
TXN-007914,2023-05-09,Operations,LATAM,Completed,3341.56,2453.71
TXN-007915,2022-09-05,Marketing,North America,Completed,5184.97,3415.78
TXN-007916,2023-01-27,Marketing,EMEA,Completed,4694.7,1534.52
TXN-007917,2023-02-18,Engineering,EMEA,Completed,7162.0,1903.89
TXN-007918,2022-06-02,Engineering,APAC,Completed,3804.08,2381.73
TXN-007919,2023-09-29,Marketing,LATAM,Failed,5201.77,2177.68
TXN-007920,2022-07-05,Sales,LATAM,Completed,5642.15,1661.51
TXN-007921,2023-09-06,Sales,EMEA,Failed,5099.52,2560.75
TXN-007922,2023-02-24,Marketing,North America,Failed,4830.93,2111.73
TXN-007923,2022-05-23,Sales,EMEA,Completed,6191.14,2462.95
TXN-007924,2022-11-16,Engineering,EMEA,Completed,7172.74,1993.68
TXN-007925,2023-02-11,Engineering,EMEA,Pending,2901.18,2334.69
TXN-007926,2023-11-14,Marketing,APAC,Completed,6708.48,2952.41
TXN-007927,2023-05-23,Marketing,APAC,Failed,,9203.28713118941
TXN-007928,2023-05-01,Operations,North America,Completed,7029.83,1502.56
TXN-007929,2022-03-03,Engineering,LATAM,Pending,5563.43,2200.78
TXN-007930,2023-11-14,Engineering,EMEA,Completed,3671.62,3406.87
TXN-007931,2022-09-02,Marketing,North America,Failed,3875.62,1014.6
TXN-007932,2023-10-29,Operations,EMEA,Completed,5045.68,2251.3
TXN-007933,2023-12-30,Engineering,EMEA,Completed,5304.41,2196.27
TXN-007934,2023-09-19,Operations,North America,Completed,7145.09,1788.14
TXN-007935,2022-12-08,Sales,EMEA,Completed,6079.49,
TXN-007936,2023-03-25,Engineering,North America,Completed,2789.3,1437.03
TXN-007937,2022-01-13,Marketing,APAC,Completed,5943.28,2084.56
TXN-007938,2023-07-25,Sales,APAC,Failed,4176.05,1813.19
TXN-007939,2023-08-04,Sales,EMEA,Completed,4666.35,1686.68
TXN-007940,2022-05-28,Engineering,North America,Completed,6399.96,2087.18
TXN-007941,2022-02-20,Customer Support,APAC,Completed,6140.34,3297.73
TXN-007942,2022-04-24,Marketing,North America,Failed,7285.39,1346.83
TXN-007943,2023-10-15,Sales,APAC,Completed,3065.43,2554.9
TXN-007944,2022-09-22,Engineering,North America,Failed,5357.95,3586.57
TXN-007945,2023-12-28,Sales,LATAM,Completed,8391.31,1895.97
TXN-007946,2022-08-08,Customer Support,North America,Completed,6523.94,1909.95
TXN-007947,2023-01-04,Customer Support,North America,Failed,5612.19,1111.33
TXN-007948,2022-05-18,Engineering,North America,Pending,2697.81,872.79
TXN-007949,2022-10-12,Customer Support,APAC,Pending,4703.06,1363.29
TXN-007950,2022-01-02,Sales,LATAM,Completed,3464.39,2560.9
TXN-007951,2022-01-25,Customer Support,North America,Completed,5383.2,1378.59
TXN-007952,2023-04-11,Marketing,North America,Completed,4055.1,1937.07
TXN-007953,2022-06-24,Customer Support,APAC,Completed,4260.19,1676.31
TXN-007954,2022-06-07,Marketing,LATAM,Completed,1773.84,1465.16
TXN-007955,2023-10-10,Engineering,APAC,Completed,5035.21,1689.76
TXN-007956,2022-11-09,Engineering,North America,Completed,5504.55,2347.98
TXN-007957,2022-08-01,Marketing,EMEA,Completed,5694.01,1149.38
TXN-007958,2022-06-12,Engineering,EMEA,Completed,6242.22,2597.19
TXN-007959,2022-05-28,Sales,North America,Pending,5768.47,2451.14
TXN-007960,2022-10-07,Engineering,LATAM,Failed,1838.11,2847.97
TXN-007961,2023-12-16,Sales,North America,Completed,5862.81,1807.06
TXN-007962,2023-12-03,Engineering,EMEA,Failed,4714.89,3942.96
TXN-007963,2023-11-09,Operations,EMEA,Completed,1723.12,822.47
TXN-007964,2022-05-03,Sales,APAC,Pending,4252.28,2203.18
TXN-007965,2022-01-06,Customer Support,EMEA,Failed,3471.79,2702.25
TXN-007966,2022-07-17,Engineering,LATAM,Completed,7213.63,1000.29
TXN-007967,2023-07-25,Marketing,APAC,Pending,2093.7,2953.7
TXN-007968,2023-03-21,Sales,LATAM,Pending,6446.12,2147.93
TXN-007969,2022-04-11,Operations,LATAM,Completed,6469.64,2578.68
TXN-007970,2022-06-03,Engineering,APAC,Pending,6764.06,3322.33
TXN-007971,2023-11-29,Marketing,APAC,Completed,5439.53,404.06
TXN-007972,2022-03-10,Customer Support,APAC,Completed,5703.93,2234.82
TXN-007973,2023-08-09,Engineering,EMEA,Completed,3094.12,3116.05
TXN-007974,2023-01-29,Marketing,LATAM,Failed,2807.31,2024.1
TXN-007975,2023-10-23,Operations,APAC,Completed,5019.92,3005.35
TXN-007976,2022-11-21,Operations,APAC,Failed,5390.29,1472.84
TXN-007977,2022-10-16,Marketing,North America,Completed,3239.44,3039.52
TXN-007978,2022-03-18,Operations,LATAM,Completed,6127.75,986.88
TXN-007979,2022-11-14,Operations,North America,Completed,6438.3,1636.88
TXN-007980,2023-06-05,Customer Support,APAC,Completed,5133.37,6493.178024553637
TXN-007981,2023-12-23,Customer Support,LATAM,Failed,6978.08,3081.16
TXN-007982,2023-04-25,Marketing,LATAM,Pending,3781.89,2060.53
TXN-007983,2023-01-09,Engineering,APAC,Failed,4620.52,2011.0
TXN-007984,2022-05-10,Sales,North America,Pending,2950.35,3143.96
TXN-007985,2022-05-24,Operations,EMEA,Failed,5422.97,1277.66
TXN-007986,2022-12-03,Marketing,APAC,Completed,5244.01,1501.65
TXN-007987,2023-01-23,Operations,EMEA,Pending,4522.17,3695.49
TXN-007988,2022-10-29,Engineering,LATAM,Completed,4421.31,2051.33
TXN-007989,2022-01-08,Engineering,North America,Pending,5356.7,803.28
TXN-007990,2022-07-28,Customer Support,LATAM,Pending,4250.01,2799.49
TXN-007991,2023-02-15,Customer Support,LATAM,Completed,5175.77,1733.47
TXN-007992,2022-12-07,Engineering,North America,Completed,3041.95,2575.72
TXN-007993,2022-05-23,Marketing,APAC,Completed,4144.41,1679.82
TXN-007994,2022-03-04,Engineering,APAC,Failed,4659.01,2204.73
TXN-007995,2023-04-07,Operations,LATAM,Completed,7413.46,3462.54
TXN-007996,2023-09-26,Marketing,APAC,Pending,4808.8,2140.09
TXN-007997,2022-08-02,Marketing,EMEA,Failed,3355.07,1112.29
TXN-007998,2023-03-22,Customer Support,EMEA,Failed,3961.42,1137.22
TXN-007999,2023-05-28,Operations,North America,Failed,4682.62,1563.17
TXN-008000,2023-03-23,Operations,North America,Completed,5943.28,1670.29
TXN-008001,2023-04-27,Sales,EMEA,Completed,6689.43,3245.64
TXN-008002,2023-04-01,Marketing,North America,Failed,5290.2,2879.84
TXN-008003,2023-11-23,Marketing,LATAM,Pending,2594.82,2262.41
TXN-008004,2023-09-29,Customer Support,EMEA,Completed,9016.41,1995.53
TXN-008005,2023-09-29,Operations,LATAM,Completed,2847.98,895.3
TXN-008006,2022-05-08,Operations,EMEA,Completed,4747.23,2730.33
TXN-008007,2023-05-14,Marketing,EMEA,Pending,5267.78,2104.54
TXN-008008,2023-12-05,Sales,North America,Failed,7262.54,1552.86
TXN-008009,2023-04-22,Sales,EMEA,Completed,2175.26,1777.01
TXN-008010,2022-09-13,Sales,LATAM,Completed,5088.04,594.96
TXN-008011,2022-10-11,Marketing,North America,Completed,4718.98,3374.66
TXN-008012,2022-07-27,Customer Support,North America,Pending,4802.01,1737.72
TXN-008013,2023-10-22,Sales,APAC,Completed,7337.92,1497.9
TXN-008014,2022-09-15,Customer Support,APAC,Failed,2375.51,1901.33
TXN-008015,2023-02-16,Engineering,EMEA,Completed,5521.28,3035.0
TXN-008016,2023-08-02,Operations,EMEA,Completed,4032.59,2671.5
TXN-008017,2022-05-20,Sales,LATAM,Completed,6938.86,730.44
TXN-008018,2022-01-06,Sales,North America,Completed,4436.08,2860.64
TXN-008019,2022-12-12,Customer Support,North America,Completed,3722.88,2688.29
TXN-008020,2023-10-25,Sales,LATAM,Pending,4202.14,3302.6
TXN-008021,2022-09-11,Marketing,LATAM,Pending,2661.51,1901.62
TXN-008022,2022-04-06,Marketing,APAC,Completed,4233.11,724.08
TXN-008023,2023-05-17,Sales,LATAM,Completed,1942.23,2926.88
TXN-008024,2023-04-08,Marketing,LATAM,Completed,5628.76,1978.36
TXN-008025,2023-07-06,Sales,APAC,Completed,3725.24,2725.67
TXN-008026,2023-07-12,Marketing,LATAM,Pending,6253.75,2913.68
TXN-008027,2023-06-10,Marketing,LATAM,Pending,4683.99,2036.18
TXN-008028,2022-08-10,Engineering,North America,Completed,4823.01,1613.78
TXN-008029,2022-07-18,Engineering,LATAM,Failed,6267.02,1508.97
TXN-008030,2023-06-25,Operations,LATAM,Pending,6076.85,731.23
TXN-008031,2023-03-09,Operations,LATAM,Completed,4783.85,1377.33
TXN-008032,2022-08-02,Engineering,APAC,Failed,4649.06,3324.74
TXN-008033,2022-07-01,Customer Support,LATAM,Completed,6960.23,2371.59
TXN-008034,2022-04-20,Operations,EMEA,Failed,2515.06,2915.27
TXN-008035,2022-07-03,Operations,APAC,Failed,4314.53,2105.5
TXN-008036,2023-02-15,Customer Support,EMEA,Completed,5594.57,1983.24
TXN-008037,2022-06-25,Operations,North America,Completed,4909.56,1574.77
TXN-008038,2023-07-27,Customer Support,APAC,Pending,4546.37,
TXN-008039,2022-03-17,Customer Support,APAC,Completed,6267.33,1399.41
TXN-008040,2023-08-21,Engineering,APAC,Failed,3839.87,2587.28
TXN-008041,2022-03-15,Sales,LATAM,Completed,3588.61,1984.18
TXN-008042,2022-08-14,Operations,APAC,Failed,5539.22,1986.83
TXN-008043,2022-08-12,Sales,LATAM,Failed,3790.81,1265.07
TXN-008044,2022-11-06,Engineering,APAC,Failed,6389.0,2536.59
TXN-008045,2023-07-27,Sales,APAC,Completed,7428.7,1696.8
TXN-008046,2023-04-14,Marketing,EMEA,Failed,6797.92,3555.48
TXN-008047,2022-02-08,Operations,APAC,Pending,4573.14,1724.15
TXN-008048,2022-09-29,Sales,EMEA,Completed,7834.36,1662.36
TXN-008049,2023-04-30,Engineering,APAC,Pending,3866.88,2479.35
TXN-008050,2022-04-25,Marketing,APAC,Completed,6203.36,2066.77
TXN-008051,2022-06-17,Sales,LATAM,Completed,4743.48,1269.63
TXN-008052,2023-08-22,Marketing,North America,Completed,2048.75,803.01
TXN-008053,2022-09-20,Customer Support,LATAM,Completed,3090.2,1551.29
TXN-008054,2023-03-13,Marketing,EMEA,Failed,5157.07,2120.77
TXN-008055,2022-11-26,Operations,North America,Completed,3163.85,1990.41
TXN-008056,2022-02-11,Sales,EMEA,Completed,5195.76,1947.62
TXN-008057,2022-03-27,Customer Support,LATAM,Failed,4405.24,3637.53
TXN-008058,2022-08-19,Operations,LATAM,Failed,1425.62,1003.77
TXN-008059,2023-11-19,Sales,North America,Pending,4947.47,2371.21
TXN-008060,2022-01-31,Marketing,LATAM,Pending,2393.56,1794.43
TXN-008061,2023-03-20,Operations,APAC,Completed,5990.16,2427.41
TXN-008062,2023-06-03,Engineering,LATAM,Failed,3598.95,3398.34
TXN-008063,2022-12-28,Marketing,North America,Completed,4687.62,2096.39
TXN-008064,2023-01-06,Marketing,North America,Completed,6072.15,400.73
TXN-008065,2023-06-22,Sales,LATAM,Completed,4131.59,840.27
TXN-008066,2023-02-05,Engineering,North America,Completed,3292.61,0.0
TXN-008067,2023-05-13,Sales,LATAM,Failed,6577.37,373.41
TXN-008068,2023-06-26,Engineering,APAC,Completed,6289.47,3910.92
TXN-008069,2023-07-11,Engineering,North America,Failed,3076.3,894.95
TXN-008070,2023-12-22,Marketing,LATAM,Completed,4485.13,1841.16
TXN-008071,2023-08-22,Operations,LATAM,Completed,4759.08,2008.82
TXN-008072,2023-03-27,Marketing,EMEA,Completed,5378.2,3132.44
TXN-008073,2023-07-26,Marketing,EMEA,Completed,2134.86,1462.58
TXN-008074,2023-09-05,Operations,LATAM,Completed,4328.62,2150.19
TXN-008075,2023-04-22,Engineering,EMEA,Pending,6016.93,1587.83
TXN-008076,2023-01-23,Marketing,North America,Completed,6293.89,1518.85
TXN-008077,2023-09-12,Operations,LATAM,Completed,3712.92,1331.59
TXN-008078,2022-12-19,Marketing,EMEA,Completed,4410.78,2851.55
TXN-008079,2023-12-20,Marketing,LATAM,Failed,5762.12,523.13
TXN-008080,2023-08-17,Engineering,North America,Pending,4217.52,431.66
TXN-008081,2023-02-02,Sales,LATAM,Completed,4268.03,1348.05
TXN-008082,2023-04-08,Operations,APAC,Completed,4089.62,499.84
TXN-008083,2022-11-10,Customer Support,North America,Pending,5790.06,1796.47
TXN-008084,2023-12-16,Customer Support,LATAM,Failed,6387.96,1176.93
TXN-008085,2023-10-23,Operations,APAC,Pending,2668.73,2286.55
TXN-008086,2023-03-28,Sales,North America,Completed,3994.92,2860.26
TXN-008087,2023-03-20,Customer Support,North America,Failed,4773.67,2136.73
TXN-008088,2023-09-10,Sales,APAC,Failed,4556.08,1161.44
TXN-008089,2023-11-13,Sales,EMEA,Completed,2843.01,3166.14
TXN-008090,2023-12-16,Sales,EMEA,Completed,4700.38,3128.32
TXN-008091,2023-05-04,Marketing,APAC,Failed,4399.11,7528.392896568182
TXN-008092,2022-07-13,Engineering,APAC,Failed,6400.24,1387.46
TXN-008093,2023-03-02,Customer Support,APAC,Completed,4729.76,2309.44
TXN-008094,2023-05-12,Sales,APAC,Pending,2362.54,8783.150009580384
TXN-008095,2023-02-23,Engineering,LATAM,Completed,5965.28,1808.24
TXN-008096,2022-10-10,Engineering,EMEA,Completed,5020.81,991.67
TXN-008097,2022-11-16,Sales,North America,Completed,5307.06,907.28
TXN-008098,2023-06-28,Marketing,LATAM,Failed,6719.31,1839.83
TXN-008099,2022-07-21,Customer Support,LATAM,Failed,4216.24,2452.08
TXN-008100,2023-03-28,Operations,LATAM,Pending,5467.94,1088.74
TXN-008101,2023-07-23,Sales,APAC,Failed,2090.18,1915.9
TXN-008102,2023-10-02,Customer Support,North America,Completed,4169.29,
TXN-008103,2023-05-30,Operations,North America,Completed,1848.61,1455.3
TXN-008104,2023-04-17,Operations,APAC,Completed,7002.68,2983.39
TXN-008105,2023-10-26,Engineering,APAC,Completed,5934.96,2946.71
TXN-008106,2023-06-05,Operations,North America,Completed,7251.42,1305.58
TXN-008107,2022-02-11,Sales,LATAM,Completed,7507.26,1924.34
TXN-008108,2022-12-16,Customer Support,EMEA,Completed,6521.91,2459.16
TXN-008109,2022-08-16,Sales,North America,Completed,4900.98,2627.91
TXN-008110,2023-03-14,Customer Support,APAC,Completed,2107.37,2304.01
TXN-008111,2022-02-02,Sales,APAC,Completed,3938.5,1598.96
TXN-008112,2023-02-21,Marketing,APAC,Completed,5702.45,1706.86
TXN-008113,2023-05-19,Customer Support,EMEA,Pending,4157.46,1731.02
TXN-008114,2022-12-19,Sales,EMEA,Pending,4847.84,1154.06
TXN-008115,2023-01-23,Engineering,EMEA,Completed,3647.0,2978.32
TXN-008116,2023-12-16,Customer Support,LATAM,Completed,4368.93,2604.25
TXN-008117,2022-06-11,Engineering,North America,Completed,5160.64,3718.51
TXN-008118,2022-10-26,Operations,North America,Pending,3093.82,3031.53
TXN-008119,2023-08-17,Engineering,North America,Completed,5951.39,1807.53
TXN-008120,2022-11-18,Customer Support,APAC,Pending,4412.93,2233.88
TXN-008121,2022-06-15,Engineering,APAC,Completed,7984.08,0.0
TXN-008122,2023-04-01,Marketing,LATAM,Completed,3514.08,3478.72
TXN-008123,2022-06-16,Engineering,EMEA,Failed,5480.26,1169.45
TXN-008124,2023-09-11,Operations,North America,Pending,3719.66,2698.25
TXN-008125,2022-12-30,Sales,APAC,Completed,7000.1,2387.93
TXN-008126,2022-03-25,Customer Support,EMEA,Pending,5700.69,1005.8
TXN-008127,2023-09-09,Engineering,North America,Completed,4668.25,1041.63
TXN-008128,2022-06-01,Engineering,North America,Completed,3393.92,2212.53
TXN-008129,2022-03-11,Customer Support,LATAM,Failed,3832.46,3222.03
TXN-008130,2022-08-15,Customer Support,APAC,Failed,5517.29,2949.05
TXN-008131,2023-11-03,Sales,APAC,Completed,5212.24,1576.32
TXN-008132,2023-12-04,Sales,APAC,Pending,6853.39,1988.44
TXN-008133,2022-05-24,Sales,APAC,Completed,6372.44,1908.86
TXN-008134,2022-11-15,Customer Support,APAC,Completed,4993.29,2069.75
TXN-008135,2022-10-26,Marketing,North America,Completed,4972.44,2911.96
TXN-008136,2023-10-15,Customer Support,North America,Pending,3613.85,2023.63
TXN-008137,2022-03-15,Operations,APAC,Completed,5202.37,2051.46
TXN-008138,2022-11-20,Customer Support,LATAM,Failed,4983.39,1883.29
TXN-008139,2023-02-17,Sales,APAC,Completed,5263.82,908.84
TXN-008140,2022-03-03,Engineering,LATAM,Completed,8281.72,1896.08
TXN-008141,2022-09-04,Engineering,North America,Pending,8004.54,1774.77
TXN-008142,2023-06-26,Operations,North America,Completed,3299.05,2119.59
TXN-008143,2022-05-19,Operations,EMEA,Failed,3590.64,1289.77
TXN-008144,2023-11-08,Operations,EMEA,Pending,6430.87,2518.98
TXN-008145,2023-10-23,Customer Support,EMEA,Pending,5142.72,3158.27
TXN-008146,2022-03-12,Marketing,LATAM,Failed,2730.01,860.85
TXN-008147,2022-08-10,Marketing,North America,Completed,,2416.37
TXN-008148,2023-05-06,Marketing,EMEA,Completed,5624.54,1292.96
TXN-008149,2022-04-20,Marketing,APAC,Completed,2802.84,2481.89
TXN-008150,2022-04-15,Sales,EMEA,Failed,7460.2,2624.98
TXN-008151,2022-04-24,Sales,North America,Completed,5809.06,2554.35
TXN-008152,2023-04-06,Sales,APAC,Failed,2060.21,1415.46
TXN-008153,2022-08-15,Operations,North America,Completed,3223.22,2218.0
TXN-008154,2023-07-31,Sales,APAC,Completed,5811.91,2567.83
TXN-008155,2022-02-26,Customer Support,North America,Completed,6817.26,771.38
TXN-008156,2022-05-31,Sales,EMEA,Completed,5886.29,805.59
TXN-008157,2023-09-09,Customer Support,LATAM,Completed,4753.58,1624.76
TXN-008158,2023-08-16,Customer Support,APAC,Completed,5364.84,2197.67
TXN-008159,2023-09-09,Engineering,North America,Completed,4357.44,2225.69
TXN-008160,2023-03-25,Engineering,APAC,Completed,1278.3,2459.57
TXN-008161,2023-05-13,Sales,EMEA,Completed,5962.25,714.14
TXN-008162,2023-07-06,Marketing,North America,Completed,3222.64,1781.79
TXN-008163,2023-05-31,Customer Support,LATAM,Completed,2034.73,1697.5
TXN-008164,2023-07-15,Sales,EMEA,Pending,6477.38,2472.91
TXN-008165,2022-10-15,Engineering,North America,Completed,5292.51,3326.99
TXN-008166,2023-07-30,Operations,LATAM,Completed,5198.06,1685.41
TXN-008167,2022-11-27,Marketing,APAC,Pending,5690.15,2291.72
TXN-008168,2023-09-12,Sales,LATAM,Completed,5500.74,3688.07
TXN-008169,2023-05-03,Sales,North America,Completed,3110.89,2328.85
TXN-008170,2022-02-19,Engineering,APAC,Completed,6468.99,2442.76
TXN-008171,2023-07-09,Marketing,LATAM,Failed,3709.61,2179.33
TXN-008172,2022-05-22,Operations,LATAM,Pending,6442.88,1330.4
TXN-008173,2023-04-11,Operations,North America,Failed,2667.16,2659.44
TXN-008174,2022-11-06,Customer Support,EMEA,Completed,5847.87,1549.66
TXN-008175,2023-12-24,Sales,EMEA,Pending,4467.69,1335.84
TXN-008176,2022-02-10,Operations,LATAM,Failed,5417.39,2637.23
TXN-008177,2023-12-03,Customer Support,EMEA,Completed,6887.93,2053.68
TXN-008178,2022-09-01,Sales,APAC,Completed,4285.46,1374.32
TXN-008179,2023-03-23,Customer Support,APAC,Completed,2240.66,2024.6
TXN-008180,2022-11-11,Sales,EMEA,Completed,4505.38,3283.44
TXN-008181,2023-04-30,Customer Support,EMEA,Completed,5390.7,1389.72
TXN-008182,2023-07-25,Operations,EMEA,Completed,2904.65,2487.33
TXN-008183,2022-02-04,Sales,LATAM,Completed,6950.1,726.98
TXN-008184,2023-06-22,Marketing,LATAM,Pending,3113.29,1727.39
TXN-008185,2022-10-20,Engineering,APAC,Failed,5853.85,1978.58
TXN-008186,2023-05-14,Sales,LATAM,Completed,4676.07,3109.38
TXN-008187,2022-12-21,Marketing,EMEA,Completed,5327.23,1249.09
TXN-008188,2022-06-27,Marketing,APAC,Failed,4215.12,2342.93
TXN-008189,2022-01-15,Sales,EMEA,Completed,2837.86,1836.25
TXN-008190,2023-11-09,Sales,LATAM,Failed,4858.49,908.51
TXN-008191,2023-05-15,Operations,North America,Completed,1768.22,1392.89
TXN-008192,2022-01-10,Sales,EMEA,Completed,7021.32,2675.31
TXN-008193,2022-10-28,Customer Support,APAC,Completed,3636.92,2735.72
TXN-008194,2023-04-21,Sales,APAC,Failed,6790.5,2575.96
TXN-008195,2023-03-14,Operations,North America,Completed,2903.52,2264.38
TXN-008196,2022-01-14,Operations,LATAM,Pending,7633.84,1047.39
TXN-008197,2023-10-26,Marketing,EMEA,Pending,6794.78,3101.74
TXN-008198,2023-12-16,Sales,North America,Completed,3004.24,1799.61
TXN-008199,2022-10-28,Sales,North America,Completed,3319.68,1820.45
TXN-008200,2022-10-13,Customer Support,LATAM,Failed,4883.87,575.52
TXN-008201,2023-03-28,Sales,EMEA,Completed,3076.12,894.59
TXN-008202,2023-08-11,Sales,APAC,Pending,3985.9,2884.07
TXN-008203,2022-03-18,Customer Support,North America,Completed,5048.61,2560.55
TXN-008204,2023-02-16,Operations,North America,Pending,,3037.59
TXN-008205,2022-02-20,Customer Support,EMEA,Failed,4379.4,1774.62
TXN-008206,2023-05-18,Engineering,North America,Completed,4607.67,3368.91
TXN-008207,2022-09-18,Sales,LATAM,Pending,3299.69,2567.14
TXN-008208,2022-02-09,Sales,LATAM,Pending,6166.22,693.82
TXN-008209,2023-02-07,Engineering,EMEA,Completed,5090.27,2356.94
TXN-008210,2022-02-16,Operations,North America,Completed,6853.62,1510.46
TXN-008211,2023-06-11,Customer Support,North America,Completed,5904.01,2413.66
TXN-008212,2022-01-12,Marketing,North America,Completed,,1718.95
TXN-008213,2023-07-07,Engineering,EMEA,Pending,4947.94,3265.54
TXN-008214,2023-05-21,Customer Support,EMEA,Completed,6190.65,2580.0
TXN-008215,2022-12-16,Sales,EMEA,Completed,3670.8,2250.4
TXN-008216,2022-02-25,Customer Support,North America,Completed,6245.93,2803.46
TXN-008217,2022-01-30,Sales,LATAM,Completed,2125.18,1224.53
TXN-008218,2022-05-30,Sales,LATAM,Completed,3800.48,1446.41
TXN-008219,2023-05-23,Operations,APAC,Completed,6258.94,6396.231945422999
TXN-008220,2023-05-10,Marketing,EMEA,Completed,6657.71,2115.63
TXN-008221,2023-08-15,Operations,EMEA,Pending,8475.75,1678.0
TXN-008222,2022-11-20,Sales,APAC,Failed,7442.86,1022.77
TXN-008223,2022-04-28,Engineering,LATAM,Completed,5184.2,1646.76
TXN-008224,2023-04-05,Customer Support,APAC,Pending,3849.96,2137.35
TXN-008225,2022-04-19,Sales,EMEA,Completed,3494.56,1627.48
TXN-008226,2022-11-08,Customer Support,North America,Pending,5490.93,1878.44
TXN-008227,2022-02-24,Sales,APAC,Completed,4418.4,3503.58
TXN-008228,2022-07-05,Sales,APAC,Completed,4960.71,730.24
TXN-008229,2023-04-19,Customer Support,LATAM,Completed,6227.78,930.01
TXN-008230,2022-08-04,Customer Support,North America,Completed,6631.5,1552.36
TXN-008231,2022-03-23,Operations,LATAM,Completed,3869.38,2364.04
TXN-008232,2023-10-19,Engineering,EMEA,Completed,,1506.36
TXN-008233,2023-05-09,Sales,LATAM,Pending,3808.62,1846.72
TXN-008234,2022-07-08,Operations,EMEA,Completed,3615.82,3900.04
TXN-008235,2022-11-03,Marketing,LATAM,Failed,3553.39,3252.6
TXN-008236,2022-08-26,Customer Support,North America,Completed,6682.72,912.11
TXN-008237,2023-03-08,Operations,EMEA,Completed,6314.52,1636.23
TXN-008238,2023-03-03,Sales,LATAM,Completed,866.3,2738.76
TXN-008239,2023-07-01,Customer Support,EMEA,Completed,5928.99,3280.77
TXN-008240,2023-07-21,Operations,LATAM,Completed,3249.13,1040.77
TXN-008241,2023-03-27,Engineering,EMEA,Pending,5713.04,2173.53
TXN-008242,2023-10-16,Operations,North America,Pending,3123.71,1936.38
TXN-008243,2023-12-27,Customer Support,North America,Completed,7027.88,3324.48
TXN-008244,2022-06-29,Engineering,North America,Pending,4414.41,1917.24
TXN-008245,2022-12-30,Sales,EMEA,Completed,3597.84,1610.37
TXN-008246,2023-08-05,Marketing,North America,Pending,4796.27,2941.29
TXN-008247,2023-06-27,Sales,EMEA,Completed,5548.33,3374.1
TXN-008248,2022-09-01,Engineering,APAC,Completed,6682.21,2171.02
TXN-008249,2022-06-08,Sales,APAC,Pending,6976.06,2660.58
TXN-008250,2023-06-04,Engineering,EMEA,Pending,5791.59,1997.25
TXN-008251,2023-09-22,Customer Support,APAC,Completed,5102.72,1334.87
TXN-008252,2023-05-23,Customer Support,APAC,Completed,4386.48,13340.47697237435
TXN-008253,2022-05-18,Engineering,APAC,Pending,6127.31,1622.66
TXN-008254,2022-08-07,Engineering,EMEA,Completed,5593.46,2042.87
TXN-008255,2022-07-25,Sales,EMEA,Pending,5057.05,2709.85
TXN-008256,2022-07-01,Sales,APAC,Completed,2189.2,768.92
TXN-008257,2023-04-06,Operations,North America,Pending,4608.99,2444.25
TXN-008258,2023-09-15,Customer Support,LATAM,Completed,8100.88,1458.49
TXN-008259,2023-06-26,Sales,North America,Completed,4992.65,
TXN-008260,2022-07-01,Customer Support,LATAM,Pending,4390.61,1212.83
TXN-008261,2022-02-09,Operations,EMEA,Completed,7856.97,2414.71
TXN-008262,2022-04-05,Customer Support,LATAM,Completed,9028.06,3365.08
TXN-008263,2022-01-20,Customer Support,North America,Pending,4014.43,1844.86
TXN-008264,2023-02-06,Engineering,LATAM,Completed,6258.15,2611.05
TXN-008265,2022-11-22,Operations,APAC,Pending,5933.3,
TXN-008266,2022-08-26,Marketing,North America,Completed,5004.49,2520.06
TXN-008267,2023-08-13,Operations,EMEA,Pending,6168.79,2245.8
TXN-008268,2023-03-27,Engineering,APAC,Failed,6468.22,1051.87
TXN-008269,2022-09-29,Customer Support,North America,Completed,4244.5,3185.05
TXN-008270,2023-08-28,Operations,APAC,Completed,4806.66,935.55
TXN-008271,2023-10-23,Marketing,North America,Pending,1988.892,2194.68
TXN-008272,2022-04-24,Customer Support,EMEA,Pending,2513.63,0.0
TXN-008273,2023-09-09,Marketing,North America,Failed,8491.63,2172.48
TXN-008274,2023-11-08,Sales,EMEA,Completed,5256.36,0.0
TXN-008275,2023-04-12,Sales,North America,Completed,3680.09,2331.29
TXN-008276,2023-04-16,Operations,North America,Pending,3740.77,1638.82
TXN-008277,2023-11-05,Operations,APAC,Completed,6548.09,1832.9
TXN-008278,2023-04-21,Engineering,North America,Failed,4036.36,2517.91
TXN-008279,2022-01-27,Sales,APAC,Pending,1740.97,1204.83
TXN-008280,2022-10-21,Customer Support,EMEA,Completed,3851.33,2612.5
TXN-008281,2023-06-09,Engineering,North America,Completed,7301.29,2433.93
TXN-008282,2022-09-26,Operations,LATAM,Failed,8443.19,2359.06
TXN-008283,2023-10-02,Customer Support,APAC,Completed,3532.43,1726.51
TXN-008284,2022-05-20,Engineering,LATAM,Completed,7094.81,1277.39
TXN-008285,2023-06-23,Customer Support,APAC,Completed,3699.77,2490.25
TXN-008286,2022-11-03,Customer Support,North America,Pending,5744.18,2298.44
TXN-008287,2022-08-01,Marketing,APAC,Completed,4004.57,2708.26
TXN-008288,2022-11-08,Engineering,LATAM,Failed,6557.91,1895.5
TXN-008289,2023-03-20,Operations,APAC,Completed,4143.27,1933.15
TXN-008290,2023-03-28,Marketing,LATAM,Failed,,2382.03
TXN-008291,2022-07-10,Sales,APAC,Completed,3755.35,2174.96
TXN-008292,2022-02-08,Sales,North America,Pending,7237.26,3075.55
TXN-008293,2023-06-29,Engineering,EMEA,Completed,6571.08,3154.2
TXN-008294,2023-06-03,Operations,APAC,Pending,2742.25,2839.969671496745
TXN-008295,2022-03-26,Operations,North America,Completed,2123.97,1334.45
TXN-008296,2023-07-21,Sales,North America,Completed,4442.28,1504.11
TXN-008297,2023-10-17,Engineering,North America,Completed,,3741.24
TXN-008298,2022-10-14,Customer Support,LATAM,Pending,5169.05,1636.38
TXN-008299,2023-04-14,Customer Support,EMEA,Failed,7860.0,1936.56
TXN-008300,2023-08-19,Operations,EMEA,Failed,2876.99,1948.01
TXN-008301,2022-04-11,Marketing,APAC,Pending,5504.09,1058.41
TXN-008302,2022-11-24,Engineering,EMEA,Completed,6663.52,2548.48
TXN-008303,2023-12-06,Sales,APAC,Completed,4807.07,2229.59
TXN-008304,2023-05-20,Customer Support,North America,Completed,5190.0,1632.09
TXN-008305,2023-03-11,Engineering,APAC,Pending,6153.85,2578.48
TXN-008306,2022-12-29,Sales,LATAM,Completed,5451.06,2320.88
TXN-008307,2023-04-10,Customer Support,EMEA,Failed,5256.45,1350.39
TXN-008308,2023-01-07,Customer Support,North America,Completed,2439.36,3156.22
TXN-008309,2022-05-20,Operations,North America,Failed,2680.04,2780.32
TXN-008310,2022-07-06,Customer Support,North America,Pending,,853.31
TXN-008311,2023-06-07,Marketing,LATAM,Pending,5533.91,2038.49
TXN-008312,2022-08-30,Marketing,APAC,Pending,6714.53,2816.23
TXN-008313,2023-03-01,Engineering,North America,Completed,5406.54,2632.5
TXN-008314,2023-07-10,Engineering,APAC,Completed,6712.86,2279.5
TXN-008315,2022-12-20,Operations,LATAM,Completed,6833.69,1862.64
TXN-008316,2023-07-02,Marketing,EMEA,Completed,2873.35,2381.77
TXN-008317,2022-05-14,Sales,LATAM,Completed,3930.0,2653.31
TXN-008318,2023-10-22,Marketing,APAC,Failed,5596.45,2281.04
TXN-008319,2022-05-15,Marketing,EMEA,Failed,4275.81,2256.97
TXN-008320,2022-01-19,Operations,EMEA,Completed,5567.25,1114.88
TXN-008321,2023-06-23,Engineering,EMEA,Completed,5952.11,1698.77
TXN-008322,2022-12-26,Engineering,EMEA,Failed,,2200.33
TXN-008323,2023-10-21,Operations,APAC,Failed,7733.65,2292.93
TXN-008324,2023-06-09,Sales,North America,Completed,2865.11,2787.19
TXN-008325,2022-08-10,Operations,North America,Failed,4145.7,1124.25
TXN-008326,2023-08-15,Operations,North America,Pending,4043.72,2042.91
TXN-008327,2023-09-19,Operations,North America,Pending,2943.28,3377.25
TXN-008328,2022-12-28,Marketing,APAC,Completed,4251.86,3235.49
TXN-008329,2022-09-19,Customer Support,North America,Completed,2588.32,500.09
TXN-008330,2022-10-12,Customer Support,North America,Completed,5308.26,1835.06
TXN-008331,2022-02-10,Engineering,EMEA,Completed,4787.02,1929.98
TXN-008332,2022-11-20,Operations,APAC,Completed,1631.74,3058.28
TXN-008333,2022-10-09,Marketing,LATAM,Failed,5585.25,2897.47
TXN-008334,2022-11-27,Marketing,APAC,Completed,3400.86,1708.89
TXN-008335,2022-05-06,Sales,North America,Completed,,1783.94
TXN-008336,2023-12-08,Operations,APAC,Completed,4074.0,848.08
TXN-008337,2022-08-09,Marketing,APAC,Failed,4913.21,1140.09
TXN-008338,2022-11-05,Sales,LATAM,Pending,5209.54,1938.01
TXN-008339,2022-04-04,Operations,EMEA,Completed,4134.5,1287.26
TXN-008340,2022-01-02,Operations,LATAM,Failed,4524.55,2059.33
TXN-008341,2023-09-15,Engineering,North America,Failed,6723.77,1363.99
TXN-008342,2023-09-26,Customer Support,LATAM,Completed,3609.4,2685.63
TXN-008343,2022-10-05,Marketing,LATAM,Completed,1857.97,0.0
TXN-008344,2023-10-02,Marketing,North America,Pending,1983.2579999999998,3070.51
TXN-008345,2023-09-27,Sales,LATAM,Completed,2517.76,1499.82
TXN-008346,2022-02-02,Marketing,North America,Completed,4753.84,1404.48
TXN-008347,2023-07-04,Operations,APAC,Pending,4577.8,1135.3
TXN-008348,2023-08-05,Marketing,North America,Completed,6368.78,2307.73
TXN-008349,2023-06-23,Engineering,LATAM,Pending,2595.99,2579.34
TXN-008350,2022-05-26,Sales,North America,Completed,3281.72,1124.92
TXN-008351,2022-11-11,Marketing,APAC,Completed,2839.25,831.92
TXN-008352,2022-03-02,Sales,APAC,Pending,3809.85,2618.14
TXN-008353,2022-07-08,Marketing,North America,Failed,4311.86,2311.04
TXN-008354,2023-10-31,Marketing,EMEA,Completed,4615.02,3409.7
TXN-008355,2023-10-26,Engineering,APAC,Completed,2431.79,2267.16
TXN-008356,2022-03-08,Sales,APAC,Completed,6863.27,2409.81
TXN-008357,2022-02-18,Operations,North America,Completed,4992.13,2390.05
TXN-008358,2022-06-14,Sales,North America,Failed,6749.0,1613.45
TXN-008359,2022-01-24,Operations,EMEA,Completed,4868.1,2127.99
TXN-008360,2023-01-23,Marketing,EMEA,Completed,6501.38,2569.65
TXN-008361,2023-09-25,Engineering,LATAM,Completed,7345.92,2028.38
TXN-008362,2023-06-13,Operations,EMEA,Completed,4993.22,1935.82
TXN-008363,2023-04-07,Customer Support,LATAM,Completed,5124.66,1411.39
TXN-008364,2023-10-02,Sales,LATAM,Completed,5546.7,2120.51
TXN-008365,2022-11-09,Customer Support,EMEA,Completed,5395.82,2786.19
TXN-008366,2022-12-17,Customer Support,EMEA,Completed,5760.81,2949.83
TXN-008367,2022-02-23,Marketing,APAC,Pending,6079.03,1949.17
TXN-008368,2022-01-29,Customer Support,EMEA,Completed,6040.48,2963.64
TXN-008369,2023-11-03,Customer Support,LATAM,Completed,5817.98,1866.76
TXN-008370,2022-12-27,Sales,APAC,Completed,4923.73,
TXN-008371,2022-09-30,Engineering,APAC,Completed,4867.66,1850.34
TXN-008372,2022-08-31,Marketing,North America,Completed,4146.82,1861.41
TXN-008373,2023-04-14,Sales,LATAM,Completed,3239.64,2510.84
TXN-008374,2022-07-25,Sales,LATAM,Completed,5847.02,1808.5
TXN-008375,2023-10-08,Sales,North America,Completed,5461.82,2311.78
TXN-008376,2022-08-07,Marketing,EMEA,Pending,5093.1,4021.48
TXN-008377,2022-09-08,Engineering,APAC,Completed,3195.44,3078.82
TXN-008378,2022-01-09,Marketing,APAC,Pending,5674.75,2209.86
TXN-008379,2022-04-25,Sales,LATAM,Completed,1967.09,1666.81
TXN-008380,2022-01-02,Sales,North America,Pending,5346.09,732.36
TXN-008381,2023-05-27,Engineering,EMEA,Completed,4764.65,2091.71
TXN-008382,2023-01-07,Marketing,North America,Completed,3085.49,1069.3
TXN-008383,2023-07-22,Customer Support,LATAM,Completed,5756.04,1388.9
TXN-008384,2022-01-30,Customer Support,EMEA,Completed,4492.35,1703.28
TXN-008385,2023-07-19,Engineering,North America,Pending,5187.42,2704.97
TXN-008386,2022-08-06,Customer Support,LATAM,Pending,4057.29,749.49
TXN-008387,2022-10-22,Marketing,LATAM,Completed,8325.02,1904.45
TXN-008388,2022-05-02,Customer Support,EMEA,Completed,4716.8,1907.2
TXN-008389,2023-12-19,Customer Support,APAC,Completed,4630.57,1583.26
TXN-008390,2022-04-07,Operations,APAC,Completed,6826.01,634.28
TXN-008391,2023-10-31,Marketing,EMEA,Completed,3621.04,2694.8
TXN-008392,2023-12-20,Operations,North America,Completed,5392.71,1145.05
TXN-008393,2022-03-22,Sales,North America,Pending,4862.83,2161.32
TXN-008394,2022-02-28,Operations,LATAM,Pending,3817.99,1548.4
TXN-008395,2023-10-26,Sales,APAC,Pending,2958.46,3188.24
TXN-008396,2022-08-26,Customer Support,LATAM,Failed,5171.69,137.43
TXN-008397,2023-07-26,Marketing,APAC,Completed,5410.61,1942.86
TXN-008398,2022-04-22,Engineering,North America,Pending,3045.17,2240.86
TXN-008399,2022-08-16,Sales,North America,Completed,4711.28,1599.2
TXN-008400,2022-01-22,Sales,APAC,Completed,4528.31,2471.89
TXN-008401,2022-08-06,Operations,APAC,Failed,5655.22,1063.24
TXN-008402,2023-02-24,Sales,EMEA,Failed,5543.96,1929.72
TXN-008403,2022-08-12,Marketing,EMEA,Completed,4244.24,1937.7
TXN-008404,2022-01-14,Sales,North America,Completed,3836.47,2168.98
TXN-008405,2022-11-05,Customer Support,EMEA,Completed,6757.01,1389.13
TXN-008406,2023-01-30,Sales,North America,Completed,6222.61,2523.99
TXN-008407,2022-12-01,Operations,APAC,Completed,5479.47,1042.06
TXN-008408,2022-02-05,Operations,LATAM,Pending,7425.35,2753.38
TXN-008409,2023-04-26,Operations,North America,Failed,4551.38,3315.93
TXN-008410,2022-11-28,Marketing,North America,Pending,5894.4,1743.5
TXN-008411,2022-02-06,Sales,LATAM,Pending,6422.08,2148.97
TXN-008412,2022-12-15,Operations,APAC,Completed,7535.33,1023.83
TXN-008413,2023-09-12,Engineering,North America,Completed,6428.85,2910.49
TXN-008414,2022-06-12,Marketing,LATAM,Pending,6261.99,3011.31
TXN-008415,2022-01-28,Operations,LATAM,Completed,5614.67,2933.57
TXN-008416,2023-04-13,Operations,LATAM,Completed,6797.66,2396.82
TXN-008417,2022-10-05,Operations,EMEA,Failed,5399.2,2379.63
TXN-008418,2022-04-07,Marketing,North America,Failed,4454.5,394.85
TXN-008419,2022-02-02,Sales,North America,Completed,6024.11,3030.73
TXN-008420,2022-07-09,Operations,North America,Failed,6449.65,1178.72
TXN-008421,2023-06-03,Operations,LATAM,Completed,4150.15,775.78
TXN-008422,2022-12-06,Sales,EMEA,Pending,,3373.57
TXN-008423,2022-09-13,Operations,North America,Completed,4845.08,1991.83
TXN-008424,2022-05-20,Sales,North America,Completed,5151.38,2933.32
TXN-008425,2022-07-03,Customer Support,North America,Failed,6624.27,2747.86
TXN-008426,2023-06-20,Sales,APAC,Failed,5975.91,2747.86
TXN-008427,2022-03-12,Sales,North America,Failed,4911.06,2347.36
TXN-008428,2022-08-13,Operations,EMEA,Failed,7586.08,2589.6
TXN-008429,2022-06-26,Sales,APAC,Failed,6572.16,2171.37
TXN-008430,2022-07-20,Marketing,APAC,Pending,3547.19,2831.55
TXN-008431,2023-02-28,Sales,North America,Completed,4695.04,3296.33
TXN-008432,2022-10-20,Operations,LATAM,Pending,6368.88,1856.45
TXN-008433,2023-06-21,Operations,LATAM,Completed,5085.21,2449.77
TXN-008434,2022-04-02,Operations,North America,Completed,5573.74,2759.03
TXN-008435,2022-03-16,Sales,North America,Pending,5371.14,2013.33
TXN-008436,2023-05-25,Operations,APAC,Pending,2559.63,3069.3226010738654
TXN-008437,2023-11-03,Operations,APAC,Pending,6871.09,1993.38
TXN-008438,2023-05-03,Customer Support,APAC,Failed,3737.11,8884.402306980634
TXN-008439,2022-05-24,Marketing,APAC,Pending,4623.28,2924.13
TXN-008440,2022-07-31,Customer Support,APAC,Pending,3690.92,1987.68
TXN-008441,2023-10-14,Marketing,North America,Completed,1557.87,3314.61
TXN-008442,2023-09-20,Engineering,North America,Pending,6358.82,4247.15
TXN-008443,2022-10-29,Customer Support,North America,Completed,2734.69,2049.44
TXN-008444,2022-05-22,Marketing,EMEA,Pending,4678.07,1961.9
TXN-008445,2022-09-07,Marketing,EMEA,Failed,6316.93,2995.43
TXN-008446,2023-01-30,Customer Support,North America,Completed,5074.77,2040.7
TXN-008447,2022-08-01,Engineering,North America,Completed,6061.4,1350.94
TXN-008448,2023-02-06,Sales,APAC,Pending,6712.29,2415.68
TXN-008449,2023-05-18,Operations,EMEA,Pending,5302.34,1235.0
TXN-008450,2023-09-10,Customer Support,North America,Completed,4240.83,2216.36
TXN-008451,2023-08-07,Customer Support,North America,Failed,3982.52,1168.33
TXN-008452,2023-09-13,Engineering,APAC,Completed,4814.55,3189.54
TXN-008453,2022-03-26,Sales,LATAM,Completed,4143.29,1637.08
TXN-008454,2022-06-28,Marketing,LATAM,Completed,4958.35,2988.19
TXN-008455,2022-04-29,Operations,APAC,Completed,4503.26,2808.65
TXN-008456,2023-02-25,Customer Support,LATAM,Completed,3961.75,1624.16
TXN-008457,2023-06-12,Marketing,North America,Completed,4312.32,1866.35
TXN-008458,2023-03-14,Operations,EMEA,Completed,4147.83,78.26
TXN-008459,2023-10-10,Operations,LATAM,Pending,7509.68,2658.09
TXN-008460,2022-01-14,Operations,APAC,Completed,3456.38,1284.11
TXN-008461,2022-11-09,Marketing,APAC,Failed,6928.9,2907.89
TXN-008462,2023-11-22,Marketing,EMEA,Failed,7299.61,1254.01
TXN-008463,2023-04-24,Engineering,APAC,Failed,2372.26,3109.7
TXN-008464,2022-02-26,Sales,North America,Completed,4224.9,2554.77
TXN-008465,2023-08-10,Operations,EMEA,Completed,3395.44,2016.93
TXN-008466,2022-11-10,Engineering,North America,Completed,3069.28,1740.55
TXN-008467,2022-10-17,Sales,APAC,Failed,5214.6,1906.04
TXN-008468,2023-05-15,Marketing,LATAM,Completed,3294.98,2600.81
TXN-008469,2022-10-27,Engineering,EMEA,Pending,2664.91,2248.6
TXN-008470,2022-06-02,Sales,APAC,Pending,3497.32,1154.81
TXN-008471,2022-08-21,Engineering,APAC,Completed,4716.8,1872.26
TXN-008472,2023-11-22,Sales,LATAM,Completed,7679.54,
TXN-008473,2023-01-09,Engineering,APAC,Completed,5775.41,3403.71
TXN-008474,2023-06-28,Marketing,LATAM,Completed,6583.26,3367.45
TXN-008475,2023-04-01,Customer Support,EMEA,Completed,7663.88,2681.35
TXN-008476,2022-08-27,Engineering,EMEA,Failed,4621.56,3142.99
TXN-008477,2023-03-12,Customer Support,LATAM,Completed,5432.77,1352.94
TXN-008478,2022-10-18,Engineering,LATAM,Pending,7307.61,1963.3
TXN-008479,2023-05-29,Marketing,EMEA,Completed,3528.56,3360.14
TXN-008480,2022-07-22,Operations,North America,Completed,5722.56,2066.37
TXN-008481,2023-06-19,Marketing,LATAM,Completed,5036.38,983.02
TXN-008482,2023-04-28,Engineering,EMEA,Pending,3990.99,2406.82
TXN-008483,2023-01-15,Sales,North America,Completed,3166.83,1183.61
TXN-008484,2022-12-20,Sales,APAC,Completed,6006.0,1405.29
TXN-008485,2023-10-19,Customer Support,APAC,Failed,4052.0,1687.69
TXN-008486,2022-09-15,Engineering,APAC,Completed,5981.05,596.53
TXN-008487,2023-04-12,Engineering,LATAM,Completed,4393.34,2209.25
TXN-008488,2022-02-19,Customer Support,APAC,Completed,7376.58,1973.98
TXN-008489,2022-03-15,Operations,North America,Completed,5646.28,1555.32
TXN-008490,2023-07-06,Customer Support,North America,Pending,4897.39,2677.13
TXN-008491,2023-08-02,Operations,EMEA,Failed,,1498.67
TXN-008492,2023-06-29,Operations,North America,Completed,5974.3,1972.19
TXN-008493,2022-05-16,Customer Support,LATAM,Failed,4230.51,2466.07
TXN-008494,2023-04-08,Sales,APAC,Pending,8750.87,1124.45
TXN-008495,2023-11-12,Sales,EMEA,Completed,5466.5,1203.35
TXN-008496,2023-01-27,Engineering,EMEA,Completed,6387.98,2860.92
TXN-008497,2023-04-18,Marketing,North America,Failed,1482.57,1416.13
TXN-008498,2022-06-02,Sales,LATAM,Completed,6666.49,2649.29
TXN-008499,2022-11-25,Operations,APAC,Completed,4301.22,1715.83
TXN-008500,2023-01-07,Customer Support,North America,Completed,4574.79,2570.1
TXN-008501,2022-04-08,Operations,North America,Completed,6866.57,2903.31
TXN-008502,2023-08-03,Engineering,LATAM,Pending,6628.9,2019.64
TXN-008503,2022-12-26,Customer Support,APAC,Pending,4918.86,2164.53
TXN-008504,2022-09-16,Sales,North America,Pending,6814.55,1607.32
TXN-008505,2023-11-23,Marketing,North America,Pending,6404.07,1329.07
TXN-008506,2023-02-26,Marketing,North America,Completed,3641.92,2173.32
TXN-008507,2023-04-23,Customer Support,North America,Completed,4449.8,1723.28
TXN-008508,2023-03-30,Operations,North America,Failed,,1820.49
TXN-008509,2023-08-24,Sales,North America,Failed,2193.13,2376.39
TXN-008510,2023-08-15,Sales,EMEA,Completed,6039.85,2386.94
TXN-008511,2023-08-09,Sales,EMEA,Completed,4548.42,2592.78
TXN-008512,2022-04-30,Engineering,EMEA,Completed,5375.02,
TXN-008513,2023-03-28,Operations,APAC,Failed,4321.93,967.97
TXN-008514,2022-09-22,Operations,APAC,Pending,7595.59,1840.16
TXN-008515,2022-08-02,Operations,APAC,Completed,3556.88,566.09
TXN-008516,2023-05-03,Customer Support,APAC,Completed,4267.58,6278.953026984543
TXN-008517,2023-11-10,Operations,APAC,Failed,5183.95,1132.34
TXN-008518,2022-11-11,Marketing,EMEA,Failed,6005.83,1876.06
TXN-008519,2023-03-24,Marketing,EMEA,Completed,5515.7,921.93
TXN-008520,2023-04-05,Engineering,North America,Completed,2842.16,1274.65
TXN-008521,2023-05-08,Engineering,LATAM,Completed,5878.63,2823.04
TXN-008522,2022-03-29,Sales,LATAM,Completed,3770.45,991.35
TXN-008523,2022-07-28,Sales,APAC,Completed,3632.0,1536.1
TXN-008524,2022-06-18,Marketing,EMEA,Failed,3071.61,1947.72
TXN-008525,2023-03-24,Operations,LATAM,Completed,4820.28,2112.48
TXN-008526,2023-11-03,Customer Support,North America,Pending,4425.38,3724.19
TXN-008527,2023-01-22,Engineering,APAC,Pending,5762.42,2056.08
TXN-008528,2022-10-02,Marketing,LATAM,Failed,4346.15,2067.42
TXN-008529,2022-09-16,Customer Support,APAC,Pending,6289.43,2008.93
TXN-008530,2022-09-02,Operations,APAC,Failed,3249.35,1509.34
TXN-008531,2022-06-11,Engineering,North America,Completed,4869.03,2284.01
TXN-008532,2023-03-16,Marketing,LATAM,Completed,5986.04,2039.36
TXN-008533,2023-05-09,Sales,LATAM,Completed,6868.72,2153.31
TXN-008534,2023-04-22,Operations,EMEA,Pending,3867.43,1873.48
TXN-008535,2022-12-02,Operations,LATAM,Completed,6631.07,2267.14
TXN-008536,2023-10-14,Operations,EMEA,Failed,4735.84,1069.08
TXN-008537,2022-01-05,Marketing,APAC,Completed,4929.6,1750.22
TXN-008538,2022-11-10,Customer Support,EMEA,Completed,8660.16,2751.68
TXN-008539,2023-07-02,Operations,EMEA,Pending,6799.7,169.87
TXN-008540,2023-10-20,Customer Support,North America,Completed,8120.45,1781.31
TXN-008541,2022-01-26,Sales,APAC,Pending,7598.69,1273.97
TXN-008542,2023-06-08,Engineering,APAC,Failed,4177.01,7451.891992874131
TXN-008543,2022-02-07,Customer Support,LATAM,Completed,3152.25,2593.04
TXN-008544,2022-08-13,Sales,EMEA,Failed,4706.39,3249.89
TXN-008545,2023-09-23,Operations,APAC,Completed,5792.84,2468.28
TXN-008546,2022-08-02,Operations,North America,Completed,7212.39,1315.41
TXN-008547,2023-01-17,Customer Support,LATAM,Pending,6381.94,2090.09
TXN-008548,2022-08-20,Operations,North America,Completed,6535.8,865.52
TXN-008549,2022-11-06,Operations,APAC,Failed,4660.38,1914.32
TXN-008550,2023-03-31,Marketing,North America,Completed,6436.05,994.17
TXN-008551,2022-12-29,Customer Support,LATAM,Failed,6035.55,1774.03
TXN-008552,2022-01-13,Engineering,APAC,Completed,6823.77,2846.27
TXN-008553,2022-01-11,Engineering,LATAM,Failed,5615.59,0.0
TXN-008554,2023-01-15,Operations,North America,Completed,7010.25,2677.14
TXN-008555,2022-08-22,Engineering,North America,Completed,4888.73,1610.2
TXN-008556,2023-02-21,Engineering,North America,Completed,5160.4,2253.11
TXN-008557,2023-07-31,Marketing,LATAM,Completed,5211.48,3260.33
TXN-008558,2022-11-03,Engineering,North America,Pending,,1917.37
TXN-008559,2023-01-19,Engineering,North America,Completed,6373.83,2476.96
TXN-008560,2022-03-12,Sales,EMEA,Pending,4645.34,2761.76
TXN-008561,2023-11-05,Engineering,LATAM,Pending,4741.22,2846.07
TXN-008562,2022-05-13,Engineering,LATAM,Completed,5563.92,2288.61
TXN-008563,2023-10-02,Customer Support,LATAM,Completed,5863.41,1363.61
TXN-008564,2023-01-08,Customer Support,EMEA,Completed,7289.0,1150.76
TXN-008565,2022-04-10,Customer Support,North America,Completed,5646.73,1762.05
TXN-008566,2022-08-11,Operations,North America,Pending,2635.25,2170.54
TXN-008567,2022-03-09,Engineering,APAC,Failed,4568.57,1444.61
TXN-008568,2022-09-29,Operations,APAC,Pending,3272.65,1017.13
TXN-008569,2022-06-19,Operations,LATAM,Completed,6699.52,1701.98
TXN-008570,2023-01-12,Sales,North America,Completed,4394.38,2095.59
TXN-008571,2023-10-23,Sales,LATAM,Pending,7509.31,2612.34
TXN-008572,2023-10-16,Marketing,APAC,Completed,5428.86,2426.32
TXN-008573,2022-08-14,Marketing,LATAM,Completed,5339.68,1274.41
TXN-008574,2023-01-02,Operations,LATAM,Pending,3916.48,2656.87
TXN-008575,2023-04-03,Engineering,APAC,Completed,5042.67,2001.21
TXN-008576,2022-01-20,Sales,EMEA,Completed,5322.88,2035.35
TXN-008577,2023-02-27,Customer Support,EMEA,Completed,3486.07,1187.36
TXN-008578,2022-08-09,Marketing,North America,Pending,4100.19,1185.75
TXN-008579,2023-04-11,Sales,EMEA,Completed,7719.27,1991.81
TXN-008580,2022-12-09,Operations,North America,Completed,5003.17,2147.3
TXN-008581,2023-09-21,Marketing,North America,Pending,4458.51,2211.37
TXN-008582,2023-06-16,Operations,North America,Failed,3426.72,1311.31
TXN-008583,2023-10-16,Engineering,APAC,Completed,5437.33,2971.42
TXN-008584,2022-12-15,Marketing,APAC,Completed,5009.01,1607.8
TXN-008585,2023-09-19,Sales,LATAM,Completed,2865.93,2048.7
TXN-008586,2023-12-04,Sales,LATAM,Completed,6861.62,1514.06
TXN-008587,2022-03-26,Customer Support,APAC,Failed,5668.99,1602.15
TXN-008588,2022-02-16,Marketing,APAC,Completed,3910.08,2974.1
TXN-008589,2023-10-12,Operations,LATAM,Pending,7211.88,2175.53
TXN-008590,2023-01-19,Marketing,APAC,Failed,4978.01,3309.56
TXN-008591,2022-11-07,Marketing,LATAM,Completed,2002.3,511.49
TXN-008592,2023-12-18,Sales,APAC,Completed,6637.8,3052.35
TXN-008593,2022-12-16,Engineering,North America,Completed,5471.99,2919.54
TXN-008594,2022-11-06,Marketing,EMEA,Completed,4940.13,3133.25
TXN-008595,2023-03-05,Marketing,APAC,Completed,5416.03,2224.03
TXN-008596,2023-05-18,Customer Support,LATAM,Pending,6953.87,1854.79
TXN-008597,2023-11-01,Sales,EMEA,Completed,5468.34,1489.85
TXN-008598,2023-07-15,Sales,North America,Completed,4456.99,1657.14
TXN-008599,2023-12-24,Sales,LATAM,Failed,5613.34,1808.93
TXN-008600,2023-01-01,Sales,EMEA,Failed,3135.62,2712.63
TXN-008601,2022-01-27,Customer Support,EMEA,Failed,4546.75,1991.4
TXN-008602,2022-08-07,Marketing,North America,Pending,6072.43,1243.14
TXN-008603,2022-03-06,Operations,EMEA,Completed,3995.53,2466.92
TXN-008604,2023-03-29,Customer Support,LATAM,Failed,4380.25,1644.92
TXN-008605,2022-07-14,Engineering,APAC,Pending,8118.11,2166.14
TXN-008606,2023-01-27,Sales,LATAM,Completed,6366.04,3667.98
TXN-008607,2023-07-22,Operations,North America,Completed,5853.42,1585.72
TXN-008608,2022-10-09,Sales,EMEA,Completed,8931.38,3094.65
TXN-008609,2023-11-11,Customer Support,EMEA,Completed,6168.64,1863.04
TXN-008610,2022-05-18,Marketing,APAC,Completed,5955.48,508.84
TXN-008611,2022-11-16,Customer Support,EMEA,Completed,5930.94,3532.88
TXN-008612,2022-10-16,Sales,APAC,Completed,3911.55,2366.11
TXN-008613,2023-09-06,Engineering,North America,Completed,5733.16,1658.8
TXN-008614,2023-05-01,Operations,LATAM,Pending,2325.37,1502.26
TXN-008615,2022-09-03,Engineering,EMEA,Failed,5399.29,3345.08
TXN-008616,2023-09-16,Marketing,EMEA,Completed,4803.55,2970.33
TXN-008617,2023-03-18,Marketing,APAC,Completed,6313.28,2835.78
TXN-008618,2022-02-25,Sales,North America,Completed,4243.59,2331.33
TXN-008619,2023-04-07,Customer Support,North America,Completed,5154.39,1744.98
TXN-008620,2023-08-14,Marketing,EMEA,Pending,,
TXN-008621,2023-01-21,Sales,APAC,Completed,6114.59,3017.11
TXN-008622,2023-05-01,Customer Support,North America,Completed,5157.9,2788.87
TXN-008623,2023-08-11,Engineering,North America,Failed,5571.32,2741.23
TXN-008624,2023-02-15,Sales,LATAM,Completed,8792.34,1200.18
TXN-008625,2023-02-16,Customer Support,EMEA,Failed,4762.62,2894.23
TXN-008626,2023-01-16,Sales,APAC,Completed,4594.72,3184.58
TXN-008627,2023-03-24,Operations,APAC,Completed,6174.5,2532.9
TXN-008628,2022-02-21,Sales,APAC,Pending,2799.79,1423.67
TXN-008629,2023-01-26,Operations,LATAM,Completed,5120.42,2155.14
TXN-008630,2023-10-05,Operations,EMEA,Completed,3622.73,2071.66
TXN-008631,2022-10-07,Marketing,North America,Completed,4120.0,3079.33
TXN-008632,2023-08-31,Marketing,North America,Completed,5525.85,1869.2
TXN-008633,2023-08-06,Operations,North America,Completed,3622.98,2510.61
TXN-008634,2023-06-01,Operations,APAC,Completed,5818.61,2478.284782225658
TXN-008635,2022-01-19,Sales,EMEA,Completed,3677.98,151.09
TXN-008636,2023-08-18,Operations,North America,Completed,6844.88,2089.9
TXN-008637,2023-09-16,Engineering,APAC,Completed,5777.86,1102.15
TXN-008638,2023-12-08,Engineering,North America,Failed,3380.89,1689.08
TXN-008639,2022-03-25,Customer Support,EMEA,Completed,7316.89,2192.37
TXN-008640,2023-09-07,Sales,EMEA,Completed,6036.69,1351.91
TXN-008641,2022-01-26,Customer Support,EMEA,Completed,7301.48,1456.07
TXN-008642,2023-11-06,Engineering,APAC,Pending,5253.4,2184.22
TXN-008643,2023-04-24,Operations,APAC,Completed,4800.02,1693.28
TXN-008644,2023-09-30,Marketing,EMEA,Pending,2882.53,1881.17
TXN-008645,2022-09-13,Sales,EMEA,Completed,2694.82,2785.62
TXN-008646,2023-08-29,Engineering,APAC,Completed,5468.57,2146.66
TXN-008647,2022-12-08,Sales,APAC,Completed,4159.47,2443.17
TXN-008648,2023-04-15,Engineering,North America,Completed,6211.05,1912.85
TXN-008649,2022-01-01,Engineering,EMEA,Pending,5105.67,
TXN-008650,2022-11-23,Customer Support,APAC,Completed,2759.68,1948.21
TXN-008651,2023-03-05,Sales,LATAM,Failed,1596.82,2306.41
TXN-008652,2022-03-12,Marketing,EMEA,Completed,8721.54,1865.52
TXN-008653,2023-01-04,Engineering,North America,Completed,4885.33,1029.17
TXN-008654,2022-07-21,Engineering,LATAM,Completed,5449.06,
TXN-008655,2022-11-14,Marketing,APAC,Completed,4216.01,2010.13
TXN-008656,2023-10-07,Customer Support,EMEA,Failed,4175.16,639.67
TXN-008657,2023-12-08,Operations,North America,Completed,3813.31,1845.19
TXN-008658,2023-07-31,Sales,LATAM,Failed,2334.37,2816.63
TXN-008659,2023-02-27,Marketing,North America,Completed,3529.67,790.07
TXN-008660,2022-10-23,Customer Support,LATAM,Completed,5206.85,1164.07
TXN-008661,2023-07-20,Marketing,APAC,Failed,5875.08,2336.06
TXN-008662,2022-05-06,Engineering,APAC,Completed,4554.42,1769.32
TXN-008663,2023-03-09,Marketing,APAC,Completed,4364.04,1827.08
TXN-008664,2022-05-23,Engineering,APAC,Completed,5372.77,2334.36
TXN-008665,2023-05-19,Engineering,EMEA,Completed,2125.1,290.95
TXN-008666,2023-04-20,Marketing,EMEA,Completed,1980.14,1684.45
TXN-008667,2023-10-20,Engineering,North America,Pending,4416.3,876.05
TXN-008668,2022-02-18,Engineering,APAC,Completed,4347.62,2825.57
TXN-008669,2022-05-12,Sales,LATAM,Pending,4960.22,1920.53
TXN-008670,2023-05-15,Engineering,LATAM,Pending,5664.14,2693.19
TXN-008671,2022-08-27,Customer Support,EMEA,Completed,4528.6,2507.38
TXN-008672,2023-05-04,Customer Support,EMEA,Pending,3405.11,1636.53
TXN-008673,2023-11-29,Operations,EMEA,Completed,4092.93,2819.27
TXN-008674,2022-05-02,Sales,North America,Completed,2709.54,0.0
TXN-008675,2023-10-13,Sales,LATAM,Completed,2438.84,2538.7
TXN-008676,2023-07-01,Sales,LATAM,Completed,5649.91,1781.55
TXN-008677,2022-04-25,Marketing,LATAM,Completed,5559.16,216.08
TXN-008678,2022-06-30,Marketing,North America,Completed,5827.36,3126.56
TXN-008679,2022-01-29,Marketing,EMEA,Pending,5635.74,3270.09
TXN-008680,2023-05-15,Sales,North America,Failed,4379.01,1998.9
TXN-008681,2023-07-18,Marketing,EMEA,Pending,5582.66,2262.69
TXN-008682,2023-06-15,Customer Support,EMEA,Completed,4634.88,1742.2
TXN-008683,2022-11-03,Sales,LATAM,Pending,4476.51,1854.16
TXN-008684,2023-04-14,Operations,APAC,Completed,4023.21,2427.93
TXN-008685,2022-08-06,Marketing,EMEA,Completed,5842.11,1670.74
TXN-008686,2023-09-30,Customer Support,EMEA,Pending,5577.43,1815.46
TXN-008687,2022-01-27,Engineering,LATAM,Pending,4763.19,1812.97
TXN-008688,2023-11-19,Customer Support,North America,Completed,4664.99,2579.08
TXN-008689,2023-03-16,Operations,APAC,Failed,3552.68,2369.64
TXN-008690,2023-07-03,Marketing,North America,Pending,6665.95,2763.64
TXN-008691,2022-05-08,Sales,North America,Pending,7202.71,2714.75
TXN-008692,2023-07-16,Customer Support,North America,Pending,6711.99,2429.19
TXN-008693,2022-11-04,Operations,North America,Completed,4907.12,1618.39
TXN-008694,2022-07-22,Engineering,EMEA,Completed,4801.38,1349.75
TXN-008695,2022-02-28,Customer Support,EMEA,Pending,5296.51,1560.48
TXN-008696,2023-01-12,Operations,EMEA,Completed,5964.74,2279.81
TXN-008697,2022-12-27,Customer Support,North America,Failed,5126.78,2879.48
TXN-008698,2023-11-21,Operations,EMEA,Completed,3585.92,1405.9
TXN-008699,2023-11-30,Customer Support,APAC,Completed,3642.76,2421.26
TXN-008700,2023-10-20,Customer Support,LATAM,Completed,5401.42,661.88
TXN-008701,2023-12-10,Engineering,North America,Completed,6148.82,317.75
TXN-008702,2022-03-15,Engineering,LATAM,Failed,4000.2,2257.35
TXN-008703,2022-04-26,Marketing,North America,Completed,4724.29,3460.98
TXN-008704,2023-03-22,Marketing,APAC,Pending,1481.07,1031.64
TXN-008705,2023-05-10,Sales,APAC,Completed,4913.38,8523.054426095865
TXN-008706,2022-06-01,Marketing,LATAM,Failed,2624.85,3625.46
TXN-008707,2023-10-20,Sales,APAC,Completed,5303.61,2574.52
TXN-008708,2022-01-30,Operations,North America,Pending,5105.95,1026.3
TXN-008709,2022-08-27,Customer Support,LATAM,Failed,5611.49,1867.26
TXN-008710,2023-12-07,Engineering,North America,Pending,4220.17,766.6
TXN-008711,2023-03-12,Sales,North America,Completed,4157.74,2276.34
TXN-008712,2022-01-20,Engineering,North America,Failed,5644.65,2588.03
TXN-008713,2022-03-23,Marketing,APAC,Completed,4344.21,3937.94
TXN-008714,2023-01-18,Marketing,APAC,Completed,4512.84,2462.45
TXN-008715,2023-04-22,Customer Support,LATAM,Completed,7952.5,2432.19
TXN-008716,2023-02-20,Operations,APAC,Completed,5628.44,1196.36
TXN-008717,2022-06-06,Marketing,LATAM,Failed,3345.46,1991.3
TXN-008718,2022-09-10,Marketing,North America,Pending,2509.87,1414.27
TXN-008719,2023-12-22,Engineering,EMEA,Completed,6552.37,1493.54
TXN-008720,2022-07-19,Marketing,North America,Completed,,2550.64
TXN-008721,2023-01-14,Customer Support,North America,Completed,5782.91,1920.78
TXN-008722,2023-04-22,Customer Support,APAC,Failed,3820.5,1596.42
TXN-008723,2023-08-20,Marketing,APAC,Completed,4435.66,1754.11
TXN-008724,2023-03-18,Customer Support,EMEA,Failed,3718.76,1376.21
TXN-008725,2022-08-08,Operations,LATAM,Completed,5659.44,2540.39
TXN-008726,2023-05-26,Marketing,North America,Completed,4397.0,1230.37
TXN-008727,2023-02-18,Engineering,North America,Pending,4783.44,2824.96
TXN-008728,2022-07-22,Sales,APAC,Completed,2570.75,1693.32
TXN-008729,2023-07-10,Customer Support,EMEA,Completed,5572.74,1502.07
TXN-008730,2023-08-19,Sales,LATAM,Completed,4700.49,2073.25
TXN-008731,2022-10-05,Operations,EMEA,Pending,3664.68,1135.85
TXN-008732,2023-07-31,Customer Support,LATAM,Completed,4530.17,3118.17
TXN-008733,2022-11-05,Marketing,North America,Failed,5686.99,2275.85
TXN-008734,2023-05-23,Customer Support,APAC,Failed,5678.34,5242.2403399197
TXN-008735,2022-04-22,Sales,APAC,Pending,6090.28,1387.67
TXN-008736,2023-10-09,Sales,North America,Completed,6109.25,1954.4
TXN-008737,2022-02-19,Customer Support,APAC,Failed,2155.65,1773.33
TXN-008738,2022-11-02,Sales,APAC,Completed,6300.41,2226.46
TXN-008739,2022-02-19,Operations,APAC,Completed,4561.88,2073.73
TXN-008740,2023-12-09,Customer Support,APAC,Completed,3344.46,1882.88
TXN-008741,2022-10-06,Operations,EMEA,Completed,2371.3,2211.51
TXN-008742,2023-07-14,Customer Support,LATAM,Completed,5783.9,2046.56
TXN-008743,2023-09-02,Marketing,LATAM,Completed,3446.36,1603.5
TXN-008744,2022-07-30,Marketing,North America,Completed,5504.74,2219.42
TXN-008745,2022-06-30,Engineering,LATAM,Completed,7137.04,1893.06
TXN-008746,2022-05-21,Operations,LATAM,Completed,6498.53,1298.29
TXN-008747,2022-11-04,Marketing,North America,Pending,5063.2,515.85
TXN-008748,2023-06-25,Engineering,APAC,Pending,6175.65,3266.49
TXN-008749,2023-05-15,Sales,LATAM,Completed,1064.22,1647.27
TXN-008750,2023-12-27,Operations,LATAM,Completed,4787.54,2508.29
TXN-008751,2023-07-05,Engineering,North America,Pending,3127.4,1321.75
TXN-008752,2022-09-09,Sales,APAC,Completed,7714.46,1769.49
TXN-008753,2022-09-10,Operations,EMEA,Completed,5695.45,2182.16
TXN-008754,2022-07-11,Customer Support,North America,Pending,6151.45,3112.37
TXN-008755,2022-05-16,Operations,EMEA,Completed,3827.88,2393.01
TXN-008756,2022-12-11,Customer Support,LATAM,Completed,2462.13,717.62
TXN-008757,2023-12-11,Sales,North America,Completed,4497.23,932.47
TXN-008758,2023-04-29,Customer Support,LATAM,Completed,5385.4,1471.55
TXN-008759,2023-10-30,Customer Support,APAC,Completed,5036.63,3402.53
TXN-008760,2023-08-19,Marketing,EMEA,Completed,6771.57,2838.94
TXN-008761,2023-11-20,Sales,EMEA,Failed,3723.21,4258.5
TXN-008762,2022-08-13,Customer Support,LATAM,Failed,5420.65,1898.81
TXN-008763,2023-07-01,Marketing,APAC,Pending,4065.66,1633.11
TXN-008764,2022-09-28,Customer Support,APAC,Completed,7047.03,1327.45
TXN-008765,2022-11-11,Customer Support,LATAM,Completed,5731.77,1282.26
TXN-008766,2022-10-12,Engineering,EMEA,Failed,5182.32,1060.64
TXN-008767,2023-03-29,Sales,APAC,Failed,5545.9,2726.01
TXN-008768,2022-07-11,Sales,LATAM,Completed,4406.63,2542.9
TXN-008769,2023-09-09,Sales,North America,Failed,6398.17,1642.18
TXN-008770,2022-12-12,Operations,LATAM,Completed,4844.24,2688.15
TXN-008771,2022-09-27,Customer Support,LATAM,Failed,4032.04,2073.99
TXN-008772,2022-04-17,Operations,LATAM,Completed,3363.46,2311.91
TXN-008773,2022-07-17,Engineering,North America,Failed,7293.42,2233.84
TXN-008774,2022-07-23,Marketing,North America,Failed,5927.82,2907.56
TXN-008775,2023-08-13,Sales,EMEA,Pending,5402.3,1825.74
TXN-008776,2023-04-20,Marketing,APAC,Completed,5505.63,2507.82
TXN-008777,2022-12-01,Engineering,North America,Failed,4764.9,1942.43
TXN-008778,2023-05-14,Customer Support,LATAM,Failed,4477.32,2281.08
TXN-008779,2022-03-07,Sales,APAC,Completed,6722.06,1070.56
TXN-008780,2022-12-23,Customer Support,EMEA,Pending,5866.07,3358.79
TXN-008781,2023-04-08,Marketing,EMEA,Completed,5649.39,1968.83
TXN-008782,2023-08-28,Operations,APAC,Pending,6179.69,2622.74
TXN-008783,2022-10-06,Operations,APAC,Failed,6896.59,1929.58
TXN-008784,2022-07-20,Customer Support,LATAM,Completed,5607.51,2032.81
TXN-008785,2023-03-15,Customer Support,EMEA,Pending,4869.57,2479.34
TXN-008786,2023-03-10,Sales,LATAM,Completed,6561.7,2950.01
TXN-008787,2022-03-03,Customer Support,LATAM,Completed,6576.91,1949.77
TXN-008788,2023-09-09,Marketing,APAC,Completed,,1982.63
TXN-008789,2023-01-18,Marketing,LATAM,Failed,6641.23,2818.61
TXN-008790,2022-08-06,Marketing,LATAM,Pending,6432.24,2375.29
TXN-008791,2022-07-18,Marketing,EMEA,Failed,3111.88,3371.55
TXN-008792,2022-11-27,Sales,LATAM,Pending,6745.41,3041.43
TXN-008793,2022-06-09,Operations,LATAM,Pending,6395.74,1879.23
TXN-008794,2023-04-15,Marketing,LATAM,Completed,6552.94,1716.43
TXN-008795,2022-01-14,Sales,LATAM,Pending,5245.47,2140.89
TXN-008796,2023-10-21,Engineering,North America,Completed,4545.5,1165.33
TXN-008797,2022-07-24,Marketing,APAC,Pending,8184.16,2723.2
TXN-008798,2023-08-23,Sales,EMEA,Pending,8138.45,1324.8
TXN-008799,2022-08-22,Marketing,APAC,Pending,3782.61,2464.26
TXN-008800,2023-06-07,Marketing,EMEA,Completed,7026.56,1773.8
TXN-008801,2023-12-20,Engineering,North America,Failed,3929.03,
TXN-008802,2023-02-19,Sales,APAC,Failed,7075.31,2493.29
TXN-008803,2022-11-03,Marketing,EMEA,Completed,3526.44,2136.36
TXN-008804,2023-07-09,Customer Support,North America,Pending,8210.92,1487.43
TXN-008805,2022-07-25,Marketing,APAC,Failed,3800.88,1730.58
TXN-008806,2022-08-08,Operations,EMEA,Completed,4651.65,2346.01
TXN-008807,2022-11-08,Marketing,APAC,Pending,2290.73,4158.73
TXN-008808,2022-06-19,Marketing,APAC,Completed,6520.45,1693.69
TXN-008809,2022-05-19,Customer Support,North America,Completed,5904.47,1500.94
TXN-008810,2023-10-14,Sales,EMEA,Pending,4706.35,1577.22
TXN-008811,2022-10-19,Engineering,LATAM,Pending,4362.34,2224.1
TXN-008812,2023-02-11,Engineering,North America,Completed,5108.01,643.79
TXN-008813,2022-02-08,Marketing,APAC,Pending,6248.93,1605.18
TXN-008814,2022-06-24,Marketing,North America,Pending,8322.59,659.47
TXN-008815,2022-03-12,Customer Support,LATAM,Completed,7001.06,1906.87
TXN-008816,2023-07-16,Sales,APAC,Completed,4113.28,3549.73
TXN-008817,2023-01-11,Marketing,North America,Completed,5857.84,3083.0
TXN-008818,2023-05-10,Customer Support,EMEA,Pending,4770.83,848.57
TXN-008819,2022-12-07,Sales,North America,Pending,4928.76,1677.65
TXN-008820,2023-01-03,Sales,EMEA,Completed,4272.94,2664.75
TXN-008821,2023-03-13,Engineering,North America,Failed,3713.08,1304.69
TXN-008822,2023-07-02,Customer Support,APAC,Completed,6352.29,2609.77
TXN-008823,2022-10-04,Sales,North America,Failed,5851.39,1106.94
TXN-008824,2022-06-09,Marketing,EMEA,Completed,6222.21,1510.14
TXN-008825,2022-03-10,Engineering,LATAM,Completed,4232.79,2444.17
TXN-008826,2023-04-05,Operations,APAC,Completed,4251.97,3730.14
TXN-008827,2022-01-30,Engineering,North America,Failed,2787.83,1847.1
TXN-008828,2023-03-09,Sales,LATAM,Completed,4425.61,2453.66
TXN-008829,2022-05-11,Customer Support,APAC,Completed,4418.49,1772.19
TXN-008830,2022-09-03,Customer Support,North America,Completed,4873.99,1216.37
TXN-008831,2023-05-07,Customer Support,APAC,Pending,3023.9,5915.545650405611
TXN-008832,2023-08-17,Marketing,APAC,Completed,5190.62,1343.45
TXN-008833,2022-05-24,Operations,EMEA,Completed,7492.27,947.56
TXN-008834,2023-11-02,Customer Support,APAC,Completed,3900.34,1853.93
TXN-008835,2022-01-25,Customer Support,LATAM,Failed,5091.26,1251.58
TXN-008836,2022-09-22,Sales,EMEA,Pending,4827.17,2283.01
TXN-008837,2022-08-30,Customer Support,EMEA,Failed,4174.24,615.73
TXN-008838,2023-12-01,Operations,APAC,Failed,3188.42,1476.14
TXN-008839,2023-01-07,Marketing,North America,Completed,5082.9,1948.37
TXN-008840,2023-10-18,Marketing,APAC,Completed,6844.22,2221.06
TXN-008841,2022-04-27,Engineering,APAC,Completed,4731.27,3038.49
TXN-008842,2023-08-03,Sales,North America,Completed,7391.01,2880.85
TXN-008843,2023-04-01,Operations,EMEA,Completed,5022.25,2076.17
TXN-008844,2022-10-12,Customer Support,EMEA,Completed,287.17,764.04
TXN-008845,2023-06-23,Marketing,EMEA,Failed,5723.71,1972.02
TXN-008846,2023-08-07,Customer Support,North America,Completed,5000.19,727.51
TXN-008847,2023-02-26,Sales,North America,Failed,6387.53,2311.75
TXN-008848,2023-03-13,Customer Support,EMEA,Completed,2954.25,1002.19
TXN-008849,2023-03-29,Sales,LATAM,Failed,5722.4,1378.48
TXN-008850,2023-09-10,Customer Support,APAC,Failed,6423.06,2636.22
TXN-008851,2022-12-16,Marketing,LATAM,Pending,6189.38,1505.01
TXN-008852,2022-11-03,Customer Support,EMEA,Completed,3509.67,2581.0
TXN-008853,2023-06-09,Sales,North America,Pending,5356.55,1682.01
TXN-008854,2022-06-04,Customer Support,LATAM,Completed,5138.17,2878.47
TXN-008855,2023-02-05,Marketing,LATAM,Completed,3300.28,4664.29
TXN-008856,2022-09-19,Sales,EMEA,Pending,3408.93,2338.68
TXN-008857,2023-04-16,Customer Support,APAC,Completed,3898.29,1014.43
TXN-008858,2023-02-26,Operations,LATAM,Failed,5787.65,1333.92
TXN-008859,2023-04-25,Engineering,EMEA,Failed,5042.5,1863.26
TXN-008860,2022-06-25,Sales,North America,Completed,5866.55,1266.71
TXN-008861,2022-06-01,Marketing,LATAM,Completed,5730.27,3209.8
TXN-008862,2022-01-07,Operations,LATAM,Pending,4632.06,2613.34
TXN-008863,2022-02-18,Sales,APAC,Completed,5773.47,2664.56
TXN-008864,2022-04-15,Sales,North America,Completed,7108.83,1788.04
TXN-008865,2023-09-05,Engineering,APAC,Completed,4464.65,1676.42
TXN-008866,2022-05-31,Marketing,LATAM,Completed,4208.47,922.32
TXN-008867,2022-03-22,Customer Support,LATAM,Completed,4122.5,2936.71
TXN-008868,2023-03-21,Customer Support,LATAM,Completed,6670.59,1438.09
TXN-008869,2022-10-09,Customer Support,North America,Completed,4749.07,1737.13
TXN-008870,2022-03-29,Sales,LATAM,Pending,4669.17,1428.25
TXN-008871,2022-09-22,Marketing,APAC,Completed,5845.52,3259.91
TXN-008872,2023-03-14,Marketing,North America,Failed,6856.86,2201.33
TXN-008873,2023-05-06,Operations,EMEA,Pending,6387.48,1920.97
TXN-008874,2022-07-07,Customer Support,LATAM,Completed,3751.88,2404.62
TXN-008875,2023-12-09,Operations,EMEA,Completed,6741.07,1047.65
TXN-008876,2022-01-29,Sales,EMEA,Completed,5160.31,1857.22
TXN-008877,2022-08-13,Marketing,North America,Completed,3748.17,3687.15
TXN-008878,2022-02-11,Engineering,LATAM,Completed,2399.22,1898.12
TXN-008879,2023-12-23,Customer Support,APAC,Failed,830.9,1940.45
TXN-008880,2022-12-30,Customer Support,EMEA,Pending,1995.08,2860.93
TXN-008881,2022-04-05,Operations,North America,Failed,3753.71,694.68
TXN-008882,2022-07-07,Customer Support,EMEA,Completed,2905.32,1388.74
TXN-008883,2022-03-06,Marketing,EMEA,Completed,2972.2,1773.21
TXN-008884,2023-02-16,Engineering,LATAM,Completed,6481.31,1627.9
TXN-008885,2022-11-14,Operations,North America,Completed,3570.06,1939.53
TXN-008886,2023-07-20,Engineering,LATAM,Failed,4679.43,2283.06
TXN-008887,2023-10-31,Marketing,APAC,Completed,2945.34,212.68
TXN-008888,2023-12-11,Customer Support,LATAM,Completed,4282.37,2327.5
TXN-008889,2022-06-12,Customer Support,LATAM,Completed,3983.9,2114.33
TXN-008890,2022-05-21,Sales,EMEA,Pending,6338.12,1598.97
TXN-008891,2023-02-25,Sales,EMEA,Completed,6162.2,1593.01
TXN-008892,2023-09-19,Customer Support,EMEA,Completed,6824.35,2822.12
TXN-008893,2023-02-20,Sales,APAC,Completed,3552.67,1084.13
TXN-008894,2023-06-18,Marketing,APAC,Pending,7633.9,2155.92
TXN-008895,2023-07-28,Operations,APAC,Completed,4614.29,3556.67
TXN-008896,2022-10-07,Marketing,LATAM,Completed,7049.48,2463.7
TXN-008897,2023-02-10,Sales,North America,Completed,6102.63,116.28
TXN-008898,2022-02-10,Customer Support,APAC,Completed,4808.66,2103.28
TXN-008899,2022-12-31,Customer Support,LATAM,Completed,4468.83,1562.09
TXN-008900,2023-03-13,Marketing,LATAM,Completed,5505.7,1657.05
TXN-008901,2023-09-14,Engineering,LATAM,Completed,6127.75,1847.73
TXN-008902,2022-06-04,Marketing,North America,Completed,3453.81,1066.94
TXN-008903,2023-04-24,Sales,APAC,Completed,3227.59,3439.76
TXN-008904,2022-11-01,Customer Support,LATAM,Completed,2343.87,2508.47
TXN-008905,2022-05-08,Operations,APAC,Completed,6830.14,2488.87
TXN-008906,2022-11-03,Sales,North America,Pending,4833.25,1307.46
TXN-008907,2023-07-01,Engineering,LATAM,Pending,4178.17,1449.17
TXN-008908,2023-06-03,Customer Support,North America,Completed,4859.19,2019.19
TXN-008909,2023-08-01,Sales,LATAM,Completed,7108.68,1652.51
TXN-008910,2022-04-24,Customer Support,APAC,Completed,6140.12,2531.19
TXN-008911,2023-01-25,Customer Support,EMEA,Completed,5105.48,975.13
TXN-008912,2022-10-19,Operations,LATAM,Failed,4918.88,2206.56
TXN-008913,2022-03-07,Engineering,LATAM,Failed,5798.83,1302.08
TXN-008914,2023-12-18,Marketing,EMEA,Completed,5454.78,1548.03
TXN-008915,2022-01-25,Sales,EMEA,Pending,6230.56,1795.58
TXN-008916,2022-06-01,Marketing,LATAM,Failed,3968.65,1220.68
TXN-008917,2022-11-08,Marketing,APAC,Completed,5591.58,2510.14
TXN-008918,2023-11-12,Customer Support,EMEA,Completed,7072.99,2473.14
TXN-008919,2022-01-27,Engineering,LATAM,Pending,5296.36,2172.11
TXN-008920,2023-04-03,Customer Support,North America,Failed,2796.56,2763.98
TXN-008921,2023-06-12,Operations,EMEA,Completed,5347.74,1731.11
TXN-008922,2022-01-09,Engineering,EMEA,Completed,,697.41
TXN-008923,2022-06-10,Engineering,APAC,Pending,2648.89,2431.97
TXN-008924,2023-05-08,Marketing,EMEA,Completed,6002.27,1555.84
TXN-008925,2023-09-27,Engineering,LATAM,Pending,5394.45,2002.23
TXN-008926,2023-08-03,Operations,APAC,Completed,,2228.92
TXN-008927,2022-09-13,Engineering,EMEA,Completed,4335.53,2543.14
TXN-008928,2022-07-03,Sales,North America,Completed,5588.32,2588.27
TXN-008929,2022-07-13,Marketing,North America,Failed,2246.18,1972.66
TXN-008930,2023-06-01,Sales,EMEA,Pending,3561.08,1040.13
TXN-008931,2023-07-17,Operations,North America,Failed,5745.78,1159.56
TXN-008932,2022-02-01,Marketing,LATAM,Failed,5797.61,1353.89
TXN-008933,2023-10-14,Operations,APAC,Completed,6474.9,1288.33
TXN-008934,2023-07-23,Operations,LATAM,Completed,6298.07,2385.48
TXN-008935,2022-04-01,Sales,EMEA,Pending,4609.8,2017.07
TXN-008936,2023-07-30,Sales,EMEA,Pending,5165.75,2293.38
TXN-008937,2022-10-02,Marketing,North America,Completed,5585.09,890.13
TXN-008938,2022-04-28,Customer Support,North America,Completed,5723.23,179.93
TXN-008939,2023-04-23,Customer Support,APAC,Completed,,2073.92
TXN-008940,2023-11-29,Marketing,North America,Completed,7742.51,2316.87
TXN-008941,2022-07-25,Marketing,EMEA,Completed,3577.61,1507.16
TXN-008942,2022-07-12,Operations,APAC,Completed,3013.81,1102.16
TXN-008943,2023-11-02,Sales,LATAM,Completed,6772.21,1711.75
TXN-008944,2022-04-14,Sales,LATAM,Pending,5735.29,2646.42
TXN-008945,2022-09-06,Sales,North America,Completed,6857.16,2316.25
TXN-008946,2023-12-20,Engineering,EMEA,Completed,5395.99,623.02
TXN-008947,2022-07-27,Marketing,North America,Failed,4823.55,3294.58
TXN-008948,2023-05-31,Engineering,EMEA,Completed,4852.14,1278.24
TXN-008949,2023-09-27,Marketing,LATAM,Pending,4751.43,2064.15
TXN-008950,2022-05-22,Operations,North America,Completed,6058.35,2664.92
TXN-008951,2022-08-31,Customer Support,EMEA,Completed,4884.28,2909.29
TXN-008952,2023-12-07,Operations,APAC,Completed,3739.07,742.95
TXN-008953,2023-10-16,Marketing,EMEA,Pending,5776.3,2289.57
TXN-008954,2022-03-16,Engineering,APAC,Completed,5739.28,3388.07
TXN-008955,2022-05-28,Marketing,LATAM,Completed,4553.17,1492.87
TXN-008956,2022-07-19,Sales,North America,Completed,6434.08,2094.97
TXN-008957,2023-03-11,Operations,EMEA,Pending,4244.97,1822.76
TXN-008958,2023-06-24,Engineering,North America,Completed,6893.04,900.51
TXN-008959,2022-01-06,Engineering,North America,Completed,5037.33,2079.04
TXN-008960,2022-01-16,Marketing,APAC,Completed,5920.47,2245.57
TXN-008961,2022-12-23,Sales,EMEA,Completed,4726.7,1840.06
TXN-008962,2022-07-15,Operations,EMEA,Completed,6197.83,2466.89
TXN-008963,2022-12-21,Engineering,LATAM,Completed,4738.59,2130.14
TXN-008964,2023-07-07,Marketing,EMEA,Completed,5427.94,2894.7
TXN-008965,2023-12-08,Engineering,North America,Completed,5204.75,2330.42
TXN-008966,2023-05-05,Customer Support,North America,Pending,1758.32,2993.05
TXN-008967,2022-02-13,Customer Support,EMEA,Completed,,3223.82
TXN-008968,2022-03-24,Customer Support,APAC,Completed,4244.65,1574.89
TXN-008969,2022-10-12,Operations,EMEA,Completed,4624.06,2806.46
TXN-008970,2023-08-19,Operations,EMEA,Completed,3943.4,312.59
TXN-008971,2023-07-10,Customer Support,North America,Completed,4581.26,4254.92
TXN-008972,2023-08-15,Engineering,APAC,Completed,5378.22,2589.46
TXN-008973,2023-06-24,Sales,EMEA,Pending,3918.84,2687.07
TXN-008974,2023-02-10,Operations,EMEA,Completed,2563.58,1606.51
TXN-008975,2023-05-02,Engineering,North America,Completed,2221.18,216.76
TXN-008976,2022-08-12,Engineering,EMEA,Failed,6404.81,2259.67
TXN-008977,2022-09-17,Customer Support,LATAM,Pending,3894.81,1394.05
TXN-008978,2022-12-10,Sales,APAC,Completed,6789.72,2252.82
TXN-008979,2023-08-28,Customer Support,North America,Pending,5639.08,2462.17
TXN-008980,2023-12-09,Marketing,North America,Failed,3669.06,1002.05
TXN-008981,2023-04-15,Customer Support,APAC,Pending,4849.82,660.74
TXN-008982,2022-10-11,Operations,North America,Pending,4712.65,764.67
TXN-008983,2022-12-06,Marketing,EMEA,Completed,3518.77,2129.13
TXN-008984,2023-01-01,Operations,North America,Completed,6199.35,1760.58
TXN-008985,2023-08-29,Customer Support,North America,Completed,6975.04,3728.47
TXN-008986,2022-04-21,Marketing,EMEA,Failed,6023.09,1527.04
TXN-008987,2022-10-19,Customer Support,APAC,Completed,4813.81,2138.35
TXN-008988,2022-01-26,Engineering,North America,Completed,3974.9,2044.65
TXN-008989,2023-06-15,Marketing,North America,Completed,5634.93,1916.93
TXN-008990,2023-08-20,Engineering,EMEA,Failed,8092.84,2563.29
TXN-008991,2022-06-04,Operations,North America,Pending,8895.96,1982.68
TXN-008992,2023-02-27,Marketing,LATAM,Completed,4659.57,1185.05
TXN-008993,2022-10-15,Operations,EMEA,Completed,4399.69,2560.61
TXN-008994,2022-12-01,Sales,North America,Completed,5733.67,1736.19
TXN-008995,2022-12-26,Sales,APAC,Completed,7082.75,2267.38
TXN-008996,2022-09-11,Marketing,North America,Completed,6317.95,641.81
TXN-008997,2023-08-06,Customer Support,EMEA,Completed,6600.15,1860.28
TXN-008998,2023-02-26,Marketing,APAC,Failed,5282.37,2396.24
TXN-008999,2023-05-28,Sales,EMEA,Pending,5988.9,2338.03
TXN-009000,2023-07-03,Sales,LATAM,Failed,5583.73,1469.72
TXN-009001,2022-08-27,Engineering,LATAM,Completed,6428.7,2108.78
TXN-009002,2023-10-01,Marketing,EMEA,Failed,817.51,2649.56
TXN-009003,2022-01-31,Sales,North America,Pending,6517.43,2282.05
TXN-009004,2022-02-24,Operations,North America,Pending,5191.0,2491.93
TXN-009005,2022-04-05,Operations,APAC,Failed,6306.39,2049.07
TXN-009006,2022-05-29,Engineering,APAC,Failed,5648.63,1886.74
TXN-009007,2023-10-17,Marketing,APAC,Completed,,1793.38
TXN-009008,2023-11-02,Sales,LATAM,Completed,4104.06,3081.84
TXN-009009,2022-03-02,Operations,LATAM,Completed,5334.57,1296.26
TXN-009010,2023-03-30,Engineering,APAC,Completed,1712.69,1579.21
TXN-009011,2022-02-20,Marketing,LATAM,Pending,3185.29,3716.87
TXN-009012,2022-02-06,Marketing,EMEA,Failed,3356.57,912.67
TXN-009013,2022-09-06,Engineering,North America,Completed,5641.21,998.11
TXN-009014,2022-03-31,Engineering,EMEA,Completed,4084.53,1652.52
TXN-009015,2023-03-06,Engineering,North America,Failed,4790.55,1181.7
TXN-009016,2022-08-16,Operations,North America,Completed,5599.9,1768.16
TXN-009017,2023-04-21,Operations,North America,Completed,6846.74,1430.14
TXN-009018,2023-02-11,Engineering,EMEA,Failed,6252.17,2687.23
TXN-009019,2023-04-13,Customer Support,North America,Completed,3747.94,2829.48
TXN-009020,2022-03-10,Operations,North America,Failed,7200.64,1903.13
TXN-009021,2022-01-23,Operations,LATAM,Completed,8319.14,2119.92
TXN-009022,2022-02-25,Marketing,APAC,Pending,1961.71,1983.05
TXN-009023,2022-02-17,Sales,EMEA,Pending,5275.25,2464.15
TXN-009024,2022-05-03,Customer Support,North America,Failed,6141.76,1511.08
TXN-009025,2023-08-13,Sales,APAC,Pending,6275.66,1648.95
TXN-009026,2022-04-25,Marketing,APAC,Failed,4446.94,2220.35
TXN-009027,2022-11-24,Marketing,EMEA,Failed,4221.45,1366.9
TXN-009028,2022-08-24,Customer Support,LATAM,Completed,3403.32,1194.82
TXN-009029,2023-11-14,Operations,LATAM,Completed,5527.15,868.83
TXN-009030,2022-07-16,Engineering,LATAM,Completed,5950.26,2518.48
TXN-009031,2022-04-12,Customer Support,North America,Completed,5377.18,1505.88
TXN-009032,2022-02-06,Operations,North America,Completed,4637.07,2725.55
TXN-009033,2023-12-14,Customer Support,LATAM,Completed,2813.24,
TXN-009034,2023-10-31,Operations,APAC,Completed,4134.97,3351.89
TXN-009035,2022-05-28,Operations,APAC,Completed,5800.44,2929.38
TXN-009036,2022-05-12,Operations,APAC,Completed,3224.34,2704.72
TXN-009037,2022-11-27,Engineering,APAC,Completed,6026.59,3173.33
TXN-009038,2023-04-26,Sales,North America,Pending,3047.63,2689.26
TXN-009039,2022-05-01,Customer Support,North America,Pending,3149.25,1437.65
TXN-009040,2022-10-30,Customer Support,APAC,Failed,5413.86,1192.04
TXN-009041,2023-08-21,Customer Support,LATAM,Pending,3193.77,1818.28
TXN-009042,2022-01-17,Operations,LATAM,Completed,,2061.31
TXN-009043,2023-04-13,Marketing,North America,Completed,5991.75,3084.16
TXN-009044,2022-08-13,Marketing,APAC,Completed,5165.52,1044.06
TXN-009045,2023-08-12,Sales,LATAM,Completed,4334.16,3063.75
TXN-009046,2022-12-14,Customer Support,North America,Completed,,1392.42
TXN-009047,2023-08-05,Customer Support,LATAM,Completed,4928.18,1908.79
TXN-009048,2022-12-06,Operations,EMEA,Pending,2474.87,
TXN-009049,2023-11-16,Customer Support,EMEA,Pending,3571.51,2015.69
TXN-009050,2022-12-22,Engineering,LATAM,Failed,4930.93,1887.05
TXN-009051,2023-08-08,Engineering,North America,Completed,9050.22,2531.83
TXN-009052,2022-10-20,Marketing,North America,Completed,5431.61,1379.53
TXN-009053,2023-02-06,Sales,LATAM,Completed,5655.58,3046.48
TXN-009054,2022-07-04,Sales,EMEA,Failed,8123.62,2860.46
TXN-009055,2022-03-18,Operations,North America,Completed,6571.79,1217.23
TXN-009056,2022-02-23,Marketing,LATAM,Completed,6486.1,1782.38
TXN-009057,2022-01-03,Sales,EMEA,Completed,4934.1,2148.01
TXN-009058,2023-01-08,Operations,LATAM,Completed,6313.74,1477.31
TXN-009059,2022-10-13,Marketing,North America,Completed,3684.78,2051.17
TXN-009060,2023-03-27,Customer Support,LATAM,Completed,2781.35,2721.47
TXN-009061,2022-05-19,Customer Support,APAC,Completed,5820.77,862.29
TXN-009062,2023-08-28,Marketing,EMEA,Failed,5543.16,1475.41
TXN-009063,2022-09-29,Operations,APAC,Completed,4581.13,1751.07
TXN-009064,2022-08-28,Engineering,APAC,Completed,2705.44,1910.18
TXN-009065,2023-08-19,Customer Support,North America,Completed,5436.69,2529.92
TXN-009066,2023-03-30,Engineering,North America,Completed,4356.16,1913.95
TXN-009067,2023-08-05,Customer Support,North America,Completed,5476.74,2308.21
TXN-009068,2022-02-08,Engineering,North America,Completed,5549.72,2690.94
TXN-009069,2022-11-02,Customer Support,APAC,Completed,8246.08,1176.56
TXN-009070,2023-11-26,Marketing,EMEA,Completed,5434.21,2204.95
TXN-009071,2023-11-03,Engineering,EMEA,Failed,5910.75,1884.06
TXN-009072,2023-12-11,Operations,North America,Completed,3278.78,1174.11
TXN-009073,2022-10-07,Operations,North America,Completed,5870.15,1358.45
TXN-009074,2023-03-14,Sales,North America,Completed,4577.7,2709.59
TXN-009075,2023-12-07,Operations,North America,Completed,4880.39,2371.72
TXN-009076,2023-04-07,Sales,North America,Pending,7098.45,1498.32
TXN-009077,2022-10-21,Sales,North America,Completed,4987.76,2795.63
TXN-009078,2023-07-06,Sales,LATAM,Completed,5406.64,3167.08
TXN-009079,2022-05-08,Operations,LATAM,Completed,5303.1,1573.69
TXN-009080,2023-03-04,Engineering,LATAM,Failed,7335.13,2104.11
TXN-009081,2022-11-02,Marketing,APAC,Pending,5080.63,1824.26
TXN-009082,2023-10-12,Marketing,APAC,Completed,7152.29,3536.94
TXN-009083,2023-07-31,Marketing,North America,Completed,2283.98,1909.79
TXN-009084,2023-10-04,Customer Support,APAC,Failed,3878.29,1716.61
TXN-009085,2023-09-25,Customer Support,North America,Failed,7559.55,2677.85
TXN-009086,2023-03-12,Operations,APAC,Failed,9189.95,1902.34
TXN-009087,2023-04-17,Sales,EMEA,Pending,3028.81,2726.53
TXN-009088,2022-06-11,Engineering,APAC,Completed,4144.07,2067.13
TXN-009089,2022-08-10,Sales,LATAM,Completed,5251.43,2562.78
TXN-009090,2023-03-31,Sales,North America,Completed,4433.01,1760.85
TXN-009091,2023-02-08,Customer Support,APAC,Failed,6193.06,1840.78
TXN-009092,2023-08-16,Engineering,LATAM,Completed,5570.4,2941.86
TXN-009093,2023-02-08,Customer Support,LATAM,Failed,4480.64,1303.79
TXN-009094,2022-10-07,Engineering,EMEA,Completed,7364.64,2425.55
TXN-009095,2022-06-25,Marketing,LATAM,Completed,3439.63,1757.77
TXN-009096,2022-08-17,Engineering,EMEA,Completed,7313.98,1491.58
TXN-009097,2022-11-27,Sales,North America,Completed,4236.58,506.29
TXN-009098,2023-10-12,Engineering,EMEA,Pending,4917.33,684.4
TXN-009099,2023-02-05,Customer Support,APAC,Completed,5181.24,1949.47
TXN-009100,2023-02-18,Customer Support,LATAM,Completed,4614.45,133.39
TXN-009101,2023-04-16,Customer Support,APAC,Completed,5912.07,2935.97
TXN-009102,2023-08-17,Marketing,North America,Completed,4016.46,2214.01
TXN-009103,2023-06-30,Engineering,APAC,Completed,7722.65,2090.82
TXN-009104,2023-04-03,Sales,LATAM,Failed,8276.13,4094.61
TXN-009105,2022-02-27,Marketing,EMEA,Failed,9508.09,1916.69
TXN-009106,2023-09-10,Operations,LATAM,Pending,3777.12,2247.91
TXN-009107,2022-10-06,Operations,LATAM,Pending,4796.76,3949.77
TXN-009108,2022-09-18,Marketing,EMEA,Completed,5589.74,1583.29
TXN-009109,2023-06-03,Marketing,EMEA,Completed,5438.43,2532.38
TXN-009110,2023-01-30,Sales,LATAM,Completed,6223.81,3583.98
TXN-009111,2022-01-27,Customer Support,North America,Failed,7542.54,1983.12
TXN-009112,2023-03-15,Marketing,APAC,Completed,2849.69,2267.93
TXN-009113,2022-10-11,Customer Support,EMEA,Completed,3171.42,2565.59
TXN-009114,2023-09-20,Marketing,LATAM,Completed,7437.77,2274.15
TXN-009115,2023-04-22,Sales,EMEA,Completed,4891.19,3534.79
TXN-009116,2023-10-17,Customer Support,EMEA,Completed,4587.94,2690.95
TXN-009117,2022-09-19,Marketing,APAC,Completed,5689.05,3275.28
TXN-009118,2023-02-19,Sales,APAC,Pending,3250.87,2688.26
TXN-009119,2023-04-09,Engineering,North America,Pending,4960.59,1757.25
TXN-009120,2022-11-10,Operations,EMEA,Completed,2516.72,2135.66
TXN-009121,2022-11-06,Operations,LATAM,Completed,3402.25,1069.82
TXN-009122,2023-10-22,Engineering,EMEA,Failed,5542.82,1495.23
TXN-009123,2022-01-16,Sales,APAC,Completed,5012.25,1512.74
TXN-009124,2022-01-10,Engineering,LATAM,Completed,5869.17,0.0
TXN-009125,2023-04-15,Engineering,North America,Completed,5730.95,2985.93
TXN-009126,2022-04-15,Sales,APAC,Completed,3633.21,2888.63
TXN-009127,2022-04-01,Sales,EMEA,Completed,3369.04,2563.47
TXN-009128,2022-06-09,Sales,North America,Pending,4779.72,871.42
TXN-009129,2023-03-08,Engineering,North America,Failed,3482.01,1676.56
TXN-009130,2023-11-24,Operations,EMEA,Completed,2490.43,1136.07
TXN-009131,2023-09-07,Marketing,North America,Completed,3350.93,2531.59
TXN-009132,2023-09-26,Sales,North America,Completed,4962.77,1558.78
TXN-009133,2022-06-07,Operations,LATAM,Failed,5605.63,1715.45
TXN-009134,2022-06-05,Operations,EMEA,Pending,5008.53,1940.99
TXN-009135,2022-12-30,Sales,LATAM,Completed,2905.64,735.5
TXN-009136,2022-08-30,Marketing,EMEA,Failed,6771.47,638.07
TXN-009137,2023-08-27,Operations,APAC,Completed,,3308.83
TXN-009138,2022-05-12,Marketing,EMEA,Completed,5718.76,1317.89
TXN-009139,2022-01-29,Customer Support,EMEA,Pending,4258.79,2301.76
TXN-009140,2022-10-06,Marketing,North America,Completed,6079.98,1105.43
TXN-009141,2022-03-27,Sales,APAC,Completed,1907.32,1475.08
TXN-009142,2023-09-19,Marketing,APAC,Completed,5380.33,1871.8
TXN-009143,2023-01-03,Sales,North America,Completed,,718.65
TXN-009144,2022-03-17,Sales,LATAM,Completed,4653.2,1647.82
TXN-009145,2023-05-17,Operations,North America,Failed,2150.88,1749.95
TXN-009146,2023-12-09,Operations,EMEA,Pending,2946.78,3476.83
TXN-009147,2023-10-19,Sales,APAC,Completed,3628.09,2043.35
TXN-009148,2022-05-14,Sales,APAC,Completed,,3202.38
TXN-009149,2023-01-30,Marketing,EMEA,Pending,6427.63,1960.26
TXN-009150,2023-01-06,Engineering,North America,Pending,3852.68,1777.86
TXN-009151,2023-04-30,Sales,LATAM,Completed,3512.05,3179.43
TXN-009152,2022-05-03,Marketing,APAC,Completed,4592.47,2746.33
TXN-009153,2022-08-28,Operations,APAC,Failed,6647.33,1357.17
TXN-009154,2022-01-06,Sales,LATAM,Completed,5871.0,1718.85
TXN-009155,2022-01-30,Customer Support,EMEA,Completed,6385.77,2549.7
TXN-009156,2023-03-01,Sales,EMEA,Completed,4317.18,1643.85
TXN-009157,2023-07-19,Operations,North America,Completed,4884.45,1531.66
TXN-009158,2022-07-13,Marketing,North America,Failed,4913.75,690.97
TXN-009159,2022-08-14,Operations,EMEA,Failed,,2138.41
TXN-009160,2023-03-22,Marketing,EMEA,Completed,5777.5,1552.07
TXN-009161,2023-04-03,Operations,EMEA,Completed,5561.16,2544.05
TXN-009162,2023-05-27,Marketing,LATAM,Pending,5659.55,2636.68
TXN-009163,2023-08-02,Engineering,EMEA,Completed,2148.56,2051.44
TXN-009164,2023-06-07,Operations,EMEA,Failed,3298.9,457.36
TXN-009165,2022-08-25,Marketing,APAC,Completed,5739.96,2509.88
TXN-009166,2023-11-22,Customer Support,North America,Completed,4794.03,2603.31
TXN-009167,2023-05-05,Engineering,North America,Pending,4331.25,2575.21
TXN-009168,2023-04-18,Sales,EMEA,Pending,3534.91,2253.84
TXN-009169,2023-11-21,Engineering,APAC,Failed,7138.95,3209.04
TXN-009170,2022-06-06,Sales,EMEA,Failed,7120.61,1795.67
TXN-009171,2023-10-09,Customer Support,North America,Completed,5555.3,1376.66
TXN-009172,2022-06-16,Marketing,EMEA,Failed,2777.83,3399.29
TXN-009173,2023-05-23,Marketing,APAC,Completed,5136.05,6077.272230461706
TXN-009174,2022-01-31,Operations,LATAM,Completed,4091.8,2542.11
TXN-009175,2023-10-30,Sales,North America,Completed,5497.45,1033.17
TXN-009176,2023-04-28,Marketing,EMEA,Completed,5898.98,2503.73
TXN-009177,2023-07-05,Operations,LATAM,Pending,5885.28,2255.09
TXN-009178,2022-07-20,Engineering,North America,Failed,2169.59,2367.65
TXN-009179,2023-06-15,Operations,North America,Completed,4712.55,632.89
TXN-009180,2022-05-30,Customer Support,APAC,Completed,6665.46,3341.53
TXN-009181,2023-10-09,Customer Support,LATAM,Failed,5061.11,1804.49
TXN-009182,2023-07-10,Customer Support,EMEA,Completed,5780.67,2741.92
TXN-009183,2022-08-04,Operations,APAC,Pending,5929.58,3286.3
TXN-009184,2023-10-11,Sales,APAC,Failed,5312.67,1854.5
TXN-009185,2022-06-17,Operations,LATAM,Completed,3244.07,1946.09
TXN-009186,2022-06-11,Customer Support,APAC,Completed,3438.91,1562.98
TXN-009187,2022-01-30,Operations,APAC,Completed,5251.12,1501.1
TXN-009188,2023-10-03,Engineering,North America,Completed,3592.59,981.21
TXN-009189,2023-04-21,Customer Support,APAC,Completed,5764.97,3273.39
TXN-009190,2023-01-11,Sales,EMEA,Failed,4209.97,2974.65
TXN-009191,2023-04-17,Operations,EMEA,Completed,4254.34,3396.15
TXN-009192,2023-02-03,Sales,APAC,Completed,5474.85,2817.89
TXN-009193,2023-10-12,Sales,LATAM,Completed,5231.22,1806.33
TXN-009194,2023-03-04,Customer Support,EMEA,Failed,2160.18,1795.22
TXN-009195,2022-07-21,Customer Support,LATAM,Completed,3959.76,2643.37
TXN-009196,2022-09-29,Engineering,APAC,Failed,6266.78,730.57
TXN-009197,2023-12-12,Customer Support,EMEA,Pending,4436.6,2515.41
TXN-009198,2023-12-29,Sales,North America,Completed,4020.45,1875.09
TXN-009199,2023-07-07,Operations,APAC,Pending,7659.86,
TXN-009200,2023-08-12,Sales,EMEA,Pending,4742.56,1556.69
TXN-009201,2023-06-07,Customer Support,APAC,Completed,5675.29,4938.183884708888
TXN-009202,2023-09-01,Sales,LATAM,Completed,5107.97,2759.87
TXN-009203,2023-02-15,Sales,North America,Failed,4831.16,1981.02
TXN-009204,2022-02-14,Marketing,EMEA,Pending,5187.87,2584.73
TXN-009205,2023-08-13,Customer Support,EMEA,Completed,6949.29,2614.11
TXN-009206,2022-03-26,Marketing,APAC,Completed,10704.67,1598.19
TXN-009207,2023-05-05,Operations,EMEA,Completed,7939.85,1351.52
TXN-009208,2022-09-25,Operations,EMEA,Completed,3566.2,1759.67
TXN-009209,2023-08-24,Operations,APAC,Completed,5430.04,1309.66
TXN-009210,2022-06-01,Engineering,LATAM,Completed,5272.82,2388.88
TXN-009211,2022-02-21,Operations,LATAM,Pending,3695.09,1307.97
TXN-009212,2023-07-19,Sales,LATAM,Completed,5861.15,2898.16
TXN-009213,2023-06-29,Engineering,LATAM,Completed,5573.55,2681.15
TXN-009214,2023-06-10,Engineering,North America,Completed,4246.68,1304.58
TXN-009215,2022-05-09,Marketing,North America,Completed,6312.65,1651.33
TXN-009216,2023-11-26,Marketing,EMEA,Pending,7072.52,3525.31
TXN-009217,2022-07-12,Operations,LATAM,Completed,5672.7,2103.93
TXN-009218,2022-11-19,Marketing,EMEA,Pending,4044.16,2294.21
TXN-009219,2023-04-07,Customer Support,North America,Failed,7061.77,1980.15
TXN-009220,2023-10-08,Customer Support,LATAM,Pending,3855.2,1365.67
TXN-009221,2023-05-20,Marketing,LATAM,Pending,5917.17,1669.05
TXN-009222,2022-05-11,Operations,APAC,Completed,5822.98,1408.75
TXN-009223,2023-07-04,Sales,EMEA,Completed,4981.54,3070.29
TXN-009224,2023-02-05,Operations,EMEA,Failed,3811.27,161.09
TXN-009225,2022-08-30,Operations,North America,Pending,4668.88,2814.17
TXN-009226,2022-03-10,Operations,LATAM,Pending,4841.44,2209.21
TXN-009227,2023-07-19,Operations,APAC,Completed,5740.5,2212.22
TXN-009228,2022-09-08,Sales,North America,Completed,4102.41,2610.84
TXN-009229,2023-11-05,Sales,North America,Completed,5741.63,1738.57
TXN-009230,2023-09-17,Customer Support,EMEA,Completed,5239.01,1474.41
TXN-009231,2022-10-24,Sales,APAC,Completed,5408.08,1785.31
TXN-009232,2023-04-21,Sales,North America,Completed,5719.62,1757.95
TXN-009233,2023-01-01,Marketing,APAC,Completed,,2957.61
TXN-009234,2023-05-26,Customer Support,North America,Completed,7068.76,1923.68
TXN-009235,2022-10-23,Marketing,APAC,Failed,5237.64,2527.48
TXN-009236,2023-12-05,Operations,North America,Pending,7106.48,2291.08
TXN-009237,2023-03-11,Customer Support,EMEA,Completed,5927.41,2531.32
TXN-009238,2023-02-12,Operations,APAC,Completed,3565.36,4035.56
TXN-009239,2022-10-27,Operations,EMEA,Completed,6975.05,0.0
TXN-009240,2022-02-20,Operations,APAC,Failed,2866.95,2033.62
TXN-009241,2022-08-18,Engineering,North America,Failed,2915.21,2276.01
TXN-009242,2023-05-26,Marketing,EMEA,Completed,4682.11,2073.46
TXN-009243,2022-09-18,Customer Support,LATAM,Completed,3611.49,
TXN-009244,2023-12-23,Marketing,North America,Completed,7740.53,755.73
TXN-009245,2022-06-20,Customer Support,APAC,Completed,6325.63,2205.58
TXN-009246,2022-12-04,Operations,EMEA,Completed,4468.3,3090.07
TXN-009247,2022-06-28,Customer Support,EMEA,Failed,7024.93,2088.6
TXN-009248,2022-06-27,Sales,APAC,Completed,4903.05,2074.57
TXN-009249,2022-08-03,Marketing,EMEA,Completed,6099.55,1266.42
TXN-009250,2023-11-02,Engineering,APAC,Failed,3321.25,2355.55
TXN-009251,2022-06-28,Sales,North America,Pending,3389.56,3374.02
TXN-009252,2022-06-26,Marketing,LATAM,Failed,2900.31,2429.55
TXN-009253,2023-10-17,Operations,North America,Completed,5920.5,2221.48
TXN-009254,2022-12-30,Sales,EMEA,Pending,4492.79,930.23
TXN-009255,2022-11-22,Customer Support,North America,Pending,5338.75,2288.42
TXN-009256,2023-08-23,Engineering,EMEA,Pending,3051.74,833.35
TXN-009257,2022-06-17,Marketing,North America,Completed,7306.72,3517.3
TXN-009258,2022-09-01,Operations,EMEA,Completed,1899.46,1786.58
TXN-009259,2022-10-04,Customer Support,EMEA,Completed,4512.08,989.43
TXN-009260,2023-01-17,Operations,North America,Pending,7764.65,3522.23
TXN-009261,2022-02-20,Operations,LATAM,Completed,6281.19,1175.28
TXN-009262,2023-11-01,Marketing,APAC,Pending,4588.13,1987.97
TXN-009263,2022-02-20,Operations,LATAM,Completed,1077.34,2215.66
TXN-009264,2023-11-10,Sales,APAC,Failed,,2520.87
TXN-009265,2023-12-15,Sales,APAC,Completed,5683.26,2162.69
TXN-009266,2023-12-05,Marketing,North America,Pending,3952.27,1470.53
TXN-009267,2022-12-31,Engineering,LATAM,Pending,3292.17,1399.48
TXN-009268,2022-11-25,Marketing,APAC,Completed,4679.94,2053.31
TXN-009269,2022-09-11,Operations,APAC,Completed,,1912.07
TXN-009270,2022-06-09,Sales,North America,Completed,7245.74,1011.99
TXN-009271,2023-10-13,Engineering,APAC,Pending,4070.85,1980.12
TXN-009272,2023-04-17,Engineering,EMEA,Completed,5729.64,816.34
TXN-009273,2022-09-09,Marketing,LATAM,Completed,3902.83,1386.21
TXN-009274,2022-07-11,Marketing,APAC,Failed,4558.54,3629.93
TXN-009275,2022-04-06,Engineering,APAC,Completed,4132.25,
TXN-009276,2023-12-18,Customer Support,LATAM,Completed,6731.93,2762.65
TXN-009277,2022-11-03,Sales,APAC,Pending,4850.38,2641.86
TXN-009278,2022-03-20,Marketing,EMEA,Completed,5825.63,1741.98
TXN-009279,2023-08-08,Customer Support,APAC,Failed,5322.39,1524.73
TXN-009280,2023-03-13,Marketing,North America,Completed,3249.51,1235.27
TXN-009281,2022-11-03,Operations,North America,Completed,5200.64,602.25
TXN-009282,2023-02-06,Marketing,LATAM,Completed,4823.05,551.01
TXN-009283,2022-12-09,Operations,North America,Completed,7108.97,1869.65
TXN-009284,2023-03-06,Operations,North America,Failed,6883.94,1879.47
TXN-009285,2023-04-12,Operations,APAC,Pending,4860.9,2586.09
TXN-009286,2022-03-30,Customer Support,APAC,Pending,5267.16,1940.95
TXN-009287,2023-11-04,Marketing,EMEA,Pending,3096.75,2749.58
TXN-009288,2023-10-05,Operations,APAC,Pending,3709.88,1900.13
TXN-009289,2023-03-18,Operations,EMEA,Completed,6258.18,2288.52
TXN-009290,2022-02-11,Customer Support,EMEA,Completed,3740.16,3483.08
TXN-009291,2023-02-24,Operations,EMEA,Completed,6053.19,3076.49
TXN-009292,2022-07-16,Customer Support,APAC,Completed,7693.19,1458.34
TXN-009293,2023-02-26,Sales,LATAM,Completed,5475.55,1190.23
TXN-009294,2022-11-02,Engineering,EMEA,Completed,5103.82,2579.77
TXN-009295,2022-07-29,Engineering,North America,Completed,6228.56,2125.56
TXN-009296,2023-08-20,Operations,LATAM,Pending,3296.79,2330.65
TXN-009297,2023-10-08,Operations,APAC,Completed,5138.62,1429.26
TXN-009298,2023-08-07,Engineering,APAC,Pending,6237.03,1197.76
TXN-009299,2022-04-04,Sales,EMEA,Pending,7152.46,1835.29
TXN-009300,2022-03-04,Engineering,LATAM,Failed,4850.63,1820.56
TXN-009301,2022-07-16,Operations,LATAM,Completed,4718.64,2185.95
TXN-009302,2023-02-16,Sales,EMEA,Completed,1951.36,1851.95
TXN-009303,2022-08-13,Engineering,North America,Completed,4179.31,2872.94
TXN-009304,2023-05-11,Marketing,APAC,Failed,4826.53,5520.496930889101
TXN-009305,2022-02-24,Operations,LATAM,Completed,4544.38,2415.04
TXN-009306,2022-04-19,Customer Support,EMEA,Completed,4130.44,2721.62
TXN-009307,2022-09-15,Sales,EMEA,Completed,4422.5,2512.94
TXN-009308,2022-12-29,Marketing,APAC,Completed,5471.54,3065.22
TXN-009309,2023-01-20,Engineering,LATAM,Completed,4013.4,1611.66
TXN-009310,2023-10-19,Customer Support,LATAM,Completed,4574.79,673.3
TXN-009311,2022-07-06,Marketing,EMEA,Completed,3843.4,1435.44
TXN-009312,2022-01-19,Sales,LATAM,Pending,3575.41,2039.76
TXN-009313,2023-09-26,Customer Support,EMEA,Failed,4251.48,3178.88
TXN-009314,2022-09-05,Marketing,North America,Completed,6433.9,981.58
TXN-009315,2022-09-01,Engineering,APAC,Completed,5810.31,2064.47
TXN-009316,2022-01-23,Sales,EMEA,Completed,5840.76,2221.6
TXN-009317,2023-06-23,Operations,APAC,Completed,3106.66,1258.99
TXN-009318,2023-01-28,Customer Support,LATAM,Completed,6769.24,1530.5
TXN-009319,2022-11-28,Customer Support,APAC,Failed,4439.46,606.93
TXN-009320,2022-11-27,Sales,APAC,Completed,2244.41,1716.74
TXN-009321,2023-05-17,Operations,North America,Failed,4559.23,
TXN-009322,2023-09-18,Marketing,LATAM,Completed,5361.39,793.94
TXN-009323,2022-06-15,Operations,LATAM,Failed,5314.64,2029.78
TXN-009324,2023-06-15,Operations,LATAM,Completed,4382.02,1627.07
TXN-009325,2023-01-04,Sales,LATAM,Failed,7045.54,630.03
TXN-009326,2022-05-12,Sales,LATAM,Failed,3715.0,1185.97
TXN-009327,2022-04-13,Marketing,APAC,Completed,4544.44,1946.46
TXN-009328,2023-01-17,Operations,LATAM,Completed,5172.26,1660.37
TXN-009329,2023-08-13,Customer Support,APAC,Completed,6700.19,2069.81
TXN-009330,2023-01-19,Sales,EMEA,Completed,4808.13,2846.49
TXN-009331,2023-08-04,Marketing,APAC,Completed,2546.33,2459.51
TXN-009332,2022-12-02,Marketing,EMEA,Failed,,2716.02
TXN-009333,2022-12-22,Marketing,LATAM,Failed,4524.12,2779.23
TXN-009334,2023-12-25,Sales,APAC,Pending,5502.2,2594.5
TXN-009335,2022-03-06,Engineering,LATAM,Pending,2575.3,2360.05
TXN-009336,2022-03-22,Sales,EMEA,Completed,4483.74,1871.36
TXN-009337,2023-03-02,Engineering,EMEA,Failed,3767.39,1832.68
TXN-009338,2022-03-21,Engineering,EMEA,Completed,3826.53,2139.0
TXN-009339,2022-02-08,Customer Support,North America,Completed,4275.37,3304.16
TXN-009340,2023-09-11,Marketing,North America,Failed,5208.88,3401.57
TXN-009341,2022-07-01,Sales,North America,Pending,4794.07,1327.62
TXN-009342,2022-10-09,Marketing,North America,Completed,5889.29,2931.05
TXN-009343,2023-05-20,Customer Support,APAC,Completed,6835.21,6805.58479866987
TXN-009344,2022-10-11,Marketing,APAC,Completed,6718.54,3226.71
TXN-009345,2022-05-02,Marketing,EMEA,Completed,5295.75,1504.33
TXN-009346,2023-04-02,Operations,APAC,Completed,5741.41,3389.24
TXN-009347,2023-06-14,Engineering,LATAM,Failed,2966.21,1637.08
TXN-009348,2022-07-26,Sales,APAC,Completed,4870.28,2843.65
TXN-009349,2023-01-29,Customer Support,EMEA,Completed,6743.75,2204.72
TXN-009350,2022-12-23,Marketing,EMEA,Completed,5875.53,2171.27
TXN-009351,2022-09-01,Customer Support,LATAM,Completed,4087.91,2229.76
TXN-009352,2023-05-10,Sales,North America,Completed,7067.69,1498.2
TXN-009353,2022-01-08,Sales,LATAM,Completed,,2531.89
TXN-009354,2022-09-29,Marketing,EMEA,Failed,4628.57,2142.72
TXN-009355,2022-02-10,Operations,LATAM,Completed,6817.66,2624.82
TXN-009356,2023-05-31,Marketing,North America,Completed,4738.12,1654.17
TXN-009357,2023-08-09,Marketing,North America,Pending,8082.5,2190.77
TXN-009358,2023-10-16,Sales,EMEA,Completed,4326.92,3145.12
TXN-009359,2022-09-26,Customer Support,North America,Pending,2757.18,1232.5
TXN-009360,2023-08-22,Sales,LATAM,Pending,4636.82,1923.04
TXN-009361,2022-12-31,Operations,North America,Completed,2426.74,1912.32
TXN-009362,2023-04-07,Sales,APAC,Failed,3888.77,2549.51
TXN-009363,2022-07-16,Customer Support,EMEA,Completed,2986.2,2106.42
TXN-009364,2023-05-01,Marketing,EMEA,Failed,2237.78,1014.0
TXN-009365,2023-12-10,Operations,LATAM,Completed,6342.71,1334.65
TXN-009366,2022-11-21,Sales,EMEA,Completed,2602.67,1618.29
TXN-009367,2023-08-23,Operations,LATAM,Failed,6523.88,3168.69
TXN-009368,2022-06-25,Sales,EMEA,Completed,5354.59,1156.27
TXN-009369,2022-05-06,Engineering,North America,Completed,2856.22,2090.36
TXN-009370,2022-01-10,Sales,LATAM,Completed,4505.19,1710.42
TXN-009371,2023-06-13,Customer Support,EMEA,Completed,3507.09,977.49
TXN-009372,2023-05-13,Sales,North America,Completed,5297.17,1849.75
TXN-009373,2022-06-15,Operations,North America,Pending,8564.28,1807.73
TXN-009374,2023-10-02,Customer Support,North America,Completed,3997.44,1625.2
TXN-009375,2022-07-27,Engineering,APAC,Failed,4614.17,1142.2
TXN-009376,2023-10-07,Operations,North America,Completed,6553.02,2768.78
TXN-009377,2023-07-15,Customer Support,LATAM,Completed,4424.66,2082.34
TXN-009378,2023-03-09,Operations,EMEA,Pending,3989.41,3229.96
TXN-009379,2023-11-08,Engineering,LATAM,Failed,4258.69,3224.9
TXN-009380,2023-08-18,Engineering,LATAM,Pending,1896.87,2472.19
TXN-009381,2023-02-10,Operations,EMEA,Pending,6506.26,1671.2
TXN-009382,2022-01-08,Customer Support,LATAM,Completed,6936.3,581.4
TXN-009383,2023-03-31,Operations,EMEA,Failed,1619.16,2299.94
TXN-009384,2023-11-23,Operations,North America,Completed,4745.12,917.42
TXN-009385,2023-04-13,Sales,North America,Failed,6293.45,1646.44
TXN-009386,2023-08-22,Operations,EMEA,Pending,5652.06,1717.31
TXN-009387,2023-01-21,Engineering,EMEA,Completed,2056.25,1323.59
TXN-009388,2023-01-02,Customer Support,LATAM,Completed,5637.29,706.03
TXN-009389,2022-07-25,Engineering,LATAM,Completed,6423.19,3161.93
TXN-009390,2022-02-12,Engineering,APAC,Pending,3401.94,1632.67
TXN-009391,2022-06-30,Sales,North America,Pending,7224.83,2329.34
TXN-009392,2023-05-17,Operations,APAC,Completed,4725.02,8126.507891529055
TXN-009393,2023-07-08,Customer Support,North America,Failed,7230.94,2509.09
TXN-009394,2023-01-23,Customer Support,North America,Failed,4132.73,2079.41
TXN-009395,2022-01-27,Marketing,EMEA,Completed,3032.06,2121.26
TXN-009396,2023-12-29,Marketing,EMEA,Failed,4520.55,1859.13
TXN-009397,2023-05-19,Marketing,EMEA,Pending,5734.24,2183.17
TXN-009398,2022-10-17,Customer Support,EMEA,Completed,2452.47,2056.4
TXN-009399,2023-04-03,Engineering,EMEA,Completed,4943.55,2190.87
TXN-009400,2023-04-17,Operations,APAC,Failed,2501.63,2485.81
TXN-009401,2022-08-13,Engineering,North America,Completed,8284.86,1145.42
TXN-009402,2023-04-24,Customer Support,APAC,Pending,6161.06,2509.65
TXN-009403,2022-12-25,Customer Support,LATAM,Failed,6138.53,2364.29
TXN-009404,2023-07-26,Customer Support,North America,Completed,4286.33,832.07
TXN-009405,2023-05-19,Engineering,APAC,Failed,3792.89,7968.03905920736
TXN-009406,2022-02-25,Engineering,EMEA,Completed,6037.34,3046.62
TXN-009407,2023-08-10,Marketing,LATAM,Completed,5790.62,1473.31
TXN-009408,2023-05-26,Engineering,LATAM,Pending,4829.24,
TXN-009409,2022-09-02,Engineering,North America,Pending,2642.84,1568.11
TXN-009410,2022-06-06,Sales,LATAM,Completed,3371.41,
TXN-009411,2023-02-02,Engineering,North America,Pending,4567.67,1314.77
TXN-009412,2023-06-06,Engineering,APAC,Pending,5590.58,5891.468273472045
TXN-009413,2022-10-09,Engineering,APAC,Failed,4389.37,2629.85
TXN-009414,2023-02-22,Marketing,EMEA,Pending,5938.08,1524.85
TXN-009415,2023-02-13,Customer Support,North America,Pending,5155.7,1117.53
TXN-009416,2022-03-07,Sales,LATAM,Completed,6103.73,3142.03
TXN-009417,2022-03-23,Sales,APAC,Completed,5991.14,2083.0
TXN-009418,2023-09-16,Sales,North America,Completed,5268.67,1402.42
TXN-009419,2023-10-10,Operations,North America,Pending,6937.52,2314.67
TXN-009420,2022-12-23,Marketing,LATAM,Completed,2896.84,1333.83
TXN-009421,2022-08-09,Engineering,North America,Completed,5302.65,3196.77
TXN-009422,2022-01-07,Customer Support,APAC,Pending,5523.93,2538.15
TXN-009423,2023-04-13,Customer Support,North America,Completed,1663.49,2003.75
TXN-009424,2022-06-29,Customer Support,LATAM,Completed,6094.71,2435.09
TXN-009425,2022-09-21,Engineering,North America,Completed,4687.39,1429.1
TXN-009426,2023-01-29,Engineering,North America,Completed,4427.64,2641.16
TXN-009427,2022-11-29,Marketing,North America,Completed,5965.28,3467.43
TXN-009428,2022-02-03,Operations,APAC,Completed,3144.49,401.79
TXN-009429,2023-04-29,Sales,EMEA,Completed,1921.04,3380.84
TXN-009430,2022-03-12,Operations,LATAM,Failed,7075.18,1863.25
TXN-009431,2023-05-18,Sales,APAC,Completed,6187.22,12690.537576673112
TXN-009432,2023-07-12,Sales,EMEA,Completed,6637.66,336.25
TXN-009433,2022-09-22,Customer Support,LATAM,Failed,4639.6,2644.64
TXN-009434,2023-10-10,Marketing,North America,Failed,1600.299,3640.75
TXN-009435,2023-01-04,Operations,APAC,Failed,4629.22,2052.71
TXN-009436,2022-05-24,Engineering,EMEA,Completed,7324.96,3120.13
TXN-009437,2022-01-10,Engineering,EMEA,Pending,5482.68,2361.81
TXN-009438,2022-11-16,Sales,APAC,Failed,5723.62,403.56
TXN-009439,2023-10-08,Sales,North America,Pending,6209.43,1903.04
TXN-009440,2022-01-14,Marketing,EMEA,Pending,8010.31,1672.09
TXN-009441,2022-02-16,Sales,EMEA,Completed,6118.15,1020.12
TXN-009442,2023-01-26,Sales,LATAM,Completed,3653.34,2460.75
TXN-009443,2022-04-07,Engineering,North America,Failed,3652.54,2126.52
TXN-009444,2023-08-29,Sales,LATAM,Completed,4767.26,193.36
TXN-009445,2022-08-21,Engineering,EMEA,Completed,7819.74,761.91
TXN-009446,2022-07-16,Operations,LATAM,Completed,6137.48,2967.89
TXN-009447,2022-05-13,Operations,APAC,Completed,6595.06,3870.5
TXN-009448,2023-03-29,Customer Support,EMEA,Pending,5668.64,1478.82
TXN-009449,2022-01-23,Customer Support,EMEA,Failed,5524.83,3524.77
TXN-009450,2022-06-03,Customer Support,EMEA,Completed,1924.86,2286.12
TXN-009451,2022-07-30,Sales,EMEA,Completed,3748.09,2851.98
TXN-009452,2023-12-08,Marketing,APAC,Pending,6048.12,1902.93
TXN-009453,2023-02-15,Operations,North America,Completed,5112.91,1921.95
TXN-009454,2023-05-17,Marketing,North America,Pending,4889.52,2158.9
TXN-009455,2022-12-02,Marketing,EMEA,Failed,3318.52,923.91
TXN-009456,2023-11-13,Customer Support,North America,Failed,1229.36,1669.9
TXN-009457,2023-08-22,Customer Support,LATAM,Completed,3516.14,2808.61
TXN-009458,2022-05-07,Customer Support,North America,Completed,3085.36,1554.26
TXN-009459,2023-09-15,Operations,APAC,Failed,5280.36,457.55
TXN-009460,2023-01-24,Marketing,EMEA,Failed,6368.22,2626.28
TXN-009461,2022-01-29,Engineering,EMEA,Completed,5207.07,1854.05
TXN-009462,2022-05-16,Sales,APAC,Completed,2120.51,732.92
TXN-009463,2023-05-23,Customer Support,North America,Completed,4800.93,1374.31
TXN-009464,2022-05-06,Engineering,APAC,Failed,5936.82,1630.41
TXN-009465,2022-02-02,Marketing,North America,Completed,4775.09,2230.66
TXN-009466,2022-05-03,Sales,APAC,Completed,4304.69,2712.25
TXN-009467,2022-08-19,Marketing,APAC,Completed,4984.43,0.0
TXN-009468,2022-03-07,Operations,LATAM,Completed,4272.34,1475.95
TXN-009469,2022-12-10,Engineering,EMEA,Completed,5907.11,1615.2
TXN-009470,2023-09-25,Customer Support,LATAM,Pending,7423.42,1741.99
TXN-009471,2022-10-31,Operations,APAC,Completed,2980.75,2097.64
TXN-009472,2022-07-29,Marketing,LATAM,Pending,5780.08,3565.87
TXN-009473,2022-03-24,Sales,APAC,Completed,6887.43,2439.61
TXN-009474,2023-04-29,Marketing,APAC,Completed,4516.39,2357.21
TXN-009475,2022-10-20,Customer Support,APAC,Completed,6504.06,2435.95
TXN-009476,2022-07-23,Customer Support,North America,Completed,6913.39,514.34
TXN-009477,2022-04-15,Marketing,LATAM,Completed,4665.05,1974.86
TXN-009478,2023-05-19,Sales,EMEA,Completed,2947.05,1450.34
TXN-009479,2022-09-27,Marketing,LATAM,Failed,5155.12,1241.84
TXN-009480,2023-01-19,Engineering,APAC,Completed,5242.95,1294.01
TXN-009481,2023-05-17,Customer Support,North America,Pending,4485.03,2259.99
TXN-009482,2022-03-01,Operations,EMEA,Failed,4604.5,628.05
TXN-009483,2023-06-03,Marketing,North America,Completed,3814.69,2918.29
TXN-009484,2022-07-08,Operations,LATAM,Failed,5548.03,2489.66
TXN-009485,2023-12-03,Marketing,APAC,Completed,3999.52,2332.83
TXN-009486,2023-02-17,Operations,APAC,Completed,4348.16,1544.23
TXN-009487,2022-06-19,Sales,North America,Completed,4639.84,1794.16
TXN-009488,2023-12-09,Engineering,LATAM,Failed,4132.0,2947.56
TXN-009489,2023-11-14,Marketing,LATAM,Completed,4933.47,557.38
TXN-009490,2023-07-12,Sales,APAC,Completed,5657.88,2049.99
TXN-009491,2023-03-02,Operations,EMEA,Pending,7612.39,0.0
TXN-009492,2023-04-23,Operations,North America,Pending,5543.46,2735.98
TXN-009493,2023-11-26,Operations,EMEA,Pending,7483.81,2367.78
TXN-009494,2022-07-27,Operations,APAC,Completed,4741.89,1576.41
TXN-009495,2023-11-14,Customer Support,EMEA,Completed,6807.14,2578.49
TXN-009496,2022-01-21,Engineering,EMEA,Pending,1276.02,3017.23
TXN-009497,2023-02-01,Engineering,APAC,Pending,,1328.57
TXN-009498,2023-01-19,Engineering,EMEA,Failed,5009.23,2386.1
TXN-009499,2023-09-02,Customer Support,EMEA,Completed,8573.45,2403.27
TXN-009500,2022-03-21,Sales,North America,Completed,5275.97,2334.84
TXN-009501,2023-08-19,Customer Support,APAC,Completed,1890.72,1332.02
TXN-009502,2022-05-29,Engineering,EMEA,Completed,2765.71,1939.51
TXN-009503,2022-07-29,Engineering,APAC,Failed,6885.14,394.68
TXN-009504,2023-02-05,Sales,LATAM,Completed,4057.18,1336.95
TXN-009505,2023-05-25,Sales,APAC,Failed,5079.14,6519.24000642885
TXN-009506,2022-08-27,Engineering,North America,Completed,6110.4,3087.66
TXN-009507,2023-08-17,Operations,LATAM,Completed,7976.0,1489.29
TXN-009508,2023-02-27,Marketing,LATAM,Completed,5344.5,2675.36
TXN-009509,2022-01-16,Operations,North America,Pending,1549.01,497.78
TXN-009510,2022-08-14,Customer Support,APAC,Completed,5473.94,1953.05
TXN-009511,2023-12-04,Customer Support,APAC,Pending,2932.3,1220.39
TXN-009512,2022-04-13,Sales,North America,Pending,4450.95,3152.71
TXN-009513,2022-04-10,Engineering,EMEA,Pending,6602.22,2924.59
TXN-009514,2022-03-18,Customer Support,North America,Completed,,1640.2
TXN-009515,2022-03-21,Marketing,LATAM,Pending,3940.07,2324.19
TXN-009516,2022-12-18,Operations,APAC,Completed,430.93,2028.72
TXN-009517,2023-10-12,Operations,North America,Completed,3266.05,3458.57
TXN-009518,2023-06-21,Engineering,North America,Completed,7810.98,1483.24
TXN-009519,2023-10-24,Engineering,North America,Failed,6204.7,1350.47
TXN-009520,2022-10-13,Operations,APAC,Completed,4512.82,2422.96
TXN-009521,2023-07-10,Marketing,EMEA,Completed,6760.66,3716.51
TXN-009522,2022-05-02,Customer Support,LATAM,Completed,6590.19,1615.71
TXN-009523,2022-11-12,Engineering,APAC,Pending,5546.63,2683.22
TXN-009524,2022-10-09,Customer Support,APAC,Completed,7864.1,1157.61
TXN-009525,2022-03-22,Marketing,EMEA,Completed,4511.57,2051.72
TXN-009526,2022-12-02,Operations,APAC,Failed,3443.26,1430.66
TXN-009527,2022-07-04,Operations,LATAM,Pending,4552.41,1987.96
TXN-009528,2023-06-07,Customer Support,EMEA,Completed,2040.96,1226.94
TXN-009529,2023-11-16,Sales,EMEA,Completed,,3102.78
TXN-009530,2023-03-06,Marketing,APAC,Completed,5235.53,701.19
TXN-009531,2023-07-11,Operations,APAC,Pending,4727.85,3086.24
TXN-009532,2023-12-10,Operations,North America,Completed,1020.39,1691.18
TXN-009533,2022-12-26,Customer Support,LATAM,Completed,4059.37,3068.06
TXN-009534,2023-04-25,Customer Support,APAC,Pending,3192.74,2608.35
TXN-009535,2023-10-02,Customer Support,North America,Pending,5564.16,2593.64
TXN-009536,2023-04-16,Operations,APAC,Completed,7670.09,1356.54
TXN-009537,2022-07-02,Customer Support,LATAM,Completed,5231.7,1499.08
TXN-009538,2023-05-13,Marketing,EMEA,Completed,5387.54,1694.94
TXN-009539,2023-12-19,Marketing,LATAM,Completed,6066.43,873.48
TXN-009540,2022-12-29,Customer Support,North America,Failed,6429.84,3535.09
TXN-009541,2023-01-11,Customer Support,APAC,Completed,8746.17,2228.14
TXN-009542,2023-03-07,Marketing,APAC,Completed,4614.27,2562.35
TXN-009543,2022-08-29,Customer Support,North America,Completed,6850.04,1989.1
TXN-009544,2023-01-09,Operations,LATAM,Completed,4941.32,2528.23
TXN-009545,2023-06-15,Sales,APAC,Completed,4505.72,1440.75
TXN-009546,2022-02-26,Customer Support,LATAM,Failed,6363.57,1568.29
TXN-009547,2023-07-27,Engineering,North America,Completed,5234.72,1204.48
TXN-009548,2022-05-16,Operations,LATAM,Failed,5202.23,2538.08
TXN-009549,2023-04-16,Operations,North America,Completed,6548.01,2411.91
TXN-009550,2022-04-10,Marketing,EMEA,Completed,4347.45,1816.07
TXN-009551,2023-11-10,Marketing,APAC,Failed,4615.86,2240.81
TXN-009552,2023-11-24,Operations,APAC,Pending,4372.14,3600.54
TXN-009553,2022-07-06,Sales,North America,Completed,7263.94,1290.88
TXN-009554,2023-03-10,Customer Support,LATAM,Pending,5904.93,3723.69
TXN-009555,2023-06-06,Marketing,APAC,Pending,7382.85,6426.78737244911
TXN-009556,2023-03-12,Marketing,APAC,Pending,9165.97,3421.99
TXN-009557,2022-03-26,Operations,North America,Failed,5837.2,2533.5
TXN-009558,2022-04-12,Customer Support,APAC,Completed,4008.63,2741.52
TXN-009559,2022-07-06,Sales,North America,Completed,4919.65,2127.23
TXN-009560,2022-06-21,Customer Support,LATAM,Completed,4786.29,844.63
TXN-009561,2022-12-13,Customer Support,North America,Completed,5733.25,1672.1
TXN-009562,2023-02-10,Marketing,LATAM,Completed,3984.19,1992.62
TXN-009563,2022-03-19,Marketing,LATAM,Completed,4145.96,664.1
TXN-009564,2023-06-11,Marketing,APAC,Pending,4347.34,9372.952131012094
TXN-009565,2023-02-02,Operations,APAC,Completed,6357.83,1759.99
TXN-009566,2022-01-23,Engineering,North America,Completed,4748.48,1134.29
TXN-009567,2022-08-28,Operations,LATAM,Completed,4302.08,
TXN-009568,2022-06-16,Operations,LATAM,Pending,3794.69,741.18
TXN-009569,2023-12-03,Engineering,LATAM,Failed,4569.72,2114.6
TXN-009570,2023-11-14,Sales,EMEA,Completed,4437.42,1878.1
TXN-009571,2023-02-28,Sales,North America,Pending,4453.47,2314.25
TXN-009572,2023-08-16,Operations,LATAM,Completed,4776.03,478.38
TXN-009573,2023-01-21,Engineering,LATAM,Completed,1079.36,1959.03
TXN-009574,2022-11-23,Customer Support,APAC,Pending,5918.99,3246.98
TXN-009575,2022-11-09,Operations,North America,Completed,4670.67,2920.53
TXN-009576,2022-09-29,Engineering,North America,Pending,8583.49,1209.99
TXN-009577,2023-07-31,Customer Support,LATAM,Completed,4604.0,2205.4
TXN-009578,2023-05-13,Customer Support,North America,Completed,5053.66,2001.4
TXN-009579,2023-03-25,Operations,EMEA,Completed,4454.23,1522.26
TXN-009580,2022-05-06,Marketing,North America,Completed,4721.53,2437.2
TXN-009581,2023-06-22,Operations,EMEA,Completed,7069.71,2856.95
TXN-009582,2022-09-21,Operations,North America,Completed,3890.92,692.03
TXN-009583,2023-10-26,Engineering,North America,Failed,6045.35,3073.22
TXN-009584,2022-12-02,Operations,LATAM,Completed,6270.74,1013.72
TXN-009585,2023-07-10,Sales,APAC,Failed,5772.48,2186.17
TXN-009586,2023-08-16,Operations,LATAM,Completed,4399.95,1619.77
TXN-009587,2023-03-30,Sales,APAC,Pending,4865.88,2075.8
TXN-009588,2022-01-17,Sales,EMEA,Completed,5348.99,1550.16
TXN-009589,2022-01-03,Operations,North America,Completed,6263.23,2256.33
TXN-009590,2022-07-20,Sales,LATAM,Failed,3046.22,1984.85
TXN-009591,2022-06-16,Marketing,APAC,Failed,4636.69,1854.94
TXN-009592,2023-08-07,Customer Support,North America,Pending,4770.17,1588.57
TXN-009593,2022-10-26,Customer Support,LATAM,Completed,2019.55,3575.17
TXN-009594,2022-08-12,Operations,APAC,Completed,5897.45,1968.02
TXN-009595,2022-06-30,Engineering,EMEA,Completed,4218.27,2003.58
TXN-009596,2022-09-04,Sales,LATAM,Completed,3448.29,1547.51
TXN-009597,2022-08-19,Sales,North America,Failed,7127.48,1502.88
TXN-009598,2022-11-07,Customer Support,APAC,Completed,3718.91,2444.37
TXN-009599,2023-01-23,Marketing,LATAM,Completed,5084.88,2812.52
TXN-009600,2023-03-09,Marketing,LATAM,Failed,1786.95,1126.35
TXN-009601,2023-04-24,Operations,APAC,Pending,4450.68,2173.5
TXN-009602,2022-10-04,Customer Support,APAC,Completed,4061.32,1217.3
TXN-009603,2022-01-14,Marketing,EMEA,Completed,4403.6,2722.79
TXN-009604,2022-12-14,Operations,North America,Completed,2933.97,1897.48
TXN-009605,2023-11-16,Operations,North America,Completed,5038.56,1367.34
TXN-009606,2022-04-29,Marketing,EMEA,Pending,5585.19,2741.93
TXN-009607,2023-10-25,Customer Support,APAC,Completed,4629.55,3451.8
TXN-009608,2022-12-26,Engineering,LATAM,Pending,5982.43,3201.3
TXN-009609,2022-11-07,Operations,North America,Completed,6889.59,2583.29
TXN-009610,2023-05-07,Operations,EMEA,Pending,4693.26,2588.1
TXN-009611,2023-10-12,Marketing,APAC,Completed,5095.64,1423.8
TXN-009612,2022-03-01,Customer Support,LATAM,Failed,5701.33,2096.28
TXN-009613,2022-08-15,Operations,North America,Completed,5879.88,2479.01
TXN-009614,2023-07-10,Sales,North America,Failed,3513.91,2958.96
TXN-009615,2022-11-05,Customer Support,APAC,Pending,2862.79,881.03
TXN-009616,2022-02-17,Sales,LATAM,Completed,3934.34,3274.76
TXN-009617,2022-10-23,Customer Support,APAC,Completed,5802.46,1258.7
TXN-009618,2022-06-28,Operations,EMEA,Pending,5303.85,1891.71
TXN-009619,2022-02-15,Engineering,LATAM,Completed,3261.16,3974.02
TXN-009620,2023-03-15,Customer Support,EMEA,Failed,3884.04,2691.5
TXN-009621,2022-08-30,Sales,LATAM,Completed,4629.92,2316.41
TXN-009622,2022-11-28,Customer Support,EMEA,Failed,4981.24,1618.94
TXN-009623,2022-12-17,Sales,LATAM,Completed,2877.59,2009.21
TXN-009624,2023-09-02,Operations,LATAM,Completed,5648.16,2711.17
TXN-009625,2023-01-20,Engineering,APAC,Completed,6069.99,1083.95
TXN-009626,2023-06-24,Sales,EMEA,Completed,5795.01,2400.08
TXN-009627,2022-11-20,Operations,LATAM,Completed,5531.2,2020.42
TXN-009628,2023-09-03,Customer Support,North America,Pending,3308.82,1495.17
TXN-009629,2022-01-25,Customer Support,EMEA,Completed,7271.55,2734.12
TXN-009630,2023-08-07,Marketing,North America,Failed,8264.35,2426.46
TXN-009631,2023-04-01,Customer Support,EMEA,Completed,6353.8,0.0
TXN-009632,2023-09-27,Engineering,LATAM,Completed,5955.99,868.77
TXN-009633,2023-08-15,Operations,EMEA,Completed,4271.48,901.38
TXN-009634,2022-11-07,Engineering,APAC,Completed,1216.64,0.0
TXN-009635,2022-01-04,Operations,EMEA,Completed,5994.56,1940.15
TXN-009636,2022-10-22,Sales,EMEA,Completed,5707.47,2230.93
TXN-009637,2022-05-09,Sales,LATAM,Completed,2954.66,1844.07
TXN-009638,2023-01-27,Operations,North America,Completed,7073.24,1648.41
TXN-009639,2023-06-19,Engineering,LATAM,Completed,5863.53,4015.68
TXN-009640,2022-06-30,Customer Support,APAC,Completed,3972.1,1555.86
TXN-009641,2023-08-23,Customer Support,LATAM,Completed,3328.92,1409.94
TXN-009642,2022-06-02,Marketing,APAC,Completed,4111.65,596.65
TXN-009643,2022-08-26,Engineering,EMEA,Completed,2542.56,2315.69
TXN-009644,2022-11-13,Engineering,LATAM,Pending,5027.34,2613.55
TXN-009645,2023-09-17,Engineering,EMEA,Pending,4801.82,1222.12
TXN-009646,2023-06-20,Marketing,APAC,Completed,6338.2,1813.48
TXN-009647,2022-05-31,Sales,LATAM,Failed,4150.72,2573.29
TXN-009648,2023-11-05,Sales,North America,Completed,5789.38,2518.25
TXN-009649,2022-12-03,Customer Support,EMEA,Completed,5530.34,821.93
TXN-009650,2023-06-03,Operations,APAC,Completed,6561.92,5983.059663797864
TXN-009651,2022-01-04,Operations,LATAM,Completed,5901.63,1299.18
TXN-009652,2023-05-06,Operations,APAC,Failed,5095.32,381.6058294400713
TXN-009653,2023-05-20,Customer Support,EMEA,Completed,5129.06,2022.89
TXN-009654,2023-10-23,Engineering,EMEA,Completed,5505.39,1319.59
TXN-009655,2022-10-20,Operations,APAC,Completed,3063.34,1047.0
TXN-009656,2023-09-15,Marketing,EMEA,Completed,4399.08,
TXN-009657,2023-06-21,Engineering,APAC,Completed,6739.57,1922.06
TXN-009658,2023-08-17,Customer Support,LATAM,Completed,5579.47,2219.33
TXN-009659,2022-11-05,Engineering,LATAM,Failed,4361.82,1488.05
TXN-009660,2022-02-05,Marketing,APAC,Completed,5579.35,2348.04
TXN-009661,2023-01-03,Marketing,North America,Completed,5968.62,2149.03
TXN-009662,2023-05-29,Operations,EMEA,Completed,5130.4,1636.77
TXN-009663,2022-11-15,Engineering,EMEA,Failed,3567.47,1127.96
TXN-009664,2022-11-09,Marketing,APAC,Completed,,1070.88
TXN-009665,2023-03-06,Engineering,EMEA,Failed,7126.99,2739.95
TXN-009666,2022-06-19,Customer Support,EMEA,Completed,4145.26,1921.14
TXN-009667,2023-12-28,Engineering,APAC,Completed,3559.21,1754.55
TXN-009668,2022-04-30,Operations,APAC,Pending,5108.78,2263.05
TXN-009669,2022-09-23,Sales,North America,Completed,5862.28,2106.64
TXN-009670,2023-10-01,Operations,LATAM,Failed,6299.75,1382.46
TXN-009671,2022-03-05,Engineering,EMEA,Completed,5572.53,1655.74
TXN-009672,2023-07-04,Marketing,APAC,Pending,5318.93,1467.64
TXN-009673,2023-05-16,Operations,EMEA,Completed,4339.61,2384.04
TXN-009674,2023-03-16,Operations,North America,Pending,3064.7,1862.79
TXN-009675,2022-02-24,Sales,North America,Completed,6311.68,3696.23
TXN-009676,2022-10-20,Engineering,LATAM,Completed,5737.86,2286.74
TXN-009677,2023-01-08,Engineering,LATAM,Failed,4834.57,2140.27
TXN-009678,2023-07-09,Engineering,APAC,Pending,5956.58,1280.57
TXN-009679,2022-02-11,Sales,APAC,Completed,3534.27,1695.45
TXN-009680,2022-07-11,Marketing,EMEA,Pending,3754.06,3664.9
TXN-009681,2023-12-05,Customer Support,LATAM,Completed,5254.2,2399.5
TXN-009682,2022-02-20,Engineering,LATAM,Completed,7344.78,3548.73
TXN-009683,2022-06-10,Engineering,North America,Completed,4960.45,78.51
TXN-009684,2023-10-24,Customer Support,North America,Failed,5128.25,2165.69
TXN-009685,2022-02-21,Sales,APAC,Pending,7750.46,2791.9
TXN-009686,2023-09-19,Engineering,EMEA,Completed,7090.09,4015.13
TXN-009687,2022-07-04,Customer Support,EMEA,Completed,5884.85,1647.23
TXN-009688,2022-03-02,Sales,APAC,Failed,3063.46,1477.07
TXN-009689,2022-06-02,Operations,LATAM,Completed,4854.92,3269.36
TXN-009690,2022-07-08,Sales,North America,Failed,3977.44,2408.06
TXN-009691,2022-02-10,Marketing,APAC,Completed,4243.89,1576.43
TXN-009692,2022-07-21,Customer Support,EMEA,Failed,4745.67,2792.45
TXN-009693,2023-12-13,Sales,APAC,Completed,6243.04,834.0
TXN-009694,2023-07-29,Engineering,LATAM,Completed,5235.06,2935.34
TXN-009695,2022-01-24,Operations,North America,Failed,3293.26,1384.17
TXN-009696,2022-05-26,Sales,LATAM,Pending,5807.76,2218.76
TXN-009697,2022-04-27,Operations,LATAM,Failed,3803.43,855.79
TXN-009698,2022-06-23,Engineering,APAC,Completed,6310.4,580.58
TXN-009699,2023-06-28,Customer Support,North America,Completed,7957.5,2836.29
TXN-009700,2022-08-23,Operations,North America,Pending,7559.66,2439.62
TXN-009701,2023-09-28,Engineering,LATAM,Completed,3603.61,2547.97
TXN-009702,2023-04-06,Engineering,EMEA,Completed,5568.14,2580.7
TXN-009703,2022-10-03,Marketing,LATAM,Pending,5281.36,2889.66
TXN-009704,2023-01-17,Marketing,APAC,Pending,8121.81,2629.68
TXN-009705,2022-01-16,Sales,EMEA,Completed,4463.79,3179.37
TXN-009706,2023-12-18,Customer Support,LATAM,Completed,3607.4,2247.87
TXN-009707,2022-12-16,Sales,LATAM,Failed,5042.18,1780.16
TXN-009708,2022-01-08,Operations,LATAM,Completed,5066.96,2646.86
TXN-009709,2022-07-01,Marketing,North America,Completed,5533.6,2855.9
TXN-009710,2023-10-29,Operations,APAC,Completed,1335.12,2850.76
TXN-009711,2022-04-03,Engineering,APAC,Completed,6010.29,1439.19
TXN-009712,2023-12-04,Marketing,LATAM,Completed,5911.19,1888.2
TXN-009713,2022-07-03,Marketing,APAC,Pending,5761.72,3314.88
TXN-009714,2022-10-07,Operations,North America,Completed,5515.72,837.36
TXN-009715,2022-07-09,Marketing,North America,Completed,5480.88,2112.27
TXN-009716,2022-03-28,Marketing,North America,Pending,5757.43,984.29
TXN-009717,2022-05-30,Operations,APAC,Completed,9201.64,1120.02
TXN-009718,2022-10-09,Marketing,LATAM,Completed,2704.39,3062.72
TXN-009719,2022-02-06,Customer Support,EMEA,Pending,5033.37,3556.02
TXN-009720,2023-05-09,Marketing,North America,Pending,4907.25,1737.52
TXN-009721,2023-11-11,Marketing,LATAM,Pending,5020.95,2223.01
TXN-009722,2022-07-17,Customer Support,LATAM,Completed,3054.72,2840.86
TXN-009723,2023-04-10,Sales,North America,Completed,4638.95,
TXN-009724,2022-03-27,Operations,EMEA,Failed,2095.64,2325.33
TXN-009725,2022-05-25,Operations,APAC,Pending,4959.3,2056.16
TXN-009726,2022-03-27,Operations,North America,Failed,2679.93,2480.84
TXN-009727,2022-02-27,Customer Support,North America,Completed,7096.29,1600.15
TXN-009728,2023-02-09,Engineering,EMEA,Pending,7062.73,4145.13
TXN-009729,2023-03-02,Operations,LATAM,Pending,5328.56,1136.8
TXN-009730,2022-02-16,Engineering,North America,Pending,2135.43,2403.27
TXN-009731,2022-10-11,Marketing,APAC,Completed,2275.94,1632.32
TXN-009732,2023-09-08,Operations,LATAM,Completed,4067.68,2399.04
TXN-009733,2022-11-14,Sales,EMEA,Completed,3575.14,1881.19
TXN-009734,2022-10-07,Engineering,EMEA,Failed,3497.2,2722.68
TXN-009735,2022-11-26,Customer Support,EMEA,Completed,8660.86,993.73
TXN-009736,2023-07-25,Marketing,North America,Failed,5564.72,2157.48
TXN-009737,2023-03-15,Engineering,North America,Completed,5120.01,1935.29
TXN-009738,2023-07-03,Sales,EMEA,Failed,3212.31,3602.22
TXN-009739,2023-02-04,Sales,LATAM,Pending,1878.06,1968.91
TXN-009740,2022-12-03,Customer Support,LATAM,Completed,6012.07,1755.45
TXN-009741,2022-05-13,Customer Support,APAC,Failed,5160.62,2247.79
TXN-009742,2022-08-18,Engineering,LATAM,Completed,4952.7,3130.39
TXN-009743,2023-09-14,Operations,APAC,Failed,5633.89,964.12
TXN-009744,2022-11-05,Customer Support,LATAM,Completed,2742.79,524.78
TXN-009745,2022-03-18,Sales,EMEA,Pending,4201.46,3259.74
TXN-009746,2023-03-26,Engineering,North America,Completed,5979.98,2088.39
TXN-009747,2023-05-30,Marketing,LATAM,Failed,3316.56,2080.48
TXN-009748,2022-02-14,Customer Support,LATAM,Completed,6203.52,1438.69
TXN-009749,2023-07-16,Operations,APAC,Pending,3761.25,1386.03
TXN-009750,2022-01-08,Sales,EMEA,Pending,3892.19,871.42
TXN-009751,2023-11-04,Operations,EMEA,Pending,3953.7,1046.4
TXN-009752,2022-04-08,Customer Support,North America,Failed,5364.35,2628.18
TXN-009753,2022-10-05,Marketing,APAC,Completed,4875.67,2030.9
TXN-009754,2023-10-08,Customer Support,APAC,Pending,5329.05,2274.62
TXN-009755,2023-02-11,Engineering,EMEA,Completed,4046.33,358.97
TXN-009756,2022-05-14,Marketing,North America,Completed,1909.29,1479.07
TXN-009757,2023-08-26,Marketing,LATAM,Completed,4091.87,409.12
TXN-009758,2023-12-21,Sales,North America,Completed,3805.1,2409.67
TXN-009759,2023-03-31,Engineering,APAC,Completed,6973.04,1926.91
TXN-009760,2023-11-17,Sales,EMEA,Pending,4223.93,3260.59
TXN-009761,2023-09-06,Operations,North America,Completed,5031.82,2100.52
TXN-009762,2023-04-21,Customer Support,EMEA,Completed,3852.06,1643.24
TXN-009763,2022-12-25,Operations,LATAM,Completed,7924.16,2502.58
TXN-009764,2023-01-23,Customer Support,APAC,Failed,4187.77,2519.19
TXN-009765,2023-08-01,Operations,EMEA,Pending,3682.05,1934.69
TXN-009766,2023-07-26,Marketing,North America,Failed,3273.26,3191.79
TXN-009767,2023-04-12,Sales,APAC,Completed,2009.9,2237.23
TXN-009768,2022-03-14,Engineering,LATAM,Completed,5292.21,4116.19
TXN-009769,2022-05-15,Engineering,LATAM,Completed,2550.91,1472.12
TXN-009770,2022-11-29,Marketing,EMEA,Completed,3427.98,2176.59
TXN-009771,2023-03-05,Sales,APAC,Completed,6579.65,3517.44
TXN-009772,2022-04-03,Marketing,LATAM,Completed,3858.37,2248.83
TXN-009773,2022-06-29,Customer Support,APAC,Pending,4154.09,895.96
TXN-009774,2022-02-27,Sales,LATAM,Failed,5220.85,2021.73
TXN-009775,2023-09-10,Operations,APAC,Completed,6422.6,918.25
TXN-009776,2023-10-22,Customer Support,LATAM,Completed,4635.13,2182.69
TXN-009777,2023-04-24,Engineering,APAC,Pending,7003.53,728.81
TXN-009778,2022-07-20,Customer Support,North America,Completed,3078.07,2497.23
TXN-009779,2022-11-20,Sales,APAC,Failed,3883.41,1550.76
TXN-009780,2023-05-28,Operations,North America,Completed,1618.15,2123.47
TXN-009781,2022-02-27,Sales,LATAM,Failed,4350.56,2714.99
TXN-009782,2022-03-02,Marketing,APAC,Completed,3532.67,1434.45
TXN-009783,2022-07-27,Customer Support,North America,Completed,3025.1,1197.88
TXN-009784,2023-04-15,Operations,LATAM,Completed,3080.54,1595.74
TXN-009785,2023-07-25,Customer Support,APAC,Completed,4903.59,1415.11
TXN-009786,2022-11-02,Engineering,EMEA,Completed,3924.51,1282.23
TXN-009787,2022-01-15,Marketing,North America,Pending,4327.46,2349.47
TXN-009788,2023-09-17,Customer Support,EMEA,Completed,3116.08,1753.11
TXN-009789,2023-08-22,Operations,EMEA,Pending,4559.65,2115.5
TXN-009790,2022-05-29,Marketing,EMEA,Completed,4860.6,1558.45
TXN-009791,2022-11-07,Sales,APAC,Completed,2863.82,3586.14
TXN-009792,2022-03-31,Customer Support,North America,Failed,6484.49,1785.56
TXN-009793,2022-06-30,Marketing,APAC,Completed,5427.63,1906.05
TXN-009794,2022-04-19,Marketing,North America,Failed,4755.83,2449.08
TXN-009795,2023-10-29,Sales,APAC,Failed,9205.89,2531.96
TXN-009796,2022-09-23,Operations,EMEA,Pending,4636.38,906.83
TXN-009797,2023-06-21,Operations,LATAM,Failed,5361.78,3168.41
TXN-009798,2023-02-26,Sales,LATAM,Completed,6128.64,2699.57
TXN-009799,2022-09-18,Customer Support,North America,Pending,6642.25,2741.1
TXN-009800,2023-08-16,Engineering,EMEA,Completed,3767.89,1552.13
TXN-009801,2022-12-21,Engineering,North America,Completed,3091.94,1996.39
TXN-009802,2022-11-14,Customer Support,APAC,Completed,5142.24,1926.33
TXN-009803,2022-08-04,Marketing,North America,Completed,7128.76,2427.09
TXN-009804,2023-07-03,Customer Support,APAC,Completed,3735.96,1616.92
TXN-009805,2023-10-03,Engineering,North America,Completed,5505.39,1783.89
TXN-009806,2022-03-23,Marketing,LATAM,Pending,7090.51,2073.03
TXN-009807,2023-04-16,Sales,LATAM,Completed,4804.74,985.95
TXN-009808,2022-05-14,Engineering,EMEA,Failed,6910.24,3291.03
TXN-009809,2023-02-01,Engineering,EMEA,Pending,2962.58,2812.75
TXN-009810,2023-10-22,Marketing,North America,Completed,1604.9579999999999,2428.66
TXN-009811,2023-09-16,Operations,APAC,Completed,4049.55,2124.09
TXN-009812,2023-09-08,Sales,LATAM,Completed,3117.71,2577.22
TXN-009813,2022-05-28,Operations,APAC,Failed,6146.21,1997.47
TXN-009814,2023-11-09,Engineering,LATAM,Completed,2158.71,1778.84
TXN-009815,2022-09-07,Customer Support,LATAM,Pending,2639.19,2025.64
TXN-009816,2022-10-24,Sales,APAC,Pending,4208.13,2703.82
TXN-009817,2023-03-16,Marketing,APAC,Completed,4725.17,1680.63
TXN-009818,2023-09-13,Marketing,North America,Failed,3811.01,2969.28
TXN-009819,2023-07-23,Engineering,EMEA,Completed,4848.73,1419.24
TXN-009820,2022-07-04,Customer Support,North America,Failed,6471.68,53.53
TXN-009821,2022-10-04,Marketing,APAC,Completed,3697.57,2375.91
TXN-009822,2023-07-03,Marketing,EMEA,Completed,6467.77,2737.76
TXN-009823,2023-06-25,Engineering,APAC,Pending,5137.02,3184.58
TXN-009824,2022-09-28,Sales,APAC,Completed,3676.32,784.2
TXN-009825,2022-12-11,Customer Support,North America,Pending,4363.74,2533.85
TXN-009826,2023-11-18,Marketing,APAC,Pending,4965.18,3482.24
TXN-009827,2023-02-13,Marketing,North America,Pending,5452.53,
TXN-009828,2023-12-11,Marketing,North America,Completed,4848.35,892.2
TXN-009829,2023-03-16,Sales,LATAM,Completed,4100.96,708.38
TXN-009830,2023-08-17,Marketing,North America,Pending,2970.36,1885.48
TXN-009831,2022-08-07,Operations,LATAM,Pending,5878.95,3152.75
TXN-009832,2022-07-04,Marketing,APAC,Completed,6261.95,2081.5
TXN-009833,2023-03-29,Customer Support,EMEA,Failed,5000.24,1293.96
TXN-009834,2023-08-02,Customer Support,LATAM,Completed,2313.54,2017.44
TXN-009835,2023-12-31,Sales,EMEA,Completed,4644.26,1149.43
TXN-009836,2023-10-07,Sales,LATAM,Completed,5614.89,2942.68
TXN-009837,2023-01-23,Sales,North America,Completed,3356.6,3129.57
TXN-009838,2022-07-09,Operations,LATAM,Completed,6789.86,2751.15
TXN-009839,2022-09-21,Operations,North America,Pending,3724.16,1015.44
TXN-009840,2022-01-20,Sales,LATAM,Pending,3293.03,1854.27
TXN-009841,2023-01-21,Operations,APAC,Completed,5318.61,3075.17
TXN-009842,2023-09-22,Customer Support,APAC,Completed,2436.68,1488.58
TXN-009843,2023-07-02,Sales,North America,Pending,5522.3,973.86
TXN-009844,2022-12-10,Marketing,EMEA,Failed,8680.56,2984.99
TXN-009845,2023-08-12,Marketing,LATAM,Completed,3352.28,1499.65
TXN-009846,2022-10-04,Marketing,North America,Completed,8339.02,381.71
TXN-009847,2023-03-25,Sales,EMEA,Completed,1595.78,1510.26
TXN-009848,2023-07-19,Customer Support,North America,Completed,4252.0,2331.62
TXN-009849,2022-08-22,Engineering,EMEA,Completed,8261.56,2831.4
TXN-009850,2022-12-07,Operations,EMEA,Failed,5499.5,
TXN-009851,2022-03-21,Customer Support,North America,Completed,4987.92,2966.68
TXN-009852,2023-04-21,Engineering,EMEA,Failed,5895.53,1723.24
TXN-009853,2023-12-23,Operations,EMEA,Failed,2982.46,1262.2
TXN-009854,2022-10-31,Operations,APAC,Completed,4631.28,812.13
TXN-009855,2022-05-21,Engineering,EMEA,Completed,5372.0,2553.46
TXN-009856,2022-03-13,Engineering,APAC,Pending,4201.8,2588.87
TXN-009857,2022-07-15,Customer Support,EMEA,Pending,5414.56,1430.85
TXN-009858,2023-04-29,Sales,LATAM,Failed,5050.45,2703.03
TXN-009859,2023-08-20,Engineering,LATAM,Completed,4266.2,2421.44
TXN-009860,2023-09-27,Customer Support,EMEA,Pending,6289.14,1272.97
TXN-009861,2022-10-21,Sales,EMEA,Completed,3988.32,1857.26
TXN-009862,2022-09-20,Marketing,LATAM,Failed,4855.2,2705.61
TXN-009863,2022-04-16,Customer Support,LATAM,Completed,4488.54,2828.79
TXN-009864,2022-04-07,Marketing,LATAM,Pending,3363.26,2402.88
TXN-009865,2022-02-27,Marketing,LATAM,Pending,4172.36,1052.59
TXN-009866,2022-10-13,Marketing,EMEA,Completed,4312.53,2327.8
TXN-009867,2022-12-07,Operations,APAC,Completed,3116.18,2661.15
TXN-009868,2022-04-26,Operations,LATAM,Completed,4839.32,1205.61
TXN-009869,2023-07-17,Customer Support,EMEA,Completed,5436.8,1328.91
TXN-009870,2023-01-17,Operations,North America,Failed,4450.77,3396.19
TXN-009871,2022-07-22,Engineering,North America,Completed,4707.41,2060.31
TXN-009872,2023-01-15,Engineering,EMEA,Completed,4939.73,731.0
TXN-009873,2022-01-19,Marketing,APAC,Pending,5352.21,2713.23
TXN-009874,2023-11-10,Sales,LATAM,Pending,5646.98,2085.94
TXN-009875,2023-03-12,Engineering,EMEA,Completed,6742.1,1837.23
TXN-009876,2022-02-03,Marketing,EMEA,Completed,4587.69,2779.5
TXN-009877,2023-01-06,Marketing,North America,Completed,2440.4,1079.3
TXN-009878,2022-11-26,Operations,North America,Failed,6411.22,1728.64
TXN-009879,2022-11-03,Engineering,APAC,Completed,4614.51,2690.63
TXN-009880,2023-01-11,Sales,EMEA,Failed,2648.61,333.25
TXN-009881,2023-06-20,Customer Support,APAC,Pending,4400.46,2364.26
TXN-009882,2023-10-25,Operations,North America,Failed,3255.9,3051.54
TXN-009883,2023-08-15,Sales,APAC,Completed,5376.42,2746.1
TXN-009884,2023-01-10,Engineering,LATAM,Failed,4193.06,951.54
TXN-009885,2023-03-18,Sales,EMEA,Pending,5968.49,3505.34
TXN-009886,2022-06-05,Marketing,North America,Completed,4935.03,246.33
TXN-009887,2023-04-08,Operations,APAC,Failed,6635.95,1049.47
TXN-009888,2023-11-01,Engineering,EMEA,Failed,5922.02,887.27
TXN-009889,2022-05-04,Engineering,LATAM,Pending,3280.79,3171.03
TXN-009890,2023-08-30,Marketing,LATAM,Failed,3419.16,2011.32
TXN-009891,2023-07-05,Engineering,North America,Failed,4118.36,2883.52
TXN-009892,2023-10-26,Operations,APAC,Pending,6111.01,2395.53
TXN-009893,2023-10-24,Sales,LATAM,Completed,4787.52,2408.79
TXN-009894,2022-06-05,Marketing,EMEA,Completed,,3372.81
TXN-009895,2023-08-02,Marketing,LATAM,Completed,6786.42,1682.37
TXN-009896,2023-08-01,Marketing,EMEA,Failed,4452.23,4174.39
TXN-009897,2022-10-14,Customer Support,APAC,Completed,4462.75,83.55
TXN-009898,2022-06-21,Engineering,North America,Completed,6773.07,4629.42
TXN-009899,2023-06-18,Operations,North America,Completed,5679.45,2634.95
TXN-009900,2023-09-07,Customer Support,EMEA,Completed,5528.48,2962.12
TXN-009901,2023-05-01,Customer Support,LATAM,Completed,3684.95,1869.51
TXN-009902,2023-03-21,Sales,North America,Completed,5975.44,2936.86
TXN-009903,2023-06-10,Sales,EMEA,Failed,,992.94
TXN-009904,2023-02-02,Marketing,LATAM,Completed,4373.21,1643.19
TXN-009905,2022-11-16,Sales,LATAM,Failed,6878.67,2913.03
TXN-009906,2023-11-24,Customer Support,APAC,Completed,3687.83,2077.41
TXN-009907,2022-01-27,Engineering,North America,Pending,6212.73,2691.83
TXN-009908,2023-04-20,Engineering,LATAM,Completed,6707.71,3249.0
TXN-009909,2023-02-18,Marketing,LATAM,Failed,4154.86,3225.89
TXN-009910,2023-06-05,Sales,APAC,Completed,5338.7,4766.609170697074
TXN-009911,2022-06-13,Engineering,EMEA,Completed,3074.01,2607.72
TXN-009912,2023-05-23,Marketing,North America,Completed,5721.35,2733.87
TXN-009913,2023-07-26,Sales,APAC,Pending,3154.74,1391.8
TXN-009914,2023-12-07,Engineering,North America,Completed,5601.55,574.55
TXN-009915,2023-11-24,Sales,APAC,Completed,2645.54,1640.9
TXN-009916,2022-09-25,Engineering,North America,Completed,5081.22,2406.88
TXN-009917,2023-12-12,Customer Support,LATAM,Completed,3965.67,1632.18
TXN-009918,2022-05-20,Operations,APAC,Completed,4405.49,1861.79
TXN-009919,2023-09-30,Marketing,APAC,Completed,6562.54,1394.9
TXN-009920,2023-10-17,Engineering,EMEA,Completed,6047.0,2176.98
TXN-009921,2022-04-27,Operations,LATAM,Completed,4915.28,2964.88
TXN-009922,2023-12-07,Sales,APAC,Pending,4297.83,801.3
TXN-009923,2022-03-07,Operations,North America,Completed,4201.69,3554.25
TXN-009924,2023-02-10,Customer Support,North America,Completed,2867.1,1390.99
TXN-009925,2022-05-12,Marketing,LATAM,Completed,1311.22,1592.23
TXN-009926,2022-01-07,Engineering,APAC,Completed,5088.18,1985.87
TXN-009927,2022-01-03,Operations,LATAM,Completed,7065.58,2484.34
TXN-009928,2023-05-12,Engineering,LATAM,Completed,2553.15,2603.4
TXN-009929,2022-10-20,Customer Support,EMEA,Failed,5043.54,1537.88
TXN-009930,2022-02-25,Sales,EMEA,Completed,5939.83,780.48
TXN-009931,2023-01-19,Sales,EMEA,Completed,6208.15,3265.92
TXN-009932,2022-02-13,Marketing,APAC,Failed,4825.37,2079.61
TXN-009933,2023-12-27,Customer Support,APAC,Failed,4954.42,2533.91
TXN-009934,2023-09-10,Engineering,LATAM,Completed,5706.48,1404.42
TXN-009935,2023-06-11,Engineering,LATAM,Completed,4777.97,2501.99
TXN-009936,2022-01-07,Marketing,APAC,Failed,7521.02,500.71
TXN-009937,2022-11-20,Customer Support,LATAM,Pending,4279.47,3170.99
TXN-009938,2022-05-05,Sales,APAC,Completed,5751.48,1613.08
TXN-009939,2023-12-11,Sales,LATAM,Completed,6668.95,1674.19
TXN-009940,2023-01-14,Marketing,North America,Completed,3329.4,868.26
TXN-009941,2022-11-01,Sales,APAC,Pending,5687.81,2127.2
TXN-009942,2023-07-12,Marketing,EMEA,Completed,5139.96,2081.04
TXN-009943,2022-07-24,Sales,EMEA,Completed,5488.3,2752.93
TXN-009944,2023-12-15,Sales,North America,Completed,5547.6,2649.86
TXN-009945,2023-04-20,Customer Support,LATAM,Completed,7752.17,2402.45
TXN-009946,2023-11-19,Engineering,EMEA,Completed,4406.34,3528.32
TXN-009947,2022-06-15,Sales,APAC,Failed,4368.95,2019.92
TXN-009948,2022-10-14,Operations,LATAM,Pending,5460.54,69.28
TXN-009949,2022-08-03,Sales,LATAM,Completed,2818.08,3740.89
TXN-009950,2023-09-20,Sales,LATAM,Failed,6868.14,1853.74
TXN-009951,2023-12-01,Engineering,North America,Failed,4492.86,1124.26
TXN-009952,2022-03-12,Engineering,LATAM,Completed,4023.46,3015.82
TXN-009953,2022-09-10,Engineering,North America,Completed,4271.59,1288.65
TXN-009954,2023-11-04,Sales,EMEA,Completed,4738.58,1514.59
TXN-009955,2023-08-28,Marketing,EMEA,Pending,3432.46,1653.4
TXN-009956,2022-07-16,Sales,EMEA,Completed,5102.83,2981.83
TXN-009957,2022-12-17,Engineering,EMEA,Completed,5105.04,1311.04
TXN-009958,2022-10-06,Operations,EMEA,Pending,2707.76,1232.95
TXN-009959,2023-07-18,Operations,North America,Pending,5610.91,7.28
TXN-009960,2022-11-20,Engineering,North America,Completed,5054.82,2493.07
TXN-009961,2022-01-23,Marketing,LATAM,Completed,6710.66,2143.44
TXN-009962,2022-08-09,Customer Support,North America,Completed,6090.84,2406.62
TXN-009963,2022-11-11,Marketing,North America,Completed,5950.63,1822.06
TXN-009964,2022-03-13,Operations,LATAM,Completed,2111.53,791.89
TXN-009965,2023-09-25,Operations,APAC,Failed,3699.88,696.36
TXN-009966,2023-02-04,Engineering,EMEA,Pending,7283.45,3270.21
TXN-009967,2022-06-14,Marketing,APAC,Completed,6482.22,
TXN-009968,2023-02-12,Sales,APAC,Failed,2579.12,3159.04
TXN-009969,2023-09-26,Marketing,APAC,Completed,3597.98,1574.78
TXN-009970,2023-02-02,Marketing,APAC,Pending,3780.17,1610.84
TXN-009971,2022-08-06,Marketing,APAC,Pending,4706.89,651.91
TXN-009972,2022-11-15,Operations,APAC,Completed,7637.6,2658.14
TXN-009973,2022-10-28,Engineering,APAC,Completed,7199.33,2258.38
TXN-009974,2022-07-02,Operations,EMEA,Failed,6321.64,2961.49
TXN-009975,2023-10-04,Operations,North America,Completed,6805.03,1259.37
TXN-009976,2023-04-14,Marketing,APAC,Pending,7085.43,2147.29
TXN-009977,2023-10-26,Sales,APAC,Completed,7228.76,1369.73
TXN-009978,2023-02-27,Customer Support,EMEA,Pending,5945.72,1049.55
TXN-009979,2022-02-16,Engineering,LATAM,Completed,2957.42,2650.22
TXN-009980,2023-02-03,Operations,North America,Failed,9121.19,3185.73
TXN-009981,2023-06-04,Customer Support,EMEA,Completed,2113.72,2563.77
TXN-009982,2022-06-13,Sales,APAC,Completed,8074.72,2111.27
TXN-009983,2023-07-13,Engineering,LATAM,Completed,4509.69,1145.06
TXN-009984,2023-04-12,Operations,LATAM,Completed,6048.84,3121.97
TXN-009985,2022-06-15,Sales,LATAM,Failed,3706.18,2975.81
TXN-009986,2023-01-09,Sales,EMEA,Completed,5244.69,2215.09
TXN-009987,2023-11-27,Customer Support,LATAM,Failed,4097.53,1598.76
TXN-009988,2022-11-15,Customer Support,North America,Pending,5515.79,1222.02
TXN-009989,2023-03-02,Engineering,LATAM,Completed,4318.5,1999.33
TXN-009990,2022-06-21,Marketing,LATAM,Completed,2732.42,3110.1
TXN-009991,2022-09-11,Engineering,North America,Completed,5403.88,1898.79
TXN-009992,2023-02-20,Sales,North America,Completed,6418.34,1738.42
TXN-009993,2022-02-13,Operations,LATAM,Completed,4502.45,1060.47
TXN-009994,2023-09-14,Engineering,EMEA,Failed,6850.57,3042.87
TXN-009995,2023-08-06,Engineering,EMEA,Completed,2929.78,2049.23
TXN-009996,2023-02-21,Marketing,LATAM,Failed,4419.44,1034.73
TXN-009997,2023-05-24,Marketing,APAC,Failed,7325.14,9041.111206618225
TXN-009998,2023-10-03,Engineering,EMEA,Failed,6072.52,1690.44
TXN-009999,2023-09-26,Operations,APAC,Completed,6870.65,1734.6
TXN-010000,2022-10-05,Customer Support,APAC,Completed,951.77,2447.62
TXN-010001,2023-07-16,Marketing,North America,Completed,3738.0,1365.38
TXN-010002,2023-07-11,Engineering,EMEA,Failed,5560.12,1626.06
TXN-010003,2022-10-01,Customer Support,APAC,Completed,4085.85,2817.68
TXN-010004,2023-03-19,Customer Support,North America,Completed,6838.77,309.63
TXN-010005,2023-01-07,Marketing,EMEA,Failed,3532.01,2381.93
TXN-010006,2022-08-17,Sales,APAC,Completed,5983.13,2522.1
TXN-010007,2022-03-08,Customer Support,LATAM,Completed,5639.04,2353.91
TXN-010008,2022-06-02,Marketing,North America,Completed,7336.82,1747.98
TXN-010009,2022-05-25,Engineering,EMEA,Completed,3912.62,2819.41
TXN-010010,2023-08-15,Engineering,APAC,Completed,3187.08,1976.35
TXN-010011,2022-02-22,Sales,LATAM,Failed,4668.74,1327.26
TXN-010012,2022-01-26,Customer Support,APAC,Completed,5176.16,824.68
TXN-010013,2022-07-11,Sales,EMEA,Completed,3889.36,2215.75
TXN-010014,2022-07-28,Marketing,LATAM,Completed,5182.2,3136.47
TXN-010015,2023-06-13,Operations,EMEA,Pending,3221.44,3074.62
TXN-010016,2022-02-08,Operations,APAC,Failed,5158.64,1100.51
TXN-010017,2023-02-15,Engineering,APAC,Failed,3302.1,2136.56
TXN-010018,2023-06-18,Engineering,LATAM,Completed,3477.65,2088.16
TXN-010019,2023-11-06,Sales,LATAM,Completed,4446.4,2111.1
TXN-010020,2023-01-21,Marketing,North America,Completed,4813.36,1168.01
TXN-010021,2023-06-25,Operations,APAC,Completed,6039.79,1616.36
TXN-010022,2022-07-02,Sales,North America,Pending,7713.94,1296.75
TXN-010023,2022-11-04,Operations,EMEA,Completed,8955.46,784.55
TXN-010024,2022-01-03,Operations,EMEA,Pending,5352.02,1244.49
TXN-010025,2023-03-12,Customer Support,APAC,Completed,4777.35,1728.72
TXN-010026,2023-11-05,Customer Support,LATAM,Completed,2769.37,2374.71
TXN-010027,2022-08-03,Engineering,LATAM,Completed,7867.7,2133.86
TXN-010028,2023-09-30,Operations,LATAM,Completed,4138.02,2333.03
TXN-010029,2022-07-12,Sales,LATAM,Completed,3816.88,1437.64
TXN-010030,2023-12-30,Sales,APAC,Pending,2192.43,2875.21
TXN-010031,2022-07-05,Marketing,North America,Completed,5344.62,2697.06
TXN-010032,2022-04-01,Marketing,EMEA,Completed,7288.31,1535.12
TXN-010033,2022-05-28,Operations,LATAM,Completed,3680.05,1615.41
TXN-010034,2023-04-26,Sales,APAC,Failed,4807.56,1704.5
TXN-010035,2022-03-05,Marketing,EMEA,Completed,7482.58,1400.71
TXN-010036,2023-04-22,Operations,LATAM,Completed,4866.63,1614.64
TXN-010037,2022-09-05,Marketing,LATAM,Completed,3311.0,2487.56
TXN-010038,2022-06-27,Customer Support,APAC,Completed,5543.41,2421.03
TXN-010039,2023-06-01,Operations,LATAM,Completed,3256.54,2745.44
TXN-010040,2023-02-15,Engineering,APAC,Failed,6222.56,3032.07
TXN-010041,2023-02-24,Sales,North America,Completed,4918.07,2265.12
TXN-010042,2023-08-04,Marketing,EMEA,Pending,7092.44,1943.31
TXN-010043,2022-11-13,Customer Support,APAC,Failed,1140.27,1115.77
TXN-010044,2022-09-30,Marketing,APAC,Completed,6400.41,2132.75
TXN-010045,2022-04-06,Sales,North America,Failed,5945.62,2589.86
TXN-010046,2023-08-30,Customer Support,LATAM,Completed,3652.2,293.15
TXN-010047,2022-03-03,Sales,North America,Completed,5376.62,1778.76
TXN-010048,2022-06-22,Marketing,EMEA,Completed,4303.66,1774.37
TXN-010049,2023-10-14,Operations,EMEA,Pending,8196.19,1794.0
TXN-010050,2022-06-28,Customer Support,LATAM,Failed,5392.69,617.6
TXN-010051,2022-09-02,Marketing,LATAM,Completed,6095.2,2484.51
TXN-010052,2023-10-10,Customer Support,LATAM,Failed,6413.29,1932.89
TXN-010053,2022-03-28,Operations,EMEA,Completed,6348.65,775.3
TXN-010054,2023-04-28,Sales,EMEA,Completed,4868.9,1257.24
TXN-010055,2022-11-12,Engineering,North America,Failed,5997.63,953.54
TXN-010056,2023-06-19,Customer Support,APAC,Completed,5895.73,2186.9
TXN-010057,2023-08-13,Operations,North America,Completed,4792.98,3522.31
TXN-010058,2022-10-20,Marketing,LATAM,Completed,7246.1,2471.83
TXN-010059,2023-11-02,Sales,LATAM,Pending,5667.06,2678.41
TXN-010060,2023-11-10,Sales,EMEA,Completed,5459.77,2221.53
TXN-010061,2023-10-30,Operations,EMEA,Failed,7165.97,2973.51
TXN-010062,2023-02-01,Engineering,APAC,Completed,3194.28,1318.77
TXN-010063,2022-01-16,Customer Support,North America,Completed,3710.18,1655.59
TXN-010064,2023-06-07,Customer Support,EMEA,Completed,3472.53,1621.67
TXN-010065,2023-07-20,Sales,LATAM,Failed,4971.01,3148.78
TXN-010066,2023-07-12,Engineering,APAC,Completed,4435.89,1095.04
TXN-010067,2022-04-14,Customer Support,EMEA,Completed,5602.32,1304.49
TXN-010068,2023-08-23,Operations,EMEA,Completed,2962.76,2361.74
TXN-010069,2022-07-08,Sales,EMEA,Completed,5979.04,0.0
TXN-010070,2023-12-04,Marketing,LATAM,Failed,6202.99,1264.26
TXN-010071,2022-08-22,Sales,North America,Completed,4095.89,1862.81
TXN-010072,2022-03-01,Customer Support,LATAM,Completed,4531.56,1770.16
TXN-010073,2023-10-14,Engineering,LATAM,Failed,4251.01,2489.47
TXN-010074,2022-09-24,Customer Support,North America,Failed,3931.16,1933.42
TXN-010075,2023-02-04,Marketing,LATAM,Completed,,2940.49
TXN-010076,2022-12-18,Customer Support,APAC,Pending,7596.2,2542.68
TXN-010077,2022-02-06,Engineering,EMEA,Failed,3353.66,1193.58
TXN-010078,2023-09-15,Marketing,EMEA,Completed,7538.62,1874.9
TXN-010079,2023-03-15,Customer Support,EMEA,Completed,5911.61,957.17
TXN-010080,2022-01-26,Operations,North America,Pending,1705.06,1213.43
TXN-010081,2022-09-16,Customer Support,LATAM,Pending,5804.59,1773.03
TXN-010082,2023-09-01,Marketing,EMEA,Failed,4994.52,
TXN-010083,2023-08-31,Customer Support,APAC,Completed,5447.6,3648.82
TXN-010084,2023-04-09,Marketing,LATAM,Completed,5457.3,2663.34
TXN-010085,2023-10-20,Operations,EMEA,Pending,3616.1,1799.6
TXN-010086,2022-12-14,Engineering,LATAM,Failed,7058.56,1284.52
TXN-010087,2023-11-22,Customer Support,EMEA,Completed,3011.66,1342.8
TXN-010088,2023-07-10,Sales,EMEA,Failed,4339.51,2504.36
TXN-010089,2022-07-12,Operations,EMEA,Failed,2081.15,1735.54
TXN-010090,2023-12-24,Marketing,North America,Completed,4566.46,2347.45
TXN-010091,2023-04-20,Marketing,North America,Pending,3407.69,1384.29
TXN-010092,2022-05-15,Customer Support,APAC,Completed,4227.38,2607.41
TXN-010093,2022-09-09,Customer Support,LATAM,Failed,3522.11,1887.04
TXN-010094,2022-01-16,Operations,North America,Completed,6580.46,2406.27
TXN-010095,2023-03-07,Operations,APAC,Pending,7772.79,2533.74
TXN-010096,2022-04-28,Customer Support,APAC,Failed,3003.14,1825.55
TXN-010097,2023-11-29,Operations,LATAM,Completed,3845.84,2627.07
TXN-010098,2022-06-10,Sales,APAC,Completed,5755.18,493.58
TXN-010099,2022-02-13,Sales,EMEA,Completed,5954.39,1985.92
TXN-010100,2023-02-08,Customer Support,LATAM,Completed,5939.37,320.52
TXN-010101,2022-12-16,Marketing,North America,Pending,3488.31,2652.3
TXN-010102,2023-02-15,Engineering,EMEA,Completed,,1314.18
TXN-010103,2023-07-26,Sales,EMEA,Completed,5535.46,2365.44
TXN-010104,2022-01-27,Customer Support,LATAM,Pending,7370.06,2778.66
TXN-010105,2022-05-06,Marketing,LATAM,Failed,5479.58,2554.67
TXN-010106,2022-08-16,Marketing,North America,Completed,4627.16,1479.64
TXN-010107,2022-09-29,Engineering,North America,Completed,3111.87,2171.06
TXN-010108,2022-07-08,Marketing,LATAM,Failed,6042.19,1814.5
TXN-010109,2023-06-25,Operations,LATAM,Pending,3023.17,1544.62
TXN-010110,2022-01-12,Engineering,EMEA,Pending,5179.88,2601.51
TXN-010111,2022-12-11,Customer Support,LATAM,Completed,4178.88,1425.7
TXN-010112,2022-03-29,Engineering,APAC,Completed,4255.07,999.66
TXN-010113,2023-06-25,Marketing,LATAM,Completed,3287.53,1620.36
TXN-010114,2023-10-26,Sales,North America,Completed,6757.32,2811.89
TXN-010115,2023-03-27,Operations,LATAM,Completed,5965.95,2349.44
TXN-010116,2022-11-11,Engineering,APAC,Completed,,709.14
TXN-010117,2022-04-02,Customer Support,North America,Pending,5777.52,2847.67
TXN-010118,2022-10-28,Operations,EMEA,Completed,4928.17,2730.46
TXN-010119,2022-12-04,Engineering,LATAM,Failed,7736.07,3220.44
TXN-010120,2023-01-16,Sales,LATAM,Failed,2395.25,3230.85
TXN-010121,2023-09-26,Customer Support,EMEA,Completed,7174.56,757.23
TXN-010122,2023-11-30,Engineering,EMEA,Completed,5241.1,2311.34
TXN-010123,2023-02-15,Operations,North America,Completed,6694.36,646.63
TXN-010124,2022-12-15,Sales,EMEA,Completed,4895.04,2154.84
TXN-010125,2023-05-24,Customer Support,APAC,Completed,3277.16,6408.776146469258
TXN-010126,2023-08-09,Operations,LATAM,Completed,3134.62,2284.1
TXN-010127,2023-09-27,Customer Support,EMEA,Completed,3904.29,2084.29
TXN-010128,2023-08-04,Sales,LATAM,Pending,6454.78,1876.13
TXN-010129,2023-10-09,Marketing,EMEA,Completed,4738.37,2274.23
TXN-010130,2023-09-10,Customer Support,LATAM,Completed,4846.03,1700.38
TXN-010131,2022-08-21,Marketing,APAC,Pending,6036.91,2582.45
TXN-010132,2023-08-01,Sales,North America,Pending,7849.36,2752.47
TXN-010133,2022-07-16,Operations,North America,Pending,6741.69,3192.31
TXN-010134,2023-03-28,Operations,LATAM,Pending,3040.25,945.67
TXN-010135,2022-01-25,Operations,APAC,Completed,3915.69,1954.8
TXN-010136,2022-02-14,Operations,EMEA,Completed,5268.8,450.39
TXN-010137,2023-12-01,Sales,North America,Completed,2675.82,1924.23
TXN-010138,2022-02-16,Engineering,North America,Failed,6245.61,2471.64
TXN-010139,2022-06-10,Operations,APAC,Completed,3660.59,1558.3
TXN-010140,2022-07-24,Marketing,APAC,Completed,6558.04,2091.57
TXN-010141,2022-09-23,Customer Support,EMEA,Completed,2449.16,1377.57
TXN-010142,2023-08-10,Sales,EMEA,Failed,4419.83,2623.23
TXN-010143,2023-01-21,Marketing,APAC,Completed,5700.23,1520.08
TXN-010144,2023-09-01,Operations,EMEA,Completed,4285.2,1433.31
TXN-010145,2023-08-22,Operations,North America,Completed,4143.66,1559.22
TXN-010146,2023-11-01,Marketing,LATAM,Pending,2749.49,1374.16
TXN-010147,2022-12-18,Operations,EMEA,Completed,4038.75,2004.29
TXN-010148,2023-10-23,Customer Support,North America,Pending,3594.56,1633.55
TXN-010149,2023-12-07,Sales,APAC,Completed,3819.69,1942.73
TXN-010150,2022-11-13,Operations,LATAM,Failed,6612.29,672.43
TXN-010151,2022-03-13,Operations,LATAM,Completed,4658.77,2872.54
TXN-010152,2023-01-02,Marketing,North America,Pending,3229.15,1422.74
TXN-010153,2022-07-07,Sales,EMEA,Completed,4172.33,1792.3
TXN-010154,2022-01-17,Engineering,LATAM,Completed,4887.65,3413.3
TXN-010155,2022-01-31,Operations,LATAM,Completed,,2384.49
TXN-010156,2022-12-15,Customer Support,North America,Completed,4476.8,3440.3
TXN-010157,2023-04-01,Engineering,APAC,Failed,6146.93,2586.91
TXN-010158,2022-05-16,Engineering,APAC,Completed,4436.72,1837.93
TXN-010159,2022-09-16,Customer Support,North America,Completed,4637.43,1706.74
TXN-010160,2022-06-15,Marketing,North America,Completed,5211.02,2128.35
TXN-010161,2022-05-16,Operations,APAC,Completed,3350.56,2329.89
TXN-010162,2023-03-04,Operations,EMEA,Failed,5097.12,758.53
TXN-010163,2023-12-30,Sales,APAC,Pending,2647.88,2133.09
TXN-010164,2022-02-17,Sales,North America,Completed,7344.85,885.84
TXN-010165,2022-01-07,Sales,EMEA,Completed,4855.15,428.44
TXN-010166,2022-05-03,Operations,LATAM,Completed,8159.42,1983.76
TXN-010167,2022-06-23,Engineering,EMEA,Completed,6142.07,462.08
TXN-010168,2023-02-19,Customer Support,APAC,Completed,5065.22,2936.75
TXN-010169,2023-10-27,Customer Support,EMEA,Failed,4679.73,1208.43
TXN-010170,2023-06-23,Sales,LATAM,Completed,4505.71,1705.28
TXN-010171,2022-03-21,Operations,North America,Completed,6094.45,2836.87
TXN-010172,2023-08-23,Operations,LATAM,Completed,4315.59,2292.65
TXN-010173,2022-12-06,Sales,EMEA,Pending,5668.99,2658.99
TXN-010174,2023-01-29,Engineering,APAC,Completed,5954.88,1158.62
TXN-010175,2022-01-08,Marketing,EMEA,Failed,5226.25,2035.03
TXN-010176,2023-04-14,Operations,North America,Pending,3567.97,1596.22
TXN-010177,2023-01-22,Marketing,LATAM,Failed,3747.17,2896.91
TXN-010178,2022-08-08,Operations,APAC,Failed,3781.23,1830.42
TXN-010179,2022-05-15,Engineering,EMEA,Completed,5110.1,2436.61
TXN-010180,2023-04-08,Customer Support,APAC,Pending,3367.33,1872.03
TXN-010181,2023-05-26,Engineering,EMEA,Pending,3762.92,1447.74
TXN-010182,2022-07-18,Engineering,APAC,Completed,2086.39,2343.51
TXN-010183,2022-11-11,Engineering,APAC,Completed,4938.5,1357.71
TXN-010184,2023-03-27,Marketing,APAC,Completed,6215.27,1658.67
TXN-010185,2022-02-15,Marketing,LATAM,Failed,4906.26,2761.67
TXN-010186,2022-07-31,Marketing,LATAM,Failed,5550.09,1342.05
TXN-010187,2022-03-20,Engineering,North America,Pending,2076.01,3179.57
TXN-010188,2023-03-28,Marketing,North America,Pending,7397.88,849.97
TXN-010189,2023-04-21,Sales,APAC,Completed,6729.4,2712.79
TXN-010190,2023-06-01,Marketing,LATAM,Completed,7861.91,2238.58
TXN-010191,2023-12-24,Customer Support,EMEA,Completed,4997.01,2144.43
TXN-010192,2022-04-03,Marketing,APAC,Failed,,2838.15
TXN-010193,2022-12-10,Marketing,LATAM,Completed,5761.22,2368.57
TXN-010194,2023-07-08,Customer Support,North America,Completed,3252.61,1841.91
TXN-010195,2023-03-25,Customer Support,LATAM,Completed,4933.6,680.09
TXN-010196,2022-10-24,Sales,APAC,Pending,5240.9,2072.93
TXN-010197,2023-02-22,Customer Support,EMEA,Completed,5193.85,1627.61
TXN-010198,2023-12-27,Marketing,APAC,Failed,4018.05,434.4
TXN-010199,2023-05-02,Marketing,North America,Failed,4395.37,2472.35
TXN-010200,2023-05-07,Engineering,North America,Completed,6811.49,1352.53
TXN-010201,2022-05-25,Customer Support,North America,Completed,4927.36,1545.71
TXN-010202,2023-09-19,Customer Support,APAC,Failed,3726.19,1685.72
TXN-010203,2022-11-11,Engineering,LATAM,Failed,5300.68,1807.04
TXN-010204,2022-10-19,Operations,EMEA,Completed,5337.62,1256.44
TXN-010205,2023-04-20,Operations,North America,Completed,7116.52,1864.68
TXN-010206,2023-12-09,Operations,EMEA,Completed,5323.13,452.64
TXN-010207,2022-08-20,Engineering,North America,Pending,2567.35,2810.43
TXN-010208,2023-02-08,Operations,North America,Failed,5229.8,1168.37
TXN-010209,2023-12-05,Operations,APAC,Pending,6085.8,1857.28
TXN-010210,2022-04-16,Operations,LATAM,Failed,6360.85,1516.0
TXN-010211,2022-07-22,Engineering,LATAM,Pending,3083.23,2042.36
TXN-010212,2022-10-21,Sales,APAC,Completed,7063.21,2039.0
TXN-010213,2023-11-03,Operations,LATAM,Completed,,718.56
TXN-010214,2022-06-10,Marketing,LATAM,Completed,3038.36,2710.11
TXN-010215,2023-09-02,Sales,North America,Failed,3713.78,3223.1
TXN-010216,2023-05-18,Sales,EMEA,Pending,2230.3,970.62
TXN-010217,2022-02-12,Customer Support,LATAM,Failed,5086.01,1548.03
TXN-010218,2023-11-05,Engineering,LATAM,Failed,2980.0,3618.51
TXN-010219,2022-12-23,Sales,North America,Completed,1155.64,1150.35
TXN-010220,2022-11-02,Marketing,LATAM,Completed,5880.98,1969.06
TXN-010221,2023-08-22,Operations,APAC,Completed,5864.1,1375.55
TXN-010222,2022-06-01,Sales,EMEA,Pending,5859.39,1672.69
TXN-010223,2023-03-21,Marketing,LATAM,Failed,4573.14,2544.57
TXN-010224,2023-01-28,Operations,North America,Completed,5592.8,2434.31
TXN-010225,2023-07-17,Engineering,LATAM,Completed,4204.49,1052.55
TXN-010226,2022-10-13,Sales,APAC,Failed,5579.6,50.0
TXN-010227,2023-04-30,Engineering,EMEA,Completed,4252.63,1725.29
TXN-010228,2023-04-05,Sales,EMEA,Completed,4995.21,3344.38
TXN-010229,2022-11-03,Customer Support,EMEA,Completed,5747.55,2819.61
TXN-010230,2022-10-31,Operations,North America,Completed,8149.65,3197.94
TXN-010231,2022-05-21,Marketing,North America,Completed,2149.5,2559.5
TXN-010232,2022-02-25,Customer Support,APAC,Completed,5449.3,1984.53
TXN-010233,2022-04-09,Sales,North America,Pending,3382.68,2110.27
TXN-010234,2023-03-31,Sales,North America,Failed,4403.48,3186.41
TXN-010235,2023-08-30,Sales,LATAM,Completed,4995.7,1630.41
TXN-010236,2023-08-06,Operations,APAC,Pending,5393.87,4005.85
TXN-010237,2022-11-14,Operations,North America,Completed,6353.0,2559.64
TXN-010238,2023-12-17,Engineering,LATAM,Completed,2617.65,2098.4
TXN-010239,2022-01-27,Customer Support,EMEA,Pending,5374.36,2892.58
TXN-010240,2022-10-04,Customer Support,EMEA,Completed,4310.65,1919.3
TXN-010241,2022-04-06,Sales,LATAM,Pending,3033.37,288.05
TXN-010242,2022-06-11,Operations,LATAM,Pending,4634.35,2000.4
TXN-010243,2023-10-09,Operations,North America,Completed,5748.69,3178.04
TXN-010244,2022-05-18,Marketing,North America,Completed,5046.58,2007.72
TXN-010245,2022-11-19,Marketing,LATAM,Completed,6350.5,2478.56
TXN-010246,2023-09-12,Sales,North America,Completed,5270.43,2103.8
TXN-010247,2023-10-21,Sales,North America,Pending,,203.04
TXN-010248,2023-12-31,Engineering,EMEA,Failed,4223.49,1300.65
TXN-010249,2023-12-07,Customer Support,APAC,Completed,1866.75,741.81
TXN-010250,2023-03-04,Marketing,APAC,Failed,5703.16,3204.92
TXN-010251,2023-05-19,Engineering,APAC,Pending,5536.18,9884.605752194424
TXN-010252,2023-08-10,Engineering,LATAM,Completed,4062.65,3456.08
TXN-010253,2022-08-06,Marketing,LATAM,Pending,6062.93,739.02
TXN-010254,2023-11-24,Customer Support,North America,Failed,4121.18,1945.76
TXN-010255,2022-11-11,Operations,LATAM,Pending,3567.14,2829.88
TXN-010256,2022-11-06,Engineering,APAC,Completed,3855.46,2882.87
TXN-010257,2023-09-21,Sales,EMEA,Failed,6511.48,2498.58
TXN-010258,2022-09-05,Sales,North America,Completed,3303.95,2747.59
TXN-010259,2023-06-06,Marketing,EMEA,Pending,6901.63,2009.71
TXN-010260,2023-05-24,Marketing,EMEA,Completed,5833.08,1012.12
TXN-010261,2022-07-22,Customer Support,EMEA,Completed,4906.41,965.18
TXN-010262,2022-07-31,Marketing,APAC,Pending,5652.13,2630.47
TXN-010263,2022-11-19,Marketing,APAC,Failed,8450.91,1514.8
TXN-010264,2023-07-25,Marketing,North America,Pending,3099.49,547.2
TXN-010265,2023-11-24,Marketing,EMEA,Failed,5044.83,2487.36
TXN-010266,2022-08-13,Customer Support,APAC,Completed,3997.57,1913.26
TXN-010267,2022-12-28,Sales,EMEA,Completed,6755.75,565.72
TXN-010268,2022-06-10,Engineering,LATAM,Pending,4327.87,2020.13
TXN-010269,2022-01-04,Engineering,LATAM,Failed,6926.44,1383.89
TXN-010270,2022-09-18,Sales,APAC,Failed,7357.15,1809.14
TXN-010271,2023-06-27,Engineering,APAC,Failed,5796.67,2060.49
TXN-010272,2023-08-20,Engineering,North America,Completed,4294.86,1944.69
TXN-010273,2023-08-15,Marketing,APAC,Completed,4080.47,1658.26
TXN-010274,2023-03-01,Sales,EMEA,Completed,6662.7,2368.02
TXN-010275,2023-06-18,Customer Support,LATAM,Failed,,2518.29
TXN-010276,2023-03-06,Sales,APAC,Completed,5324.49,2212.15
TXN-010277,2022-07-05,Engineering,APAC,Pending,4617.81,3417.13
TXN-010278,2023-04-23,Operations,EMEA,Completed,2566.06,768.51
TXN-010279,2023-05-31,Operations,APAC,Completed,4269.14,10696.159391822985
TXN-010280,2023-08-27,Marketing,North America,Failed,5636.15,1848.81
TXN-010281,2022-05-14,Engineering,EMEA,Completed,4223.22,933.84
TXN-010282,2023-02-13,Engineering,APAC,Failed,2665.72,2520.38
TXN-010283,2022-06-17,Marketing,APAC,Completed,3374.6,2679.71
TXN-010284,2022-03-17,Marketing,EMEA,Pending,1466.19,1414.81
TXN-010285,2022-05-20,Customer Support,EMEA,Completed,6163.4,1907.81
TXN-010286,2022-12-31,Customer Support,EMEA,Completed,4416.49,1260.97
TXN-010287,2023-04-02,Customer Support,North America,Completed,7550.5,3023.78
TXN-010288,2023-01-13,Marketing,APAC,Failed,6172.04,1532.05
TXN-010289,2023-03-09,Sales,LATAM,Failed,5636.14,2156.23
TXN-010290,2023-08-25,Marketing,LATAM,Pending,1200.52,2241.74
TXN-010291,2023-02-10,Sales,APAC,Completed,4111.97,1963.0
TXN-010292,2022-05-18,Sales,APAC,Pending,2198.04,1989.29
TXN-010293,2022-05-05,Customer Support,EMEA,Pending,2379.67,2328.73
TXN-010294,2023-03-15,Operations,North America,Completed,,2665.44
TXN-010295,2022-12-20,Engineering,North America,Completed,5433.8,1765.06
TXN-010296,2023-11-07,Customer Support,APAC,Completed,3258.51,1316.34
TXN-010297,2023-06-17,Operations,APAC,Completed,4238.27,3023.81
TXN-010298,2023-01-12,Operations,North America,Completed,5434.67,1098.91
TXN-010299,2023-07-08,Customer Support,LATAM,Failed,7917.52,2377.81
TXN-010300,2023-07-29,Operations,APAC,Failed,5035.1,2630.64
TXN-010301,2023-06-07,Engineering,North America,Pending,3882.38,2471.95
TXN-010302,2023-10-31,Marketing,LATAM,Pending,4087.45,1601.05
TXN-010303,2022-08-20,Operations,North America,Failed,2935.47,2270.96
TXN-010304,2023-06-09,Customer Support,APAC,Failed,8036.35,949.5024057611508
TXN-010305,2022-10-22,Marketing,APAC,Completed,4473.19,1773.54
TXN-010306,2023-11-26,Customer Support,North America,Completed,5480.55,2065.8
TXN-010307,2022-12-30,Marketing,North America,Failed,5479.35,1040.67
TXN-010308,2022-03-03,Customer Support,EMEA,Completed,5695.5,2810.46
TXN-010309,2023-12-09,Operations,LATAM,Completed,5320.43,2020.1
TXN-010310,2022-04-29,Sales,LATAM,Completed,7337.34,1903.69
TXN-010311,2023-02-21,Sales,APAC,Completed,2753.3,3563.31
TXN-010312,2023-11-05,Engineering,APAC,Pending,6574.59,3635.93
TXN-010313,2022-07-18,Marketing,North America,Completed,4720.4,2489.35
TXN-010314,2023-02-02,Engineering,LATAM,Completed,8227.53,1690.95
TXN-010315,2022-10-05,Sales,LATAM,Failed,6483.63,476.0
TXN-010316,2023-11-02,Operations,EMEA,Completed,5048.24,2051.51
TXN-010317,2023-01-26,Engineering,APAC,Failed,5249.59,1869.0
TXN-010318,2023-07-10,Marketing,APAC,Completed,4485.71,1569.44
TXN-010319,2022-02-05,Engineering,APAC,Completed,5703.18,1931.79
TXN-010320,2022-05-25,Marketing,LATAM,Failed,6345.47,2213.92
TXN-010321,2023-06-20,Operations,North America,Pending,4116.51,1483.79
TXN-010322,2023-04-15,Engineering,APAC,Completed,3544.67,1277.28
TXN-010323,2023-07-02,Operations,LATAM,Completed,2564.34,1330.77
TXN-010324,2023-11-04,Marketing,APAC,Completed,3226.85,1069.63
TXN-010325,2022-02-07,Engineering,APAC,Completed,8194.43,1643.63
TXN-010326,2023-04-19,Operations,LATAM,Completed,4734.87,2998.08
TXN-010327,2022-12-14,Marketing,North America,Completed,4118.95,2067.15
TXN-010328,2023-05-17,Engineering,EMEA,Failed,2777.05,1357.67
TXN-010329,2023-04-19,Operations,EMEA,Pending,1585.76,1577.11
TXN-010330,2022-08-05,Customer Support,LATAM,Completed,6125.86,1515.96
TXN-010331,2023-01-15,Customer Support,APAC,Completed,2869.44,2636.91
TXN-010332,2023-12-22,Customer Support,EMEA,Failed,5818.04,3063.81
TXN-010333,2023-08-08,Marketing,North America,Completed,6312.32,2431.52
TXN-010334,2023-06-22,Operations,APAC,Failed,5402.47,2409.01
TXN-010335,2022-12-18,Sales,North America,Pending,6829.86,2092.04
TXN-010336,2022-01-15,Engineering,LATAM,Pending,6267.3,3074.77
TXN-010337,2022-03-01,Customer Support,EMEA,Failed,7378.57,1388.59
TXN-010338,2023-04-21,Engineering,EMEA,Failed,5164.95,869.73
TXN-010339,2023-05-16,Operations,APAC,Completed,,6886.054912247214
TXN-010340,2022-10-09,Sales,LATAM,Failed,5146.09,947.13
TXN-010341,2022-05-13,Engineering,LATAM,Failed,3029.6,2975.25
TXN-010342,2022-10-11,Operations,North America,Completed,982.36,1577.6
TXN-010343,2022-10-27,Operations,North America,Failed,9075.83,2144.53
TXN-010344,2023-12-15,Sales,APAC,Completed,3905.88,2573.34
TXN-010345,2022-06-05,Customer Support,APAC,Completed,6367.47,1162.21
TXN-010346,2023-01-28,Customer Support,EMEA,Failed,4420.05,1023.9
TXN-010347,2022-12-10,Sales,APAC,Completed,1630.72,3475.3
TXN-010348,2023-01-15,Sales,North America,Completed,3796.6,2184.37
TXN-010349,2022-07-19,Customer Support,APAC,Pending,4089.88,1717.92
TXN-010350,2022-09-11,Customer Support,APAC,Completed,5836.23,1814.06
TXN-010351,2022-01-16,Engineering,EMEA,Completed,6922.67,1666.75
TXN-010352,2023-10-18,Customer Support,EMEA,Completed,4256.69,187.36
TXN-010353,2022-02-01,Customer Support,EMEA,Completed,5555.96,3389.95
TXN-010354,2023-05-31,Marketing,EMEA,Failed,5005.59,2311.61
TXN-010355,2023-12-01,Operations,LATAM,Completed,6408.62,2427.39
TXN-010356,2022-06-16,Operations,APAC,Failed,5163.32,2046.6
TXN-010357,2023-03-22,Sales,LATAM,Completed,4559.15,2430.22
TXN-010358,2022-12-08,Marketing,APAC,Pending,2457.39,716.5
TXN-010359,2023-02-21,Customer Support,North America,Failed,3164.07,2224.85
TXN-010360,2023-12-19,Marketing,EMEA,Pending,,2701.47
TXN-010361,2022-02-25,Customer Support,North America,Completed,5802.2,2130.75
TXN-010362,2022-11-30,Marketing,EMEA,Completed,5939.89,780.13
TXN-010363,2023-08-09,Operations,EMEA,Failed,5920.32,2642.97
TXN-010364,2022-01-12,Engineering,North America,Completed,1894.74,2269.91
TXN-010365,2022-08-04,Operations,North America,Pending,5314.64,1687.46
TXN-010366,2023-07-25,Customer Support,APAC,Completed,5662.62,3188.01
TXN-010367,2022-11-12,Marketing,EMEA,Pending,2518.15,
TXN-010368,2023-07-20,Customer Support,North America,Completed,5154.38,2778.61
TXN-010369,2022-05-11,Sales,North America,Pending,5317.55,1403.87
TXN-010370,2023-05-13,Sales,APAC,Pending,4855.97,6543.205047233644
TXN-010371,2022-10-13,Engineering,EMEA,Failed,5132.3,909.99
TXN-010372,2023-05-20,Engineering,EMEA,Completed,2695.16,1666.18
TXN-010373,2022-04-07,Customer Support,LATAM,Pending,4469.53,1937.56
TXN-010374,2023-01-21,Engineering,LATAM,Completed,4955.08,2279.36
TXN-010375,2023-04-08,Operations,EMEA,Pending,,2464.85
TXN-010376,2023-12-12,Operations,EMEA,Completed,5420.32,3896.64
TXN-010377,2023-01-02,Engineering,LATAM,Pending,4266.63,365.84
TXN-010378,2023-12-25,Customer Support,LATAM,Completed,5122.93,840.38
TXN-010379,2023-10-14,Marketing,EMEA,Completed,3896.47,1899.69
TXN-010380,2023-09-17,Sales,EMEA,Completed,5202.37,868.27
TXN-010381,2022-05-06,Sales,APAC,Failed,4820.59,874.31
TXN-010382,2023-08-21,Engineering,LATAM,Failed,5747.7,1982.5
TXN-010383,2023-10-09,Engineering,LATAM,Completed,7102.37,2442.86
TXN-010384,2023-02-06,Engineering,North America,Pending,6147.23,1949.85
TXN-010385,2023-02-13,Engineering,LATAM,Failed,5067.98,1450.1
TXN-010386,2022-12-20,Sales,North America,Completed,4831.35,2724.35
TXN-010387,2023-11-19,Sales,LATAM,Completed,4378.46,1048.09
TXN-010388,2022-08-24,Operations,LATAM,Completed,6303.93,2667.32
TXN-010389,2022-01-26,Customer Support,North America,Completed,7919.23,1861.49
TXN-010390,2022-09-22,Operations,LATAM,Completed,1300.04,1152.05
TXN-010391,2023-03-31,Marketing,North America,Completed,7611.64,2129.71
TXN-010392,2022-05-05,Operations,LATAM,Completed,5670.25,1096.79
TXN-010393,2022-01-07,Marketing,LATAM,Completed,6527.53,1967.25
TXN-010394,2022-06-30,Sales,LATAM,Pending,6613.81,3081.51
TXN-010395,2023-07-23,Operations,LATAM,Failed,2798.18,3113.36
TXN-010396,2023-10-02,Operations,North America,Pending,8194.42,3080.8
TXN-010397,2023-06-16,Engineering,North America,Pending,4963.27,2126.22
TXN-010398,2022-06-15,Customer Support,APAC,Completed,6517.1,798.47
TXN-010399,2022-03-21,Customer Support,EMEA,Completed,3206.78,2713.47
TXN-010400,2023-08-04,Engineering,LATAM,Completed,6094.85,2282.48
TXN-010401,2023-10-07,Customer Support,North America,Completed,2530.14,1734.24
TXN-010402,2023-12-12,Operations,EMEA,Completed,6202.47,2036.88
TXN-010403,2023-12-28,Operations,LATAM,Pending,4951.98,1717.49
TXN-010404,2022-01-28,Marketing,LATAM,Pending,3858.9,3059.58
TXN-010405,2023-09-13,Sales,North America,Pending,3819.13,2584.97
TXN-010406,2023-05-06,Sales,LATAM,Pending,6227.05,3038.26
TXN-010407,2023-12-07,Engineering,EMEA,Completed,2886.8,3273.91
TXN-010408,2022-01-16,Customer Support,North America,Completed,4224.96,1966.9
TXN-010409,2022-08-15,Marketing,North America,Failed,3339.32,1596.56
TXN-010410,2023-12-27,Sales,North America,Pending,2675.85,1994.83
TXN-010411,2023-01-12,Operations,APAC,Completed,7241.5,1437.69
TXN-010412,2022-05-23,Operations,EMEA,Completed,4813.71,2284.18
TXN-010413,2022-04-05,Engineering,North America,Completed,5585.31,3282.65
TXN-010414,2023-02-11,Engineering,APAC,Completed,7561.19,2014.9
TXN-010415,2023-06-24,Sales,LATAM,Pending,2921.22,823.2
TXN-010416,2023-11-15,Operations,EMEA,Completed,3896.84,3124.67
TXN-010417,2023-12-18,Sales,EMEA,Completed,4328.29,2379.89
TXN-010418,2023-02-15,Engineering,LATAM,Completed,4706.8,2450.28
TXN-010419,2022-03-12,Engineering,LATAM,Completed,6543.76,1580.75
TXN-010420,2023-11-15,Marketing,LATAM,Completed,5926.44,1962.53
TXN-010421,2023-01-05,Operations,LATAM,Pending,4551.91,2726.57
TXN-010422,2022-05-01,Customer Support,LATAM,Completed,4194.51,3046.35
TXN-010423,2022-04-17,Operations,APAC,Completed,5009.28,2847.52
TXN-010424,2023-10-23,Customer Support,EMEA,Completed,4278.77,2575.27
TXN-010425,2023-02-06,Operations,EMEA,Failed,7187.07,1860.94
TXN-010426,2022-03-01,Customer Support,EMEA,Completed,3651.92,2991.84
TXN-010427,2023-02-15,Sales,EMEA,Pending,5871.88,3175.08
TXN-010428,2023-11-23,Operations,APAC,Pending,6318.3,709.31
TXN-010429,2023-11-05,Operations,North America,Completed,7537.25,2181.92
TXN-010430,2022-06-29,Customer Support,LATAM,Completed,3446.15,2039.24
TXN-010431,2022-04-03,Sales,North America,Pending,5914.49,728.75
TXN-010432,2022-01-28,Marketing,EMEA,Completed,6129.46,2333.07
TXN-010433,2023-08-03,Customer Support,North America,Completed,8713.18,2714.26
TXN-010434,2023-11-18,Engineering,North America,Completed,7304.35,480.47
TXN-010435,2023-06-26,Engineering,APAC,Failed,8164.42,1496.38
TXN-010436,2023-09-19,Operations,APAC,Completed,3620.81,952.64
TXN-010437,2022-07-16,Customer Support,APAC,Completed,5590.18,3514.72
TXN-010438,2023-06-03,Sales,EMEA,Completed,6264.81,197.51
TXN-010439,2023-10-30,Engineering,North America,Pending,5207.97,1566.45
TXN-010440,2022-08-28,Operations,APAC,Pending,5772.88,3355.38
TXN-010441,2023-03-23,Sales,North America,Completed,4433.66,1717.23
TXN-010442,2023-06-10,Engineering,North America,Completed,4581.23,3315.4
TXN-010443,2023-12-02,Sales,EMEA,Completed,6314.62,1600.5
TXN-010444,2023-10-26,Sales,LATAM,Completed,3219.9,1722.09
TXN-010445,2022-10-27,Sales,North America,Completed,3780.73,910.86
TXN-010446,2023-05-14,Engineering,North America,Pending,4777.31,2696.01
TXN-010447,2022-02-14,Sales,North America,Completed,5307.36,2086.5
TXN-010448,2022-02-27,Operations,APAC,Completed,5101.14,2585.42
TXN-010449,2023-11-07,Marketing,APAC,Completed,4981.77,1033.53
TXN-010450,2022-07-19,Customer Support,LATAM,Failed,6012.7,
TXN-010451,2022-07-17,Customer Support,EMEA,Pending,6091.91,897.36
TXN-010452,2022-03-16,Operations,LATAM,Pending,4986.74,1828.47
TXN-010453,2023-07-29,Marketing,LATAM,Completed,5808.48,3132.05
TXN-010454,2023-03-17,Customer Support,EMEA,Failed,6063.47,1972.53
TXN-010455,2022-08-07,Engineering,LATAM,Completed,5653.69,1879.47
TXN-010456,2023-02-04,Engineering,EMEA,Completed,2608.3,2503.59
TXN-010457,2022-08-09,Sales,LATAM,Pending,3301.1,2308.96
TXN-010458,2022-05-28,Sales,EMEA,Pending,6037.15,2885.11
TXN-010459,2022-09-12,Sales,EMEA,Failed,7220.3,3161.2
TXN-010460,2023-10-25,Engineering,APAC,Completed,3807.25,0.0
TXN-010461,2023-05-06,Sales,APAC,Completed,5434.16,6636.968269382396
TXN-010462,2023-07-02,Customer Support,APAC,Pending,3018.32,1747.75
TXN-010463,2022-08-11,Customer Support,EMEA,Failed,6498.44,1049.1
TXN-010464,2023-06-12,Marketing,North America,Pending,3883.31,2376.56
TXN-010465,2022-12-13,Engineering,APAC,Failed,7291.8,2526.26
TXN-010466,2022-09-01,Customer Support,North America,Completed,6838.63,823.81
TXN-010467,2022-01-18,Sales,APAC,Completed,4209.49,1520.87
TXN-010468,2023-04-11,Engineering,EMEA,Completed,5424.27,2513.61
TXN-010469,2022-11-04,Marketing,EMEA,Completed,4896.42,1385.8
TXN-010470,2022-08-18,Customer Support,LATAM,Completed,6335.8,2780.01
TXN-010471,2022-11-27,Customer Support,LATAM,Failed,5738.34,3133.42
TXN-010472,2022-03-07,Operations,LATAM,Completed,6465.76,3139.53
TXN-010473,2023-03-14,Sales,EMEA,Pending,4195.44,1972.61
TXN-010474,2022-03-01,Engineering,North America,Pending,5949.62,1941.1
TXN-010475,2023-06-05,Operations,APAC,Completed,3000.89,10754.723960289699
TXN-010476,2022-08-09,Sales,APAC,Completed,9369.15,450.72
TXN-010477,2022-02-20,Customer Support,LATAM,Completed,7024.42,2189.04
TXN-010478,2023-05-23,Operations,EMEA,Pending,5833.01,947.8
TXN-010479,2023-09-18,Operations,APAC,Pending,3825.58,2212.87
TXN-010480,2023-01-21,Operations,North America,Pending,4751.11,1013.39
TXN-010481,2023-05-21,Operations,LATAM,Pending,6251.62,2368.62
TXN-010482,2023-10-03,Operations,EMEA,Completed,6150.28,1419.19
TXN-010483,2022-12-06,Marketing,APAC,Completed,3623.83,1582.92
TXN-010484,2022-03-10,Marketing,EMEA,Completed,2516.54,2267.7
TXN-010485,2022-08-28,Marketing,LATAM,Completed,2603.76,2072.02
TXN-010486,2022-01-16,Engineering,APAC,Completed,4683.44,1920.91
TXN-010487,2022-08-14,Operations,APAC,Failed,,1861.62
TXN-010488,2023-04-03,Sales,LATAM,Completed,5298.88,1415.42
TXN-010489,2022-08-25,Sales,EMEA,Failed,5013.03,359.03
TXN-010490,2023-08-16,Sales,LATAM,Completed,4282.08,1644.18
TXN-010491,2022-09-15,Customer Support,North America,Completed,3706.61,2762.75
TXN-010492,2023-06-03,Operations,APAC,Completed,4508.3,6669.957645865244
TXN-010493,2022-06-17,Engineering,North America,Completed,6164.56,2455.32
TXN-010494,2022-07-22,Customer Support,LATAM,Completed,2649.09,2377.22
TXN-010495,2022-01-14,Operations,EMEA,Completed,6161.87,3955.49
TXN-010496,2022-05-10,Marketing,North America,Completed,4500.14,2476.08
TXN-010497,2023-09-08,Operations,LATAM,Completed,4287.64,3698.06
TXN-010498,2023-12-18,Sales,EMEA,Pending,3596.96,1992.14
TXN-010499,2023-12-23,Operations,APAC,Completed,4585.13,1781.57
TXN-010500,2023-01-16,Sales,LATAM,Failed,6431.59,1493.34
TXN-010501,2022-05-14,Marketing,North America,Failed,3014.31,2048.7
TXN-010502,2023-05-13,Sales,EMEA,Pending,6362.7,2735.09
TXN-010503,2022-12-17,Marketing,North America,Pending,8802.87,2502.54
TXN-010504,2022-08-31,Sales,APAC,Failed,5191.37,1233.8
TXN-010505,2023-02-17,Customer Support,EMEA,Failed,2111.4,1137.44
TXN-010506,2022-08-29,Customer Support,LATAM,Failed,5686.82,912.91
TXN-010507,2023-01-12,Sales,North America,Completed,2353.55,2816.64
TXN-010508,2023-05-27,Operations,APAC,Completed,3258.86,14805.677099953642
TXN-010509,2022-04-28,Engineering,North America,Completed,3066.66,2317.69
TXN-010510,2022-11-29,Engineering,APAC,Pending,6709.4,2323.83
TXN-010511,2023-05-03,Engineering,LATAM,Pending,3971.19,2462.47
TXN-010512,2022-02-02,Sales,EMEA,Completed,7036.61,1510.0
TXN-010513,2023-08-10,Customer Support,APAC,Completed,7038.94,2003.64
TXN-010514,2022-01-27,Marketing,APAC,Pending,6930.78,3507.91
TXN-010515,2023-06-15,Sales,EMEA,Completed,4294.31,2327.84
TXN-010516,2022-02-15,Operations,APAC,Completed,3859.61,2801.11
TXN-010517,2022-01-25,Operations,APAC,Failed,5030.08,1896.62
TXN-010518,2023-05-21,Engineering,APAC,Completed,7176.96,2339.9241169542356
TXN-010519,2022-08-03,Sales,APAC,Completed,3362.46,3170.11
TXN-010520,2023-05-15,Engineering,North America,Failed,4504.85,1143.29
TXN-010521,2023-05-01,Operations,EMEA,Completed,6361.64,3023.91
TXN-010522,2023-10-09,Operations,LATAM,Pending,2789.64,1020.05
TXN-010523,2023-10-27,Marketing,North America,Completed,1406.1209999999999,2394.8
TXN-010524,2022-07-25,Marketing,North America,Completed,3902.75,
TXN-010525,2022-12-22,Sales,North America,Completed,4786.98,1595.51
TXN-010526,2023-01-29,Customer Support,LATAM,Completed,4705.94,3542.76
TXN-010527,2022-10-28,Engineering,EMEA,Completed,3901.67,2707.96
TXN-010528,2022-05-14,Operations,APAC,Completed,4199.79,2045.25
TXN-010529,2022-10-28,Customer Support,EMEA,Completed,7176.88,727.22
TXN-010530,2022-02-24,Engineering,LATAM,Completed,5500.06,551.81
TXN-010531,2023-03-21,Customer Support,LATAM,Completed,4266.94,1504.81
TXN-010532,2022-05-15,Marketing,EMEA,Failed,2953.19,1745.76
TXN-010533,2022-02-12,Operations,North America,Pending,7251.61,1842.11
TXN-010534,2022-09-23,Sales,LATAM,Pending,3897.86,2060.57
TXN-010535,2023-10-01,Marketing,EMEA,Completed,5311.29,1639.99
TXN-010536,2022-11-10,Operations,LATAM,Completed,4691.46,1562.34
TXN-010537,2023-08-06,Operations,APAC,Completed,6538.18,4123.53
TXN-010538,2023-10-15,Engineering,EMEA,Pending,5219.8,0.0
TXN-010539,2023-05-29,Customer Support,North America,Failed,4291.64,2478.69
TXN-010540,2022-09-09,Customer Support,EMEA,Completed,,1320.57
TXN-010541,2023-02-07,Operations,LATAM,Completed,7124.86,1179.22
TXN-010542,2022-01-13,Sales,LATAM,Completed,6940.98,2305.0
TXN-010543,2023-09-20,Marketing,APAC,Completed,4207.05,2267.41
TXN-010544,2022-02-03,Sales,APAC,Completed,6459.08,3576.57
TXN-010545,2023-04-25,Operations,North America,Completed,5060.61,1780.94
TXN-010546,2022-08-11,Operations,APAC,Completed,6083.75,3397.97
TXN-010547,2022-08-06,Sales,EMEA,Pending,6006.7,1687.63
TXN-010548,2022-03-09,Operations,LATAM,Failed,8330.39,858.64
TXN-010549,2023-06-11,Sales,EMEA,Completed,3542.35,1648.78
TXN-010550,2022-10-27,Sales,North America,Completed,2986.64,1689.79
TXN-010551,2022-09-02,Operations,LATAM,Completed,7013.02,2547.87
TXN-010552,2022-08-03,Operations,APAC,Completed,,1091.28
TXN-010553,2022-02-28,Sales,APAC,Failed,4556.86,1007.84
TXN-010554,2023-07-15,Customer Support,EMEA,Completed,2674.87,2427.08
TXN-010555,2022-03-13,Engineering,EMEA,Completed,3582.78,1669.7
TXN-010556,2022-06-26,Customer Support,North America,Completed,6167.07,2160.04
TXN-010557,2023-03-17,Marketing,North America,Completed,4368.1,2196.01
TXN-010558,2022-02-12,Marketing,North America,Failed,4410.48,
TXN-010559,2022-07-01,Operations,APAC,Completed,7073.82,1130.7
TXN-010560,2022-05-30,Marketing,EMEA,Completed,2644.05,3359.63
TXN-010561,2023-05-13,Operations,LATAM,Completed,4618.55,2100.59
TXN-010562,2023-12-23,Sales,APAC,Completed,5150.18,2882.25
TXN-010563,2023-11-23,Sales,EMEA,Completed,5668.67,1159.4
TXN-010564,2023-03-09,Operations,North America,Failed,3595.56,1983.22
TXN-010565,2022-08-21,Sales,APAC,Completed,4344.2,2066.43
TXN-010566,2023-08-15,Sales,North America,Completed,,2649.25
TXN-010567,2023-07-24,Marketing,North America,Completed,4465.95,1666.76
TXN-010568,2022-07-18,Engineering,North America,Completed,4530.26,1170.64
TXN-010569,2022-06-05,Engineering,APAC,Completed,4803.51,3121.03
TXN-010570,2022-05-31,Sales,APAC,Completed,3646.59,1990.0
TXN-010571,2023-08-14,Marketing,North America,Completed,3040.88,2214.84
TXN-010572,2023-07-15,Operations,APAC,Completed,4211.4,2856.25
TXN-010573,2022-12-26,Engineering,APAC,Completed,5620.01,2306.52
TXN-010574,2022-03-31,Customer Support,EMEA,Completed,4463.81,2221.31
TXN-010575,2022-02-16,Marketing,EMEA,Completed,7440.35,1961.07
TXN-010576,2022-07-02,Engineering,APAC,Completed,4337.67,2798.51
TXN-010577,2022-02-12,Operations,North America,Completed,4803.97,2714.64
TXN-010578,2023-12-30,Marketing,APAC,Pending,4637.28,2804.93
TXN-010579,2022-03-18,Operations,EMEA,Failed,3599.61,2974.29
TXN-010580,2022-10-17,Customer Support,APAC,Completed,5297.86,1046.49
TXN-010581,2022-01-14,Marketing,LATAM,Completed,3235.54,3311.85
TXN-010582,2022-02-03,Customer Support,North America,Pending,5083.72,3655.64
TXN-010583,2022-08-18,Engineering,APAC,Completed,7486.9,3760.65
TXN-010584,2022-07-30,Operations,EMEA,Completed,5341.24,1651.23
TXN-010585,2022-03-05,Engineering,LATAM,Pending,4197.6,2395.16
TXN-010586,2022-11-08,Engineering,LATAM,Completed,4796.56,1725.76
TXN-010587,2023-11-06,Sales,LATAM,Failed,8970.13,3670.12
TXN-010588,2022-05-26,Sales,EMEA,Failed,7211.68,
TXN-010589,2022-11-30,Customer Support,APAC,Failed,5194.33,3357.21
TXN-010590,2023-11-14,Marketing,APAC,Completed,5200.81,1568.12
TXN-010591,2023-04-07,Customer Support,LATAM,Pending,4639.56,2599.44
TXN-010592,2023-08-07,Marketing,EMEA,Failed,5199.81,1497.8
TXN-010593,2023-10-23,Marketing,LATAM,Pending,2593.87,2571.43
TXN-010594,2023-06-08,Operations,EMEA,Failed,5344.67,1830.93
TXN-010595,2022-10-05,Operations,EMEA,Pending,5315.16,2297.67
TXN-010596,2023-12-16,Marketing,North America,Failed,6239.45,1652.48
TXN-010597,2023-12-17,Sales,EMEA,Completed,4259.75,2279.3
TXN-010598,2022-10-03,Marketing,North America,Completed,6129.25,1357.13
TXN-010599,2022-09-21,Engineering,LATAM,Failed,3567.83,1112.29
TXN-010600,2022-12-13,Marketing,EMEA,Completed,4157.36,2177.2
TXN-010601,2022-02-01,Sales,EMEA,Pending,2393.7,1084.42
TXN-010602,2022-07-06,Sales,LATAM,Completed,4420.85,1936.64
TXN-010603,2023-05-11,Operations,EMEA,Completed,3728.74,2025.68
TXN-010604,2022-02-20,Customer Support,North America,Completed,6017.58,3531.84
TXN-010605,2023-02-04,Engineering,LATAM,Pending,4617.16,1765.76
TXN-010606,2023-07-30,Operations,LATAM,Completed,4202.23,1544.96
TXN-010607,2022-02-07,Engineering,LATAM,Pending,6513.59,1437.39
TXN-010608,2022-05-27,Customer Support,LATAM,Completed,5746.93,2948.9
TXN-010609,2023-09-30,Engineering,North America,Failed,6449.15,1857.35
TXN-010610,2023-09-17,Operations,APAC,Failed,5595.32,951.59
TXN-010611,2023-10-22,Engineering,EMEA,Completed,6759.17,1853.07
TXN-010612,2023-12-25,Operations,APAC,Completed,4591.06,3677.07
TXN-010613,2023-05-25,Marketing,APAC,Completed,5289.63,12508.815165695518
TXN-010614,2022-06-05,Engineering,North America,Pending,5757.81,2224.9
TXN-010615,2022-07-03,Marketing,LATAM,Completed,4788.27,1824.44
TXN-010616,2023-03-30,Marketing,North America,Completed,4503.37,3287.56
TXN-010617,2023-10-16,Operations,LATAM,Completed,6069.0,1793.63
TXN-010618,2023-08-09,Engineering,APAC,Completed,3976.28,1519.3
TXN-010619,2022-10-04,Operations,APAC,Pending,3825.4,1937.71
TXN-010620,2022-10-19,Engineering,EMEA,Completed,5435.31,1043.8
TXN-010621,2023-07-03,Customer Support,APAC,Completed,3597.0,1489.53
TXN-010622,2022-06-26,Customer Support,North America,Failed,3362.27,2754.6
TXN-010623,2023-03-04,Customer Support,North America,Pending,4468.29,1564.47
TXN-010624,2023-08-14,Operations,EMEA,Pending,4743.89,2454.38
TXN-010625,2023-01-31,Marketing,LATAM,Completed,4714.63,1541.45
TXN-010626,2022-06-05,Sales,North America,Failed,3315.49,2754.65
TXN-010627,2023-06-11,Customer Support,EMEA,Failed,3914.45,3091.28
TXN-010628,2023-02-01,Sales,North America,Failed,4700.56,2900.29
TXN-010629,2022-10-02,Sales,LATAM,Completed,5321.76,1140.34
TXN-010630,2022-01-28,Operations,EMEA,Completed,6997.25,1844.03
TXN-010631,2022-07-12,Operations,APAC,Completed,3158.31,3052.27
TXN-010632,2022-09-29,Operations,APAC,Failed,2831.98,2205.03
TXN-010633,2022-05-09,Customer Support,LATAM,Completed,5360.43,1219.17
TXN-010634,2023-10-03,Engineering,North America,Pending,5882.57,20.08
TXN-010635,2023-08-14,Engineering,EMEA,Failed,6636.12,2321.62
TXN-010636,2022-03-20,Engineering,LATAM,Failed,5545.75,1292.59
TXN-010637,2022-01-13,Operations,North America,Pending,4380.56,2615.68
TXN-010638,2023-08-17,Customer Support,APAC,Pending,3279.85,3733.81
TXN-010639,2023-11-21,Engineering,North America,Pending,5484.12,995.86
TXN-010640,2023-01-14,Engineering,LATAM,Completed,5797.17,2224.1
TXN-010641,2022-01-11,Operations,EMEA,Pending,4946.68,2245.68
TXN-010642,2023-08-13,Customer Support,EMEA,Completed,6056.85,2286.58
TXN-010643,2023-01-06,Marketing,APAC,Failed,6977.03,1129.54
TXN-010644,2023-08-06,Sales,EMEA,Failed,6735.04,1282.3
TXN-010645,2023-10-05,Operations,EMEA,Failed,7370.35,2173.59
TXN-010646,2023-03-13,Marketing,EMEA,Completed,3920.74,2737.56
TXN-010647,2022-04-07,Sales,LATAM,Completed,5679.7,1282.27
TXN-010648,2023-06-21,Operations,APAC,Failed,5288.93,1277.19
TXN-010649,2023-12-09,Marketing,EMEA,Completed,6525.78,2873.04
TXN-010650,2022-03-11,Operations,APAC,Completed,6329.12,1206.14
TXN-010651,2022-01-22,Customer Support,North America,Completed,6556.37,2098.06
TXN-010652,2022-02-18,Customer Support,LATAM,Pending,5367.18,2969.94
TXN-010653,2022-01-08,Sales,APAC,Pending,5714.81,2110.74
TXN-010654,2023-09-18,Customer Support,EMEA,Completed,6001.0,155.57
TXN-010655,2022-05-21,Engineering,North America,Completed,5741.43,2801.6
TXN-010656,2022-08-02,Sales,LATAM,Completed,5533.82,1678.48
TXN-010657,2023-05-15,Sales,EMEA,Completed,4739.41,1540.77
TXN-010658,2023-05-24,Operations,LATAM,Completed,3875.55,2383.05
TXN-010659,2023-11-03,Customer Support,LATAM,Failed,5989.96,2495.59
TXN-010660,2023-05-01,Sales,EMEA,Failed,5977.72,1911.97
TXN-010661,2023-05-08,Customer Support,APAC,Completed,4014.43,5030.074838044767
TXN-010662,2022-02-04,Engineering,APAC,Completed,1891.09,581.5
TXN-010663,2022-04-02,Marketing,APAC,Completed,5834.02,2792.29
TXN-010664,2023-10-16,Sales,North America,Completed,4549.55,2015.76
TXN-010665,2023-10-17,Engineering,North America,Pending,4800.37,1468.9
TXN-010666,2022-04-24,Marketing,APAC,Pending,5267.75,2481.28
TXN-010667,2022-02-08,Engineering,North America,Completed,6688.52,1769.76
TXN-010668,2023-07-06,Operations,LATAM,Completed,5306.18,2251.93
TXN-010669,2023-10-03,Engineering,LATAM,Failed,959.27,2794.49
TXN-010670,2022-11-26,Customer Support,North America,Completed,5335.83,1254.45
TXN-010671,2023-12-16,Sales,LATAM,Completed,4478.27,2332.6
TXN-010672,2022-01-17,Customer Support,North America,Completed,6777.76,2919.13
TXN-010673,2022-02-09,Sales,LATAM,Pending,5304.42,3585.27
TXN-010674,2023-04-16,Marketing,APAC,Completed,5260.54,2149.43
TXN-010675,2022-02-15,Marketing,APAC,Completed,7278.18,1079.12
TXN-010676,2023-07-16,Operations,LATAM,Completed,3016.57,689.6
TXN-010677,2022-06-08,Customer Support,North America,Completed,4293.77,2000.03
TXN-010678,2023-05-15,Customer Support,EMEA,Pending,4179.44,733.77
TXN-010679,2023-07-11,Operations,APAC,Completed,3311.93,1349.82
TXN-010680,2022-02-08,Engineering,North America,Pending,4362.82,952.9
TXN-010681,2023-08-15,Customer Support,APAC,Completed,5247.37,1857.44
TXN-010682,2022-03-15,Customer Support,North America,Completed,4488.99,1748.39
TXN-010683,2023-03-02,Engineering,LATAM,Completed,5583.84,1425.54
TXN-010684,2022-03-23,Operations,LATAM,Completed,4052.75,3355.63
TXN-010685,2022-03-21,Customer Support,EMEA,Failed,5564.14,2064.04
TXN-010686,2022-05-05,Sales,North America,Completed,6160.31,2568.06
TXN-010687,2022-08-08,Marketing,APAC,Completed,4903.34,1657.01
TXN-010688,2023-01-12,Customer Support,North America,Completed,6602.68,1882.51
TXN-010689,2023-05-20,Engineering,EMEA,Completed,4948.6,2183.31
TXN-010690,2023-11-19,Customer Support,APAC,Completed,3851.02,957.91
TXN-010691,2023-03-23,Engineering,APAC,Pending,5366.99,1017.94
TXN-010692,2023-02-14,Sales,LATAM,Completed,5379.12,2930.14
TXN-010693,2022-06-12,Sales,North America,Pending,4431.7,3857.11
TXN-010694,2022-05-09,Sales,APAC,Pending,3660.94,2045.33
TXN-010695,2023-04-28,Operations,North America,Pending,6627.94,2345.03
TXN-010696,2022-05-02,Sales,APAC,Pending,6715.64,2899.38
TXN-010697,2023-06-22,Customer Support,APAC,Pending,5435.03,3410.05
TXN-010698,2022-06-23,Sales,North America,Completed,3445.25,1948.92
TXN-010699,2022-08-04,Sales,LATAM,Failed,3865.82,1702.02
TXN-010700,2023-10-29,Sales,LATAM,Failed,3361.79,1709.47
TXN-010701,2022-12-02,Operations,APAC,Completed,5858.89,1891.68
TXN-010702,2023-09-10,Marketing,LATAM,Completed,7917.34,2880.73
TXN-010703,2022-03-26,Engineering,North America,Failed,5011.7,1762.58
TXN-010704,2023-12-05,Operations,APAC,Completed,6054.16,2253.31
TXN-010705,2022-11-03,Operations,APAC,Completed,6533.89,1819.74
TXN-010706,2022-09-28,Operations,North America,Failed,2700.23,896.9
TXN-010707,2022-01-12,Operations,EMEA,Pending,4019.77,2505.33
TXN-010708,2023-05-20,Marketing,EMEA,Completed,6998.14,2457.62
TXN-010709,2023-08-12,Marketing,North America,Completed,4495.03,1447.58
TXN-010710,2022-05-29,Sales,North America,Completed,5888.04,2070.1
TXN-010711,2022-07-11,Customer Support,EMEA,Completed,6262.94,3271.79
TXN-010712,2023-03-13,Sales,North America,Pending,4764.2,2271.27
TXN-010713,2022-11-04,Customer Support,EMEA,Completed,4365.49,2797.83
TXN-010714,2022-07-07,Customer Support,North America,Completed,6850.53,1332.8
TXN-010715,2022-08-29,Operations,APAC,Failed,5466.63,1488.12
TXN-010716,2023-08-07,Engineering,EMEA,Completed,5887.77,1666.58
TXN-010717,2022-03-17,Operations,LATAM,Completed,5379.21,2183.83
TXN-010718,2022-03-28,Sales,LATAM,Completed,7060.23,2405.72
TXN-010719,2022-01-12,Engineering,APAC,Pending,5098.82,2179.7
TXN-010720,2023-06-21,Sales,EMEA,Failed,5404.94,2885.24
TXN-010721,2022-11-23,Engineering,LATAM,Pending,4645.7,3683.9
TXN-010722,2022-04-11,Marketing,EMEA,Pending,6939.76,1714.58
TXN-010723,2023-04-01,Engineering,EMEA,Completed,3121.29,1455.98
TXN-010724,2023-03-28,Operations,LATAM,Completed,6905.94,1050.57
TXN-010725,2022-12-31,Customer Support,EMEA,Completed,4854.41,1128.0
TXN-010726,2023-08-17,Operations,APAC,Failed,4143.1,3120.44
TXN-010727,2022-10-03,Marketing,APAC,Completed,6505.14,658.46
TXN-010728,2022-07-29,Sales,LATAM,Pending,3494.38,1915.63
TXN-010729,2023-11-14,Marketing,APAC,Failed,5022.44,2263.51
TXN-010730,2022-12-18,Customer Support,LATAM,Completed,4943.48,1847.1
TXN-010731,2023-10-19,Sales,APAC,Failed,3996.81,1624.9
TXN-010732,2023-12-10,Sales,LATAM,Completed,5614.19,2238.97
TXN-010733,2022-03-16,Sales,North America,Completed,1968.63,2692.72
TXN-010734,2023-02-11,Customer Support,APAC,Pending,2660.3,2106.03
TXN-010735,2022-10-08,Customer Support,EMEA,Failed,7356.36,2203.91
TXN-010736,2023-05-28,Sales,EMEA,Completed,4980.71,2811.95
TXN-010737,2023-02-08,Operations,North America,Completed,7305.51,1473.81
TXN-010738,2022-03-24,Engineering,APAC,Pending,5016.63,2388.05
TXN-010739,2022-01-07,Operations,EMEA,Completed,3928.25,1366.22
TXN-010740,2023-09-08,Sales,APAC,Completed,4837.74,433.88
TXN-010741,2023-07-23,Operations,LATAM,Completed,6452.57,1908.84
TXN-010742,2023-02-20,Operations,APAC,Pending,7253.64,1840.39
TXN-010743,2023-08-20,Engineering,EMEA,Pending,5631.31,1260.87
TXN-010744,2023-08-14,Engineering,LATAM,Pending,5781.85,3137.13
TXN-010745,2022-01-21,Operations,LATAM,Completed,4757.3,2728.79
TXN-010746,2023-07-20,Marketing,APAC,Completed,5323.86,2394.08
TXN-010747,2022-12-13,Customer Support,EMEA,Completed,5645.19,
TXN-010748,2022-01-06,Engineering,North America,Pending,4307.35,2238.49
TXN-010749,2022-02-17,Marketing,APAC,Failed,6679.47,639.08
TXN-010750,2022-08-09,Operations,LATAM,Completed,5393.2,1983.59
TXN-010751,2022-02-23,Sales,LATAM,Failed,3788.5,1647.92
TXN-010752,2023-08-21,Operations,APAC,Failed,4178.22,2129.08
TXN-010753,2022-05-20,Operations,EMEA,Completed,4464.82,2058.79
TXN-010754,2023-04-03,Customer Support,LATAM,Completed,2378.67,818.07
TXN-010755,2022-05-22,Marketing,EMEA,Completed,7470.72,2350.96
TXN-010756,2023-10-07,Operations,LATAM,Pending,5586.53,2982.19
TXN-010757,2023-06-24,Engineering,LATAM,Completed,5240.62,1669.62
TXN-010758,2022-05-18,Operations,APAC,Completed,3640.96,2795.94
TXN-010759,2023-05-27,Sales,EMEA,Completed,5901.86,3557.59
TXN-010760,2022-11-24,Customer Support,EMEA,Completed,4962.05,655.42
TXN-010761,2023-03-24,Sales,North America,Completed,1942.79,1735.89
TXN-010762,2023-09-29,Engineering,EMEA,Failed,4260.79,2739.52
TXN-010763,2023-05-07,Operations,APAC,Failed,6700.65,10320.919276346689
TXN-010764,2022-03-26,Customer Support,APAC,Completed,4250.93,2882.62
TXN-010765,2023-02-03,Customer Support,LATAM,Completed,3014.38,1756.64
TXN-010766,2023-09-05,Engineering,APAC,Failed,5568.52,3438.85
TXN-010767,2023-01-30,Operations,LATAM,Completed,4617.23,1799.37
TXN-010768,2022-05-17,Marketing,EMEA,Completed,6066.38,2572.38
TXN-010769,2022-05-04,Marketing,APAC,Completed,5672.97,2832.23
TXN-010770,2023-08-10,Engineering,LATAM,Completed,5092.93,3885.5
TXN-010771,2023-03-07,Customer Support,EMEA,Completed,6143.43,2745.71
TXN-010772,2022-01-07,Customer Support,North America,Completed,6932.75,2228.54
TXN-010773,2023-08-05,Customer Support,EMEA,Completed,5077.6,2190.22
TXN-010774,2022-08-02,Engineering,APAC,Failed,1171.84,2128.97
TXN-010775,2023-06-21,Marketing,APAC,Failed,4266.12,1230.66
TXN-010776,2022-10-25,Sales,APAC,Pending,4573.03,1012.44
TXN-010777,2022-12-31,Engineering,North America,Pending,5666.44,3752.46
TXN-010778,2022-12-04,Engineering,EMEA,Pending,6126.27,1040.03
TXN-010779,2023-03-18,Marketing,APAC,Failed,5577.74,1057.29
TXN-010780,2022-12-07,Engineering,APAC,Pending,7076.52,1320.6
TXN-010781,2022-07-07,Marketing,North America,Completed,4801.45,1807.05
TXN-010782,2023-11-01,Sales,North America,Failed,4642.79,1865.41
TXN-010783,2022-12-17,Engineering,EMEA,Completed,6284.02,267.61
TXN-010784,2023-02-02,Operations,EMEA,Failed,5047.2,3281.86
TXN-010785,2023-11-17,Marketing,APAC,Failed,6684.34,1827.82
TXN-010786,2023-12-12,Customer Support,EMEA,Completed,3876.22,2473.03
TXN-010787,2022-11-23,Engineering,LATAM,Failed,7437.84,2525.9
TXN-010788,2022-10-07,Operations,APAC,Completed,5485.08,2687.87
TXN-010789,2022-10-17,Marketing,LATAM,Completed,7063.9,2131.2
TXN-010790,2023-06-02,Operations,APAC,Completed,6144.43,6247.236793294449
TXN-010791,2022-01-29,Customer Support,EMEA,Completed,2637.12,934.7
TXN-010792,2022-07-20,Engineering,EMEA,Completed,6188.76,1085.03
TXN-010793,2022-08-13,Marketing,North America,Failed,6319.65,2358.92
TXN-010794,2023-03-02,Operations,LATAM,Failed,4163.88,3066.17
TXN-010795,2022-03-31,Operations,LATAM,Completed,7026.92,1322.85
TXN-010796,2022-07-27,Engineering,North America,Completed,4895.85,2202.09
TXN-010797,2023-04-22,Customer Support,LATAM,Pending,5251.91,1893.6
TXN-010798,2023-12-06,Sales,EMEA,Failed,4191.9,1325.43
TXN-010799,2022-10-28,Operations,LATAM,Completed,7841.58,2538.82
TXN-010800,2022-02-23,Engineering,LATAM,Completed,5843.13,1559.04
TXN-010801,2023-08-05,Operations,EMEA,Pending,5283.82,1328.78
TXN-010802,2023-09-17,Sales,EMEA,Completed,3121.27,1624.46
TXN-010803,2023-10-30,Engineering,LATAM,Failed,3598.98,2228.78
TXN-010804,2023-01-13,Customer Support,North America,Completed,4642.94,2678.79
TXN-010805,2023-10-09,Operations,LATAM,Completed,3792.76,208.85
TXN-010806,2022-07-25,Engineering,APAC,Completed,5990.64,1768.33
TXN-010807,2022-04-01,Operations,LATAM,Pending,4281.34,2665.7
TXN-010808,2022-10-11,Customer Support,North America,Failed,,1996.42
TXN-010809,2022-12-25,Customer Support,LATAM,Completed,4182.42,516.96
TXN-010810,2023-05-07,Engineering,LATAM,Completed,4531.68,3264.38
TXN-010811,2022-09-13,Operations,North America,Completed,6312.52,744.96
TXN-010812,2022-12-06,Sales,EMEA,Pending,3901.95,1170.82
TXN-010813,2022-04-14,Engineering,LATAM,Completed,5336.13,2220.68
TXN-010814,2022-01-14,Sales,LATAM,Pending,7632.37,2156.99
TXN-010815,2022-08-09,Customer Support,APAC,Pending,7914.77,862.77
TXN-010816,2023-02-22,Sales,APAC,Completed,4609.19,1053.84
TXN-010817,2022-06-23,Marketing,LATAM,Failed,6758.04,1846.35
TXN-010818,2023-01-22,Operations,LATAM,Completed,6190.07,2018.61
TXN-010819,2022-03-16,Customer Support,LATAM,Completed,,2372.69
TXN-010820,2023-01-11,Operations,APAC,Completed,7059.08,1328.72
TXN-010821,2023-09-05,Marketing,North America,Failed,7561.98,2689.91
TXN-010822,2022-06-30,Sales,EMEA,Completed,4570.98,2171.22
TXN-010823,2023-10-12,Customer Support,APAC,Completed,5028.82,1779.42
TXN-010824,2023-03-11,Operations,EMEA,Completed,1278.55,2045.3
TXN-010825,2023-11-03,Operations,North America,Completed,4315.78,3946.77
TXN-010826,2022-06-08,Sales,North America,Completed,3541.38,1911.22
TXN-010827,2022-07-02,Engineering,LATAM,Completed,6541.21,1917.11
TXN-010828,2022-05-13,Sales,North America,Completed,5264.61,1533.72
TXN-010829,2023-08-03,Engineering,LATAM,Completed,4785.18,1694.71
TXN-010830,2022-08-21,Sales,EMEA,Completed,5702.93,2181.62
TXN-010831,2023-05-21,Customer Support,EMEA,Completed,5221.72,1505.49
TXN-010832,2022-06-04,Customer Support,North America,Pending,6117.58,680.89
TXN-010833,2023-01-26,Customer Support,LATAM,Completed,4013.21,1856.93
TXN-010834,2022-11-03,Marketing,North America,Completed,4473.83,1438.8
TXN-010835,2023-03-05,Customer Support,North America,Completed,4564.08,1606.48
TXN-010836,2022-12-17,Marketing,LATAM,Pending,6343.66,4140.11
TXN-010837,2022-04-12,Customer Support,EMEA,Pending,6229.41,3279.3
TXN-010838,2022-03-15,Customer Support,North America,Pending,4469.07,2354.11
TXN-010839,2023-08-18,Marketing,EMEA,Completed,7029.66,2438.74
TXN-010840,2022-12-28,Engineering,LATAM,Pending,5452.4,3935.3
TXN-010841,2022-12-25,Sales,EMEA,Pending,5475.39,2016.33
TXN-010842,2023-10-02,Sales,EMEA,Failed,6197.77,2443.16
TXN-010843,2023-05-27,Sales,LATAM,Failed,5122.9,2248.31
TXN-010844,2022-04-30,Sales,North America,Completed,4478.55,2879.87
TXN-010845,2022-08-18,Operations,LATAM,Completed,4615.05,2015.42
TXN-010846,2023-06-16,Sales,North America,Completed,8594.57,3078.32
TXN-010847,2022-06-07,Marketing,APAC,Completed,3991.37,1655.4
TXN-010848,2022-09-24,Customer Support,EMEA,Completed,4276.98,2350.09
TXN-010849,2023-08-02,Engineering,APAC,Failed,5115.36,1990.0
TXN-010850,2022-03-13,Customer Support,LATAM,Failed,5259.82,826.82
TXN-010851,2023-07-08,Engineering,LATAM,Failed,5931.86,2560.88
TXN-010852,2022-05-14,Sales,EMEA,Failed,4117.96,1438.88
TXN-010853,2022-01-06,Sales,North America,Completed,4687.31,2495.91
TXN-010854,2022-08-04,Customer Support,EMEA,Completed,2810.18,2947.93
TXN-010855,2023-03-20,Marketing,APAC,Completed,3208.89,
TXN-010856,2022-12-02,Marketing,LATAM,Completed,8042.09,1092.18
TXN-010857,2022-05-06,Operations,EMEA,Completed,6358.27,2183.9
TXN-010858,2022-08-08,Operations,LATAM,Completed,1602.23,1171.21
TXN-010859,2022-10-14,Customer Support,LATAM,Completed,3814.52,1670.58
TXN-010860,2023-02-24,Engineering,EMEA,Completed,2640.12,1282.38
TXN-010861,2023-09-16,Engineering,EMEA,Completed,,1598.48
TXN-010862,2022-06-05,Marketing,APAC,Completed,5027.21,4235.16
TXN-010863,2022-05-17,Engineering,EMEA,Completed,5176.54,
TXN-010864,2022-03-20,Operations,North America,Completed,4377.45,3680.6
TXN-010865,2023-08-14,Engineering,APAC,Completed,3418.27,2257.54
TXN-010866,2023-07-20,Marketing,APAC,Completed,3476.88,1711.65
TXN-010867,2023-09-08,Engineering,EMEA,Pending,4795.1,1700.57
TXN-010868,2022-12-14,Marketing,North America,Completed,5241.82,2493.98
TXN-010869,2023-09-18,Operations,APAC,Completed,6470.25,1608.38
TXN-010870,2023-10-16,Operations,LATAM,Failed,5200.96,2510.48
TXN-010871,2022-01-19,Marketing,North America,Completed,5172.11,1672.96
TXN-010872,2022-05-16,Customer Support,LATAM,Failed,5015.53,957.91
TXN-010873,2022-12-29,Engineering,North America,Completed,3067.27,1418.11
TXN-010874,2022-01-21,Sales,North America,Completed,4721.54,1354.38
TXN-010875,2023-12-04,Engineering,APAC,Completed,4998.96,2705.27
TXN-010876,2023-06-24,Sales,North America,Completed,7130.46,2532.5
TXN-010877,2023-01-13,Marketing,LATAM,Failed,4018.7,1386.65
TXN-010878,2023-01-24,Marketing,APAC,Failed,,1256.25
TXN-010879,2023-04-13,Engineering,EMEA,Completed,6404.27,2494.11
TXN-010880,2023-01-26,Marketing,APAC,Completed,4645.9,2051.88
TXN-010881,2023-08-13,Operations,North America,Completed,8588.38,1142.69
TXN-010882,2023-12-26,Marketing,EMEA,Pending,4193.84,3934.69
TXN-010883,2023-06-05,Customer Support,APAC,Completed,2841.04,8336.688788462341
TXN-010884,2022-11-19,Sales,APAC,Completed,4524.03,1852.88
TXN-010885,2022-05-30,Marketing,LATAM,Completed,5340.79,2691.12
TXN-010886,2022-12-12,Engineering,EMEA,Completed,,1847.78
TXN-010887,2022-09-24,Sales,EMEA,Completed,3028.46,1734.94
TXN-010888,2022-03-17,Sales,LATAM,Completed,3903.71,3466.83
TXN-010889,2022-07-08,Operations,North America,Completed,4459.79,841.28
TXN-010890,2023-08-13,Customer Support,LATAM,Failed,3452.99,3612.69
TXN-010891,2022-01-17,Operations,North America,Pending,5701.74,1010.39
TXN-010892,2022-10-15,Marketing,APAC,Completed,4073.61,2016.1
TXN-010893,2023-09-22,Marketing,APAC,Completed,3989.54,3024.7
TXN-010894,2023-12-20,Sales,LATAM,Failed,5358.32,1858.94
TXN-010895,2022-09-08,Marketing,EMEA,Completed,4176.23,1917.49
TXN-010896,2022-11-10,Customer Support,APAC,Completed,6035.91,746.47
TXN-010897,2022-11-04,Operations,LATAM,Pending,3546.4,2885.96
TXN-010898,2023-06-05,Operations,LATAM,Pending,5061.55,2221.93
TXN-010899,2022-02-21,Operations,LATAM,Pending,5923.8,2112.03
TXN-010900,2022-06-14,Marketing,EMEA,Completed,4041.33,2262.38
TXN-010901,2023-04-27,Marketing,EMEA,Completed,1028.11,1092.33
TXN-010902,2022-05-14,Sales,North America,Failed,2592.54,2530.16
TXN-010903,2022-10-21,Marketing,North America,Completed,1558.1,1609.01
TXN-010904,2022-06-15,Marketing,EMEA,Completed,5069.08,2926.66
TXN-010905,2023-05-26,Sales,EMEA,Failed,5770.51,2352.98
TXN-010906,2023-09-19,Engineering,EMEA,Completed,3936.86,1893.07
TXN-010907,2023-08-16,Sales,North America,Failed,4573.83,2280.21
TXN-010908,2022-02-09,Engineering,APAC,Completed,7282.44,1136.59
TXN-010909,2023-07-24,Customer Support,EMEA,Completed,4911.2,1188.17
TXN-010910,2022-11-07,Engineering,North America,Completed,4460.6,2644.28
TXN-010911,2022-02-07,Customer Support,EMEA,Completed,4194.69,3922.06
TXN-010912,2022-08-18,Sales,APAC,Completed,4315.88,2854.32
TXN-010913,2022-11-01,Operations,North America,Pending,6220.37,2783.15
TXN-010914,2023-07-21,Customer Support,APAC,Pending,4385.63,377.31
TXN-010915,2023-02-11,Marketing,North America,Pending,2588.55,1631.34
TXN-010916,2023-09-03,Marketing,APAC,Failed,4776.05,2197.45
TXN-010917,2022-03-04,Marketing,EMEA,Pending,4508.14,240.6
TXN-010918,2023-02-18,Operations,EMEA,Completed,5127.52,2493.28
TXN-010919,2023-08-12,Operations,North America,Pending,3203.06,3489.34
TXN-010920,2023-06-07,Customer Support,APAC,Completed,7394.33,10330.692519549892
TXN-010921,2022-01-20,Marketing,LATAM,Completed,5373.94,2342.68
TXN-010922,2022-06-18,Engineering,North America,Completed,5612.28,1143.96
TXN-010923,2023-09-04,Engineering,APAC,Pending,5448.78,
TXN-010924,2023-11-25,Operations,APAC,Completed,5380.43,124.11
TXN-010925,2022-03-03,Engineering,EMEA,Completed,5145.49,1763.02
TXN-010926,2022-02-02,Customer Support,APAC,Failed,4842.33,1714.27
TXN-010927,2022-11-29,Engineering,LATAM,Pending,5827.32,2295.04
TXN-010928,2022-05-04,Marketing,North America,Pending,5433.57,4386.34
TXN-010929,2022-01-17,Customer Support,APAC,Failed,2066.66,1304.73
TXN-010930,2022-12-28,Customer Support,APAC,Pending,3232.55,1996.85
TXN-010931,2023-11-08,Engineering,LATAM,Failed,4195.62,808.66
TXN-010932,2023-02-21,Marketing,LATAM,Completed,6109.51,3619.34
TXN-010933,2023-03-25,Customer Support,EMEA,Completed,7061.71,1347.29
TXN-010934,2023-10-04,Engineering,North America,Completed,6523.89,3547.43
TXN-010935,2023-01-11,Marketing,LATAM,Completed,5980.32,2060.15
TXN-010936,2023-07-08,Sales,APAC,Failed,5908.67,1544.24
TXN-010937,2022-10-23,Customer Support,APAC,Failed,5739.47,1631.69
TXN-010938,2023-05-06,Engineering,EMEA,Pending,4773.32,3328.0
TXN-010939,2022-08-19,Sales,North America,Completed,4838.01,2394.2
TXN-010940,2022-04-07,Customer Support,LATAM,Failed,4430.47,1139.41
TXN-010941,2023-01-26,Operations,North America,Completed,1140.86,1442.34
TXN-010942,2022-12-15,Marketing,LATAM,Pending,4021.65,3419.77
TXN-010943,2022-10-18,Sales,LATAM,Completed,7086.29,1224.9
TXN-010944,2022-06-16,Engineering,EMEA,Pending,4906.51,2227.7
TXN-010945,2022-06-13,Operations,LATAM,Completed,3942.7,2922.41
TXN-010946,2023-08-27,Customer Support,APAC,Completed,6959.15,1596.35
TXN-010947,2023-05-08,Engineering,APAC,Failed,2516.2,9512.361266818725
TXN-010948,2022-06-23,Sales,LATAM,Completed,5511.47,865.16
TXN-010949,2023-08-29,Engineering,North America,Completed,2750.87,2953.74
TXN-010950,2023-05-30,Engineering,APAC,Failed,3330.65,6692.68698925354
TXN-010951,2022-07-14,Engineering,LATAM,Pending,5361.47,1544.81
TXN-010952,2023-09-16,Marketing,North America,Pending,3586.39,763.48
TXN-010953,2023-10-13,Marketing,APAC,Failed,5756.31,3142.31
TXN-010954,2023-11-15,Customer Support,North America,Completed,4578.17,1491.13
TXN-010955,2022-11-06,Sales,APAC,Failed,7906.3,1382.01
TXN-010956,2022-09-07,Operations,LATAM,Completed,5137.75,1533.54
TXN-010957,2022-08-08,Customer Support,LATAM,Completed,3567.08,494.21
TXN-010958,2022-09-21,Customer Support,EMEA,Completed,6613.67,3725.98
TXN-010959,2022-02-21,Sales,APAC,Completed,4038.12,1273.45
TXN-010960,2022-09-12,Sales,APAC,Failed,5382.8,263.18
TXN-010961,2022-11-27,Engineering,APAC,Completed,4842.09,2214.84
TXN-010962,2023-06-10,Engineering,North America,Completed,4691.06,1003.91
TXN-010963,2022-09-14,Marketing,North America,Completed,4639.56,1736.51
TXN-010964,2023-04-26,Engineering,EMEA,Completed,6724.59,2864.26
TXN-010965,2023-06-11,Engineering,North America,Completed,5936.63,473.75
TXN-010966,2023-12-14,Sales,EMEA,Completed,4281.67,2690.97
TXN-010967,2023-07-20,Engineering,APAC,Completed,6314.78,1038.88
TXN-010968,2023-11-01,Engineering,EMEA,Completed,5163.56,1533.57
TXN-010969,2023-10-06,Customer Support,North America,Completed,7205.76,3468.26
TXN-010970,2022-06-18,Marketing,LATAM,Failed,5583.63,2967.74
TXN-010971,2023-11-20,Operations,EMEA,Completed,4381.54,1632.47
TXN-010972,2023-08-22,Engineering,LATAM,Completed,2705.42,863.01
TXN-010973,2022-03-17,Operations,North America,Completed,5706.95,1504.78
TXN-010974,2022-08-16,Marketing,LATAM,Completed,3479.72,2037.24
TXN-010975,2023-08-01,Engineering,LATAM,Completed,7814.15,1837.72
TXN-010976,2023-06-03,Engineering,North America,Completed,,1968.22
TXN-010977,2023-07-01,Operations,LATAM,Completed,2325.01,1750.1
TXN-010978,2023-02-02,Operations,EMEA,Completed,2139.9,1828.24
TXN-010979,2022-04-26,Customer Support,North America,Completed,4590.87,1209.43
TXN-010980,2023-08-19,Sales,APAC,Completed,3548.75,2738.85
TXN-010981,2023-01-01,Sales,APAC,Completed,5380.25,1138.16
TXN-010982,2022-06-10,Sales,LATAM,Completed,4455.13,1981.61
TXN-010983,2023-05-26,Customer Support,APAC,Completed,2279.9,9357.899089756584
TXN-010984,2022-07-12,Operations,LATAM,Pending,4971.08,1849.53
TXN-010985,2023-07-23,Sales,EMEA,Completed,4042.24,1364.22
TXN-010986,2022-08-31,Customer Support,EMEA,Failed,5217.77,2320.48
TXN-010987,2022-10-11,Operations,LATAM,Completed,4262.79,1762.58
TXN-010988,2023-06-06,Marketing,APAC,Completed,3692.93,10499.046931203564
TXN-010989,2022-12-14,Customer Support,North America,Completed,4621.77,2319.73
TXN-010990,2022-10-20,Marketing,APAC,Failed,7002.63,1133.08
TXN-010991,2022-07-16,Operations,EMEA,Completed,6515.89,3180.33
TXN-010992,2023-10-05,Engineering,North America,Pending,7047.37,464.3
TXN-010993,2023-03-18,Sales,APAC,Completed,6986.54,2357.82
TXN-010994,2022-11-07,Customer Support,LATAM,Completed,6378.37,1177.83
TXN-010995,2023-07-02,Engineering,North America,Completed,5192.7,2192.68
TXN-010996,2023-11-19,Marketing,North America,Pending,4006.72,931.65
TXN-010997,2023-06-25,Operations,EMEA,Failed,5402.58,2577.15
TXN-010998,2023-05-22,Engineering,APAC,Completed,7653.56,5129.979101899748
TXN-010999,2023-12-01,Marketing,North America,Completed,3132.2,2982.83
TXN-011000,2023-03-28,Sales,LATAM,Pending,5955.03,1360.91
TXN-011001,2022-02-16,Sales,APAC,Completed,5817.27,2469.66
TXN-011002,2023-08-28,Engineering,LATAM,Pending,4501.56,1761.6
TXN-011003,2023-01-11,Sales,LATAM,Completed,6448.22,2134.13
TXN-011004,2022-01-22,Operations,EMEA,Completed,3310.1,1961.73
TXN-011005,2023-02-19,Marketing,EMEA,Completed,6514.13,1774.53
TXN-011006,2022-08-09,Sales,APAC,Completed,5437.85,1135.8
TXN-011007,2023-06-24,Sales,LATAM,Pending,3658.87,2526.94
TXN-011008,2023-06-28,Engineering,LATAM,Completed,1683.67,3582.53
TXN-011009,2022-10-13,Engineering,LATAM,Pending,7046.22,2425.36
TXN-011010,2022-04-07,Sales,APAC,Completed,1049.42,2158.27
TXN-011011,2022-04-27,Sales,APAC,Completed,6096.19,1736.56
TXN-011012,2022-01-15,Engineering,EMEA,Pending,4150.83,2449.13
TXN-011013,2022-03-04,Operations,APAC,Completed,6110.68,1620.45
TXN-011014,2022-09-10,Operations,North America,Completed,4832.79,2244.65
TXN-011015,2023-12-07,Customer Support,APAC,Failed,6319.58,2601.34
TXN-011016,2022-10-22,Engineering,APAC,Failed,4847.57,2305.99
TXN-011017,2022-04-03,Operations,North America,Failed,,1198.9
TXN-011018,2022-03-07,Engineering,North America,Completed,4351.66,1524.02
TXN-011019,2022-12-25,Engineering,EMEA,Pending,4891.87,1368.99
TXN-011020,2022-09-17,Customer Support,LATAM,Completed,4689.12,2642.61
TXN-011021,2022-05-14,Sales,LATAM,Completed,6915.13,1518.52
TXN-011022,2023-11-11,Sales,EMEA,Failed,5950.28,1027.88
TXN-011023,2023-01-14,Engineering,EMEA,Completed,3875.54,3376.1
TXN-011024,2022-08-14,Operations,EMEA,Failed,6168.17,1526.36
TXN-011025,2023-12-18,Marketing,APAC,Failed,4725.62,3111.04
TXN-011026,2023-02-21,Sales,North America,Completed,4656.02,722.81
TXN-011027,2022-11-23,Engineering,APAC,Failed,5133.15,1299.13
TXN-011028,2022-01-27,Engineering,LATAM,Completed,2631.01,1323.02
TXN-011029,2022-03-11,Marketing,APAC,Completed,4627.42,1499.34
TXN-011030,2023-01-05,Customer Support,APAC,Pending,6101.15,1449.65
TXN-011031,2023-10-15,Engineering,LATAM,Completed,7711.86,913.8
TXN-011032,2023-10-10,Customer Support,APAC,Pending,6204.14,2270.09
TXN-011033,2022-08-05,Customer Support,APAC,Completed,5631.68,2360.43
TXN-011034,2023-06-12,Engineering,LATAM,Completed,3329.48,252.65
TXN-011035,2022-03-19,Sales,EMEA,Failed,4705.8,375.46
TXN-011036,2022-04-24,Engineering,LATAM,Completed,7094.95,2200.13
TXN-011037,2023-11-14,Marketing,North America,Completed,2894.21,3125.29
TXN-011038,2022-12-11,Customer Support,LATAM,Completed,5760.68,3450.86
TXN-011039,2023-09-07,Engineering,EMEA,Failed,4553.36,3315.25
TXN-011040,2022-11-04,Customer Support,EMEA,Completed,4768.59,1971.72
TXN-011041,2023-11-05,Engineering,North America,Completed,3809.34,4371.67
TXN-011042,2022-01-11,Customer Support,North America,Completed,6016.91,4149.83
TXN-011043,2022-08-10,Customer Support,North America,Pending,2881.21,2129.74
TXN-011044,2023-12-14,Operations,LATAM,Failed,5181.77,734.17
TXN-011045,2023-01-29,Customer Support,North America,Completed,6323.22,2081.27
TXN-011046,2023-12-16,Customer Support,EMEA,Completed,4225.2,1408.13
TXN-011047,2022-08-03,Operations,APAC,Pending,6545.19,
TXN-011048,2023-02-13,Engineering,EMEA,Completed,7599.88,2031.06
TXN-011049,2023-04-10,Marketing,APAC,Completed,6883.7,759.89
TXN-011050,2023-03-16,Sales,LATAM,Completed,5793.65,2255.18
TXN-011051,2022-01-27,Engineering,APAC,Pending,6842.91,3160.21
TXN-011052,2023-08-22,Customer Support,EMEA,Completed,4412.26,827.44
TXN-011053,2023-04-24,Sales,EMEA,Failed,4629.47,437.19
TXN-011054,2023-12-19,Operations,North America,Completed,3437.32,
TXN-011055,2022-07-31,Customer Support,APAC,Failed,5657.01,3397.51
TXN-011056,2023-01-10,Sales,EMEA,Completed,3919.56,2127.11
TXN-011057,2022-05-02,Sales,LATAM,Completed,1343.58,1963.97
TXN-011058,2023-04-02,Customer Support,APAC,Failed,4187.86,1491.19
TXN-011059,2023-07-28,Customer Support,EMEA,Completed,4195.18,2123.51
TXN-011060,2023-03-21,Sales,APAC,Failed,5114.07,539.91
TXN-011061,2022-10-13,Engineering,EMEA,Completed,3189.37,2861.22
TXN-011062,2022-10-04,Operations,APAC,Pending,7296.47,3042.25
TXN-011063,2023-11-04,Marketing,North America,Pending,4121.4,1997.78
TXN-011064,2022-01-14,Engineering,EMEA,Failed,4599.64,2365.47
TXN-011065,2023-12-25,Marketing,North America,Pending,3654.79,2162.66
TXN-011066,2023-11-22,Marketing,North America,Completed,4702.99,2103.22
TXN-011067,2023-12-27,Operations,LATAM,Completed,3578.65,2192.42
TXN-011068,2023-03-19,Sales,LATAM,Completed,2943.16,2469.46
TXN-011069,2023-11-12,Engineering,North America,Completed,3976.16,1933.65
TXN-011070,2022-06-09,Sales,LATAM,Completed,5705.58,2095.96
TXN-011071,2022-06-06,Sales,APAC,Pending,5309.37,3595.14
TXN-011072,2022-10-02,Marketing,APAC,Pending,5432.3,1612.14
TXN-011073,2023-01-27,Customer Support,LATAM,Failed,6328.43,1665.3
TXN-011074,2023-12-01,Marketing,EMEA,Pending,4563.24,1966.35
TXN-011075,2023-07-08,Marketing,LATAM,Completed,7630.09,1579.72
TXN-011076,2023-11-18,Customer Support,LATAM,Failed,3429.26,2075.54
TXN-011077,2022-04-23,Customer Support,EMEA,Completed,7543.07,2462.91
TXN-011078,2022-08-13,Customer Support,EMEA,Pending,5333.39,2137.82
TXN-011079,2022-11-20,Operations,EMEA,Completed,7309.02,1398.39
TXN-011080,2022-04-17,Marketing,APAC,Pending,4973.6,2479.27
TXN-011081,2022-03-21,Sales,APAC,Completed,7551.19,2760.54
TXN-011082,2022-01-05,Operations,LATAM,Completed,6023.55,3660.74
TXN-011083,2023-03-20,Customer Support,EMEA,Completed,6855.12,1773.39
TXN-011084,2023-10-30,Operations,APAC,Completed,5752.07,2902.94
TXN-011085,2022-09-22,Engineering,APAC,Completed,3555.66,1622.28
TXN-011086,2023-01-28,Marketing,APAC,Completed,3876.67,1803.28
TXN-011087,2022-11-04,Marketing,North America,Failed,4572.69,1309.88
TXN-011088,2022-09-22,Engineering,EMEA,Completed,4928.25,1751.86
TXN-011089,2023-08-03,Operations,LATAM,Failed,6343.32,1689.82
TXN-011090,2022-07-11,Marketing,LATAM,Completed,2837.62,3635.53
TXN-011091,2022-01-13,Engineering,APAC,Pending,4898.26,2703.76
TXN-011092,2022-07-27,Marketing,EMEA,Failed,2792.53,3322.74
TXN-011093,2023-06-12,Sales,APAC,Completed,5219.71,7131.471908238797
TXN-011094,2022-08-28,Marketing,EMEA,Pending,3275.91,1578.49
TXN-011095,2023-07-02,Marketing,North America,Completed,4685.71,2443.43
TXN-011096,2023-02-06,Marketing,EMEA,Completed,6493.49,2657.53
TXN-011097,2023-06-12,Engineering,EMEA,Failed,5329.48,872.44
TXN-011098,2023-09-06,Sales,LATAM,Completed,5568.18,2752.89
TXN-011099,2022-02-22,Sales,EMEA,Completed,2207.42,742.86
TXN-011100,2022-02-21,Marketing,EMEA,Failed,4343.12,3407.88
TXN-011101,2023-06-26,Customer Support,LATAM,Failed,4181.7,2650.18
TXN-011102,2023-02-02,Sales,EMEA,Completed,2114.59,823.04
TXN-011103,2022-05-16,Sales,EMEA,Pending,6641.76,1935.39
TXN-011104,2022-04-28,Marketing,LATAM,Pending,3480.63,3892.12
TXN-011105,2022-07-27,Customer Support,North America,Completed,4333.46,589.53
TXN-011106,2023-04-25,Sales,APAC,Completed,4860.58,3004.76
TXN-011107,2022-11-09,Customer Support,APAC,Pending,3323.82,2108.74
TXN-011108,2022-04-21,Customer Support,EMEA,Completed,4997.56,2106.18
TXN-011109,2023-12-28,Customer Support,EMEA,Failed,5667.53,2488.48
TXN-011110,2022-12-28,Operations,LATAM,Completed,4488.14,1562.02
TXN-011111,2022-01-24,Customer Support,LATAM,Pending,5516.45,1450.11
TXN-011112,2022-12-23,Customer Support,APAC,Completed,6191.92,1977.04
TXN-011113,2023-01-23,Marketing,LATAM,Completed,5659.11,2104.06
TXN-011114,2023-01-22,Marketing,EMEA,Completed,6569.87,2976.91
TXN-011115,2022-05-28,Customer Support,EMEA,Completed,2791.92,979.2
TXN-011116,2023-01-15,Customer Support,APAC,Pending,4486.36,999.27
TXN-011117,2022-03-04,Marketing,LATAM,Pending,3318.87,2409.19
TXN-011118,2023-12-11,Operations,APAC,Failed,7092.36,2270.11
TXN-011119,2023-06-28,Operations,LATAM,Completed,7634.85,1451.93
TXN-011120,2022-04-15,Operations,APAC,Completed,6297.95,1655.54
TXN-011121,2023-11-11,Customer Support,APAC,Completed,4761.35,2002.15
TXN-011122,2022-12-17,Marketing,EMEA,Completed,4561.49,2683.65
TXN-011123,2023-12-27,Operations,North America,Failed,4894.95,101.68
TXN-011124,2022-04-16,Customer Support,APAC,Pending,3552.33,947.97
TXN-011125,2022-06-24,Customer Support,North America,Failed,3852.96,2063.99
TXN-011126,2022-11-11,Operations,LATAM,Failed,4869.21,2276.86
TXN-011127,2023-09-30,Marketing,EMEA,Completed,6758.04,616.26
TXN-011128,2022-12-04,Customer Support,EMEA,Completed,4404.71,2642.03
TXN-011129,2022-06-18,Operations,LATAM,Pending,7219.1,2501.49
TXN-011130,2023-11-22,Marketing,North America,Completed,5078.36,3180.51
TXN-011131,2023-10-29,Engineering,APAC,Completed,4702.8,2530.11
TXN-011132,2023-12-22,Operations,LATAM,Failed,4258.23,2565.25
TXN-011133,2022-10-31,Marketing,EMEA,Completed,,2425.25
TXN-011134,2023-07-22,Customer Support,North America,Pending,4812.8,1829.06
TXN-011135,2023-11-14,Customer Support,APAC,Pending,5195.5,1458.46
TXN-011136,2022-07-11,Engineering,LATAM,Pending,5824.9,2561.54
TXN-011137,2023-11-12,Operations,EMEA,Failed,4171.62,1776.16
TXN-011138,2023-09-08,Marketing,EMEA,Completed,4117.25,2786.68
TXN-011139,2023-04-06,Operations,APAC,Completed,5438.37,2138.58
TXN-011140,2022-08-15,Customer Support,EMEA,Pending,4253.61,1635.14
TXN-011141,2023-04-26,Customer Support,EMEA,Pending,3095.66,2109.65
TXN-011142,2022-08-04,Engineering,North America,Failed,4278.73,2805.07
TXN-011143,2022-05-22,Marketing,LATAM,Completed,4070.76,1548.53
TXN-011144,2023-09-15,Marketing,APAC,Completed,2958.25,3226.03
TXN-011145,2022-03-10,Marketing,APAC,Completed,4446.46,1178.48
TXN-011146,2023-11-16,Engineering,APAC,Completed,4822.37,3219.94
TXN-011147,2022-06-05,Sales,APAC,Completed,3637.81,1809.92
TXN-011148,2022-06-09,Sales,EMEA,Completed,6315.27,2415.05
TXN-011149,2022-06-22,Operations,LATAM,Completed,3697.96,1857.34
TXN-011150,2022-05-04,Marketing,EMEA,Failed,6175.82,1683.06
TXN-011151,2023-09-11,Marketing,EMEA,Failed,5899.55,2063.04
TXN-011152,2023-05-25,Sales,APAC,Completed,2927.7,4253.532625216958
TXN-011153,2023-10-03,Sales,APAC,Completed,6476.72,2585.37
TXN-011154,2023-12-09,Operations,LATAM,Completed,5308.67,2771.02
TXN-011155,2023-04-29,Marketing,APAC,Pending,4563.64,1098.61
TXN-011156,2022-04-05,Sales,EMEA,Failed,6918.61,2637.37
TXN-011157,2023-06-26,Operations,LATAM,Pending,3767.65,1648.73
TXN-011158,2023-06-08,Operations,EMEA,Completed,6392.82,1487.53
TXN-011159,2022-08-14,Customer Support,LATAM,Completed,6971.39,1435.26
TXN-011160,2023-01-28,Sales,EMEA,Completed,6457.21,3158.52
TXN-011161,2023-11-02,Marketing,LATAM,Completed,,
TXN-011162,2023-11-21,Operations,EMEA,Completed,7405.25,2267.35
TXN-011163,2023-10-09,Marketing,LATAM,Completed,4125.67,2064.37
TXN-011164,2023-06-12,Marketing,APAC,Completed,5347.01,7823.125453090878
TXN-011165,2023-05-20,Customer Support,North America,Failed,2719.33,1446.35
TXN-011166,2022-06-03,Engineering,North America,Failed,4737.09,2005.93
TXN-011167,2022-11-23,Sales,LATAM,Completed,,1773.97
TXN-011168,2023-03-03,Operations,APAC,Completed,5145.72,788.72
TXN-011169,2023-04-04,Engineering,LATAM,Completed,7945.78,1589.6
TXN-011170,2022-02-20,Sales,LATAM,Failed,7140.45,2696.78
TXN-011171,2022-04-18,Operations,North America,Failed,4988.38,1236.41
TXN-011172,2023-02-24,Marketing,APAC,Completed,4978.18,1935.54
TXN-011173,2023-06-30,Sales,APAC,Failed,4383.61,1704.33
TXN-011174,2023-09-01,Sales,North America,Completed,5547.01,2941.16
TXN-011175,2023-08-09,Sales,APAC,Completed,4429.9,2345.4
TXN-011176,2022-07-18,Sales,EMEA,Completed,2591.47,2359.82
TXN-011177,2022-10-19,Sales,North America,Completed,3491.08,1373.27
TXN-011178,2022-05-12,Marketing,LATAM,Failed,6977.71,3354.1
TXN-011179,2023-08-18,Engineering,LATAM,Completed,7617.66,2355.65
TXN-011180,2023-03-12,Sales,APAC,Completed,2264.74,1203.79
TXN-011181,2022-07-27,Sales,LATAM,Completed,6345.45,3394.66
TXN-011182,2022-03-15,Sales,North America,Failed,6276.34,1317.37
TXN-011183,2022-01-27,Engineering,North America,Completed,4015.81,1427.55
TXN-011184,2022-05-19,Engineering,North America,Failed,5834.01,2380.8
TXN-011185,2023-07-30,Marketing,North America,Failed,3650.01,956.05
TXN-011186,2022-12-21,Operations,EMEA,Failed,3382.51,2312.28
TXN-011187,2023-08-16,Sales,APAC,Completed,5757.33,1675.36
TXN-011188,2022-12-16,Marketing,LATAM,Pending,2439.21,3050.52
TXN-011189,2022-01-06,Operations,LATAM,Completed,5345.32,1114.43
TXN-011190,2022-04-08,Engineering,LATAM,Completed,5754.83,1294.05
TXN-011191,2023-12-30,Operations,APAC,Pending,3218.77,2850.66
TXN-011192,2022-08-14,Marketing,EMEA,Completed,4663.75,2317.14
TXN-011193,2022-05-30,Customer Support,North America,Completed,4170.57,1009.24
TXN-011194,2022-03-17,Engineering,APAC,Failed,3723.71,3137.76
TXN-011195,2023-01-08,Marketing,LATAM,Completed,3038.4,2055.23
TXN-011196,2023-03-10,Sales,EMEA,Completed,3162.53,2257.06
TXN-011197,2023-05-16,Engineering,North America,Completed,4021.04,2470.47
TXN-011198,2023-01-21,Engineering,North America,Completed,5235.55,2050.31
TXN-011199,2022-11-29,Engineering,North America,Pending,1218.33,639.66
TXN-011200,2023-07-31,Operations,APAC,Failed,3963.95,1936.16
TXN-011201,2022-04-01,Engineering,EMEA,Pending,3556.06,2956.17
TXN-011202,2022-11-15,Customer Support,EMEA,Completed,4987.09,2843.7
TXN-011203,2022-03-18,Engineering,EMEA,Failed,6579.42,1705.46
TXN-011204,2022-04-28,Marketing,LATAM,Failed,7158.27,1166.93
TXN-011205,2022-07-10,Sales,North America,Failed,5006.11,1362.52
TXN-011206,2023-11-28,Marketing,LATAM,Completed,4924.54,1373.06
TXN-011207,2023-05-15,Marketing,APAC,Pending,6850.73,8453.555807761964
TXN-011208,2023-08-20,Sales,EMEA,Completed,7240.78,1949.89
TXN-011209,2022-12-29,Sales,LATAM,Failed,4466.62,949.17
TXN-011210,2023-03-17,Marketing,APAC,Completed,5362.09,2128.64
TXN-011211,2022-01-31,Operations,LATAM,Failed,2999.8,2153.87
TXN-011212,2022-02-10,Customer Support,LATAM,Completed,6541.04,3347.98
TXN-011213,2022-02-10,Customer Support,LATAM,Completed,4075.24,2555.83
TXN-011214,2022-05-28,Engineering,North America,Pending,6878.87,2888.99
TXN-011215,2022-01-11,Operations,APAC,Pending,6094.31,2816.29
TXN-011216,2022-03-27,Marketing,APAC,Completed,3972.03,907.91
TXN-011217,2023-06-10,Sales,APAC,Failed,4700.5,7010.972687442197
TXN-011218,2022-04-04,Marketing,North America,Completed,3803.12,2699.51
TXN-011219,2022-07-29,Marketing,LATAM,Pending,5269.64,797.04
TXN-011220,2023-04-28,Sales,LATAM,Completed,6054.95,2886.57
TXN-011221,2022-07-31,Engineering,North America,Completed,2111.7,992.72
TXN-011222,2023-08-30,Marketing,North America,Pending,4853.16,3266.34
TXN-011223,2023-04-07,Marketing,LATAM,Completed,4458.74,1591.03
TXN-011224,2023-06-12,Engineering,APAC,Completed,4352.7,10897.540625335761
TXN-011225,2022-11-24,Marketing,EMEA,Completed,4502.56,2539.28
TXN-011226,2022-06-27,Marketing,EMEA,Failed,3505.56,2060.76
TXN-011227,2023-12-11,Marketing,EMEA,Pending,3812.04,1159.8
TXN-011228,2022-07-09,Operations,LATAM,Completed,3309.87,2375.93
TXN-011229,2022-04-10,Engineering,APAC,Failed,5027.87,1012.08
TXN-011230,2022-02-17,Customer Support,LATAM,Completed,6692.09,718.01
TXN-011231,2022-03-09,Operations,LATAM,Pending,5546.56,1956.52
TXN-011232,2022-05-11,Marketing,LATAM,Completed,3959.42,2719.32
TXN-011233,2022-03-14,Customer Support,APAC,Pending,6095.48,1726.82
TXN-011234,2023-11-28,Operations,North America,Completed,4275.41,2240.09
TXN-011235,2023-04-22,Engineering,LATAM,Completed,4877.48,2373.67
TXN-011236,2023-06-26,Marketing,North America,Pending,5810.26,1898.9
TXN-011237,2022-05-01,Operations,EMEA,Completed,4023.93,1042.67
TXN-011238,2023-04-13,Sales,North America,Completed,4777.82,3325.23
TXN-011239,2022-06-15,Sales,EMEA,Completed,261.19,939.61
TXN-011240,2022-06-21,Operations,APAC,Completed,3494.21,1365.87
TXN-011241,2023-05-21,Sales,APAC,Completed,2995.36,9927.742825643054
TXN-011242,2023-08-06,Customer Support,APAC,Completed,6562.25,2041.28
TXN-011243,2023-10-14,Engineering,APAC,Completed,6009.63,4034.99
TXN-011244,2022-12-03,Marketing,APAC,Pending,3737.0,3678.8
TXN-011245,2023-05-20,Sales,North America,Pending,477.86,1892.2
TXN-011246,2022-04-30,Engineering,North America,Completed,5084.97,1819.91
TXN-011247,2022-10-11,Engineering,LATAM,Completed,6104.14,2514.11
TXN-011248,2023-09-06,Sales,APAC,Failed,8227.06,2480.4
TXN-011249,2023-08-30,Engineering,APAC,Failed,5629.07,3138.85
TXN-011250,2023-03-31,Customer Support,APAC,Completed,6607.73,1831.11
TXN-011251,2022-01-16,Marketing,EMEA,Pending,5213.91,1746.36
TXN-011252,2022-11-22,Marketing,APAC,Completed,3610.95,759.28
TXN-011253,2022-01-26,Customer Support,LATAM,Completed,4218.01,2426.98
TXN-011254,2023-03-19,Operations,APAC,Completed,4407.05,3391.84
TXN-011255,2022-06-23,Engineering,North America,Pending,3419.18,1618.0
TXN-011256,2022-03-04,Customer Support,North America,Failed,4462.42,1831.95
TXN-011257,2022-07-16,Sales,North America,Failed,5776.68,2245.08
TXN-011258,2022-04-19,Customer Support,APAC,Completed,5348.67,2479.52
TXN-011259,2022-06-15,Sales,APAC,Pending,6693.69,2090.55
TXN-011260,2023-12-16,Operations,North America,Failed,7543.47,1486.23
TXN-011261,2023-03-27,Customer Support,EMEA,Completed,5318.02,1163.87
TXN-011262,2023-05-15,Sales,LATAM,Pending,4727.29,1952.83
TXN-011263,2022-04-06,Engineering,LATAM,Failed,1502.93,721.74
TXN-011264,2023-09-26,Marketing,North America,Completed,3875.51,2019.69
TXN-011265,2023-06-18,Engineering,North America,Completed,3570.5,966.38
TXN-011266,2022-11-21,Operations,EMEA,Completed,3045.66,1819.7
TXN-011267,2022-03-15,Engineering,North America,Failed,8520.91,3891.63
TXN-011268,2023-05-31,Customer Support,North America,Completed,8261.73,2405.25
TXN-011269,2023-05-18,Sales,APAC,Completed,9871.44,3648.2655633909044
TXN-011270,2023-07-07,Sales,LATAM,Completed,4572.62,2070.5
TXN-011271,2022-08-29,Sales,LATAM,Pending,6602.71,3194.68
TXN-011272,2023-11-02,Marketing,APAC,Pending,2607.96,1566.38
TXN-011273,2022-10-04,Sales,APAC,Completed,2773.91,0.0
TXN-011274,2022-06-25,Marketing,APAC,Completed,5839.36,1605.76
TXN-011275,2023-08-26,Customer Support,North America,Completed,6218.4,1586.93
TXN-011276,2023-01-22,Customer Support,North America,Completed,5574.43,2163.3
TXN-011277,2022-06-27,Sales,EMEA,Pending,6870.67,738.54
TXN-011278,2022-06-27,Customer Support,LATAM,Completed,4231.25,1935.45
TXN-011279,2023-11-17,Marketing,EMEA,Failed,6990.52,1404.06
TXN-011280,2022-05-04,Operations,EMEA,Completed,4652.04,2162.18
TXN-011281,2022-07-03,Customer Support,North America,Pending,4656.66,852.81
TXN-011282,2023-05-19,Operations,North America,Failed,5067.64,285.39
TXN-011283,2023-05-26,Sales,North America,Completed,3561.39,1973.44
TXN-011284,2023-11-12,Operations,EMEA,Completed,3165.66,2865.12
TXN-011285,2022-02-15,Customer Support,APAC,Completed,4451.53,2876.49
TXN-011286,2022-08-05,Customer Support,EMEA,Completed,4925.18,1356.77
TXN-011287,2023-07-17,Customer Support,North America,Completed,4792.79,1141.27
TXN-011288,2023-03-21,Sales,APAC,Failed,3598.37,3052.89
TXN-011289,2022-09-04,Sales,LATAM,Completed,4034.45,15.66
TXN-011290,2022-02-27,Sales,EMEA,Completed,5835.7,2102.14
TXN-011291,2023-06-17,Engineering,LATAM,Failed,,2791.76
TXN-011292,2023-04-25,Engineering,LATAM,Completed,5376.51,1372.69
TXN-011293,2022-11-23,Sales,APAC,Completed,4957.0,3042.87
TXN-011294,2023-09-11,Operations,LATAM,Completed,2483.69,2201.99
TXN-011295,2023-04-26,Sales,North America,Completed,4007.08,2737.23
TXN-011296,2022-03-19,Marketing,APAC,Completed,4771.35,1567.85
TXN-011297,2023-12-06,Sales,EMEA,Completed,5123.76,2868.86
TXN-011298,2022-12-16,Customer Support,APAC,Completed,5026.72,1432.34
TXN-011299,2022-07-11,Engineering,North America,Failed,2885.79,1525.17
TXN-011300,2023-07-10,Operations,North America,Completed,6011.77,2525.03
TXN-011301,2022-05-22,Customer Support,EMEA,Completed,5140.81,858.12
TXN-011302,2022-05-15,Engineering,North America,Pending,2956.52,1749.65
TXN-011303,2022-05-23,Customer Support,EMEA,Completed,5284.36,1058.5
TXN-011304,2022-09-27,Customer Support,LATAM,Completed,6103.9,2724.04
TXN-011305,2023-12-28,Sales,EMEA,Completed,3607.85,2982.47
TXN-011306,2022-03-17,Sales,APAC,Completed,4929.1,2290.06
TXN-011307,2023-05-12,Sales,APAC,Pending,4554.06,7502.4432508217415
TXN-011308,2023-05-04,Marketing,North America,Failed,3644.1,1944.87
TXN-011309,2023-08-10,Engineering,EMEA,Completed,6416.58,1747.3
TXN-011310,2023-02-07,Marketing,LATAM,Failed,2587.88,1954.58
TXN-011311,2023-05-08,Operations,EMEA,Pending,5800.47,1434.03
TXN-011312,2023-01-06,Marketing,North America,Completed,5592.98,1699.93
TXN-011313,2023-05-13,Engineering,APAC,Completed,3878.49,6382.63927384153
TXN-011314,2022-12-28,Marketing,APAC,Completed,6019.52,2758.49
TXN-011315,2023-12-25,Customer Support,APAC,Failed,,685.11
TXN-011316,2023-10-10,Sales,LATAM,Pending,5793.72,1708.12
TXN-011317,2023-06-17,Sales,North America,Completed,5540.46,2629.85
TXN-011318,2022-11-08,Operations,LATAM,Completed,4613.93,346.75
TXN-011319,2022-10-13,Operations,LATAM,Pending,4902.35,3782.86
TXN-011320,2022-11-17,Sales,LATAM,Pending,,1236.68
TXN-011321,2022-04-16,Marketing,North America,Failed,2073.69,2527.27
TXN-011322,2023-04-27,Operations,EMEA,Completed,5599.78,1248.35
TXN-011323,2022-12-11,Operations,EMEA,Completed,6061.97,3024.64
TXN-011324,2023-12-10,Customer Support,North America,Pending,5646.13,995.11
TXN-011325,2023-12-01,Customer Support,LATAM,Completed,7276.42,733.93
TXN-011326,2022-02-14,Customer Support,EMEA,Failed,4988.31,1607.75
TXN-011327,2022-10-31,Marketing,APAC,Failed,4299.58,2000.31
TXN-011328,2022-10-12,Operations,LATAM,Completed,5508.45,1516.5
TXN-011329,2022-10-12,Sales,EMEA,Completed,5722.07,1737.64
TXN-011330,2023-07-29,Customer Support,EMEA,Failed,2379.59,1982.31
TXN-011331,2022-05-21,Customer Support,APAC,Completed,5989.56,2165.29
TXN-011332,2022-07-05,Sales,EMEA,Completed,5860.28,2144.37
TXN-011333,2022-08-01,Customer Support,LATAM,Failed,5954.39,2913.12
TXN-011334,2023-04-02,Customer Support,APAC,Completed,5728.92,1254.74
TXN-011335,2023-08-12,Engineering,North America,Completed,5158.71,3719.91
TXN-011336,2022-11-16,Operations,APAC,Completed,2165.81,2205.65
TXN-011337,2023-03-16,Operations,EMEA,Failed,6131.16,1951.98
TXN-011338,2023-08-21,Marketing,North America,Pending,5191.97,2023.61
TXN-011339,2022-12-07,Engineering,LATAM,Completed,4016.76,985.84
TXN-011340,2023-06-15,Customer Support,LATAM,Pending,5455.47,1653.04
TXN-011341,2022-03-28,Sales,APAC,Pending,4629.74,2108.64
TXN-011342,2023-06-19,Marketing,EMEA,Pending,4771.74,1654.9
TXN-011343,2023-09-21,Engineering,North America,Completed,7338.57,1632.63
TXN-011344,2022-09-28,Customer Support,North America,Failed,6090.98,2389.57
TXN-011345,2022-02-25,Customer Support,EMEA,Pending,5587.66,627.68
TXN-011346,2023-01-01,Operations,APAC,Failed,3997.25,2683.8
TXN-011347,2023-12-22,Sales,LATAM,Completed,5173.31,728.13
TXN-011348,2023-11-27,Customer Support,EMEA,Pending,5532.2,3115.9
TXN-011349,2023-09-03,Marketing,LATAM,Pending,7325.99,2167.68
TXN-011350,2022-10-02,Sales,EMEA,Completed,3542.05,3703.93
TXN-011351,2022-02-08,Marketing,APAC,Completed,6156.87,2238.79
TXN-011352,2022-02-20,Engineering,EMEA,Failed,4764.71,2496.6
TXN-011353,2022-11-17,Operations,EMEA,Pending,3351.37,1408.84
TXN-011354,2022-02-26,Marketing,LATAM,Completed,5380.89,1658.35
TXN-011355,2023-02-06,Engineering,LATAM,Completed,2922.51,1916.14
TXN-011356,2022-08-23,Sales,APAC,Completed,5964.5,1539.61
TXN-011357,2022-03-24,Marketing,LATAM,Failed,2942.4,3043.31
TXN-011358,2022-12-18,Marketing,LATAM,Completed,2368.84,2251.79
TXN-011359,2022-07-03,Sales,North America,Completed,3274.25,1225.39
TXN-011360,2022-10-25,Operations,North America,Failed,4227.36,2009.76
TXN-011361,2023-11-12,Engineering,APAC,Completed,6069.44,2249.09
TXN-011362,2022-10-18,Operations,EMEA,Completed,5205.65,1732.25
TXN-011363,2022-02-27,Customer Support,EMEA,Completed,2834.97,2394.12
TXN-011364,2023-03-01,Sales,APAC,Failed,2932.2,2801.13
TXN-011365,2023-01-19,Sales,APAC,Completed,3406.66,1385.42
TXN-011366,2022-09-10,Sales,North America,Pending,7799.91,2034.31
TXN-011367,2023-05-31,Operations,LATAM,Pending,6966.42,1645.86
TXN-011368,2022-10-25,Customer Support,APAC,Completed,3841.51,2536.9
TXN-011369,2023-09-25,Marketing,APAC,Pending,6446.21,1260.77
TXN-011370,2023-09-21,Marketing,APAC,Pending,5698.7,2128.47
TXN-011371,2023-11-26,Operations,APAC,Completed,5058.19,1363.54
TXN-011372,2022-02-05,Customer Support,LATAM,Completed,3469.37,2092.76
TXN-011373,2023-08-26,Customer Support,APAC,Completed,6999.41,443.54
TXN-011374,2022-12-23,Customer Support,LATAM,Pending,5928.39,2935.77
TXN-011375,2023-04-04,Marketing,EMEA,Completed,3890.79,2367.11
TXN-011376,2023-12-23,Customer Support,EMEA,Pending,3082.42,2891.18
TXN-011377,2023-03-01,Sales,APAC,Completed,3212.7,3015.67
TXN-011378,2023-11-26,Operations,APAC,Pending,6213.98,1059.55
TXN-011379,2023-04-16,Marketing,North America,Failed,5399.7,3174.75
TXN-011380,2023-03-27,Marketing,North America,Failed,7180.17,2046.47
TXN-011381,2023-03-26,Sales,North America,Completed,6084.94,2923.45
TXN-011382,2022-09-27,Sales,LATAM,Failed,2317.32,2494.9
TXN-011383,2023-12-27,Engineering,North America,Completed,5686.35,1874.09
TXN-011384,2023-06-22,Engineering,APAC,Completed,3407.41,2869.66
TXN-011385,2023-05-03,Engineering,North America,Failed,5045.21,836.66
TXN-011386,2022-09-09,Operations,APAC,Completed,5539.78,1551.26
TXN-011387,2022-04-11,Customer Support,North America,Pending,6702.08,3011.57
TXN-011388,2023-11-02,Sales,North America,Completed,7512.12,2750.16
TXN-011389,2023-06-23,Customer Support,North America,Completed,6361.96,2179.52
TXN-011390,2022-09-19,Customer Support,EMEA,Pending,4807.99,2570.21
TXN-011391,2023-12-08,Sales,North America,Completed,5620.07,1752.27
TXN-011392,2022-08-31,Customer Support,LATAM,Completed,3412.2,2195.59
TXN-011393,2023-08-02,Operations,APAC,Failed,5591.59,974.14
TXN-011394,2022-10-03,Sales,LATAM,Completed,2628.8,2626.38
TXN-011395,2023-04-06,Customer Support,North America,Failed,6461.57,3295.51
TXN-011396,2023-12-25,Operations,APAC,Completed,6438.29,2450.53
TXN-011397,2023-03-15,Engineering,EMEA,Pending,2223.39,1763.84
TXN-011398,2022-12-21,Sales,EMEA,Pending,3824.1,1834.23
TXN-011399,2023-03-26,Engineering,North America,Pending,3316.89,1479.12
TXN-011400,2022-01-09,Marketing,North America,Completed,4619.31,1555.11
TXN-011401,2022-06-10,Marketing,APAC,Failed,2748.98,2018.04
TXN-011402,2023-11-01,Customer Support,EMEA,Failed,6400.17,2546.64
TXN-011403,2023-05-19,Customer Support,EMEA,Pending,7233.51,2680.16
TXN-011404,2023-10-12,Operations,LATAM,Completed,4385.39,1284.83
TXN-011405,2023-07-11,Sales,EMEA,Completed,4024.73,2064.88
TXN-011406,2023-07-19,Operations,LATAM,Completed,5426.3,2793.32
TXN-011407,2022-10-30,Customer Support,EMEA,Pending,4137.94,1112.06
TXN-011408,2022-08-26,Operations,EMEA,Pending,2336.16,3190.03
TXN-011409,2023-06-27,Customer Support,APAC,Completed,2928.74,2200.1
TXN-011410,2022-01-12,Operations,North America,Completed,3718.89,1077.29
TXN-011411,2023-03-17,Sales,APAC,Completed,3067.66,1476.09
TXN-011412,2022-08-23,Engineering,North America,Completed,5534.55,2306.17
TXN-011413,2022-08-06,Customer Support,LATAM,Completed,5524.61,1490.33
TXN-011414,2022-09-05,Customer Support,APAC,Failed,6931.85,2328.81
TXN-011415,2023-06-05,Engineering,EMEA,Completed,6819.17,2163.92
TXN-011416,2022-06-09,Operations,APAC,Pending,3333.99,1917.91
TXN-011417,2022-09-08,Sales,LATAM,Completed,6971.28,2550.72
TXN-011418,2022-03-15,Engineering,LATAM,Failed,3992.86,2613.0
TXN-011419,2022-02-03,Sales,APAC,Completed,6525.43,1444.68
TXN-011420,2022-09-11,Marketing,LATAM,Completed,6243.99,2051.85
TXN-011421,2023-06-23,Operations,LATAM,Failed,5426.69,2093.46
TXN-011422,2022-04-18,Operations,North America,Pending,6348.34,1920.36
TXN-011423,2023-10-20,Sales,North America,Completed,5699.41,2207.05
TXN-011424,2023-04-08,Operations,APAC,Completed,4410.06,3703.21
TXN-011425,2023-10-16,Engineering,EMEA,Failed,,3874.5
TXN-011426,2022-11-02,Sales,EMEA,Completed,4957.81,1471.71
TXN-011427,2022-01-08,Engineering,North America,Completed,2963.74,1223.44
TXN-011428,2023-10-07,Marketing,APAC,Pending,2857.9,571.26
TXN-011429,2023-05-09,Engineering,APAC,Failed,4915.91,4378.600181916971
TXN-011430,2022-08-23,Marketing,APAC,Completed,7683.12,1534.33
TXN-011431,2023-02-27,Marketing,APAC,Completed,6741.28,1073.18
TXN-011432,2023-08-11,Sales,APAC,Completed,6665.32,3240.81
TXN-011433,2022-04-20,Engineering,North America,Failed,1559.62,3309.69
TXN-011434,2023-05-04,Operations,North America,Completed,2072.63,2118.27
TXN-011435,2022-08-24,Engineering,LATAM,Completed,4504.14,736.53
TXN-011436,2022-07-22,Sales,APAC,Failed,6571.88,2993.66
TXN-011437,2023-04-22,Marketing,North America,Completed,4093.16,2187.58
TXN-011438,2023-11-25,Engineering,North America,Completed,2087.56,2146.59
TXN-011439,2023-11-29,Engineering,EMEA,Completed,4673.97,2856.41
TXN-011440,2023-07-03,Sales,APAC,Completed,4966.65,3187.04
TXN-011441,2022-01-20,Marketing,North America,Pending,5679.65,3117.22
TXN-011442,2022-10-07,Customer Support,LATAM,Completed,7065.65,2869.12
TXN-011443,2023-03-17,Customer Support,North America,Completed,5036.2,571.01
TXN-011444,2022-03-19,Operations,APAC,Failed,3726.35,2612.07
TXN-011445,2022-07-04,Marketing,North America,Pending,5748.02,614.47
TXN-011446,2023-08-18,Engineering,APAC,Completed,5025.92,1756.01
TXN-011447,2023-09-26,Engineering,LATAM,Failed,2903.43,3622.38
TXN-011448,2023-08-18,Sales,EMEA,Completed,5234.59,2067.57
TXN-011449,2022-04-06,Sales,APAC,Completed,7306.55,2311.39
TXN-011450,2023-08-19,Operations,EMEA,Completed,5246.98,679.28
TXN-011451,2023-09-23,Operations,APAC,Completed,6527.81,3065.82
TXN-011452,2023-07-19,Sales,North America,Pending,3207.7,4516.1
TXN-011453,2023-07-30,Marketing,North America,Completed,5939.28,2572.63
TXN-011454,2023-04-28,Customer Support,LATAM,Completed,1909.07,3174.02
TXN-011455,2022-02-02,Customer Support,North America,Completed,5032.43,2071.56
TXN-011456,2022-09-16,Marketing,APAC,Pending,4281.39,1997.6
TXN-011457,2022-04-07,Marketing,EMEA,Pending,8190.67,1544.77
TXN-011458,2022-05-29,Engineering,North America,Pending,3514.6,2901.94
TXN-011459,2023-06-03,Operations,APAC,Pending,4628.69,3130.4334551260877
TXN-011460,2023-02-04,Engineering,APAC,Completed,4484.84,709.98
TXN-011461,2023-02-07,Engineering,APAC,Completed,3859.56,1771.69
TXN-011462,2023-10-19,Customer Support,APAC,Completed,3922.77,1541.56
TXN-011463,2022-02-08,Marketing,North America,Completed,5217.63,1342.45
TXN-011464,2023-12-20,Operations,EMEA,Completed,4690.83,1301.74
TXN-011465,2023-12-19,Customer Support,North America,Completed,6115.11,1879.39
TXN-011466,2022-02-19,Operations,North America,Pending,4821.19,1657.87
TXN-011467,2022-04-24,Engineering,APAC,Completed,6635.13,1642.25
TXN-011468,2022-07-16,Operations,North America,Failed,5145.84,3535.19
TXN-011469,2023-08-14,Operations,North America,Completed,4412.62,1725.4
TXN-011470,2023-04-29,Engineering,EMEA,Completed,4400.94,2249.23
TXN-011471,2023-02-02,Customer Support,EMEA,Pending,4437.31,3394.22
TXN-011472,2023-02-08,Operations,North America,Failed,4897.98,1378.08
TXN-011473,2022-04-09,Marketing,North America,Pending,5181.94,1836.73
TXN-011474,2022-09-10,Operations,APAC,Pending,5231.35,877.54
TXN-011475,2023-07-16,Marketing,North America,Completed,5219.57,1836.89
TXN-011476,2022-08-24,Operations,APAC,Failed,6201.64,2104.09
TXN-011477,2022-02-09,Engineering,EMEA,Failed,5057.33,1556.31
TXN-011478,2023-04-20,Engineering,EMEA,Completed,,1843.86
TXN-011479,2023-11-15,Operations,LATAM,Completed,510.33,3723.36
TXN-011480,2022-06-16,Marketing,North America,Completed,4805.23,1224.68
TXN-011481,2022-05-26,Operations,North America,Completed,7230.66,2386.89
TXN-011482,2022-07-21,Marketing,North America,Pending,4378.32,1566.5
TXN-011483,2022-11-22,Operations,APAC,Completed,4807.27,2172.7
TXN-011484,2022-09-10,Customer Support,EMEA,Completed,5415.1,941.59
TXN-011485,2022-10-12,Sales,EMEA,Failed,6357.12,2288.75
TXN-011486,2022-08-14,Engineering,APAC,Completed,1612.0,1548.77
TXN-011487,2022-05-11,Engineering,EMEA,Completed,4353.35,892.38
TXN-011488,2022-06-22,Marketing,APAC,Completed,4757.36,608.77
TXN-011489,2022-09-15,Sales,APAC,Failed,6233.31,821.68
TXN-011490,2022-04-10,Operations,APAC,Completed,7218.9,1239.86
TXN-011491,2023-06-13,Customer Support,APAC,Completed,5807.28,6599.298220867363
TXN-011492,2022-07-21,Sales,LATAM,Failed,5354.5,2033.22
TXN-011493,2022-07-01,Operations,APAC,Failed,4308.82,1939.85
TXN-011494,2023-05-16,Marketing,APAC,Completed,3577.62,9368.608467366226
TXN-011495,2023-10-18,Operations,LATAM,Completed,2816.02,1705.36
TXN-011496,2022-01-04,Sales,EMEA,Completed,4493.95,2234.77
TXN-011497,2022-12-27,Operations,EMEA,Failed,4926.16,1627.66
TXN-011498,2022-08-14,Sales,EMEA,Pending,2667.19,2509.45
TXN-011499,2022-04-27,Operations,North America,Completed,3069.1,1837.29
TXN-011500,2023-05-21,Engineering,LATAM,Completed,8628.31,3637.05
TXN-011501,2023-11-27,Sales,North America,Completed,2089.85,2681.3
TXN-011502,2022-06-21,Operations,North America,Failed,5805.89,2514.29
TXN-011503,2023-02-02,Engineering,APAC,Completed,7140.64,1879.72
TXN-011504,2023-05-27,Customer Support,LATAM,Pending,6005.66,1696.81
TXN-011505,2022-06-08,Sales,North America,Completed,4589.96,1214.05
TXN-011506,2023-04-03,Engineering,APAC,Completed,6877.42,2388.58
TXN-011507,2022-06-04,Engineering,APAC,Completed,2574.36,659.15
TXN-011508,2023-03-22,Operations,LATAM,Failed,5538.57,1794.11
TXN-011509,2022-05-19,Customer Support,LATAM,Completed,3457.72,2295.69
TXN-011510,2023-01-09,Operations,APAC,Completed,4058.93,1474.88
TXN-011511,2023-04-08,Engineering,LATAM,Pending,6004.97,917.85
TXN-011512,2022-04-20,Operations,North America,Completed,4307.52,2171.56
TXN-011513,2023-01-26,Operations,EMEA,Completed,3838.6,1353.61
TXN-011514,2022-12-27,Sales,North America,Failed,6196.93,990.11
TXN-011515,2023-06-29,Operations,LATAM,Completed,4897.47,679.67
TXN-011516,2023-10-17,Customer Support,LATAM,Completed,4804.24,1985.81
TXN-011517,2022-02-06,Marketing,EMEA,Completed,5334.48,2536.88
TXN-011518,2022-10-12,Sales,APAC,Failed,5852.4,1616.24
TXN-011519,2022-08-27,Operations,North America,Completed,3068.19,1353.5
TXN-011520,2023-06-27,Operations,LATAM,Completed,4491.67,1484.24
TXN-011521,2022-04-16,Customer Support,LATAM,Completed,5159.33,3083.15
TXN-011522,2023-08-13,Operations,LATAM,Completed,3179.85,1342.48
TXN-011523,2022-08-03,Marketing,LATAM,Failed,4453.8,1768.24
TXN-011524,2022-08-15,Engineering,APAC,Pending,5106.92,2046.16
TXN-011525,2022-07-03,Operations,North America,Completed,7336.6,2997.23
TXN-011526,2022-07-02,Sales,LATAM,Completed,5234.2,1339.81
TXN-011527,2022-11-23,Sales,APAC,Failed,4642.64,1391.68
TXN-011528,2022-11-27,Marketing,EMEA,Pending,5863.05,2455.58
TXN-011529,2022-03-25,Customer Support,APAC,Completed,4781.52,2398.33
TXN-011530,2022-04-23,Customer Support,North America,Failed,5511.35,2877.48
TXN-011531,2022-01-01,Sales,EMEA,Failed,4805.55,2461.35
TXN-011532,2023-07-19,Customer Support,APAC,Pending,3462.64,2074.49
TXN-011533,2023-05-08,Marketing,North America,Completed,6446.64,2811.94
TXN-011534,2022-11-11,Operations,EMEA,Pending,5635.33,2842.81
TXN-011535,2023-07-08,Operations,North America,Completed,3483.33,1101.6
TXN-011536,2022-01-07,Engineering,APAC,Completed,3951.79,3814.87
TXN-011537,2022-09-30,Operations,EMEA,Completed,6108.47,1639.02
TXN-011538,2023-10-02,Customer Support,North America,Pending,4018.02,3391.86
TXN-011539,2023-05-09,Engineering,LATAM,Completed,7336.34,2830.82
TXN-011540,2022-03-21,Marketing,APAC,Completed,5444.6,975.13
TXN-011541,2022-07-27,Marketing,North America,Completed,4857.09,3104.73
TXN-011542,2022-06-26,Engineering,APAC,Failed,6195.14,2465.5
TXN-011543,2022-01-20,Sales,APAC,Completed,4227.59,2283.48
TXN-011544,2022-06-28,Engineering,LATAM,Completed,7480.73,2024.66
TXN-011545,2023-02-21,Sales,North America,Completed,4301.72,3063.14
TXN-011546,2022-10-08,Sales,LATAM,Completed,5709.27,1111.79
TXN-011547,2023-01-18,Operations,EMEA,Failed,4255.22,2322.18
TXN-011548,2022-05-13,Engineering,EMEA,Completed,6570.82,2886.86
TXN-011549,2022-11-30,Sales,North America,Failed,2240.68,1175.97
TXN-011550,2023-07-21,Customer Support,EMEA,Completed,7230.77,2930.02
TXN-011551,2023-08-10,Engineering,North America,Completed,,2513.39
TXN-011552,2022-10-20,Customer Support,LATAM,Completed,2821.47,2599.8
TXN-011553,2023-08-13,Operations,LATAM,Pending,7661.34,1233.94
TXN-011554,2022-10-11,Engineering,APAC,Completed,6518.24,2374.97
TXN-011555,2022-11-19,Sales,LATAM,Completed,3784.28,717.62
TXN-011556,2023-11-27,Marketing,North America,Completed,6232.91,2592.1
TXN-011557,2023-01-29,Sales,North America,Completed,6561.45,1026.1
TXN-011558,2022-12-17,Sales,LATAM,Failed,3833.37,2197.71
TXN-011559,2023-09-01,Sales,EMEA,Failed,4406.22,2709.34
TXN-011560,2023-03-04,Marketing,EMEA,Completed,1420.76,2429.12
TXN-011561,2023-05-21,Marketing,LATAM,Failed,3551.75,1394.57
TXN-011562,2023-12-18,Customer Support,APAC,Pending,5446.12,2594.72
TXN-011563,2023-07-26,Operations,North America,Failed,7597.22,1806.88
TXN-011564,2022-03-26,Sales,APAC,Failed,4984.53,670.74
TXN-011565,2023-08-12,Operations,North America,Completed,6227.97,2298.86
TXN-011566,2022-10-07,Operations,North America,Pending,6190.12,1754.98
TXN-011567,2023-03-28,Marketing,LATAM,Pending,6720.02,1297.07
TXN-011568,2023-01-27,Engineering,LATAM,Completed,2658.22,1769.43
TXN-011569,2022-05-26,Engineering,North America,Completed,1428.87,1594.73
TXN-011570,2023-10-21,Customer Support,APAC,Completed,4421.62,1235.3
TXN-011571,2022-07-13,Engineering,EMEA,Completed,7971.92,2809.12
TXN-011572,2023-12-06,Engineering,LATAM,Failed,3514.3,1900.12
TXN-011573,2023-11-24,Operations,APAC,Failed,4518.9,0.0
TXN-011574,2023-12-21,Sales,APAC,Completed,4146.07,3033.29
TXN-011575,2023-05-19,Customer Support,EMEA,Completed,7957.09,4551.94
TXN-011576,2023-12-28,Engineering,North America,Pending,5069.31,1502.8
TXN-011577,2023-04-28,Sales,LATAM,Completed,3879.05,3574.94
TXN-011578,2023-01-22,Customer Support,APAC,Completed,5126.4,1438.06
TXN-011579,2023-01-22,Customer Support,LATAM,Failed,3312.19,3274.75
TXN-011580,2023-07-02,Marketing,EMEA,Pending,3815.2,1560.21
TXN-011581,2023-04-08,Operations,APAC,Completed,5348.47,3466.82
TXN-011582,2022-04-10,Customer Support,LATAM,Pending,3540.86,26.91
TXN-011583,2022-12-15,Engineering,North America,Completed,4606.45,3731.13
TXN-011584,2023-06-20,Marketing,North America,Completed,3170.99,2801.47
TXN-011585,2023-10-01,Marketing,EMEA,Completed,4138.57,2214.78
TXN-011586,2022-09-01,Sales,LATAM,Completed,8015.08,2484.55
TXN-011587,2023-10-28,Marketing,North America,Pending,1056.4379999999999,1733.87
TXN-011588,2023-01-17,Marketing,LATAM,Completed,5517.65,1986.09
TXN-011589,2023-09-15,Customer Support,APAC,Completed,2393.09,3800.27
TXN-011590,2023-02-10,Sales,North America,Pending,,1778.86
TXN-011591,2023-05-19,Engineering,EMEA,Completed,4714.09,600.59
TXN-011592,2023-08-03,Sales,North America,Completed,4487.95,1753.02
TXN-011593,2023-10-02,Sales,APAC,Completed,4830.9,2356.18
TXN-011594,2022-04-24,Marketing,APAC,Pending,8377.5,2158.19
TXN-011595,2022-02-09,Sales,APAC,Failed,5229.1,1977.35
TXN-011596,2023-12-03,Customer Support,LATAM,Failed,3563.42,1021.32
TXN-011597,2023-09-02,Operations,North America,Completed,5792.85,570.17
TXN-011598,2022-04-07,Engineering,APAC,Completed,7306.66,2410.77
TXN-011599,2022-06-18,Marketing,North America,Completed,3218.25,2606.93
TXN-011600,2023-06-04,Operations,North America,Completed,6352.09,1332.83
TXN-011601,2023-08-07,Engineering,EMEA,Pending,4686.52,2355.67
TXN-011602,2022-08-03,Customer Support,North America,Completed,5148.94,2168.05
TXN-011603,2022-04-30,Sales,North America,Completed,,867.13
TXN-011604,2023-05-04,Sales,LATAM,Pending,4914.38,1705.37
TXN-011605,2023-02-16,Customer Support,LATAM,Pending,4663.53,2383.01
TXN-011606,2023-03-08,Sales,APAC,Pending,5490.87,3171.96
TXN-011607,2023-02-09,Operations,North America,Completed,3099.27,367.62
TXN-011608,2022-02-20,Marketing,APAC,Completed,6115.9,2414.13
TXN-011609,2022-06-16,Engineering,APAC,Pending,4171.67,1920.83
TXN-011610,2023-05-20,Customer Support,LATAM,Completed,4618.86,2011.84
TXN-011611,2023-11-12,Sales,North America,Completed,2832.44,1375.49
TXN-011612,2022-09-21,Customer Support,LATAM,Pending,7152.8,2467.94
TXN-011613,2022-02-09,Engineering,LATAM,Completed,5719.64,1308.92
TXN-011614,2022-10-18,Marketing,EMEA,Pending,6359.54,1639.79
TXN-011615,2023-06-07,Sales,North America,Failed,8314.81,2605.85
TXN-011616,2022-09-10,Sales,EMEA,Pending,3601.06,2556.08
TXN-011617,2022-01-19,Marketing,North America,Completed,4234.65,1675.1
TXN-011618,2022-11-29,Engineering,LATAM,Completed,6024.55,1144.53
TXN-011619,2022-04-12,Marketing,EMEA,Completed,4265.03,1381.79
TXN-011620,2023-06-14,Sales,EMEA,Failed,4806.14,0.0
TXN-011621,2023-09-27,Customer Support,North America,Completed,5761.84,1277.74
TXN-011622,2022-09-02,Engineering,EMEA,Pending,6648.35,3336.59
TXN-011623,2023-02-26,Operations,EMEA,Failed,5852.48,2888.74
TXN-011624,2022-03-01,Marketing,North America,Completed,4228.22,1487.53
TXN-011625,2023-02-24,Sales,North America,Completed,3174.5,2721.54
TXN-011626,2022-02-13,Operations,EMEA,Completed,2730.22,1930.67
TXN-011627,2023-05-09,Engineering,LATAM,Pending,4466.44,1170.46
TXN-011628,2022-05-18,Engineering,APAC,Completed,5902.97,2740.87
TXN-011629,2022-01-15,Sales,LATAM,Completed,5490.77,2097.11
TXN-011630,2022-01-31,Customer Support,APAC,Completed,4735.76,2234.24
TXN-011631,2023-10-31,Customer Support,EMEA,Failed,3584.36,746.82
TXN-011632,2022-04-01,Customer Support,EMEA,Completed,7935.9,606.28
TXN-011633,2023-10-20,Customer Support,LATAM,Failed,6666.62,1896.95
TXN-011634,2022-12-18,Engineering,APAC,Pending,5500.72,1949.71
TXN-011635,2023-11-30,Marketing,LATAM,Completed,4445.06,2740.4
TXN-011636,2022-12-03,Engineering,APAC,Failed,4062.54,2088.37
TXN-011637,2023-05-31,Operations,EMEA,Failed,4646.48,1516.64
TXN-011638,2022-08-14,Operations,LATAM,Completed,3460.96,1851.46
TXN-011639,2022-03-15,Operations,LATAM,Failed,5014.48,2577.83
TXN-011640,2023-06-11,Customer Support,EMEA,Pending,6252.96,2626.22
TXN-011641,2023-02-11,Engineering,LATAM,Completed,5016.86,1370.21
TXN-011642,2023-05-19,Operations,LATAM,Failed,5714.91,296.6
TXN-011643,2023-08-19,Sales,APAC,Failed,5153.46,1760.6
TXN-011644,2023-08-29,Engineering,LATAM,Failed,3892.34,1866.53
TXN-011645,2022-04-18,Engineering,APAC,Pending,4573.95,1892.59
TXN-011646,2022-12-27,Operations,North America,Failed,5133.31,1726.28
TXN-011647,2022-09-22,Sales,EMEA,Completed,7519.2,2025.48
TXN-011648,2023-02-20,Marketing,EMEA,Completed,5488.72,1256.61
TXN-011649,2022-01-23,Customer Support,North America,Completed,5029.3,1701.7
TXN-011650,2022-03-16,Engineering,APAC,Failed,3690.8,2390.3
TXN-011651,2022-04-18,Customer Support,North America,Failed,4119.45,0.0
TXN-011652,2023-03-17,Engineering,North America,Completed,4601.6,2802.19
TXN-011653,2023-02-04,Marketing,EMEA,Completed,5471.2,2557.62
TXN-011654,2023-03-16,Sales,APAC,Completed,3999.13,2260.87
TXN-011655,2022-11-03,Marketing,EMEA,Completed,7295.64,1453.66
TXN-011656,2022-11-15,Marketing,North America,Completed,7836.47,1476.57
TXN-011657,2023-07-15,Marketing,APAC,Failed,5345.66,765.67
TXN-011658,2022-09-17,Engineering,North America,Completed,3554.03,1459.55
TXN-011659,2023-12-31,Operations,APAC,Completed,6192.33,1691.64
TXN-011660,2023-06-03,Customer Support,APAC,Pending,6029.94,9008.23416626415
TXN-011661,2022-08-20,Operations,North America,Completed,4314.98,2455.44
TXN-011662,2022-03-21,Sales,APAC,Completed,7148.53,2297.71
TXN-011663,2023-06-02,Marketing,North America,Completed,5951.29,1991.74
TXN-011664,2023-11-23,Operations,LATAM,Completed,5810.69,1413.71
TXN-011665,2023-10-19,Sales,LATAM,Pending,7454.16,1826.78
TXN-011666,2023-09-27,Engineering,North America,Completed,6105.27,911.96
TXN-011667,2022-04-15,Engineering,LATAM,Completed,4146.39,1751.2
TXN-011668,2022-09-25,Operations,LATAM,Pending,7279.56,2321.86
TXN-011669,2022-05-17,Customer Support,North America,Completed,4972.58,2719.64
TXN-011670,2022-07-30,Sales,EMEA,Completed,6912.77,1715.73
TXN-011671,2023-07-26,Customer Support,North America,Pending,3262.96,2244.94
TXN-011672,2022-07-20,Customer Support,APAC,Completed,4997.72,2744.02
TXN-011673,2022-09-30,Sales,EMEA,Completed,7478.01,2527.89
TXN-011674,2022-02-28,Sales,LATAM,Completed,3648.92,1971.72
TXN-011675,2023-10-17,Customer Support,North America,Failed,2580.61,2501.17
TXN-011676,2022-12-07,Marketing,North America,Completed,4280.08,1389.27
TXN-011677,2022-04-14,Marketing,LATAM,Failed,4395.34,3034.44
TXN-011678,2023-03-12,Operations,North America,Pending,6270.08,1518.99
TXN-011679,2022-12-15,Sales,LATAM,Completed,6359.02,2107.63
TXN-011680,2022-07-03,Customer Support,North America,Failed,4795.05,2780.93
TXN-011681,2022-12-20,Customer Support,North America,Pending,7115.78,1285.27
TXN-011682,2022-02-11,Engineering,EMEA,Failed,5180.76,2073.64
TXN-011683,2022-11-30,Engineering,North America,Failed,7115.91,2749.53
TXN-011684,2022-11-06,Sales,EMEA,Completed,4273.64,2361.4
TXN-011685,2022-12-02,Marketing,EMEA,Completed,3081.93,1876.65
TXN-011686,2022-08-20,Customer Support,LATAM,Failed,5806.52,3779.7
TXN-011687,2023-03-14,Customer Support,North America,Completed,6404.62,1295.22
TXN-011688,2023-01-16,Customer Support,EMEA,Completed,4524.63,3073.06
TXN-011689,2022-07-09,Sales,APAC,Completed,7541.72,1850.25
TXN-011690,2022-08-13,Operations,LATAM,Completed,4075.46,1285.45
TXN-011691,2022-07-20,Sales,North America,Completed,4186.23,2138.58
TXN-011692,2022-10-07,Operations,LATAM,Completed,6282.08,2125.58
TXN-011693,2023-12-11,Engineering,North America,Completed,2101.78,2786.08
TXN-011694,2022-12-12,Operations,North America,Completed,6873.11,1111.22
TXN-011695,2022-08-21,Sales,North America,Completed,5231.34,1020.54
TXN-011696,2023-07-21,Sales,APAC,Pending,,2664.33
TXN-011697,2023-06-14,Marketing,North America,Pending,6397.77,2213.97
TXN-011698,2022-12-10,Marketing,EMEA,Pending,4584.89,
TXN-011699,2022-08-17,Customer Support,LATAM,Completed,2275.15,1301.9
TXN-011700,2022-01-15,Customer Support,North America,Completed,6341.94,1060.37
TXN-011701,2022-01-02,Engineering,LATAM,Completed,4045.08,2503.36
TXN-011702,2023-04-16,Sales,North America,Completed,4194.48,1202.53
TXN-011703,2022-03-31,Marketing,EMEA,Pending,5271.27,2360.19
TXN-011704,2023-07-13,Operations,EMEA,Completed,4217.7,2643.2
TXN-011705,2023-03-27,Engineering,LATAM,Pending,4518.27,944.14
TXN-011706,2022-01-01,Customer Support,LATAM,Failed,5316.3,2123.65
TXN-011707,2022-08-13,Customer Support,EMEA,Completed,1225.01,1036.54
TXN-011708,2022-12-29,Customer Support,North America,Pending,6120.96,1900.3
TXN-011709,2023-08-09,Operations,APAC,Completed,5709.55,1523.94
TXN-011710,2022-06-20,Customer Support,APAC,Completed,4566.98,1479.39
TXN-011711,2023-06-22,Customer Support,APAC,Completed,,2511.34
TXN-011712,2023-06-29,Marketing,North America,Pending,7836.22,2822.41
TXN-011713,2022-07-13,Sales,LATAM,Completed,5029.77,1268.97
TXN-011714,2022-12-25,Engineering,APAC,Pending,4303.33,1240.34
TXN-011715,2022-01-17,Customer Support,EMEA,Completed,3430.82,1065.7
TXN-011716,2022-05-23,Engineering,EMEA,Failed,5576.15,1257.56
TXN-011717,2022-06-30,Marketing,EMEA,Pending,6157.81,2318.16
TXN-011718,2022-03-25,Marketing,LATAM,Pending,3418.07,2095.4
TXN-011719,2023-09-21,Customer Support,EMEA,Pending,1872.49,24.39
TXN-011720,2023-02-08,Marketing,APAC,Completed,4017.98,2733.68
TXN-011721,2023-02-19,Marketing,North America,Pending,5805.48,1079.07
TXN-011722,2023-06-01,Sales,North America,Completed,3116.65,1040.97
TXN-011723,2022-10-09,Sales,APAC,Completed,5484.92,2907.43
TXN-011724,2023-10-21,Customer Support,North America,Pending,4611.91,3228.75
TXN-011725,2023-05-23,Operations,LATAM,Completed,3333.73,3614.39
TXN-011726,2023-03-18,Marketing,EMEA,Failed,3992.28,3681.85
TXN-011727,2022-11-23,Engineering,LATAM,Pending,5636.33,4227.69
TXN-011728,2022-09-08,Engineering,North America,Completed,4356.85,1470.36
TXN-011729,2022-05-12,Engineering,EMEA,Pending,8374.61,1336.43
TXN-011730,2022-10-31,Customer Support,APAC,Completed,7008.61,2131.85
TXN-011731,2023-03-07,Sales,North America,Pending,4091.16,446.15
TXN-011732,2022-11-14,Customer Support,LATAM,Completed,,2118.21
TXN-011733,2023-09-09,Sales,EMEA,Completed,6130.47,2448.54
TXN-011734,2023-01-24,Operations,APAC,Completed,4472.18,1885.19
TXN-011735,2023-06-06,Customer Support,EMEA,Failed,5932.82,2035.38
TXN-011736,2023-01-10,Customer Support,North America,Pending,3351.62,1699.81
TXN-011737,2022-01-06,Operations,North America,Pending,4462.9,3237.39
TXN-011738,2023-05-24,Sales,EMEA,Pending,4035.42,1262.03
TXN-011739,2022-08-12,Engineering,EMEA,Completed,2982.87,2099.96
TXN-011740,2023-11-14,Operations,APAC,Failed,2734.17,1700.89
TXN-011741,2023-10-01,Engineering,EMEA,Pending,3836.75,1649.13
TXN-011742,2022-12-25,Marketing,EMEA,Failed,5552.69,1787.06
TXN-011743,2023-07-26,Sales,EMEA,Failed,8476.83,2753.18
TXN-011744,2023-03-23,Marketing,LATAM,Completed,4741.13,2054.48
TXN-011745,2023-09-11,Operations,LATAM,Completed,4273.07,440.9
TXN-011746,2023-04-26,Operations,EMEA,Completed,3608.0,2972.91
TXN-011747,2022-06-28,Marketing,North America,Completed,8276.05,4040.18
TXN-011748,2023-08-21,Engineering,LATAM,Completed,6096.16,3920.5
TXN-011749,2023-08-16,Engineering,North America,Pending,5653.13,1022.63
TXN-011750,2023-04-25,Engineering,EMEA,Pending,4753.38,2936.59
TXN-011751,2023-07-06,Customer Support,North America,Completed,3601.01,1552.92
TXN-011752,2023-11-22,Customer Support,EMEA,Pending,4702.29,2691.13
TXN-011753,2022-05-13,Marketing,APAC,Pending,4735.85,3354.02
TXN-011754,2022-04-24,Customer Support,EMEA,Completed,3026.53,2989.59
TXN-011755,2023-06-05,Customer Support,EMEA,Completed,4462.36,2128.16
TXN-011756,2023-10-03,Sales,EMEA,Failed,6198.18,1467.08
TXN-011757,2023-07-07,Sales,LATAM,Completed,4899.3,1118.61
TXN-011758,2023-08-10,Customer Support,APAC,Completed,6038.53,2764.85
TXN-011759,2023-08-29,Operations,EMEA,Completed,2394.52,2057.87
TXN-011760,2022-04-13,Marketing,APAC,Completed,3589.61,2185.76
TXN-011761,2022-02-11,Customer Support,APAC,Failed,6723.04,2551.56
TXN-011762,2023-02-23,Operations,APAC,Pending,6600.43,434.0
TXN-011763,2023-05-17,Marketing,EMEA,Completed,5517.1,233.17
TXN-011764,2022-04-21,Operations,LATAM,Completed,5264.16,2558.1
TXN-011765,2022-01-01,Customer Support,EMEA,Failed,2608.7,1673.22
TXN-011766,2022-09-05,Operations,North America,Completed,7038.51,1288.06
TXN-011767,2023-03-18,Customer Support,EMEA,Completed,4702.76,2836.67
TXN-011768,2023-01-03,Engineering,APAC,Completed,6218.4,2178.87
TXN-011769,2022-02-24,Operations,APAC,Completed,7100.93,1016.17
TXN-011770,2022-10-09,Marketing,EMEA,Completed,5485.66,1241.99
TXN-011771,2023-02-16,Operations,LATAM,Completed,6387.57,1236.1
TXN-011772,2023-10-21,Engineering,EMEA,Completed,4151.64,3010.22
TXN-011773,2022-03-05,Sales,North America,Completed,4809.66,2417.97
TXN-011774,2023-02-25,Customer Support,North America,Completed,3961.0,
TXN-011775,2023-11-30,Engineering,EMEA,Failed,8963.02,829.28
TXN-011776,2022-06-23,Customer Support,APAC,Completed,4294.04,0.0
TXN-011777,2023-08-14,Engineering,EMEA,Completed,4074.75,1876.7
TXN-011778,2022-11-03,Operations,LATAM,Completed,4521.35,2750.34
TXN-011779,2023-04-14,Sales,APAC,Pending,5223.69,1013.06
TXN-011780,2023-04-28,Engineering,North America,Completed,3257.64,2206.82
TXN-011781,2023-07-07,Marketing,LATAM,Completed,5750.62,1243.76
TXN-011782,2023-03-27,Customer Support,North America,Completed,4185.77,3418.12
TXN-011783,2023-01-03,Operations,EMEA,Completed,5621.98,3208.72
TXN-011784,2022-06-18,Sales,North America,Pending,4215.64,2442.86
TXN-011785,2023-06-30,Marketing,APAC,Completed,5037.7,2924.05
TXN-011786,2022-07-19,Operations,LATAM,Failed,4897.8,3001.8
TXN-011787,2023-03-07,Engineering,EMEA,Completed,2524.89,1219.32
TXN-011788,2023-01-19,Engineering,APAC,Completed,2611.82,2963.14
TXN-011789,2022-08-01,Marketing,North America,Failed,,2460.89
TXN-011790,2022-02-08,Engineering,APAC,Completed,7382.95,2489.21
TXN-011791,2023-11-28,Engineering,LATAM,Completed,4287.05,1681.0
TXN-011792,2022-10-31,Engineering,APAC,Completed,5291.47,2309.99
TXN-011793,2022-02-26,Engineering,LATAM,Completed,5344.27,2648.86
TXN-011794,2023-11-28,Marketing,APAC,Completed,3117.31,2905.19
TXN-011795,2023-02-03,Customer Support,North America,Completed,5227.59,2874.79
TXN-011796,2022-03-27,Engineering,LATAM,Failed,5078.28,3654.7
TXN-011797,2023-12-14,Engineering,APAC,Pending,4343.01,1875.69
TXN-011798,2022-04-20,Sales,North America,Completed,3639.79,3654.77
TXN-011799,2023-08-01,Customer Support,North America,Pending,5026.73,2553.71
TXN-011800,2022-10-20,Customer Support,EMEA,Failed,4561.75,2087.6
TXN-011801,2023-10-10,Marketing,EMEA,Completed,4612.86,1919.07
TXN-011802,2022-11-22,Sales,LATAM,Failed,4380.87,3457.97
TXN-011803,2023-11-05,Marketing,EMEA,Completed,3330.25,2798.26
TXN-011804,2023-09-21,Engineering,APAC,Pending,4058.49,2351.44
TXN-011805,2022-03-31,Engineering,North America,Completed,4484.38,1099.32
TXN-011806,2023-09-09,Marketing,EMEA,Completed,4685.98,1670.19
TXN-011807,2022-10-17,Marketing,North America,Failed,4222.82,1969.16
TXN-011808,2022-06-26,Customer Support,EMEA,Pending,2625.95,3167.65
TXN-011809,2023-07-21,Operations,APAC,Completed,3834.79,1210.46
TXN-011810,2022-09-16,Marketing,APAC,Pending,3925.63,1434.46
TXN-011811,2022-02-19,Marketing,North America,Pending,4454.33,1673.27
TXN-011812,2022-08-22,Marketing,EMEA,Completed,4031.91,1220.23
TXN-011813,2023-10-11,Marketing,North America,Pending,2042.739,2461.07
TXN-011814,2023-08-25,Marketing,LATAM,Failed,5103.59,2788.21
TXN-011815,2023-05-27,Operations,EMEA,Completed,5644.09,2503.36
TXN-011816,2022-07-24,Sales,EMEA,Pending,5673.87,1701.05
TXN-011817,2023-06-26,Operations,North America,Completed,1844.76,2422.6
TXN-011818,2022-10-31,Engineering,LATAM,Failed,4658.15,3404.3
TXN-011819,2022-04-03,Engineering,LATAM,Completed,6164.55,1611.92
TXN-011820,2023-07-08,Engineering,APAC,Failed,6315.93,3390.81
TXN-011821,2023-03-17,Sales,North America,Completed,2633.96,2096.57
TXN-011822,2023-12-26,Sales,EMEA,Completed,8095.92,1502.01
TXN-011823,2022-04-10,Engineering,EMEA,Completed,5258.56,2812.88
TXN-011824,2022-05-08,Operations,APAC,Completed,5560.3,2485.16
TXN-011825,2023-06-24,Engineering,EMEA,Completed,7397.79,2653.92
TXN-011826,2022-04-07,Sales,EMEA,Completed,4747.19,2663.1
TXN-011827,2023-12-20,Operations,North America,Pending,5367.6,1261.19
TXN-011828,2022-10-10,Marketing,LATAM,Completed,1669.21,1775.61
TXN-011829,2022-01-16,Customer Support,North America,Completed,5637.43,1839.01
TXN-011830,2023-09-06,Marketing,North America,Failed,5498.22,1979.31
TXN-011831,2022-01-24,Marketing,EMEA,Pending,5523.73,3036.3
TXN-011832,2023-11-27,Marketing,APAC,Completed,5985.34,2032.26
TXN-011833,2022-01-04,Operations,EMEA,Completed,4249.97,1380.9
TXN-011834,2023-05-07,Engineering,APAC,Completed,5160.32,3428.1241963731263
TXN-011835,2022-09-22,Sales,North America,Completed,4277.87,2469.63
TXN-011836,2022-05-23,Operations,LATAM,Completed,3965.61,1568.76
TXN-011837,2023-07-07,Operations,APAC,Failed,1628.79,1466.59
TXN-011838,2023-07-14,Engineering,LATAM,Failed,4378.76,2219.09
TXN-011839,2023-01-07,Engineering,APAC,Completed,5427.95,3592.25
TXN-011840,2023-10-17,Customer Support,EMEA,Failed,4149.49,2204.24
TXN-011841,2022-06-11,Operations,North America,Completed,6186.31,1488.92
TXN-011842,2023-12-06,Sales,APAC,Pending,4973.5,2647.98
TXN-011843,2022-01-03,Operations,LATAM,Completed,5518.56,907.2
TXN-011844,2022-04-21,Engineering,APAC,Completed,4823.55,3199.05
TXN-011845,2022-07-18,Operations,North America,Completed,5772.58,0.0
TXN-011846,2022-11-22,Engineering,APAC,Pending,3831.96,2013.01
TXN-011847,2023-04-27,Operations,EMEA,Pending,4993.67,1053.49
TXN-011848,2022-03-11,Marketing,APAC,Pending,,3397.38
TXN-011849,2023-11-01,Operations,APAC,Failed,7163.02,1482.76
TXN-011850,2022-08-11,Sales,APAC,Failed,4524.61,2016.04
TXN-011851,2023-11-02,Customer Support,North America,Completed,3783.8,2154.61
TXN-011852,2022-07-11,Operations,North America,Completed,3365.96,3306.3
TXN-011853,2022-04-27,Marketing,EMEA,Pending,5158.05,2137.84
TXN-011854,2023-08-02,Customer Support,North America,Completed,2847.41,742.14
TXN-011855,2023-04-25,Marketing,North America,Failed,5805.76,2813.88
TXN-011856,2023-04-22,Customer Support,APAC,Completed,3458.87,3168.7
TXN-011857,2022-11-08,Sales,North America,Completed,5933.12,
TXN-011858,2023-10-06,Sales,LATAM,Completed,7993.1,1439.18
TXN-011859,2022-12-09,Engineering,APAC,Failed,3025.27,2588.46
TXN-011860,2023-04-08,Customer Support,APAC,Failed,3959.5,2621.32
TXN-011861,2023-09-11,Operations,EMEA,Pending,4867.97,620.28
TXN-011862,2023-08-06,Marketing,APAC,Completed,4199.29,2170.3
TXN-011863,2023-07-10,Sales,APAC,Completed,4303.69,2095.58
TXN-011864,2022-12-29,Sales,North America,Completed,2762.58,2756.95
TXN-011865,2022-07-16,Customer Support,EMEA,Completed,6237.04,2226.15
TXN-011866,2022-11-26,Sales,LATAM,Pending,5592.4,1255.77
TXN-011867,2022-01-19,Operations,APAC,Completed,4415.14,2757.5
TXN-011868,2022-10-29,Engineering,North America,Completed,4735.8,1891.73
TXN-011869,2022-02-28,Customer Support,APAC,Pending,7319.48,2013.22
TXN-011870,2023-05-17,Customer Support,North America,Completed,5680.46,489.74
TXN-011871,2023-11-21,Engineering,North America,Pending,6765.8,2336.66
TXN-011872,2023-05-07,Engineering,LATAM,Failed,5259.12,1267.11
TXN-011873,2022-11-17,Marketing,North America,Failed,3034.04,1541.79
TXN-011874,2023-09-05,Engineering,EMEA,Completed,5661.97,1379.79
TXN-011875,2023-11-07,Marketing,APAC,Completed,5080.89,1259.27
TXN-011876,2023-02-02,Engineering,LATAM,Completed,4467.87,2243.91
TXN-011877,2023-08-01,Marketing,EMEA,Pending,4722.72,1418.39
TXN-011878,2022-02-06,Engineering,APAC,Completed,6532.48,1025.25
TXN-011879,2022-01-22,Sales,EMEA,Completed,3518.62,1241.61
TXN-011880,2022-01-14,Marketing,North America,Completed,5678.11,1519.84
TXN-011881,2023-03-19,Marketing,EMEA,Completed,7164.44,1928.97
TXN-011882,2023-09-13,Customer Support,LATAM,Pending,4079.61,3171.16
TXN-011883,2022-02-09,Customer Support,APAC,Completed,3225.22,1531.21
TXN-011884,2023-05-01,Marketing,EMEA,Pending,8956.17,2561.95
TXN-011885,2023-10-29,Sales,LATAM,Failed,5196.38,3759.72
TXN-011886,2022-04-09,Engineering,APAC,Completed,1246.14,1980.13
TXN-011887,2022-01-22,Engineering,APAC,Completed,4941.77,1640.46
TXN-011888,2022-05-21,Customer Support,LATAM,Completed,8487.52,1183.35
TXN-011889,2023-05-29,Engineering,North America,Failed,4586.64,1989.43
TXN-011890,2023-05-28,Sales,APAC,Completed,5352.79,12495.859065510427
TXN-011891,2022-06-22,Customer Support,North America,Pending,4436.85,2091.4
TXN-011892,2023-06-30,Marketing,APAC,Completed,3273.58,3420.31
TXN-011893,2023-04-16,Sales,LATAM,Pending,4574.27,2467.74
TXN-011894,2022-12-16,Customer Support,LATAM,Completed,6933.3,3065.41
TXN-011895,2022-05-18,Operations,EMEA,Completed,6633.05,489.11
TXN-011896,2023-04-26,Engineering,North America,Completed,4817.17,1255.86
TXN-011897,2023-02-05,Marketing,EMEA,Failed,7208.05,1767.94
TXN-011898,2022-12-21,Marketing,APAC,Completed,6935.84,2554.65
TXN-011899,2023-11-08,Engineering,LATAM,Completed,4356.89,1565.06
TXN-011900,2023-10-30,Marketing,APAC,Completed,5162.03,2005.02
TXN-011901,2022-06-02,Sales,North America,Completed,3891.29,1621.06
TXN-011902,2023-01-23,Engineering,EMEA,Pending,3697.51,2197.0
TXN-011903,2022-06-27,Marketing,EMEA,Completed,4664.28,1942.97
TXN-011904,2023-08-27,Marketing,APAC,Pending,5144.36,2211.25
TXN-011905,2022-10-12,Marketing,APAC,Failed,5973.48,1762.13
TXN-011906,2023-05-01,Engineering,LATAM,Completed,6775.19,2736.84
TXN-011907,2022-02-06,Customer Support,EMEA,Completed,6905.22,1714.32
TXN-011908,2022-03-09,Customer Support,North America,Completed,4947.87,3613.29
TXN-011909,2022-09-22,Engineering,LATAM,Completed,6622.65,1484.1
TXN-011910,2022-08-27,Operations,EMEA,Pending,3200.1,2968.77
TXN-011911,2023-05-29,Customer Support,LATAM,Completed,6965.29,1152.92
TXN-011912,2022-08-12,Engineering,LATAM,Completed,5180.1,1068.77
TXN-011913,2022-10-26,Customer Support,LATAM,Completed,3640.02,2799.47
TXN-011914,2022-05-17,Engineering,North America,Completed,5613.65,1902.86
TXN-011915,2023-07-27,Marketing,APAC,Completed,7452.9,1328.69
TXN-011916,2022-05-12,Customer Support,EMEA,Failed,5341.68,2899.84
TXN-011917,2022-11-05,Marketing,LATAM,Completed,4339.46,1733.69
TXN-011918,2022-09-07,Customer Support,LATAM,Completed,2296.16,3360.79
TXN-011919,2023-02-20,Operations,EMEA,Completed,5737.62,363.76
TXN-011920,2023-10-30,Marketing,LATAM,Completed,3641.71,1780.59
TXN-011921,2023-09-02,Operations,North America,Completed,6904.2,3063.78
TXN-011922,2022-07-01,Marketing,North America,Failed,5475.98,3714.26
TXN-011923,2022-11-05,Marketing,North America,Completed,8178.4,1877.04
TXN-011924,2023-04-04,Sales,LATAM,Completed,4415.07,1976.06
TXN-011925,2023-06-29,Operations,EMEA,Completed,5502.82,1591.23
TXN-011926,2023-12-16,Marketing,North America,Pending,5675.85,1754.66
TXN-011927,2022-11-03,Customer Support,North America,Failed,5607.06,1991.38
TXN-011928,2022-12-08,Engineering,EMEA,Completed,7250.96,2718.27
TXN-011929,2023-09-02,Engineering,EMEA,Pending,6295.43,1936.41
TXN-011930,2022-08-17,Customer Support,EMEA,Completed,3896.58,1972.7
TXN-011931,2023-11-11,Customer Support,APAC,Completed,5791.39,1730.72
TXN-011932,2022-05-26,Customer Support,LATAM,Completed,4199.76,801.82
TXN-011933,2022-10-25,Engineering,LATAM,Pending,3714.57,2616.83
TXN-011934,2022-09-04,Marketing,North America,Completed,3326.46,2375.84
TXN-011935,2023-06-29,Marketing,EMEA,Pending,4189.88,2221.82
TXN-011936,2023-11-11,Engineering,APAC,Completed,2773.54,1084.68
TXN-011937,2023-01-16,Customer Support,EMEA,Completed,5714.88,991.73
TXN-011938,2023-08-01,Engineering,North America,Failed,5676.54,752.85
TXN-011939,2022-06-18,Engineering,APAC,Completed,5547.57,2718.79
TXN-011940,2023-05-30,Sales,APAC,Completed,6218.7,6487.636108867529
TXN-011941,2022-05-29,Engineering,LATAM,Completed,3828.75,1627.17
TXN-011942,2023-07-17,Sales,EMEA,Completed,3864.27,1686.59
TXN-011943,2022-01-26,Customer Support,APAC,Pending,5766.58,3633.39
TXN-011944,2022-09-24,Customer Support,LATAM,Completed,5955.71,2261.5
TXN-011945,2022-08-10,Operations,LATAM,Completed,4260.39,2860.68
TXN-011946,2022-02-10,Sales,North America,Completed,3389.52,2550.67
TXN-011947,2023-07-13,Engineering,EMEA,Completed,4951.38,1677.57
TXN-011948,2022-03-03,Marketing,EMEA,Completed,6450.84,2781.75
TXN-011949,2022-11-11,Customer Support,LATAM,Completed,5029.42,2539.61
TXN-011950,2023-05-21,Customer Support,LATAM,Completed,6570.91,1735.92
TXN-011951,2022-12-02,Sales,LATAM,Failed,3079.94,3329.32
TXN-011952,2023-12-04,Marketing,North America,Failed,3769.72,2012.53
TXN-011953,2022-04-08,Marketing,EMEA,Completed,8366.57,2228.45
TXN-011954,2023-12-25,Operations,EMEA,Completed,5358.61,1450.08
TXN-011955,2023-08-17,Customer Support,APAC,Pending,4811.12,1141.72
TXN-011956,2023-11-22,Marketing,LATAM,Completed,5973.75,3183.87
TXN-011957,2022-11-30,Customer Support,North America,Pending,6623.12,1846.77
TXN-011958,2022-09-07,Engineering,APAC,Completed,3441.98,1456.59
TXN-011959,2022-11-10,Customer Support,LATAM,Failed,4849.63,665.23
TXN-011960,2023-10-08,Marketing,APAC,Completed,6476.03,662.29
TXN-011961,2022-08-09,Customer Support,LATAM,Completed,5786.89,1285.98
TXN-011962,2022-02-12,Marketing,LATAM,Completed,5329.58,2763.22
TXN-011963,2023-11-25,Customer Support,North America,Pending,3059.68,2598.58
TXN-011964,2022-09-07,Operations,APAC,Failed,5122.88,2082.43
TXN-011965,2023-07-12,Sales,LATAM,Pending,5473.48,3117.79
TXN-011966,2022-06-22,Customer Support,APAC,Failed,5189.03,2416.77
TXN-011967,2022-10-09,Customer Support,APAC,Completed,3235.91,2201.37
TXN-011968,2023-09-11,Sales,EMEA,Completed,4858.43,2438.89
TXN-011969,2022-04-29,Sales,APAC,Pending,5558.76,840.54
TXN-011970,2023-10-27,Sales,LATAM,Failed,4204.13,1992.0
TXN-011971,2023-04-26,Sales,EMEA,Pending,3029.32,592.47
TXN-011972,2023-06-08,Engineering,APAC,Completed,6547.24,16694.87122289648
TXN-011973,2023-06-16,Sales,North America,Completed,4255.0,2649.43
TXN-011974,2022-10-20,Customer Support,APAC,Completed,4370.55,1753.96
TXN-011975,2022-10-17,Marketing,North America,Completed,4272.04,1438.91
TXN-011976,2022-01-12,Sales,North America,Completed,5040.86,2029.27
TXN-011977,2023-03-24,Marketing,EMEA,Completed,3634.85,1400.69
TXN-011978,2022-01-31,Operations,North America,Pending,5990.74,1962.64
TXN-011979,2023-05-12,Engineering,North America,Failed,4308.6,2323.84
TXN-011980,2022-10-08,Engineering,EMEA,Failed,6269.69,2396.08
TXN-011981,2023-01-17,Operations,APAC,Failed,7784.77,1423.51
TXN-011982,2022-04-18,Operations,North America,Failed,5758.0,2062.51
TXN-011983,2022-01-30,Marketing,EMEA,Completed,4290.92,1798.27
TXN-011984,2022-08-24,Sales,APAC,Completed,5800.78,1488.1
TXN-011985,2023-06-17,Sales,North America,Pending,4726.5,2353.11
TXN-011986,2022-05-15,Operations,North America,Completed,5784.79,2223.46
TXN-011987,2022-08-02,Marketing,LATAM,Failed,6449.94,1391.47
TXN-011988,2022-10-16,Engineering,APAC,Completed,5683.89,2036.26
TXN-011989,2022-03-13,Marketing,APAC,Pending,3580.96,1752.15
TXN-011990,2022-12-10,Marketing,APAC,Pending,4741.58,2510.83
TXN-011991,2023-01-15,Customer Support,LATAM,Pending,5397.78,1345.9
TXN-011992,2023-12-01,Marketing,EMEA,Failed,6310.74,2374.4
TXN-011993,2022-01-12,Sales,APAC,Failed,4759.64,2036.77
TXN-011994,2023-07-23,Operations,North America,Completed,5196.44,2620.19
TXN-011995,2023-12-25,Marketing,EMEA,Failed,5990.53,1964.5
TXN-011996,2022-12-27,Customer Support,LATAM,Completed,5234.23,2911.19
TXN-011997,2023-04-04,Marketing,North America,Completed,4378.67,2105.51
TXN-011998,2022-07-08,Sales,North America,Completed,6124.85,710.09
TXN-011999,2022-07-04,Marketing,LATAM,Completed,6105.4,2756.66
TXN-012000,2023-10-01,Operations,North America,Pending,4467.18,2800.29
